Year,Month,Day,Hour,Minute,Temperature,Alpha,Aerosol Optical Depth,Asymmetry,Clearsky DHI,Clearsky DNI,Clearsky GHI,Cloud Fill Flag,Cloud Type,Dew Point,DHI,DNI,Fill Flag,GHI,Ozone,Relative Humidity,Solar Zenith Angle,SSA,Surface Albedo,Pressure,Precipitable Water,Wind Direction,Wind Speed,anio,tension,valor
2024,1,1,1,0,17.2,1.02,0.078,0.64,0,0,0,0,0,9.7,0,0,0,0,0.268,61.16,133.5,0.95,0.29,880,1.5,359,1.5,2024.0,220.0,67.21
2024,1,1,2,0,16.6,1.02,0.08,0.64,0,0,0,0,0,9.7,0,0,0,0,0.268,63.85,134.4,0.95,0.29,879,1.5,353,2.1,2024.0,220.0,85.58
2024,1,1,3,0,16.2,1.04,0.083,0.64,0,0,0,0,0,9.7,0,0,0,0,0.267,65.59,130.79,0.95,0.29,879,1.4,356,2.3,2024.0,220.0,82.95
2024,1,1,4,0,16.0,1.06,0.083,0.64,0,0,0,0,0,9.6,0,0,0,0,0.267,65.8,123.52,0.95,0.29,879,1.4,6,1.9,2024.0,220.0,77.55
2024,1,1,5,0,15.9,1.07,0.081,0.64,0,0,0,0,0,9.4,0,0,0,0,0.266,65.28,113.79,0.95,0.29,879,1.4,13,1.2,2024.0,220.0,74.87
2024,1,1,6,0,15.8,1.07,0.082,0.64,0,0,0,0,0,9.2,0,0,0,0,0.265,64.84,102.54,0.95,0.29,879,1.4,19,0.7,2024.0,220.0,74.87
2024,1,1,7,0,16.7,1.08,0.083,0.64,0,0,0,0,0,9.0,0,0,0,0,0.265,60.46,89.88,0.95,0.29,879,1.3,29,1.0,2024.0,220.0,71.16
2024,1,1,8,0,19.5,1.11,0.079,0.64,57,604,188,0,0,8.7,57,604,0,188,0.264,49.65,77.46,0.95,0.29,880,1.3,12,0.8,2024.0,220.0,39.65
2024,1,1,9,0,22.7,1.13,0.074,0.64,82,830,442,0,0,7.5,82,830,0,442,0.263,37.62,64.29,0.95,0.29,880,1.3,299,1.5,2024.0,220.0,0.0
2024,1,1,10,0,25.2,1.16,0.071,0.64,97,936,688,0,0,6.6,97,936,0,688,0.262,30.48,50.84,0.95,0.29,880,1.3,266,2.7,2024.0,220.0,0.0
2024,1,1,11,0,27.4,1.17,0.07,0.64,107,993,898,0,0,6.0,107,993,0,898,0.261,25.63,37.22,0.95,0.29,879,1.3,263,3.8,2024.0,220.0,0.0
2024,1,1,12,0,29.2,1.18,0.069,0.64,114,1026,1055,0,0,5.5,114,1026,0,1055,0.259,22.29,23.48,0.95,0.29,879,1.3,265,4.8,2024.0,220.0,0.0
2024,1,1,13,0,30.1,1.18,0.07,0.64,119,1040,1145,0,0,5.4,119,1040,0,1145,0.257,20.98,9.69,0.96,0.29,879,1.3,265,5.5,2024.0,220.0,0.0
2024,1,1,14,0,30.3,1.17,0.072,0.64,121,1041,1159,0,0,5.6,121,1041,0,1159,0.255,21.04,4.22,0.96,0.29,878,1.3,263,6.0,2024.0,220.0,0.0
2024,1,1,15,0,30.0,1.15,0.075,0.64,120,1029,1099,0,0,5.9,120,1029,0,1099,0.253,21.89,18.0,0.96,0.29,878,1.3,261,6.1,2024.0,220.0,0.0
2024,1,1,16,0,29.2,1.12,0.076,0.64,115,1003,967,0,0,6.2,115,1003,0,967,0.25,23.45,31.77,0.96,0.29,878,1.3,258,5.9,2024.0,220.0,0.0
2024,1,1,17,0,28.1,1.1,0.076,0.64,105,954,774,0,0,6.5,105,954,0,774,0.248,25.47,45.45,0.96,0.29,877,1.4,256,5.6,2024.0,220.0,0.0
2024,1,1,18,0,26.6,1.1,0.081,0.64,92,867,539,0,0,6.8,92,867,0,539,0.248,28.36,58.98,0.95,0.29,877,1.4,254,5.2,2024.0,220.0,0.0
2024,1,1,19,0,24.7,1.08,0.08,0.64,70,709,286,0,0,7.3,70,709,0,286,0.249,32.87,72.28,0.95,0.29,878,1.4,254,4.7,2024.0,220.0,0.0
2024,1,1,20,0,22.0,1.06,0.08,0.64,31,313,57,0,0,8.2,31,313,0,57,0.251,41.28,85.17,0.95,0.29,878,1.4,259,4.0,2024.0,220.0,0.0
2024,1,1,21,0,19.9,1.03,0.081,0.64,0,0,0,0,0,9.4,0,0,0,0,0.253,50.68,97.8,0.95,0.29,879,1.4,263,3.0,2024.0,220.0,0.0
2024,1,1,22,0,18.6,1.01,0.084,0.64,0,0,0,0,0,10.0,0,0,0,0,0.254,57.29,109.5,0.95,0.29,880,1.4,267,1.9,2024.0,220.0,0.0
2024,1,1,23,0,18.1,1.01,0.084,0.64,0,0,0,0,0,10.2,0,0,0,0,0.255,59.75,119.93,0.95,0.29,880,1.4,305,1.9,2024.0,220.0,43.52
2024,1,1,24,0,17.7,1.03,0.088,0.64,0,0,0,0,0,10.1,0,0,0,0,0.256,61.17,128.33,0.95,0.29,880,1.4,6,2.1,2024.0,220.0,70.84
2024,1,2,1,0,17.3,1.03,0.091,0.64,0,0,0,0,0,10.1,0,0,0,0,0.258,62.56,133.55,0.95,0.29,879,1.4,15,2.3,2024.0,220.0,66.96
2024,1,2,2,0,16.8,1.03,0.092,0.64,0,0,0,0,0,10.1,0,0,0,0,0.259,64.78,134.49,0.95,0.29,878,1.4,2,2.2,2024.0,220.0,66.42
2024,1,2,3,0,16.3,1.04,0.099,0.64,0,0,0,0,0,10.2,0,0,0,0,0.259,67.35,130.91,0.95,0.29,878,1.3,349,2.0,2024.0,220.0,65.33
2024,1,2,4,0,16.0,1.04,0.104,0.64,0,0,0,0,0,10.3,0,0,0,0,0.26,68.85,123.65,0.95,0.29,878,1.3,3,1.7,2024.0,220.0,66.79
2024,1,2,5,0,15.7,1.04,0.101,0.64,0,0,0,0,0,10.1,0,0,0,0,0.262,69.56,113.93,0.95,0.29,878,1.3,35,1.5,2024.0,220.0,71.99
2024,1,2,6,0,15.7,1.05,0.102,0.64,0,0,0,0,0,9.9,0,0,0,0,0.263,68.39,102.67,0.95,0.29,878,1.3,46,1.2,2024.0,220.0,81.8
2024,1,2,7,0,16.5,1.06,0.101,0.64,0,0,0,0,0,9.7,0,0,0,0,0.263,64.04,89.99,0.95,0.29,878,1.3,40,1.5,2024.0,220.0,80.5
2024,1,2,8,0,19.0,1.07,0.098,0.64,61,566,183,0,0,9.6,61,566,0,183,0.263,54.32,77.59,0.95,0.29,878,1.3,347,1.5,2024.0,220.0,43.48
2024,1,2,9,0,21.8,1.1,0.098,0.64,91,796,435,0,0,9.0,91,796,0,435,0.264,44.03,64.42,0.95,0.29,878,1.3,284,1.6,2024.0,220.0,0.0
2024,1,2,10,0,24.4,1.12,0.098,0.64,110,906,681,0,0,8.3,110,906,0,681,0.263,35.86,50.96,0.96,0.29,878,1.3,270,2.4,2024.0,220.0,0.0
2024,1,2,11,0,26.7,1.14,0.094,0.64,121,971,893,0,0,7.6,121,971,0,893,0.262,29.79,37.33,0.96,0.29,878,1.3,260,3.7,2024.0,220.0,0.0
2024,1,2,12,0,28.5,1.15,0.088,0.64,126,1010,1051,0,0,7.3,126,1010,0,1051,0.262,26.27,23.59,0.96,0.29,878,1.3,256,4.8,2024.0,220.0,0.0
2024,1,2,13,0,29.3,1.14,0.089,0.64,131,1025,1141,0,0,7.3,131,1025,0,1141,0.261,25.16,9.79,0.96,0.29,877,1.3,255,5.5,2024.0,220.0,0.0
2024,1,2,14,0,29.4,1.13,0.093,0.64,134,1021,1153,0,0,7.6,134,1021,0,1153,0.26,25.55,4.1,0.96,0.29,877,1.4,255,5.9,2024.0,220.0,0.0
2024,1,2,15,0,28.8,1.1,0.096,0.64,133,1008,1092,0,0,8.0,133,1008,0,1092,0.259,27.08,17.89,0.96,0.29,877,1.4,253,6.1,2024.0,220.0,0.0
2024,1,2,16,0,28.0,1.06,0.096,0.64,126,981,962,0,0,8.2,126,981,0,962,0.259,28.72,31.67,0.96,0.29,877,1.4,251,6.0,2024.0,220.0,0.0
2024,1,2,17,0,26.9,1.03,0.095,0.64,115,934,771,0,0,8.2,115,934,0,771,0.259,30.7,45.35,0.96,0.29,877,1.4,248,5.7,2024.0,220.0,0.0
2024,1,2,18,0,25.4,1.01,0.093,0.64,98,851,538,0,0,8.2,98,851,0,538,0.259,33.65,58.89,0.96,0.29,877,1.4,244,5.1,2024.0,220.0,0.0
2024,1,2,19,0,23.6,0.98,0.091,0.64,74,693,286,0,0,8.4,74,693,0,286,0.259,37.75,72.2,0.96,0.29,877,1.3,242,4.5,2024.0,220.0,0.0
2024,1,2,20,0,21.2,0.95,0.09,0.64,32,292,57,0,0,8.9,32,292,0,57,0.26,45.42,85.11,0.95,0.29,878,1.3,246,3.8,2024.0,220.0,11.35
2024,1,2,21,0,19.2,0.94,0.093,0.64,0,0,0,0,0,9.8,0,0,0,0,0.261,54.44,97.74,0.95,0.3,878,1.3,251,2.9,2024.0,220.0,95.97
2024,1,2,22,0,18.1,0.94,0.096,0.64,0,0,0,0,0,10.3,0,0,0,0,0.261,60.31,109.46,0.95,0.3,879,1.3,253,1.7,2024.0,220.0,107.68
2024,1,2,23,0,17.3,0.94,0.099,0.64,0,0,0,0,0,10.5,0,0,0,0,0.262,64.32,119.92,0.95,0.3,879,1.3,267,1.1,2024.0,220.0,107.68
2024,1,2,24,0,16.9,0.95,0.113,0.64,0,0,0,0,0,10.6,0,0,0,0,0.263,66.26,128.35,0.95,0.3,879,1.3,317,0.9,2024.0,220.0,105.32
2024,1,3,1,0,16.5,0.96,0.122,0.64,0,0,0,0,0,10.6,0,0,0,0,0.263,68.1,133.61,0.95,0.3,879,1.3,336,0.9,2024.0,220.0,79.47
2024,1,3,2,0,16.1,0.96,0.118,0.64,0,0,0,0,0,10.6,0,0,0,0,0.264,69.86,134.59,0.96,0.3,878,1.3,330,0.8,2024.0,220.0,75.52
2024,1,3,3,0,15.8,0.97,0.127,0.64,0,0,0,0,0,10.6,0,0,0,0,0.264,71.1,131.03,0.96,0.3,878,1.3,349,0.8,2024.0,220.0,86.31
2024,1,3,4,0,15.6,0.98,0.131,0.64,0,0,0,0,0,10.5,0,0,0,0,0.264,71.48,123.79,0.96,0.3,878,1.3,35,0.9,2024.0,220.0,87.86
2024,1,3,5,0,15.5,0.99,0.126,0.64,0,0,0,0,0,10.2,0,0,0,0,0.265,70.87,114.07,0.96,0.3,878,1.3,56,0.9,2024.0,220.0,77.82
2024,1,3,6,0,15.4,1.0,0.126,0.64,0,0,0,0,0,9.8,0,0,0,0,0.265,69.49,102.81,0.96,0.3,878,1.2,68,0.9,2024.0,220.0,78.98
2024,1,3,7,0,16.4,1.01,0.122,0.64,0,0,0,0,0,9.3,0,0,0,0,0.265,62.87,90.11,0.95,0.3,878,1.2,74,1.5,2024.0,220.0,78.92
2024,1,3,8,0,19.2,1.04,0.11,0.64,64,544,180,0,0,8.8,64,544,0,180,0.266,51.0,77.72,0.95,0.3,879,1.2,80,1.4,2024.0,220.0,40.02
2024,1,3,9,0,22.2,1.06,0.1,0.64,92,798,435,0,0,8.1,92,798,0,435,0.267,40.49,64.54,0.95,0.3,878,1.1,261,0.7,2024.0,220.0,0.0
2024,1,3,10,0,25.2,1.09,0.094,0.64,109,916,684,0,0,6.6,109,916,0,684,0.267,30.53,51.09,0.95,0.3,878,1.1,263,2.1,2024.0,220.0,0.0
2024,1,3,11,0,27.1,1.11,0.092,0.64,120,979,898,0,0,6.1,120,979,0,898,0.266,26.25,37.45,0.95,0.3,878,1.1,264,3.6,2024.0,220.0,0.0
2024,1,3,12,0,28.2,1.12,0.09,0.64,128,1014,1056,0,0,6.1,128,1014,0,1056,0.265,24.6,23.71,0.95,0.3,878,1.1,263,5.0,2024.0,220.0,0.0
2024,1,3,13,0,28.9,1.13,0.092,0.64,134,1029,1148,0,0,6.1,134,1029,0,1148,0.264,23.67,9.9,0.96,0.3,877,1.1,262,6.0,2024.0,220.0,0.0
2024,1,3,14,0,29.2,1.12,0.093,0.64,135,1031,1164,0,0,6.2,135,1031,0,1164,0.262,23.43,3.98,0.96,0.3,877,1.1,261,6.4,2024.0,220.0,0.0
2024,1,3,15,0,29.0,1.11,0.08,0.64,124,1031,1106,0,0,6.3,124,1031,0,1106,0.261,23.87,17.79,0.96,0.3,877,1.1,259,6.4,2024.0,220.0,0.0
2024,1,3,16,0,28.5,1.1,0.08,0.64,118,1007,976,0,0,6.4,118,1007,0,976,0.26,24.77,31.57,0.96,0.3,877,1.1,258,6.0,2024.0,220.0,0.0
2024,1,3,17,0,27.4,1.08,0.08,0.64,108,961,784,0,0,6.5,108,961,0,784,0.259,26.62,45.26,0.96,0.3,876,1.1,258,5.5,2024.0,220.0,0.0
2024,1,3,18,0,25.8,1.07,0.08,0.64,93,880,549,0,0,6.9,93,880,0,549,0.258,29.87,58.81,0.96,0.3,876,1.1,260,5.2,2024.0,220.0,0.0
2024,1,3,19,0,23.5,1.05,0.081,0.64,71,716,291,0,0,7.4,71,716,0,291,0.258,35.68,72.13,0.96,0.3,877,1.2,264,4.9,2024.0,220.0,0.0
2024,1,3,20,0,20.7,1.03,0.084,0.64,32,314,59,0,0,8.5,32,314,0,59,0.259,45.48,85.04,0.96,0.3,878,1.2,271,4.5,2024.0,220.0,0.0
2024,1,3,21,0,18.6,1.01,0.09,0.64,0,0,0,0,0,9.7,0,0,0,0,0.259,56.0,97.7,0.96,0.3,878,1.2,279,3.7,2024.0,220.0,67.59
2024,1,3,22,0,17.5,1.01,0.096,0.64,0,0,0,0,0,10.2,0,0,0,0,0.259,62.46,109.43,0.96,0.3,879,1.2,295,2.4,2024.0,220.0,76.92
2024,1,3,23,0,17.1,1.02,0.096,0.64,0,0,0,0,0,10.4,0,0,0,0,0.26,64.75,119.92,0.96,0.3,879,1.3,329,1.5,2024.0,220.0,78.65
2024,1,3,24,0,16.8,1.04,0.1,0.64,0,0,0,0,0,10.3,0,0,0,0,0.261,65.66,128.38,0.96,0.3,879,1.3,29,1.4,2024.0,220.0,86.35
2024,1,4,1,0,16.6,1.05,0.101,0.64,0,0,0,0,0,10.2,0,0,0,0,0.262,65.91,133.68,0.96,0.3,879,1.3,76,1.5,2024.0,220.0,76.09
2024,1,4,2,0,16.3,1.06,0.099,0.64,0,0,0,0,0,10.1,0,0,0,0,0.262,66.8,134.7,0.96,0.3,878,1.3,65,1.5,2024.0,220.0,73.73
2024,1,4,3,0,15.9,1.06,0.107,0.64,0,0,0,0,0,10.1,0,0,0,0,0.263,68.41,131.17,0.96,0.3,878,1.3,28,1.3,2024.0,220.0,116.91
2024,1,4,4,0,15.6,1.06,0.111,0.64,0,0,0,0,0,10.1,0,0,0,0,0.263,69.56,123.93,0.96,0.3,878,1.3,14,0.9,2024.0,220.0,98.28
2024,1,4,5,0,15.4,1.07,0.107,0.64,0,0,0,0,0,9.9,0,0,0,0,0.263,69.89,114.22,0.96,0.3,879,1.3,27,0.8,2024.0,220.0,80.69
2024,1,4,6,0,15.3,1.08,0.112,0.64,0,0,0,0,0,9.7,0,0,0,0,0.263,69.15,102.95,0.96,0.3,879,1.3,62,0.7,2024.0,220.0,77.78
2024,1,4,7,0,16.2,1.1,0.112,0.64,0,0,0,0,0,9.3,0,0,0,0,0.263,63.67,90.22,0.96,0.3,880,1.3,85,1.2,2024.0,220.0,72.94
2024,1,4,8,0,19.1,1.13,0.107,0.64,62,546,177,0,0,8.8,62,546,0,177,0.263,51.25,77.85,0.96,0.3,880,1.3,89,1.2,2024.0,220.0,41.18
2024,1,4,9,0,22.4,1.16,0.107,0.64,94,783,429,0,0,7.8,94,783,0,429,0.262,39.13,64.67,0.96,0.3,880,1.3,295,1.1,2024.0,220.0,0.0
2024,1,4,10,0,25.2,1.19,0.11,0.64,115,890,673,0,0,7.0,115,890,0,673,0.262,31.18,51.21,0.97,0.3,880,1.4,277,2.4,2024.0,220.0,0.0
2024,1,4,11,0,27.2,1.21,0.116,0.64,132,945,881,0,0,6.5,132,945,0,881,0.262,26.87,37.57,0.97,0.3,879,1.5,269,3.7,2024.0,220.0,0.0
2024,1,4,12,0,28.7,1.23,0.087,0.64,125,1001,1041,1,0,6.3,125,1001,1,1041,0.261,24.25,23.82,0.96,0.3,879,1.6,266,4.8,2024.0,220.0,0.0
2024,1,4,13,0,29.3,1.23,0.094,0.64,133,1010,1128,1,0,6.3,133,1010,1,1128,0.259,23.39,10.0,0.97,0.3,878,1.7,265,5.8,2024.0,220.0,0.0
2024,1,4,14,0,29.3,1.22,0.099,0.64,137,1006,1141,1,0,6.6,137,1006,1,1141,0.256,23.86,3.87,0.97,0.3,878,1.8,266,6.2,2024.0,220.0,0.0
2024,1,4,15,0,28.7,1.2,0.103,0.64,136,990,1079,1,0,6.9,136,990,1,1079,0.254,25.33,17.69,0.97,0.3,878,1.9,266,6.3,2024.0,220.0,0.0
2024,1,4,16,0,27.9,1.18,0.105,0.64,130,961,950,0,0,7.2,130,961,0,950,0.252,27.11,31.48,0.97,0.3,878,1.9,266,6.0,2024.0,220.0,0.0
2024,1,4,17,0,26.7,1.16,0.107,0.64,120,908,760,0,0,7.5,120,908,0,760,0.25,29.6,45.18,0.97,0.3,878,2.0,267,5.5,2024.0,220.0,0.0
2024,1,4,18,0,25.2,1.14,0.107,0.64,103,821,529,0,0,7.8,103,821,0,529,0.249,32.97,58.73,0.97,0.3,878,2.0,268,4.9,2024.0,220.0,0.0
2024,1,4,19,0,23.2,1.13,0.107,0.64,78,658,281,0,0,8.2,78,658,0,281,0.249,38.16,72.06,0.97,0.3,879,1.9,267,4.3,2024.0,220.0,0.0
2024,1,4,20,0,20.7,1.12,0.107,0.64,33,267,57,0,0,8.8,33,267,0,57,0.25,46.44,84.99,0.97,0.3,880,1.9,268,3.6,2024.0,220.0,35.69
2024,1,4,21,0,19.0,1.12,0.109,0.64,0,0,0,0,0,9.6,0,0,0,0,0.251,54.34,97.65,0.97,0.3,880,1.8,268,2.9,2024.0,220.0,104.41
2024,1,4,22,0,18.0,1.13,0.112,0.64,0,0,0,0,0,10.0,0,0,0,0,0.252,59.52,109.41,0.97,0.3,880,1.8,269,1.9,2024.0,220.0,92.42
2024,1,4,23,0,17.5,1.13,0.112,0.64,0,0,0,0,0,10.2,0,0,0,0,0.254,62.09,119.92,0.97,0.3,881,1.7,285,1.4,2024.0,220.0,90.58
2024,1,4,24,0,17.1,1.14,0.117,0.64,0,0,0,0,0,10.2,0,0,0,0,0.255,63.67,128.41,0.97,0.3,881,1.7,336,1.6,2024.0,220.0,89.59
2024,1,5,1,0,16.8,1.15,0.121,0.64,0,0,0,0,0,10.2,0,0,0,0,0.256,64.96,133.76,0.97,0.3,881,1.6,1,1.6,2024.0,220.0,91.13
2024,1,5,2,0,16.3,1.15,0.118,0.64,0,0,0,0,0,10.3,0,0,0,0,0.257,67.48,134.82,0.97,0.3,880,1.6,352,1.4,2024.0,220.0,87.14
2024,1,5,3,0,15.7,1.14,0.129,0.64,0,0,0,0,0,10.4,0,0,0,0,0.258,70.78,131.3,0.97,0.3,880,1.5,351,1.3,2024.0,220.0,85.92
2024,1,5,4,0,15.4,1.15,0.134,0.64,0,0,0,0,0,10.4,0,0,0,0,0.259,72.31,124.08,0.97,0.3,880,1.5,356,1.3,2024.0,220.0,85.92
2024,1,5,5,0,15.1,1.16,0.125,0.64,0,0,0,0,0,10.3,0,0,0,0,0.259,73.15,114.36,0.97,0.3,880,1.4,12,1.4,2024.0,220.0,85.92
2024,1,5,6,0,15.0,1.17,0.123,0.64,0,0,0,0,0,10.0,0,0,0,0,0.26,72.24,103.1,0.97,0.3,880,1.4,50,1.2,2024.0,220.0,85.92
2024,1,5,7,0,16.0,1.18,0.119,0.64,0,0,0,0,0,9.6,0,0,0,0,0.26,65.74,90.88,0.97,0.3,880,1.4,73,1.7,2024.0,220.0,85.92
2024,1,5,8,0,19.0,1.2,0.114,0.64,63,532,174,0,0,8.8,63,532,0,174,0.26,51.61,77.98,0.97,0.3,880,1.4,81,2.2,2024.0,220.0,61.07
2024,1,5,9,0,22.4,1.21,0.111,0.64,95,774,424,0,0,7.3,95,774,0,424,0.259,37.77,64.8,0.97,0.3,880,1.4,280,2.6,2024.0,220.0,0.0
2024,1,5,10,0,25.0,1.22,0.112,0.64,116,888,671,0,0,6.2,116,888,0,671,0.259,30.04,51.33,0.97,0.3,880,1.4,271,3.3,2024.0,220.0,0.0
2024,1,5,11,0,27.1,1.23,0.115,0.64,132,949,882,0,0,5.6,132,949,0,882,0.258,25.4,37.69,0.97,0.3,879,1.4,268,4.2,2024.0,220.0,0.0
2024,1,5,12,0,28.5,1.24,0.12,0.64,144,978,1037,0,0,5.4,144,978,0,1037,0.258,23.02,23.93,0.97,0.3,879,1.5,265,5.0,2024.0,220.0,0.0
2024,1,5,13,0,29.3,1.24,0.127,0.64,153,990,1128,0,0,5.5,153,990,0,1128,0.257,22.23,10.11,0.97,0.3,878,1.5,263,5.6,2024.0,220.0,0.0
2024,1,5,14,0,29.5,1.24,0.134,0.64,158,986,1141,0,0,6.0,158,986,0,1141,0.256,22.63,3.76,0.97,0.3,878,1.6,260,5.9,2024.0,220.0,0.0
2024,1,5,15,0,29.3,1.23,0.106,0.64,138,996,1088,0,0,6.3,138,996,0,1088,0.255,23.52,17.59,0.97,0.3,877,1.6,257,5.8,2024.0,220.0,0.0
2024,1,5,16,0,28.8,1.22,0.112,0.64,134,962,955,0,0,6.6,134,962,0,955,0.254,24.7,31.39,0.97,0.3,877,1.7,253,5.6,2024.0,220.0,0.0
2024,1,5,17,0,28.0,1.22,0.117,0.64,125,908,766,0,0,6.8,125,908,0,766,0.254,26.17,45.09,0.97,0.3,877,1.7,248,5.3,2024.0,220.0,0.0
2024,1,5,18,0,26.7,1.22,0.12,0.64,108,817,533,0,0,7.0,108,817,0,533,0.253,28.53,58.66,0.97,0.3,877,1.7,242,4.9,2024.0,220.0,0.0
2024,1,5,19,0,24.9,1.21,0.12,0.64,82,652,283,0,0,7.1,82,652,0,283,0.254,32.17,71.99,0.97,0.3,877,1.6,238,4.5,2024.0,220.0,0.0
2024,1,5,20,0,22.2,1.2,0.118,0.64,35,265,58,0,0,7.8,35,265,0,58,0.254,39.7,84.93,0.97,0.3,878,1.6,243,3.7,2024.0,220.0,19.51
2024,1,5,21,0,20.1,1.18,0.115,0.64,0,0,0,0,0,8.9,0,0,0,0,0.255,48.44,97.61,0.97,0.29,879,1.5,250,2.9,2024.0,220.0,106.98
2024,1,5,22,0,18.7,1.16,0.111,0.64,0,0,0,0,0,9.5,0,0,0,0,0.256,54.95,109.39,0.97,0.29,879,1.4,256,1.6,2024.0,220.0,133.57
2024,1,5,23,0,18.2,1.15,0.105,0.64,0,0,0,0,0,9.6,0,0,0,0,0.256,57.19,119.93,0.97,0.29,879,1.4,254,0.6,2024.0,220.0,133.57
2024,1,5,24,0,17.8,1.15,0.108,0.64,0,0,0,0,0,9.5,0,0,0,0,0.256,58.13,128.46,0.96,0.29,879,1.4,80,0.7,2024.0,220.0,118.56
2024,1,6,1,0,17.5,1.14,0.108,0.64,0,0,0,0,0,9.3,0,0,0,0,0.257,58.69,133.84,0.96,0.29,879,1.3,63,0.9,2024.0,220.0,102.46
2024,1,6,2,0,17.1,1.13,0.105,0.64,0,0,0,0,0,9.3,0,0,0,0,0.257,60.24,134.94,0.96,0.29,878,1.3,9,1.1,2024.0,220.0,102.59
2024,1,6,3,0,16.4,1.12,0.113,0.64,0,0,0,0,0,9.6,0,0,0,0,0.258,64.03,131.45,0.96,0.29,878,1.3,328,1.3,2024.0,220.0,110.06
2024,1,6,4,0,15.7,1.12,0.123,0.64,0,0,0,0,0,9.9,0,0,0,0,0.258,68.42,124.23,0.96,0.29,878,1.4,325,1.5,2024.0,220.0,110.06
2024,1,6,5,0,15.3,1.12,0.12,0.64,0,0,0,0,0,10.1,0,0,0,0,0.258,71.08,114.52,0.96,0.29,878,1.4,335,1.6,2024.0,220.0,110.06
2024,1,6,6,0,15.2,1.13,0.121,0.64,0,0,0,0,0,10.0,0,0,0,0,0.258,71.31,103.24,0.96,0.29,878,1.4,33,1.4,2024.0,220.0,105.44
2024,1,6,7,0,16.2,1.16,0.115,0.64,0,0,0,0,0,9.7,0,0,0,0,0.257,65.42,91.02,0.96,0.29,878,1.3,83,1.7,2024.0,220.0,107.57
2024,1,6,8,0,19.5,1.18,0.106,0.64,61,543,173,0,0,9.0,61,543,0,173,0.257,50.64,78.12,0.96,0.29,878,1.3,89,1.7,2024.0,220.0,65.22
2024,1,6,9,0,23.4,1.2,0.1,0.64,90,790,425,0,0,7.7,90,790,0,425,0.257,36.53,64.93,0.96,0.29,878,1.3,342,2.0,2024.0,220.0,0.0
2024,1,6,10,0,26.4,1.22,0.098,0.64,109,905,673,0,0,6.8,109,905,0,673,0.256,28.66,51.46,0.96,0.29,878,1.3,273,3.2,2024.0,220.0,0.0
2024,1,6,11,0,28.6,1.23,0.099,0.64,122,966,886,0,0,6.2,122,966,0,886,0.255,24.24,37.8,0.96,0.29,877,1.3,266,4.3,2024.0,220.0,0.0
2024,1,6,12,0,30.1,1.24,0.095,0.64,129,1004,1046,0,0,6.1,129,1004,0,1046,0.255,22.03,24.04,0.96,0.29,877,1.3,264,5.1,2024.0,220.0,0.0
2024,1,6,13,0,30.8,1.24,0.101,0.64,137,1016,1138,0,0,6.3,137,1016,0,1138,0.254,21.51,10.21,0.97,0.29,876,1.3,262,5.7,2024.0,220.0,0.0
2024,1,6,14,0,30.8,1.22,0.107,0.64,142,1012,1152,0,0,6.7,142,1012,0,1152,0.253,22.17,3.65,0.97,0.29,876,1.4,260,6.0,2024.0,220.0,0.0
2024,1,6,15,0,30.3,1.19,0.127,0.64,150,986,1090,0,0,7.3,150,986,0,1090,0.251,23.62,17.5,0.97,0.29,876,1.4,257,5.9,2024.0,220.0,0.0
2024,1,6,16,0,29.4,1.17,0.132,0.64,146,954,961,0,0,7.6,146,954,0,961,0.25,25.49,31.3,0.97,0.29,875,1.4,253,5.5,2024.0,220.0,0.0
2024,1,6,17,0,28.3,1.14,0.133,0.64,133,901,771,0,0,7.8,133,901,0,771,0.249,27.55,45.01,0.97,0.29,875,1.4,249,5.0,2024.0,220.0,0.0
2024,1,6,18,0,26.9,1.12,0.131,0.64,114,813,538,0,0,7.9,114,813,0,538,0.249,30.14,58.58,0.97,0.29,875,1.4,245,4.6,2024.0,220.0,0.0
2024,1,6,19,0,25.0,1.1,0.126,0.64,85,647,285,0,0,8.1,85,647,0,285,0.25,34.2,71.93,0.97,0.29,876,1.4,243,4.2,2024.0,220.0,0.0
2024,1,6,20,0,22.4,1.09,0.119,0.64,35,262,59,0,0,8.7,35,262,0,59,0.252,41.66,84.89,0.97,0.29,876,1.4,248,3.7,2024.0,220.0,13.82
2024,1,6,21,0,20.3,1.07,0.114,0.64,0,0,0,0,0,9.6,0,0,0,0,0.253,50.14,97.58,0.97,0.29,877,1.3,254,3.1,2024.0,220.0,72.44
2024,1,6,22,0,19.0,1.05,0.112,0.64,0,0,0,0,0,10.0,0,0,0,0,0.255,56.06,109.37,0.97,0.29,878,1.3,258,1.7,2024.0,220.0,96.59
2024,1,6,23,0,18.4,1.04,0.11,0.64,0,0,0,0,0,10.1,0,0,0,0,0.256,58.62,119.94,0.96,0.29,878,1.3,262,0.7,2024.0,220.0,101.19
2024,1,6,24,0,18.0,1.05,0.115,0.64,0,0,0,0,0,10.1,0,0,0,0,0.258,59.89,128.51,0.96,0.29,878,1.3,62,0.9,2024.0,220.0,102.22
2024,1,7,1,0,17.7,1.05,0.118,0.64,0,0,0,0,0,10.0,0,0,0,0,0.26,60.59,133.93,0.96,0.29,877,1.3,73,1.1,2024.0,220.0,86.03
2024,1,7,2,0,17.6,1.05,0.116,0.64,0,0,0,0,0,9.9,0,0,0,0,0.261,60.55,135.07,0.96,0.29,877,1.3,111,1.1,2024.0,220.0,83.94
2024,1,7,3,0,17.3,1.05,0.12,0.64,0,0,0,0,0,9.7,0,0,0,0,0.262,61.12,131.6,0.96,0.29,876,1.4,159,1.0,2024.0,220.0,83.94
2024,1,7,4,0,16.9,1.06,0.121,0.64,0,0,0,0,0,9.6,0,0,0,0,0.263,62.04,124.39,0.96,0.29,876,1.4,161,0.9,2024.0,220.0,83.94
2024,1,7,5,0,16.5,1.06,0.117,0.64,0,0,0,0,0,9.3,0,0,0,0,0.264,62.51,114.67,0.96,0.29,876,1.4,139,0.7,2024.0,220.0,83.94
2024,1,7,6,0,16.2,1.07,0.109,0.64,0,0,0,0,0,8.8,0,0,0,0,0.264,61.58,103.39,0.96,0.29,877,1.3,122,0.7,2024.0,220.0,83.94
2024,1,7,7,0,17.7,1.08,0.101,0.64,0,0,0,0,0,8.0,0,0,0,0,0.263,52.93,91.16,0.96,0.29,877,1.3,111,1.1,2024.0,220.0,80.02
2024,1,7,8,0,21.8,1.09,0.096,0.64,59,556,172,0,0,7.3,59,556,0,172,0.263,39.1,78.25,0.96,0.29,877,1.2,120,1.4,2024.0,220.0,35.84
2024,1,7,9,0,25.3,1.11,0.093,0.64,88,803,427,0,0,6.4,88,803,0,427,0.262,29.88,65.06,0.96,0.29,877,1.1,228,1.0,2024.0,220.0,0.0
2024,1,7,10,0,27.7,1.12,0.094,0.64,108,914,676,0,0,5.7,108,914,0,676,0.261,24.68,51.58,0.96,0.29,877,1.1,248,2.1,2024.0,220.0,0.0
2024,1,7,11,0,29.1,1.12,0.098,0.64,123,972,890,0,0,5.6,123,972,0,890,0.259,22.62,37.92,0.96,0.29,876,1.1,253,3.3,2024.0,220.0,0.0
2024,1,7,12,0,29.9,1.12,0.093,0.64,129,1011,1052,0,0,5.8,129,1011,0,1052,0.259,21.9,24.15,0.96,0.29,876,1.1,255,4.4,2024.0,220.0,0.0
2024,1,7,13,0,30.3,1.1,0.097,0.64,136,1021,1141,0,0,6.3,136,1021,0,1141,0.258,22.06,10.32,0.96,0.29,876,1.2,255,5.3,2024.0,220.0,0.0
2024,1,7,14,0,30.4,1.07,0.099,0.64,138,1023,1159,0,0,6.6,138,1023,0,1159,0.257,22.51,3.55,0.96,0.29,875,1.2,252,5.9,2024.0,220.0,0.0
2024,1,7,15,0,30.2,1.05,0.098,0.64,135,1013,1102,0,0,6.9,135,1013,0,1102,0.257,23.24,17.4,0.96,0.29,875,1.2,248,6.2,2024.0,220.0,0.0
2024,1,7,16,0,29.7,1.02,0.096,0.64,127,989,973,0,0,7.1,127,989,0,973,0.257,24.15,31.21,0.96,0.29,875,1.2,244,6.1,2024.0,220.0,0.0
2024,1,7,17,0,28.7,0.99,0.093,0.64,115,945,784,0,0,7.1,115,945,0,784,0.257,25.66,44.93,0.96,0.29,874,1.2,241,5.7,2024.0,220.0,0.0
2024,1,7,18,0,27.3,0.96,0.09,0.64,98,865,549,0,0,7.3,98,865,0,549,0.256,28.16,58.51,0.96,0.29,874,1.2,242,5.3,2024.0,220.0,0.0
2024,1,7,19,0,25.1,0.93,0.089,0.64,74,704,294,0,0,7.8,74,704,0,294,0.256,33.21,71.87,0.95,0.29,875,1.2,247,4.7,2024.0,220.0,0.0
2024,1,7,20,0,22.0,0.88,0.091,0.64,34,302,61,0,0,9.0,34,302,0,61,0.257,43.37,84.84,0.95,0.29,876,1.2,259,3.9,2024.0,220.0,0.0
2024,1,7,21,0,19.8,0.88,0.095,0.64,0,0,0,0,0,10.2,0,0,0,0,0.257,53.91,97.55,0.95,0.29,876,1.2,271,2.9,2024.0,220.0,59.42
2024,1,7,22,0,18.6,0.88,0.099,0.64,0,0,0,0,0,10.8,0,0,0,0,0.257,60.66,109.36,0.95,0.29,877,1.3,291,1.3,2024.0,220.0,62.87
2024,1,7,23,0,18.1,0.88,0.104,0.64,0,0,0,0,0,11.1,0,0,0,0,0.257,63.48,119.96,0.96,0.29,877,1.3,330,0.3,2024.0,220.0,66.03
2024,1,7,24,0,17.7,0.89,0.114,0.64,0,0,0,0,0,11.1,0,0,0,0,0.257,65.27,128.56,0.96,0.29,877,1.3,351,0.5,2024.0,220.0,68.92
2024,1,8,1,0,17.3,0.9,0.125,0.64,0,0,0,0,0,11.1,0,0,0,0,0.257,67.12,134.03,0.96,0.29,877,1.3,352,0.8,2024.0,220.0,67.96
2024,1,8,2,0,16.9,0.91,0.127,0.64,0,0,0,0,0,11.2,0,0,0,0,0.258,69.1,135.2,0.96,0.29,877,1.3,352,0.9,2024.0,220.0,67.96
2024,1,8,3,0,16.5,0.93,0.131,0.64,0,0,0,0,0,11.3,0,0,0,0,0.259,71.15,131.76,0.96,0.29,877,1.3,353,0.9,2024.0,220.0,66.33
2024,1,8,4,0,16.3,0.94,0.131,0.64,0,0,0,0,0,11.3,0,0,0,0,0.259,72.17,124.55,0.97,0.29,877,1.3,358,0.9,2024.0,220.0,66.18
2024,1,8,5,0,16.2,0.96,0.126,0.64,0,0,0,0,0,11.2,0,0,0,0,0.26,72.22,114.83,0.97,0.29,877,1.3,4,0.9,2024.0,220.0,66.92
2024,1,8,6,0,16.1,0.97,0.129,0.64,0,0,0,0,0,11.1,0,0,0,0,0.261,72.19,103.55,0.97,0.29,878,1.2,6,0.9,2024.0,220.0,69.84
2024,1,8,7,0,16.8,0.98,0.133,0.64,0,0,0,0,0,11.0,0,0,0,0,0.261,68.63,91.3,0.96,0.29,878,1.2,15,1.2,2024.0,220.0,70.64
2024,1,8,8,0,19.2,1.01,0.125,0.64,65,500,166,1,0,10.9,65,500,1,166,0.261,58.81,78.39,0.96,0.29,879,1.2,340,1.4,2024.0,220.0,39.66
2024,1,8,9,0,22.1,1.05,0.113,0.64,96,770,419,0,0,10.3,96,770,0,419,0.261,47.12,65.19,0.96,0.29,879,1.2,308,0.7,2024.0,220.0,0.0
2024,1,8,10,0,24.5,1.09,0.104,0.64,112,898,669,0,0,9.6,112,898,0,669,0.26,38.82,51.7,0.96,0.29,879,1.2,289,2.1,2024.0,220.0,0.0
2024,1,8,11,0,26.7,1.11,0.099,0.64,123,967,885,0,0,8.8,123,967,0,885,0.259,32.45,38.04,0.96,0.29,879,1.2,277,3.4,2024.0,220.0,0.0
2024,1,8,12,0,28.2,1.13,0.099,0.64,132,999,1043,0,0,8.2,132,999,0,1043,0.257,28.5,24.26,0.96,0.29,878,1.3,271,4.5,2024.0,220.0,0.0
2024,1,8,13,0,29.2,1.14,0.103,0.64,139,1014,1136,1,0,7.8,139,1014,1,1136,0.254,26.14,10.42,0.97,0.29,878,1.3,269,5.5,2024.0,220.0,0.0
2024,1,8,14,0,29.5,1.16,0.11,0.64,144,1012,1154,0,0,7.6,144,1012,0,1154,0.252,25.31,3.45,0.97,0.29,877,1.3,267,6.1,2024.0,220.0,0.0
2024,1,8,15,0,29.4,1.16,0.116,0.64,145,994,1093,0,0,7.6,145,994,0,1093,0.25,25.4,17.31,0.97,0.29,877,1.4,264,6.3,2024.0,220.0,0.0
2024,1,8,16,0,28.8,1.17,0.124,0.64,141,958,961,0,0,7.6,141,958,0,961,0.248,26.46,31.13,0.97,0.29,876,1.5,260,6.2,2024.0,220.0,0.0
2024,1,8,17,0,27.8,1.16,0.13,0.64,132,902,771,0,0,7.8,132,902,0,771,0.247,28.38,44.86,0.97,0.29,876,1.5,259,5.7,2024.0,220.0,0.0
2024,1,8,18,0,26.4,1.15,0.093,0.64,98,855,545,0,0,8.1,98,855,0,545,0.247,31.3,58.45,0.97,0.29,876,1.5,259,5.1,2024.0,220.0,0.0
2024,1,8,19,0,24.4,1.15,0.102,0.64,77,679,289,0,0,8.5,77,679,0,289,0.247,36.3,71.82,0.97,0.29,877,1.6,261,4.4,2024.0,220.0,0.0
2024,1,8,20,0,21.7,1.14,0.112,0.64,35,276,60,0,0,9.3,35,276,0,60,0.249,45.2,84.8,0.97,0.29,877,1.6,264,3.4,2024.0,220.0,5.04
2024,1,8,21,0,19.7,1.11,0.131,0.64,0,0,0,0,0,10.3,0,0,0,0,0.25,54.52,97.52,0.97,0.29,878,1.7,263,2.4,2024.0,220.0,60.53
2024,1,8,22,0,18.7,1.09,0.153,0.64,0,0,0,0,0,10.8,0,0,0,0,0.25,59.9,109.36,0.98,0.29,878,1.8,255,0.9,2024.0,220.0,74.23
2024,1,8,23,0,18.2,1.09,0.164,0.64,0,0,0,0,0,10.9,0,0,0,0,0.251,62.47,119.99,0.98,0.29,879,1.8,235,0.2,2024.0,220.0,71.84
2024,1,8,24,0,17.9,1.1,0.166,0.64,0,0,0,0,0,10.9,0,0,0,0,0.252,63.68,128.62,0.98,0.29,878,1.9,212,0.7,2024.0,220.0,64.31
2024,1,9,1,0,17.5,1.12,0.159,0.64,0,0,0,0,0,10.9,0,0,0,0,0.253,65.23,134.14,0.98,0.29,878,1.9,3,0.9,2024.0,220.0,67.43
2024,1,9,2,0,17.0,1.12,0.147,0.64,0,0,0,0,0,10.9,0,0,0,0,0.254,67.33,135.34,0.98,0.29,878,1.9,338,1.0,2024.0,220.0,67.43
2024,1,9,3,0,16.7,1.12,0.145,0.64,0,0,0,0,0,10.9,0,0,0,0,0.255,68.5,131.92,0.98,0.29,877,1.9,336,0.9,2024.0,220.0,67.43
2024,1,9,4,0,16.4,1.11,0.146,0.64,0,0,0,0,0,10.8,0,0,0,0,0.256,69.67,124.72,0.98,0.29,877,1.9,347,0.9,2024.0,220.0,67.43
2024,1,9,5,0,16.2,1.12,0.143,0.64,0,0,0,0,0,10.8,0,0,0,0,0.257,70.42,114.99,0.98,0.29,878,1.9,26,0.8,2024.0,220.0,68.03
2024,1,9,6,0,16.0,1.13,0.142,0.64,0,0,0,0,3,10.7,0,0,0,0,0.258,70.59,103.7,0.97,0.29,878,2.0,72,0.9,2024.0,220.0,79.05
2024,1,9,7,0,16.8,1.14,0.138,0.64,0,0,0,0,8,10.3,0,0,0,0,0.257,65.64,91.45,0.97,0.29,878,2.0,76,1.2,2024.0,220.0,122.94
2024,1,9,8,0,19.8,1.15,0.134,0.64,64,469,158,0,3,9.3,90,2,0,90,0.257,50.67,78.53,0.97,0.29,879,2.0,34,2.0,2024.0,220.0,45.39
2024,1,9,9,0,23.1,1.17,0.129,0.64,99,730,404,0,0,7.7,99,730,0,404,0.257,37.19,65.32,0.97,0.29,879,1.9,330,1.3,2024.0,220.0,0.0
2024,1,9,10,0,26.1,1.18,0.126,0.64,120,855,649,0,0,6.5,120,855,0,649,0.257,28.57,51.83,0.97,0.29,878,1.9,306,1.6,2024.0,220.0,0.0
2024,1,9,11,0,28.7,1.19,0.124,0.64,135,924,861,0,0,5.9,135,924,0,861,0.256,23.6,38.16,0.97,0.29,878,1.9,293,2.8,2024.0,220.0,0.0
2024,1,9,12,0,30.5,1.21,0.093,0.64,127,990,1029,0,0,5.7,127,990,0,1029,0.256,20.93,24.37,0.97,0.29,878,1.8,288,4.0,2024.0,220.0,0.0
2024,1,9,13,0,31.5,1.21,0.092,0.64,131,1008,1122,0,0,5.8,131,1008,0,1122,0.255,19.9,10.52,0.97,0.29,877,1.8,285,5.2,2024.0,220.0,0.0
2024,1,9,14,0,31.7,1.2,0.091,0.64,132,1015,1145,0,0,5.9,132,1015,0,1145,0.255,19.9,3.36,0.97,0.29,877,1.7,283,6.0,2024.0,220.0,0.0
2024,1,9,15,0,31.4,1.18,0.091,0.64,129,1005,1089,0,0,6.1,129,1005,0,1089,0.254,20.45,17.22,0.97,0.29,877,1.7,281,6.5,2024.0,220.0,0.0
2024,1,9,16,0,30.6,1.16,0.09,0.64,122,980,962,0,0,6.2,122,980,0,962,0.254,21.55,31.05,0.97,0.29,876,1.7,279,6.5,2024.0,220.0,0.0
2024,1,9,17,0,29.5,1.14,0.088,0.64,111,939,777,0,0,6.3,111,939,0,777,0.254,23.16,44.79,0.97,0.29,876,1.6,277,6.1,2024.0,220.0,0.0
2024,1,9,18,0,28.0,1.12,0.087,0.64,95,859,545,0,0,6.6,95,859,0,545,0.253,25.71,58.39,0.96,0.29,876,1.6,274,5.5,2024.0,220.0,0.0
2024,1,9,19,0,25.8,1.11,0.085,0.64,72,704,292,0,0,7.1,72,704,0,292,0.253,30.4,71.77,0.96,0.29,876,1.6,271,4.8,2024.0,220.0,0.0
2024,1,9,20,0,22.8,1.09,0.085,0.64,33,321,62,0,0,8.3,33,321,0,62,0.254,39.37,84.76,0.96,0.29,877,1.6,269,3.6,2024.0,220.0,5.86
2024,1,9,21,0,20.4,1.06,0.088,0.64,0,0,0,0,0,9.6,0,0,0,0,0.254,49.81,97.5,0.96,0.3,877,1.6,265,2.5,2024.0,220.0,58.64
2024,1,9,22,0,19.1,1.04,0.093,0.64,0,0,0,0,0,10.3,0,0,0,0,0.254,56.57,109.36,0.96,0.3,878,1.6,258,0.9,2024.0,220.0,61.58
2024,1,9,23,0,18.7,1.05,0.094,0.64,0,0,0,0,0,10.4,0,0,0,0,0.254,58.54,120.02,0.96,0.3,878,1.7,229,0.3,2024.0,220.0,60.29
2024,1,9,24,0,18.5,1.06,0.101,0.64,0,0,0,0,0,10.3,0,0,0,0,0.254,59.04,128.69,0.96,0.3,878,1.8,113,0.7,2024.0,220.0,53.04
2024,1,10,1,0,18.2,1.08,0.106,0.64,0,0,0,0,0,10.4,0,0,0,0,0.254,60.31,134.25,0.96,0.3,878,1.8,292,0.9,2024.0,220.0,61.36
2024,1,10,2,0,17.5,1.08,0.11,0.64,0,0,0,0,0,10.6,0,0,0,0,0.253,63.92,135.49,0.96,0.3,878,1.9,283,1.0,2024.0,220.0,63.91
2024,1,10,3,0,16.8,1.09,0.122,0.64,0,0,0,0,0,10.8,0,0,0,0,0.253,67.77,132.09,0.97,0.3,877,1.9,287,1.1,2024.0,220.0,64.86
2024,1,10,4,0,16.5,1.11,0.129,0.64,0,0,0,0,0,10.9,0,0,0,0,0.254,69.38,124.89,0.97,0.3,877,1.9,317,1.1,2024.0,220.0,66.75
2024,1,10,5,0,16.4,1.12,0.123,0.64,0,0,0,0,0,10.7,0,0,0,0,0.255,68.85,115.16,0.97,0.3,877,1.9,91,1.0,2024.0,220.0,66.76
2024,1,10,6,0,16.1,1.14,0.114,0.64,0,0,0,0,1,10.1,0,0,0,0,0.256,67.77,103.86,0.97,0.3,877,1.9,100,1.0,2024.0,220.0,66.36
2024,1,10,7,0,17.6,1.15,0.106,0.64,0,0,0,0,0,9.3,0,0,0,0,0.256,58.2,91.6,0.96,0.3,877,1.9,98,1.1,2024.0,220.0,74.76
2024,1,10,8,0,21.6,1.16,0.102,0.64,58,519,160,0,0,8.2,58,519,0,160,0.257,42.07,78.67,0.96,0.3,878,1.8,106,1.4,2024.0,220.0,42.4
2024,1,10,9,0,25.5,1.18,0.099,0.64,89,769,408,0,3,6.4,258,114,0,305,0.257,29.58,65.45,0.96,0.3,878,1.8,156,0.6,2024.0,220.0,0.0
2024,1,10,10,0,28.5,1.19,0.1,0.64,109,884,654,0,0,5.4,109,884,0,654,0.257,23.12,51.95,0.96,0.3,877,1.8,243,1.9,2024.0,220.0,0.0
2024,1,10,11,0,30.1,1.2,0.104,0.64,125,944,866,0,0,5.4,125,944,0,866,0.257,21.01,38.27,0.96,0.3,877,1.8,253,3.1,2024.0,220.0,0.0
2024,1,10,12,0,31.2,1.2,0.11,0.64,137,976,1025,0,3,5.6,462,524,0,939,0.257,20.08,24.48,0.96,0.3,877,1.8,255,4.3,2024.0,220.0,0.0
2024,1,10,13,0,31.7,1.19,0.117,0.64,146,986,1115,0,0,6.2,146,986,0,1115,0.257,20.23,10.63,0.96,0.3,877,1.9,254,5.2,2024.0,220.0,0.0
2024,1,10,14,0,31.5,1.17,0.124,0.64,152,984,1134,0,0,6.7,152,984,0,1134,0.257,21.25,3.28,0.97,0.3,877,1.9,251,5.8,2024.0,220.0,0.0
2024,1,10,15,0,31.0,1.15,0.114,0.64,143,978,1078,0,0,7.0,143,978,0,1078,0.256,22.35,17.14,0.97,0.3,877,2.0,248,6.1,2024.0,220.0,0.0
2024,1,10,16,0,30.2,1.13,0.117,0.64,137,949,951,0,0,7.3,137,949,0,951,0.255,23.83,30.97,0.97,0.3,877,2.0,246,6.0,2024.0,220.0,0.0
2024,1,10,17,0,29.0,1.11,0.118,0.64,126,899,765,0,0,7.6,126,899,0,765,0.254,26.05,44.72,0.97,0.3,877,2.0,244,5.6,2024.0,220.0,0.0
2024,1,10,18,0,27.5,1.09,0.118,0.64,108,811,534,0,0,7.9,108,811,0,534,0.254,29.06,58.33,0.96,0.3,877,2.0,241,5.1,2024.0,220.0,0.0
2024,1,10,19,0,25.4,1.08,0.117,0.64,82,648,285,0,0,8.4,82,648,0,285,0.255,34.04,71.72,0.96,0.3,877,1.9,241,4.6,2024.0,220.0,0.0
2024,1,10,20,0,22.8,1.06,0.117,0.64,35,261,59,0,0,9.3,35,261,0,59,0.256,42.34,84.73,0.96,0.3,878,1.9,247,3.7,2024.0,220.0,15.07
2024,1,10,21,0,20.9,1.05,0.116,0.64,0,0,0,0,0,10.3,0,0,0,0,0.256,50.85,97.49,0.96,0.3,879,1.9,257,2.7,2024.0,220.0,63.07
2024,1,10,22,0,19.8,1.04,0.116,0.64,0,0,0,0,0,10.8,0,0,0,0,0.257,56.29,109.37,0.96,0.3,879,1.9,271,1.1,2024.0,220.0,67.69
2024,1,10,23,0,19.1,1.05,0.114,0.64,0,0,0,0,0,11.0,0,0,0,0,0.258,59.5,120.05,0.96,0.3,880,1.9,318,0.5,2024.0,220.0,65.42
2024,1,10,24,0,18.7,1.05,0.113,0.64,0,0,0,0,0,11.0,0,0,0,0,0.259,60.84,128.77,0.96,0.3,879,1.8,14,0.7,2024.0,220.0,67.03
2024,1,11,1,0,18.3,1.06,0.114,0.64,0,0,0,0,0,10.9,0,0,0,0,0.259,61.83,134.37,0.96,0.3,879,1.8,37,0.8,2024.0,220.0,69.43
2024,1,11,2,0,18.1,1.05,0.117,0.64,0,0,0,0,0,10.7,0,0,0,0,0.259,62.05,135.65,0.96,0.3,878,1.8,30,0.8,2024.0,220.0,68.08
2024,1,11,3,0,17.7,1.05,0.124,0.64,0,0,0,0,0,10.7,0,0,0,0,0.259,63.61,132.26,0.96,0.3,878,1.8,5,0.8,2024.0,220.0,66.34
2024,1,11,4,0,17.2,1.06,0.13,0.64,0,0,0,0,0,10.7,0,0,0,0,0.26,65.81,125.07,0.96,0.3,878,1.8,354,0.8,2024.0,220.0,66.11
2024,1,11,5,0,16.9,1.07,0.127,0.64,0,0,0,0,0,10.7,0,0,0,0,0.26,66.76,115.33,0.96,0.3,878,1.8,10,0.7,2024.0,220.0,66.11
2024,1,11,6,0,16.7,1.08,0.127,0.64,0,0,0,0,0,10.5,0,0,0,0,0.261,66.65,104.02,0.96,0.3,878,1.7,29,0.7,2024.0,220.0,66.11
2024,1,11,7,0,17.5,1.1,0.123,0.64,0,0,0,0,0,10.2,0,0,0,0,0.261,62.16,91.75,0.96,0.3,878,1.6,32,1.4,2024.0,220.0,80.85
2024,1,11,8,0,20.3,1.13,0.115,0.64,60,498,157,0,0,9.9,60,498,0,157,0.261,51.24,78.8,0.96,0.3,879,1.6,1,2.3,2024.0,220.0,44.86
2024,1,11,9,0,23.6,1.15,0.11,0.64,93,758,406,0,0,9.0,93,758,0,406,0.261,39.44,65.58,0.96,0.3,879,1.6,293,1.8,2024.0,220.0,0.0
2024,1,11,10,0,25.9,1.17,0.106,0.64,112,885,656,0,0,8.1,112,885,0,656,0.261,32.39,52.07,0.96,0.3,879,1.5,280,1.4,2024.0,220.0,0.0
2024,1,11,11,0,27.7,1.17,0.103,0.64,125,953,871,0,0,7.4,125,953,0,871,0.261,27.82,38.39,0.96,0.3,879,1.5,274,2.5,2024.0,220.0,0.0
2024,1,11,12,0,29.1,1.19,0.09,0.64,126,1000,1036,0,0,7.0,126,1000,0,1036,0.26,24.85,24.59,0.96,0.3,878,1.5,270,4.2,2024.0,220.0,0.0
2024,1,11,13,0,30.0,1.19,0.089,0.64,131,1018,1131,0,0,6.6,131,1018,0,1131,0.259,22.99,10.73,0.96,0.3,878,1.5,266,5.5,2024.0,220.0,0.0
2024,1,11,14,0,30.4,1.17,0.093,0.64,134,1018,1151,0,0,6.4,134,1018,0,1151,0.258,22.17,3.21,0.96,0.3,878,1.5,263,6.1,2024.0,220.0,0.0
2024,1,11,15,0,30.4,1.13,0.102,0.64,137,1004,1097,0,0,6.3,137,1004,0,1097,0.256,22.04,17.06,0.96,0.3,877,1.4,259,6.3,2024.0,220.0,0.0
2024,1,11,16,0,29.7,1.08,0.112,0.64,136,970,968,0,0,6.5,136,970,0,968,0.255,23.16,30.9,0.97,0.3,877,1.4,256,6.2,2024.0,220.0,0.0
2024,1,11,17,0,28.6,1.05,0.114,0.64,126,919,779,0,0,6.7,126,919,0,779,0.255,25.02,44.65,0.97,0.3,877,1.4,254,5.7,2024.0,220.0,0.0
2024,1,11,18,0,27.1,1.04,0.107,0.64,105,840,547,0,0,6.9,105,840,0,547,0.256,27.76,58.27,0.96,0.3,877,1.4,254,5.0,2024.0,220.0,0.0
2024,1,11,19,0,25.0,1.04,0.098,0.64,77,690,294,0,0,7.4,77,690,0,294,0.257,32.61,71.68,0.96,0.3,877,1.4,255,4.3,2024.0,220.0,0.0
2024,1,11,20,0,22.4,1.03,0.093,0.64,34,310,63,0,0,8.5,34,310,0,63,0.259,41.1,84.7,0.96,0.3,878,1.4,260,3.0,2024.0,220.0,0.0
2024,1,11,21,0,20.3,1.02,0.091,0.64,0,0,0,0,0,9.8,0,0,0,0,0.261,50.84,97.48,0.95,0.29,879,1.4,265,2.1,2024.0,220.0,35.58
2024,1,11,22,0,19.1,1.01,0.092,0.64,0,0,0,0,0,10.5,0,0,0,0,0.263,57.32,109.39,0.95,0.29,879,1.4,275,1.1,2024.0,220.0,46.04
2024,1,11,23,0,18.5,1.02,0.092,0.64,0,0,0,0,0,10.7,0,0,0,0,0.264,60.57,120.1,0.95,0.29,880,1.5,320,0.6,2024.0,220.0,55.1
2024,1,11,24,0,18.0,1.03,0.094,0.64,0,0,0,0,0,10.8,0,0,0,0,0.265,62.63,128.85,0.95,0.29,880,1.5,25,0.8,2024.0,220.0,61.3
2024,1,12,1,0,17.6,1.04,0.097,0.64,0,0,0,0,0,10.7,0,0,0,0,0.266,63.81,134.5,0.96,0.29,879,1.5,41,0.9,2024.0,220.0,68.99
2024,1,12,2,0,17.4,1.05,0.099,0.64,0,0,0,0,0,10.6,0,0,0,0,0.266,64.31,135.81,0.96,0.29,879,1.5,41,1.0,2024.0,220.0,65.99
2024,1,12,3,0,17.0,1.05,0.109,0.64,0,0,0,0,0,10.6,0,0,0,0,0.267,66.05,132.44,0.96,0.29,878,1.5,27,1.0,2024.0,220.0,70.09
2024,1,12,4,0,16.7,1.06,0.122,0.64,0,0,0,0,0,10.7,0,0,0,0,0.267,67.76,125.25,0.96,0.29,878,1.5,13,0.9,2024.0,220.0,77.06
2024,1,12,5,0,16.4,1.06,0.124,0.64,0,0,0,0,0,10.8,0,0,0,0,0.267,69.27,115.5,0.96,0.29,878,1.5,19,0.8,2024.0,220.0,77.06
2024,1,12,6,0,16.2,1.08,0.141,0.64,0,0,0,0,0,10.6,0,0,0,0,0.268,69.43,104.18,0.96,0.29,878,1.5,45,0.8,2024.0,220.0,77.06
2024,1,12,7,0,17.0,1.1,0.145,0.64,0,0,0,0,0,10.2,0,0,0,0,0.267,64.19,91.9,0.96,0.29,878,1.4,58,1.1,2024.0,220.0,77.53
2024,1,12,8,0,20.0,1.13,0.133,0.64,63,472,154,0,0,9.8,63,472,0,154,0.267,51.78,78.94,0.96,0.29,879,1.4,56,1.9,2024.0,220.0,41.79
2024,1,12,9,0,23.4,1.16,0.122,0.64,97,748,404,0,0,8.9,97,748,0,404,0.265,39.69,65.71,0.96,0.29,879,1.4,313,1.5,2024.0,220.0,0.0
2024,1,12,10,0,26.1,1.18,0.116,0.64,116,877,654,0,0,8.1,116,877,0,654,0.263,31.92,52.19,0.96,0.29,879,1.4,292,1.9,2024.0,220.0,0.0
2024,1,12,11,0,27.9,1.19,0.113,0.64,129,947,870,0,0,7.8,129,947,0,870,0.261,28.11,38.5,0.96,0.29,878,1.4,287,3.0,2024.0,220.0,0.0
2024,1,12,12,0,29.0,1.19,0.113,0.64,139,984,1033,0,0,7.8,139,984,0,1033,0.26,26.49,24.7,0.96,0.29,878,1.4,283,4.1,2024.0,220.0,0.0
2024,1,12,13,0,29.4,1.18,0.114,0.64,145,1002,1129,0,0,8.0,145,1002,0,1129,0.26,26.12,10.84,0.96,0.29,878,1.4,279,5.0,2024.0,220.0,0.0
2024,1,12,14,0,29.4,1.16,0.115,0.64,147,1004,1150,0,0,8.0,147,1004,0,1150,0.26,26.13,3.16,0.96,0.29,878,1.4,277,5.6,2024.0,220.0,0.0
2024,1,12,15,0,29.2,1.15,0.115,0.64,144,994,1095,0,0,7.8,144,994,0,1095,0.261,26.21,16.99,0.96,0.29,878,1.4,274,5.9,2024.0,220.0,0.0
2024,1,12,16,0,28.7,1.13,0.112,0.64,135,970,968,0,0,7.6,135,970,0,968,0.262,26.59,30.83,0.96,0.29,877,1.4,269,5.9,2024.0,220.0,0.0
2024,1,12,17,0,27.9,1.13,0.109,0.64,122,925,780,0,0,7.4,122,925,0,780,0.263,27.41,44.59,0.96,0.29,877,1.4,264,5.4,2024.0,220.0,0.0
2024,1,12,18,0,26.7,1.12,0.106,0.64,104,846,550,0,0,7.3,104,846,0,550,0.264,29.21,58.22,0.96,0.29,877,1.3,260,4.8,2024.0,220.0,0.0
2024,1,12,19,0,25.0,1.11,0.105,0.64,79,685,295,0,0,7.6,79,685,0,295,0.264,32.98,71.64,0.96,0.29,878,1.3,258,4.3,2024.0,220.0,0.0
2024,1,12,20,0,22.4,1.1,0.105,0.64,35,297,63,0,0,8.5,35,297,0,63,0.265,41.03,84.68,0.96,0.29,878,1.3,260,3.7,2024.0,220.0,21.97
2024,1,12,21,0,20.3,1.07,0.109,0.64,0,0,0,0,0,9.8,0,0,0,0,0.265,50.79,97.47,0.96,0.3,879,1.4,264,2.9,2024.0,220.0,77.81
2024,1,12,22,0,19.1,1.06,0.113,0.64,0,0,0,0,0,10.5,0,0,0,0,0.265,57.37,109.4,0.96,0.3,879,1.4,277,1.5,2024.0,220.0,70.02
2024,1,12,23,0,18.5,1.06,0.114,0.64,0,0,0,0,0,10.7,0,0,0,0,0.265,60.58,120.15,0.96,0.3,880,1.5,328,0.6,2024.0,220.0,68.49
2024,1,12,24,0,18.1,1.06,0.12,0.64,0,0,0,0,0,10.8,0,0,0,0,0.265,62.28,128.94,0.96,0.3,879,1.5,356,0.5,2024.0,220.0,75.4
2024,1,13,1,0,17.7,1.07,0.126,0.64,0,0,0,0,0,10.9,0,0,0,0,0.265,64.25,134.63,0.96,0.3,879,1.6,359,0.6,2024.0,220.0,82.03
2024,1,13,2,0,17.3,1.08,0.13,0.64,0,0,0,0,0,11.0,0,0,0,0,0.264,66.49,135.98,0.96,0.3,879,1.6,1,0.7,2024.0,220.0,81.06
2024,1,13,3,0,17.0,1.09,0.144,0.64,0,0,0,0,0,11.0,0,0,0,0,0.264,67.89,132.63,0.97,0.3,878,1.6,9,0.8,2024.0,220.0,82.03
2024,1,13,4,0,16.8,1.1,0.152,0.64,0,0,0,0,0,11.0,0,0,0,0,0.263,68.42,125.43,0.97,0.3,878,1.7,16,0.8,2024.0,220.0,78.49
2024,1,13,5,0,16.6,1.12,0.149,0.64,0,0,0,0,0,10.8,0,0,0,0,0.262,68.55,115.67,0.97,0.3,878,1.7,41,0.9,2024.0,220.0,76.94
2024,1,13,6,0,16.5,1.13,0.149,0.64,0,0,0,0,1,10.5,0,0,0,0,0.261,67.75,104.34,0.97,0.3,878,1.7,84,0.9,2024.0,220.0,81.31
2024,1,13,7,0,17.4,1.13,0.149,0.64,0,0,0,0,1,10.1,0,0,0,0,0.26,62.39,92.05,0.96,0.3,878,1.6,93,1.0,2024.0,220.0,82.36
2024,1,13,8,0,20.4,1.13,0.146,0.64,65,444,149,0,1,9.9,65,444,0,149,0.259,51.0,79.08,0.97,0.3,879,1.6,124,1.4,2024.0,220.0,47.92
2024,1,13,9,0,23.5,1.14,0.139,0.64,102,719,397,0,0,9.5,102,719,0,397,0.259,40.98,65.84,0.96,0.3,879,1.6,242,1.2,2024.0,220.0,0.0
2024,1,13,10,0,26.0,1.15,0.136,0.64,125,847,642,0,0,9.2,125,847,0,642,0.258,34.55,52.32,0.96,0.3,879,1.7,260,2.1,2024.0,220.0,0.0
2024,1,13,11,0,27.6,1.16,0.135,0.64,141,917,857,0,0,9.2,141,917,0,857,0.257,31.6,38.62,0.96,0.3,879,1.7,264,3.4,2024.0,220.0,0.0
2024,1,13,12,0,28.7,1.16,0.133,0.64,150,959,1021,0,0,9.3,150,959,0,1021,0.256,29.84,24.81,0.97,0.3,878,1.7,266,4.7,2024.0,220.0,0.0
2024,1,13,13,0,29.3,1.15,0.139,0.64,160,971,1113,0,0,9.6,160,971,0,1113,0.255,29.35,10.95,0.97,0.3,878,1.8,265,5.6,2024.0,220.0,0.0
2024,1,13,14,0,29.5,1.12,0.147,0.64,166,969,1133,0,0,10.0,166,969,0,1133,0.254,29.8,3.11,0.97,0.3,878,1.8,263,6.0,2024.0,220.0,0.0
2024,1,13,15,0,29.2,1.1,0.151,0.64,165,955,1078,0,0,10.3,165,955,0,1078,0.254,30.98,16.92,0.97,0.3,878,1.8,260,6.0,2024.0,220.0,0.0
2024,1,13,16,0,28.7,1.08,0.152,0.64,157,925,952,0,0,10.5,157,925,0,952,0.253,32.17,30.76,0.97,0.3,877,1.8,256,5.8,2024.0,220.0,0.0
2024,1,13,17,0,27.9,1.07,0.148,0.64,142,876,766,0,0,10.4,142,876,0,766,0.253,33.65,44.54,0.97,0.3,877,1.8,252,5.2,2024.0,220.0,0.0
2024,1,13,18,0,26.5,1.06,0.149,0.64,122,783,535,0,0,10.4,122,783,0,535,0.253,36.49,58.18,0.97,0.3,877,1.8,248,4.4,2024.0,220.0,0.0
2024,1,13,19,0,24.7,1.04,0.145,0.64,91,613,284,0,0,10.5,91,613,0,284,0.253,40.85,71.61,0.97,0.3,877,1.8,247,3.7,2024.0,220.0,0.0
2024,1,13,20,0,22.3,1.03,0.14,0.64,38,232,59,0,0,11.0,38,232,0,59,0.254,48.7,84.66,0.96,0.3,878,1.8,251,2.8,2024.0,220.0,7.69
2024,1,13,21,0,20.4,1.03,0.14,0.64,0,0,0,0,0,11.6,0,0,0,0,0.255,57.11,97.47,0.96,0.3,879,1.8,256,2.0,2024.0,220.0,60.83
2024,1,13,22,0,19.3,1.02,0.141,0.64,0,0,0,0,0,11.9,0,0,0,0,0.255,62.44,109.43,0.96,0.3,879,1.7,262,1.3,2024.0,220.0,60.31
2024,1,13,23,0,18.7,1.03,0.139,0.64,0,0,0,0,0,12.0,0,0,0,0,0.256,65.24,120.2,0.96,0.3,879,1.8,291,1.4,2024.0,220.0,62.35
2024,1,13,24,0,18.4,1.03,0.144,0.64,0,0,0,0,0,12.0,0,0,0,0,0.257,66.44,129.04,0.96,0.3,879,1.7,10,1.2,2024.0,220.0,66.78
2024,1,14,1,0,18.1,1.04,0.145,0.64,0,0,0,0,0,12.0,0,0,0,0,0.257,67.55,134.77,0.96,0.3,879,1.7,42,1.0,2024.0,220.0,67.78
2024,1,14,2,0,17.7,1.05,0.143,0.64,0,0,0,0,0,12.0,0,0,0,0,0.258,69.05,136.16,0.96,0.3,878,1.7,57,1.0,2024.0,220.0,67.78
2024,1,14,3,0,17.4,1.05,0.148,0.64,0,0,0,0,0,11.9,0,0,0,0,0.258,69.99,132.82,0.96,0.3,878,1.7,72,1.0,2024.0,220.0,73.67
2024,1,14,4,0,17.2,1.05,0.15,0.64,0,0,0,0,0,11.7,0,0,0,0,0.259,70.15,125.62,0.96,0.3,878,1.6,82,1.0,2024.0,220.0,67.78
2024,1,14,5,0,17.0,1.05,0.142,0.64,0,0,0,0,0,11.5,0,0,0,0,0.259,69.92,115.85,0.96,0.3,878,1.6,89,0.9,2024.0,220.0,70.12
2024,1,14,6,0,16.9,1.06,0.14,0.64,0,0,0,0,0,11.1,0,0,0,0,0.259,68.73,104.5,0.95,0.3,878,1.5,90,0.8,2024.0,220.0,77.15
2024,1,14,7,0,17.8,1.06,0.138,0.64,0,0,0,0,0,10.7,0,0,0,0,0.258,62.99,92.2,0.95,0.3,878,1.4,86,0.8,2024.0,220.0,63.71
2024,1,14,8,0,20.9,1.07,0.133,0.64,63,460,149,0,0,10.3,63,460,0,149,0.258,50.6,79.22,0.95,0.3,878,1.4,118,0.9,2024.0,220.0,31.81
2024,1,14,9,0,24.0,1.1,0.129,0.64,99,734,398,0,0,9.4,99,734,0,398,0.258,39.47,65.97,0.95,0.3,878,1.4,228,1.6,2024.0,220.0,0.0
2024,1,14,10,0,26.4,1.12,0.129,0.64,122,861,647,0,0,8.9,122,861,0,647,0.257,33.19,52.44,0.95,0.3,878,1.4,244,3.0,2024.0,220.0,0.0
2024,1,14,11,0,28.1,1.13,0.132,0.64,140,928,864,0,0,8.9,140,928,0,864,0.257,30.08,38.73,0.96,0.3,878,1.4,250,4.1,2024.0,220.0,0.0
2024,1,14,12,0,29.3,1.15,0.122,0.64,145,973,1027,0,0,9.1,145,973,0,1027,0.257,28.28,24.91,0.96,0.3,877,1.5,255,4.8,2024.0,220.0,0.0
2024,1,14,13,0,29.9,1.15,0.132,0.64,156,984,1122,0,0,9.3,156,984,0,1122,0.257,27.71,11.05,0.97,0.3,877,1.5,258,5.1,2024.0,220.0,0.0
2024,1,14,14,0,29.9,1.14,0.144,0.64,164,977,1140,0,0,9.5,164,977,0,1140,0.257,28.18,3.09,0.97,0.3,877,1.6,259,5.2,2024.0,220.0,0.0
2024,1,14,15,0,29.6,1.13,0.155,0.64,167,955,1081,0,0,9.6,167,955,0,1081,0.258,28.8,16.85,0.97,0.3,876,1.7,259,5.2,2024.0,220.0,0.0
2024,1,14,16,0,28.9,1.11,0.165,0.64,164,918,953,0,0,9.6,164,918,0,953,0.258,30.01,30.7,0.97,0.3,876,1.7,258,5.2,2024.0,220.0,0.0
2024,1,14,17,0,27.9,1.1,0.171,0.64,152,859,765,0,0,9.6,152,859,0,765,0.259,31.78,44.48,0.97,0.3,876,1.7,258,5.1,2024.0,220.0,0.0
2024,1,14,18,0,26.5,1.09,0.173,0.64,131,762,533,0,0,9.7,131,762,0,533,0.259,34.77,58.14,0.97,0.3,876,1.7,257,4.9,2024.0,220.0,0.0
2024,1,14,19,0,24.6,1.08,0.172,0.64,98,584,282,0,0,10.0,98,584,0,282,0.259,39.66,71.58,0.97,0.3,876,1.7,259,4.8,2024.0,220.0,0.0
2024,1,14,20,0,22.1,1.06,0.171,0.64,40,200,58,0,0,10.7,40,200,0,58,0.259,48.28,84.65,0.97,0.3,877,1.7,264,4.2,2024.0,220.0,0.0
2024,1,14,21,0,20.3,1.05,0.174,0.64,0,0,0,0,0,11.4,0,0,0,0,0.259,56.54,97.48,0.97,0.3,877,1.6,267,3.3,2024.0,220.0,60.88
2024,1,14,22,0,19.4,1.05,0.178,0.64,0,0,0,0,0,11.7,0,0,0,0,0.259,61.11,109.46,0.97,0.3,878,1.7,283,2.1,2024.0,220.0,66.45
2024,1,14,23,0,19.1,1.06,0.182,0.64,0,0,0,0,0,11.8,0,0,0,0,0.259,62.6,120.27,0.97,0.3,878,1.7,308,1.7,2024.0,220.0,67.6
2024,1,14,24,0,18.7,1.07,0.198,0.64,0,0,0,0,0,11.8,0,0,0,0,0.259,64.14,129.14,0.97,0.3,878,1.7,134,2.0,2024.0,220.0,73.66
2024,1,15,1,0,18.4,1.07,0.221,0.64,0,0,0,0,0,11.6,0,0,0,0,0.259,64.64,134.92,0.97,0.3,877,1.8,125,2.3,2024.0,220.0,99.67
2024,1,15,2,0,18.1,1.06,0.25,0.64,0,0,0,0,0,11.5,0,0,0,0,0.259,65.4,136.34,0.98,0.3,877,1.9,106,2.2,2024.0,220.0,67.05
2024,1,15,3,0,17.7,1.06,0.287,0.64,0,0,0,0,0,11.7,0,0,0,0,0.258,67.71,133.02,0.98,0.3,877,2.0,341,1.9,2024.0,220.0,75.8
2024,1,15,4,0,17.0,1.08,0.301,0.64,0,0,0,0,0,11.9,0,0,0,0,0.257,72.16,125.81,0.98,0.3,877,2.1,339,1.6,2024.0,220.0,77.42
2024,1,15,5,0,16.6,1.09,0.295,0.64,0,0,0,0,0,12.2,0,0,0,0,0.257,75.05,116.03,0.98,0.3,877,2.2,357,1.0,2024.0,220.0,77.1
2024,1,15,6,0,16.7,1.1,0.308,0.64,0,0,0,0,0,12.2,0,0,0,0,0.256,74.68,104.67,0.98,0.3,877,2.3,33,0.7,2024.0,220.0,67.69
2024,1,15,7,0,17.5,1.11,0.31,0.64,0,0,0,0,0,12.1,0,0,0,0,0.255,70.44,92.35,0.98,0.3,878,2.3,46,1.0,2024.0,220.0,71.9
2024,1,15,8,0,20.3,1.14,0.283,0.64,80,278,131,0,0,12.0,80,278,0,131,0.255,58.85,79.36,0.98,0.3,878,2.3,25,1.9,2024.0,220.0,61.04
2024,1,15,9,0,23.5,1.18,0.259,0.64,136,574,369,0,0,11.7,136,574,0,369,0.254,47.45,66.1,0.98,0.3,878,2.3,341,2.5,2024.0,220.0,10.85
2024,1,15,10,0,26.2,1.2,0.245,0.64,167,730,611,0,0,11.3,167,730,0,611,0.254,39.25,52.56,0.98,0.3,878,2.4,301,3.0,2024.0,220.0,0.0
2024,1,15,11,0,28.3,1.22,0.239,0.64,187,817,824,0,0,11.0,187,817,0,824,0.254,34.2,38.84,0.98,0.3,877,2.4,278,3.6,2024.0,220.0,0.0
2024,1,15,12,0,29.8,1.2,0.107,0.64,134,962,1006,0,0,10.9,134,962,0,1006,0.252,31.03,25.02,0.96,0.3,876,2.4,270,4.3,2024.0,220.0,0.0
2024,1,15,13,0,30.7,1.21,0.113,0.64,143,974,1098,0,0,10.7,143,974,0,1098,0.25,29.06,11.16,0.96,0.3,876,2.5,267,4.9,2024.0,220.0,0.0
2024,1,15,14,0,31.1,1.21,0.12,0.64,148,973,1120,0,0,10.6,148,973,0,1120,0.247,28.31,3.08,0.96,0.3,875,2.5,265,5.2,2024.0,220.0,0.0
2024,1,15,15,0,30.9,1.18,0.154,0.64,164,938,1062,0,0,10.7,164,938,0,1062,0.245,28.71,16.79,0.97,0.3,875,2.5,264,5.3,2024.0,220.0,0.0
2024,1,15,16,0,30.3,1.17,0.158,0.64,158,906,937,0,0,10.7,158,906,0,937,0.243,29.78,30.65,0.97,0.3,875,2.5,262,5.3,2024.0,220.0,0.0
2024,1,15,17,0,29.4,1.16,0.157,0.64,144,856,755,0,0,10.6,144,856,0,755,0.242,31.19,44.44,0.97,0.3,874,2.4,259,5.3,2024.0,220.0,0.0
2024,1,15,18,0,28.2,1.15,0.155,0.64,122,765,527,0,0,10.5,122,765,0,527,0.242,33.27,58.1,0.97,0.3,874,2.4,258,5.1,2024.0,220.0,0.0
2024,1,15,19,0,26.2,1.14,0.154,0.64,92,593,279,0,0,10.7,92,593,0,279,0.244,37.92,71.55,0.97,0.3,875,2.4,260,4.7,2024.0,220.0,0.0
2024,1,15,20,0,23.5,1.12,0.155,0.64,38,213,58,0,0,11.4,38,213,0,58,0.245,46.52,84.64,0.97,0.3,876,2.4,267,4.1,2024.0,220.0,8.82
2024,1,15,21,0,21.4,1.1,0.158,0.64,0,0,0,0,0,12.1,0,0,0,0,0.247,55.33,97.49,0.97,0.3,876,2.4,273,3.1,2024.0,220.0,75.63
2024,1,15,22,0,20.5,1.09,0.162,0.64,0,0,0,0,0,12.4,0,0,0,0,0.248,59.87,109.49,0.97,0.3,877,2.4,286,2.3,2024.0,220.0,73.18
2024,1,15,23,0,20.1,1.1,0.164,0.64,0,0,0,0,0,12.6,0,0,0,0,0.249,61.86,120.34,0.97,0.3,877,2.5,334,1.9,2024.0,220.0,64.19
2024,1,15,24,0,19.9,1.1,0.166,0.64,0,0,0,0,0,12.6,0,0,0,0,0.25,62.75,129.25,0.97,0.3,877,2.5,24,1.9,2024.0,220.0,64.74
2024,1,16,1,0,19.6,1.09,0.169,0.64,0,0,0,0,0,12.6,0,0,0,0,0.251,63.94,135.07,0.97,0.3,877,2.5,52,1.8,2024.0,220.0,66.08
2024,1,16,2,0,19.2,1.09,0.174,0.64,0,0,0,0,0,12.6,0,0,0,0,0.253,65.71,136.53,0.97,0.3,876,2.5,41,1.9,2024.0,220.0,66.08
2024,1,16,3,0,18.7,1.06,0.188,0.64,0,0,0,0,0,12.8,0,0,0,0,0.254,68.6,133.22,0.97,0.3,876,2.6,11,2.0,2024.0,220.0,66.08
2024,1,16,4,0,18.1,1.04,0.203,0.64,0,0,0,0,0,13.0,0,0,0,0,0.255,72.28,126.01,0.97,0.3,876,2.6,351,2.1,2024.0,220.0,69.26
2024,1,16,5,0,17.6,1.04,0.203,0.64,0,0,0,0,0,13.2,0,0,0,0,0.256,75.62,116.21,0.97,0.3,877,2.7,344,2.1,2024.0,220.0,69.26
2024,1,16,6,0,17.3,1.06,0.211,0.64,0,0,0,0,0,13.3,0,0,0,0,0.256,77.52,104.83,0.97,0.3,877,2.6,355,1.9,2024.0,220.0,75.7
2024,1,16,7,0,18.1,1.09,0.202,0.64,0,0,0,0,0,13.2,0,0,0,0,0.256,73.24,92.5,0.97,0.3,878,2.6,35,2.0,2024.0,220.0,85.39
2024,1,16,8,0,20.9,1.13,0.174,0.64,66,376,135,0,0,12.8,66,376,0,135,0.256,59.72,79.5,0.97,0.3,878,2.5,61,2.5,2024.0,220.0,59.66
2024,1,16,9,0,24.6,1.17,0.153,0.64,105,675,377,0,0,11.6,105,675,0,377,0.255,44.13,66.23,0.97,0.3,878,2.5,351,2.8,2024.0,220.0,0.0
2024,1,16,10,0,27.7,1.2,0.14,0.64,125,823,624,0,0,10.3,125,823,0,624,0.255,33.71,52.68,0.97,0.3,878,2.4,293,3.1,2024.0,220.0,0.0
2024,1,16,11,0,29.7,1.2,0.133,0.64,138,901,838,0,0,9.8,138,901,0,838,0.255,28.95,38.96,0.97,0.3,877,2.4,285,3.9,2024.0,220.0,0.0
2024,1,16,12,0,31.1,1.19,0.133,0.64,149,943,1002,0,0,9.6,149,943,0,1002,0.255,26.41,25.13,0.97,0.3,877,2.3,282,5.0,2024.0,220.0,0.0
2024,1,16,13,0,31.9,1.19,0.129,0.64,152,966,1100,0,0,9.5,152,966,0,1100,0.256,25.09,11.27,0.97,0.3,876,2.3,279,5.9,2024.0,220.0,0.0
2024,1,16,14,0,32.2,1.18,0.128,0.64,153,973,1125,0,0,9.5,153,973,0,1125,0.256,24.74,3.09,0.97,0.3,876,2.2,275,6.5,2024.0,220.0,0.0
2024,1,16,15,0,31.9,1.17,0.128,0.64,150,963,1073,0,0,9.6,150,963,0,1073,0.257,25.27,16.74,0.97,0.3,875,2.2,271,6.5,2024.0,220.0,0.0
2024,1,16,16,0,31.3,1.15,0.128,0.64,143,938,951,0,0,9.6,143,938,0,951,0.257,26.18,30.6,0.97,0.3,875,2.1,267,6.1,2024.0,220.0,0.0
2024,1,16,17,0,30.3,1.14,0.128,0.64,130,888,765,0,0,9.6,130,888,0,765,0.258,27.7,44.39,0.96,0.3,875,2.1,264,5.5,2024.0,220.0,0.0
2024,1,16,18,0,28.9,1.12,0.129,0.64,113,801,537,0,0,9.6,113,801,0,537,0.258,30.09,58.06,0.96,0.3,875,2.0,262,4.9,2024.0,220.0,0.0
2024,1,16,19,0,27.0,1.1,0.132,0.64,86,629,285,0,0,9.8,86,629,0,285,0.258,34.07,71.53,0.96,0.3,875,2.0,264,4.2,2024.0,220.0,0.0
2024,1,16,20,0,24.1,1.07,0.135,0.64,37,239,59,0,0,10.5,37,239,0,59,0.258,42.36,84.64,0.97,0.3,876,2.0,272,3.6,2024.0,220.0,1.13
2024,1,16,21,0,21.7,1.05,0.141,0.64,0,0,0,0,0,11.4,0,0,0,0,0.258,52.03,97.51,0.97,0.3,877,2.0,284,3.0,2024.0,220.0,68.08
2024,1,16,22,0,20.3,1.02,0.147,0.64,0,0,0,0,0,12.0,0,0,0,0,0.257,58.97,109.54,0.97,0.3,877,2.0,307,2.1,2024.0,220.0,76.59
2024,1,16,23,0,19.6,1.02,0.152,0.64,0,0,0,0,8,12.3,0,0,0,0,0.258,62.83,120.41,0.97,0.3,877,2.1,339,1.7,2024.0,220.0,77.66
2024,1,16,24,0,19.3,1.02,0.157,0.64,0,0,0,0,0,12.5,0,0,0,0,0.258,64.57,129.37,0.97,0.3,877,2.1,9,1.4,2024.0,220.0,77.55
2024,1,17,1,0,18.9,1.03,0.163,0.64,0,0,0,0,0,12.5,0,0,0,0,0.258,66.52,135.23,0.97,0.3,877,2.2,58,1.3,2024.0,220.0,71.33
2024,1,17,2,0,18.6,1.03,0.168,0.64,0,0,0,0,0,12.6,0,0,0,0,0.258,68.13,136.73,0.97,0.3,876,2.2,42,1.1,2024.0,220.0,69.37
2024,1,17,3,0,18.1,1.02,0.181,0.64,0,0,0,0,0,12.8,0,0,0,0,0.259,71.13,133.43,0.97,0.3,876,2.3,2,1.0,2024.0,220.0,70.09
2024,1,17,4,0,17.7,1.01,0.197,0.64,0,0,0,0,7,13.0,0,0,0,0,0.259,73.92,126.21,0.97,0.3,876,2.4,358,1.0,2024.0,220.0,74.71
2024,1,17,5,0,17.4,1.01,0.213,0.64,0,0,0,0,8,13.2,0,0,0,0,0.259,76.2,116.39,0.98,0.3,876,2.5,6,1.0,2024.0,220.0,76.91
2024,1,17,6,0,17.6,1.01,0.231,0.64,0,0,0,0,0,13.2,0,0,0,0,0.259,75.35,105.0,0.98,0.3,877,2.5,34,0.9,2024.0,220.0,85.1
2024,1,17,7,0,18.5,1.04,0.238,0.64,0,0,0,0,3,13.0,0,0,0,0,0.258,70.21,92.66,0.98,0.3,877,2.6,64,1.2,2024.0,220.0,85.47
2024,1,17,8,0,21.6,1.06,0.246,0.64,74,289,126,0,7,12.8,74,289,5,126,0.258,57.3,79.64,0.98,0.3,877,2.7,64,1.6,2024.0,220.0,60.26
2024,1,17,9,0,24.9,1.08,0.255,0.64,135,559,359,0,7,12.6,135,559,5,359,0.258,46.2,66.36,0.98,0.3,877,2.8,326,1.8,2024.0,220.0,0.0
2024,1,17,10,0,27.7,1.11,0.26,0.64,172,701,596,0,0,12.2,172,701,0,596,0.257,38.34,52.8,0.98,0.3,877,3.0,303,2.5,2024.0,220.0,0.0
2024,1,17,11,0,29.6,1.12,0.272,0.64,201,776,803,0,3,12.0,462,341,0,726,0.256,33.88,39.07,0.98,0.3,877,3.1,295,3.5,2024.0,220.0,0.0
2024,1,17,12,0,30.8,1.13,0.288,0.64,224,812,959,0,7,12.1,260,712,0,905,0.255,31.71,25.23,0.98,0.3,876,3.3,290,4.4,2024.0,220.0,0.0
2024,1,17,13,0,31.4,1.13,0.304,0.64,241,826,1051,0,0,12.2,241,826,0,1051,0.253,31.01,11.38,0.98,0.3,876,3.4,288,5.2,2024.0,220.0,0.0
2024,1,17,14,0,31.6,1.14,0.314,0.64,247,825,1071,0,0,12.4,247,825,0,1071,0.25,31.05,3.11,0.99,0.3,876,3.5,285,5.7,2024.0,220.0,0.0
2024,1,17,15,0,31.4,1.14,0.226,0.64,200,867,1030,0,0,12.5,200,867,0,1030,0.248,31.61,16.69,0.98,0.3,875,3.6,283,5.8,2024.0,220.0,0.0
2024,1,17,16,0,30.8,1.13,0.234,0.64,194,829,907,0,8,12.6,274,653,0,836,0.246,32.84,30.55,0.98,0.3,875,3.6,280,5.8,2024.0,220.0,0.0
2024,1,17,17,0,29.9,1.12,0.25,0.64,183,757,724,0,8,12.6,312,440,0,626,0.245,34.69,44.35,0.98,0.3,875,3.6,280,5.6,2024.0,220.0,0.0
2024,1,17,18,0,28.6,1.09,0.281,0.64,166,625,497,0,8,12.7,284,274,0,430,0.246,37.59,58.04,0.98,0.3,875,3.7,285,5.3,2024.0,220.0,0.0
2024,1,17,19,0,27.0,1.08,0.305,0.64,124,418,256,0,1,12.9,124,418,0,256,0.247,41.65,71.52,0.98,0.3,876,3.6,288,4.9,2024.0,220.0,0.0
2024,1,17,20,0,24.6,1.06,0.318,0.64,40,87,48,7,7,13.1,40,87,5,48,0.249,48.59,84.64,0.99,0.3,877,3.6,284,4.2,2024.0,220.0,2.54
2024,1,17,21,0,22.5,1.03,0.339,0.64,0,0,0,0,7,13.3,0,0,0,0,0.251,55.96,97.53,0.99,0.3,877,3.5,279,3.0,2024.0,220.0,76.17
2024,1,17,22,0,21.1,1.02,0.353,0.64,0,0,0,0,7,13.4,0,0,0,0,0.253,61.54,109.58,0.99,0.3,878,3.4,277,1.5,2024.0,220.0,67.64
2024,1,17,23,0,20.4,1.02,0.35,0.64,0,0,0,0,8,13.5,0,0,0,0,0.255,64.71,120.49,0.99,0.3,879,3.4,278,0.4,2024.0,220.0,60.86
2024,1,17,24,0,20.0,1.02,0.347,0.64,0,0,0,0,7,13.6,0,0,0,0,0.256,66.66,129.49,0.99,0.3,879,3.3,289,0.6,2024.0,220.0,60.79
2024,1,18,1,0,19.7,1.03,0.345,0.64,0,0,0,0,8,13.6,0,0,0,0,0.256,68.06,135.4,0.99,0.3,878,3.2,307,0.9,2024.0,220.0,65.74
2024,1,18,2,0,19.5,1.05,0.336,0.64,0,0,0,0,7,13.7,0,0,0,0,0.255,69.16,136.93,0.99,0.3,878,3.2,321,1.0,2024.0,220.0,65.84
2024,1,18,3,0,19.1,1.06,0.32,0.64,0,0,0,0,0,13.7,0,0,0,0,0.255,71.1,133.64,0.99,0.3,877,3.1,335,0.9,2024.0,220.0,66.44
2024,1,18,4,0,18.7,1.07,0.31,0.64,0,0,0,0,0,13.8,0,0,0,0,0.254,73.2,126.41,0.99,0.3,877,3.1,355,0.9,2024.0,220.0,67.47
2024,1,18,5,0,18.3,1.07,0.305,0.64,0,0,0,0,0,13.9,0,0,0,0,0.253,75.38,116.58,0.98,0.3,877,3.0,8,0.8,2024.0,220.0,69.39
2024,1,18,6,0,18.1,1.07,0.299,0.64,0,0,0,0,8,13.9,0,0,0,0,0.253,76.69,105.17,0.98,0.3,878,3.0,13,0.9,2024.0,220.0,71.74
2024,1,18,7,0,18.6,1.08,0.287,0.64,0,0,0,0,0,14.0,0,0,0,0,0.252,74.4,92.81,0.98,0.3,878,2.9,13,1.2,2024.0,220.0,78.02
2024,1,18,8,0,21.2,1.1,0.269,0.64,75,266,122,0,1,13.9,75,266,0,122,0.252,63.21,79.78,0.98,0.3,878,2.9,351,2.0,2024.0,220.0,58.12
2024,1,18,9,0,24.1,1.13,0.254,0.64,133,560,357,0,0,14.1,133,560,0,357,0.251,53.57,66.49,0.98,0.3,879,2.8,324,0.8,2024.0,220.0,0.0
2024,1,18,10,0,26.2,1.15,0.243,0.64,165,719,599,0,0,14.1,165,719,0,599,0.251,47.43,52.92,0.98,0.3,878,2.8,310,2.6,2024.0,220.0,0.0
2024,1,18,11,0,27.9,1.16,0.233,0.64,184,810,812,0,0,14.0,184,810,0,812,0.25,42.63,39.18,0.98,0.3,878,2.8,302,4.9,2024.0,220.0,0.0
2024,1,18,12,0,29.2,1.17,0.13,0.64,146,934,990,0,0,13.8,146,934,0,990,0.249,38.81,25.34,0.97,0.3,878,2.8,297,6.0,2024.0,220.0,0.0
2024,1,18,13,0,30.0,1.17,0.132,0.64,154,954,1089,0,0,13.4,154,954,0,1089,0.248,36.14,11.49,0.97,0.3,878,2.7,294,6.3,2024.0,220.0,0.0
2024,1,18,14,0,30.4,1.17,0.136,0.64,157,956,1112,0,0,12.9,157,956,0,1112,0.247,34.37,3.16,0.97,0.3,877,2.7,291,6.2,2024.0,220.0,0.0
2024,1,18,15,0,30.3,1.17,0.136,0.64,154,948,1063,0,0,12.7,154,948,0,1063,0.246,33.94,16.64,0.97,0.3,877,2.6,289,6.1,2024.0,220.0,0.0
2024,1,18,16,0,29.8,1.17,0.139,0.64,148,919,939,0,0,12.5,148,919,0,939,0.246,34.45,30.51,0.97,0.3,876,2.6,287,5.7,2024.0,220.0,0.0
2024,1,18,17,0,29.0,1.18,0.143,0.64,137,866,757,0,0,12.3,137,866,0,757,0.245,35.6,44.32,0.97,0.3,876,2.5,285,5.3,2024.0,220.0,0.0
2024,1,18,18,0,27.8,1.19,0.147,0.64,119,772,528,0,0,12.2,119,772,0,528,0.245,38.0,58.01,0.97,0.3,876,2.5,284,4.8,2024.0,220.0,0.0
2024,1,18,19,0,26.2,1.2,0.153,0.64,91,595,279,0,0,12.4,91,595,0,279,0.246,42.21,71.51,0.97,0.3,876,2.5,283,4.3,2024.0,220.0,0.0
2024,1,18,20,0,23.9,1.2,0.159,0.64,37,211,57,0,0,12.7,37,211,0,57,0.248,49.55,84.64,0.97,0.3,877,2.6,279,3.1,2024.0,220.0,27.61
2024,1,18,21,0,22.1,1.19,0.166,0.64,0,0,0,0,0,13.2,0,0,0,0,0.25,56.97,97.55,0.97,0.3,877,2.6,278,1.9,2024.0,220.0,77.79
2024,1,18,22,0,21.0,1.17,0.174,0.64,0,0,0,0,0,13.5,0,0,0,0,0.252,62.23,109.64,0.97,0.3,878,2.7,287,0.6,2024.0,220.0,77.79
2024,1,18,23,0,20.5,1.16,0.185,0.64,0,0,0,0,0,13.7,0,0,0,0,0.253,64.84,120.58,0.98,0.3,878,2.8,321,0.6,2024.0,220.0,77.79
2024,1,18,24,0,20.2,1.16,0.202,0.64,0,0,0,0,0,13.7,0,0,0,0,0.255,66.35,129.62,0.98,0.3,878,2.9,347,1.1,2024.0,220.0,69.2
2024,1,19,1,0,19.9,1.16,0.226,0.64,0,0,0,0,0,13.7,0,0,0,0,0.256,67.61,135.57,0.98,0.3,877,2.9,2,1.2,2024.0,220.0,72.1
2024,1,19,2,0,19.5,1.16,0.252,0.64,0,0,0,0,0,13.7,0,0,0,0,0.257,69.34,137.14,0.98,0.3,877,3.0,94,1.0,2024.0,220.0,72.1
2024,1,19,3,0,19.3,1.16,0.279,0.64,0,0,0,0,0,13.7,0,0,0,0,0.258,70.18,133.85,0.98,0.3,877,3.2,70,1.0,2024.0,220.0,73.27
2024,1,19,4,0,19.0,1.15,0.303,0.64,0,0,0,0,0,13.8,0,0,0,0,0.258,71.61,126.61,0.98,0.3,877,3.3,17,0.9,2024.0,220.0,75.27
2024,1,19,5,0,18.7,1.16,0.309,0.64,0,0,0,0,8,13.8,0,0,0,0,0.259,73.38,116.77,0.98,0.3,877,3.4,356,0.9,2024.0,220.0,76.03
2024,1,19,6,0,18.2,1.16,0.306,0.64,0,0,0,0,0,14.0,0,0,0,0,0.26,76.41,105.34,0.98,0.3,877,3.5,345,1.0,2024.0,220.0,84.9
2024,1,19,7,0,18.5,1.18,0.296,0.64,0,0,0,0,3,14.1,0,0,0,0,0.259,75.75,92.96,0.98,0.3,877,3.6,342,1.5,2024.0,220.0,84.9
2024,1,19,8,0,20.9,1.2,0.283,0.64,73,251,117,0,0,14.1,73,251,0,117,0.259,64.93,79.92,0.98,0.3,877,3.6,345,1.9,2024.0,220.0,56.6
2024,1,19,9,0,24.0,1.21,0.277,0.64,136,528,346,0,0,13.8,136,528,0,346,0.259,52.76,66.62,0.98,0.3,877,3.7,330,1.5,2024.0,220.0,0.0
2024,1,19,10,0,26.9,1.22,0.28,0.64,175,676,582,0,0,13.4,175,676,0,582,0.258,43.36,53.04,0.98,0.3,877,3.7,301,2.5,2024.0,220.0,0.0
2024,1,19,11,0,29.1,1.21,0.291,0.64,206,755,790,0,0,13.1,206,755,0,790,0.257,37.43,39.29,0.99,0.3,877,3.7,288,3.8,2024.0,220.0,0.0
2024,1,19,12,0,30.6,1.21,0.305,0.64,229,795,947,0,0,12.8,229,795,0,947,0.256,33.7,25.45,0.99,0.3,876,3.8,286,4.9,2024.0,220.0,0.0
2024,1,19,13,0,31.5,1.2,0.317,0.64,245,815,1043,0,0,12.6,245,815,0,1043,0.255,31.52,11.61,0.99,0.3,876,3.7,285,5.7,2024.0,220.0,0.0
2024,1,19,14,0,31.5,1.19,0.316,0.64,247,822,1067,0,0,12.4,247,822,0,1067,0.254,31.21,3.22,0.99,0.3,876,3.7,285,6.2,2024.0,220.0,0.0
2024,1,19,15,0,31.1,1.19,0.302,0.64,235,818,1020,0,0,12.3,235,818,0,1020,0.253,31.64,16.61,0.99,0.3,876,3.6,284,6.2,2024.0,220.0,0.0
2024,1,19,16,0,30.1,1.18,0.282,0.64,215,798,903,0,0,12.2,215,798,0,903,0.253,33.2,30.47,0.98,0.3,876,3.5,285,6.0,2024.0,220.0,0.0
2024,1,19,17,0,28.4,1.16,0.261,0.64,187,753,726,0,0,12.0,187,753,0,726,0.254,36.32,44.29,0.98,0.3,876,3.4,287,5.5,2024.0,220.0,0.0
2024,1,19,18,0,26.4,1.14,0.248,0.64,155,662,506,0,0,11.9,155,662,0,506,0.255,40.6,57.99,0.98,0.3,876,3.2,291,5.0,2024.0,220.0,0.0
2024,1,19,19,0,24.5,1.12,0.239,0.64,111,486,265,0,8,11.9,180,124,0,219,0.256,45.38,71.5,0.98,0.3,877,3.1,298,4.4,2024.0,220.0,0.0
2024,1,19,20,0,23.0,1.12,0.233,0.64,40,139,53,7,8,12.0,40,139,5,53,0.257,49.79,84.65,0.98,0.3,877,2.9,305,3.5,2024.0,220.0,0.0
2024,1,19,21,0,22.1,1.12,0.226,0.64,0,0,0,0,7,12.1,0,0,0,0,0.258,53.0,97.58,0.98,0.3,877,2.7,309,2.5,2024.0,220.0,72.99
2024,1,19,22,0,21.6,1.11,0.225,0.64,0,0,0,0,7,12.2,0,0,0,0,0.258,55.08,109.69,0.98,0.3,878,2.6,321,0.9,2024.0,220.0,72.5
2024,1,19,23,0,21.3,1.09,0.233,0.64,0,0,0,0,7,12.3,0,0,0,0,0.259,56.43,120.67,0.98,0.3,878,2.5,350,0.5,2024.0,220.0,73.48
2024,1,19,24,0,20.9,1.08,0.243,0.64,0,0,0,0,7,12.4,0,0,0,0,0.258,58.15,129.75,0.98,0.3,877,2.5,74,0.7,2024.0,220.0,73.48
2024,1,20,1,0,20.6,1.07,0.252,0.64,0,0,0,0,7,12.4,0,0,0,0,0.258,59.53,135.76,0.98,0.3,877,2.5,102,0.8,2024.0,220.0,72.25
2024,1,20,2,0,20.2,1.06,0.258,0.64,0,0,0,0,0,12.5,0,0,0,0,0.258,61.35,137.35,0.98,0.3,877,2.5,72,0.8,2024.0,220.0,74.73
2024,1,20,3,0,19.9,1.05,0.257,0.64,0,0,0,0,0,12.6,0,0,0,0,0.257,62.77,134.08,0.98,0.3,877,2.6,344,0.7,2024.0,220.0,72.57
2024,1,20,4,0,19.6,1.05,0.25,0.64,0,0,0,0,7,12.6,0,0,0,0,0.256,64.0,126.82,0.98,0.3,877,2.6,297,0.7,2024.0,220.0,71.61
2024,1,20,5,0,19.2,1.06,0.242,0.64,0,0,0,0,7,12.6,0,0,0,0,0.255,65.5,116.96,0.98,0.3,876,2.7,291,0.7,2024.0,220.0,72.23
2024,1,20,6,0,18.9,1.06,0.236,0.64,0,0,0,0,7,12.6,0,0,0,0,0.255,66.8,105.51,0.98,0.3,877,2.7,298,0.8,2024.0,220.0,74.65
2024,1,20,7,0,19.5,1.08,0.229,0.64,0,0,0,0,8,12.5,0,0,0,0,0.254,64.04,93.12,0.98,0.3,877,2.7,96,1.2,2024.0,220.0,74.73
2024,1,20,8,0,22.0,1.1,0.217,0.64,69,308,122,0,3,12.3,78,1,0,78,0.254,54.18,80.06,0.98,0.3,877,2.6,94,1.3,2024.0,220.0,69.43
2024,1,20,9,0,25.1,1.11,0.217,0.64,123,595,358,0,0,11.9,123,595,0,358,0.255,43.82,66.74,0.98,0.3,877,2.6,342,1.0,2024.0,220.0,12.98
2024,1,20,10,0,27.5,1.13,0.206,0.64,151,752,602,0,0,11.8,151,752,0,602,0.254,37.75,53.15,0.98,0.3,877,2.6,291,2.4,2024.0,220.0,0.0
2024,1,20,11,0,29.2,1.17,0.187,0.64,163,849,819,0,0,11.8,163,849,0,819,0.253,34.18,39.4,0.98,0.3,877,2.6,282,3.9,2024.0,220.0,0.0
2024,1,20,12,0,30.3,1.19,0.168,0.64,166,911,988,0,3,11.9,438,553,0,936,0.253,32.29,25.55,0.98,0.3,876,2.5,277,5.0,2024.0,220.0,0.0
2024,1,20,13,0,31.0,1.2,0.163,0.64,171,938,1090,0,8,12.0,310,727,0,1021,0.251,31.18,11.72,0.98,0.3,876,2.4,274,5.7,2024.0,220.0,0.0
2024,1,20,14,0,31.2,1.21,0.16,0.64,171,946,1115,0,0,12.0,171,946,0,1115,0.25,30.91,3.31,0.98,0.3,876,2.4,272,6.1,2024.0,220.0,0.0
2024,1,20,15,0,30.9,1.2,0.164,0.64,169,932,1063,0,0,12.0,169,932,0,1063,0.249,31.44,16.58,0.98,0.3,875,2.4,272,6.1,2024.0,220.0,0.0
2024,1,20,16,0,30.1,1.19,0.167,0.64,162,901,940,0,0,12.0,162,901,0,940,0.248,32.94,30.44,0.98,0.3,875,2.4,273,5.9,2024.0,220.0,0.0
2024,1,20,17,0,28.9,1.17,0.17,0.64,150,847,757,0,0,12.0,150,847,0,757,0.247,35.22,44.26,0.98,0.3,875,2.3,276,5.4,2024.0,220.0,0.0
2024,1,20,18,0,27.5,1.16,0.185,0.64,134,738,526,0,0,12.0,134,738,0,526,0.246,38.21,57.98,0.98,0.3,876,2.3,279,4.8,2024.0,220.0,0.0
2024,1,20,19,0,25.8,1.13,0.194,0.64,102,548,276,0,0,12.1,102,548,0,276,0.247,42.45,71.5,0.98,0.3,876,2.3,281,4.0,2024.0,220.0,0.0
2024,1,20,20,0,23.6,1.11,0.202,0.64,40,168,55,7,5,12.5,38,0,7,38,0.248,49.63,84.67,0.98,0.3,877,2.2,280,2.9,2024.0,220.0,21.16
2024,1,20,21,0,21.9,1.08,0.218,0.64,0,0,0,0,8,12.9,0,0,0,0,0.25,56.68,97.62,0.98,0.29,878,2.2,278,1.9,2024.0,220.0,77.52
2024,1,20,22,0,21.0,1.06,0.233,0.64,0,0,0,0,3,13.1,0,0,0,0,0.251,60.77,109.76,0.98,0.29,878,2.3,281,0.7,2024.0,220.0,75.3
2024,1,20,23,0,20.6,1.06,0.239,0.64,0,0,0,0,0,13.2,0,0,0,0,0.252,62.75,120.77,0.98,0.29,879,2.4,277,0.6,2024.0,220.0,74.19
2024,1,20,24,0,20.2,1.07,0.247,0.64,0,0,0,0,0,13.3,0,0,0,0,0.253,64.55,129.89,0.98,0.29,878,2.5,250,0.8,2024.0,220.0,76.46
2024,1,21,1,0,19.7,1.07,0.258,0.64,0,0,0,0,7,13.4,0,0,0,0,0.255,66.9,135.94,0.98,0.29,878,2.6,266,0.9,2024.0,220.0,80.39
2024,1,21,2,0,19.2,1.07,0.269,0.64,0,0,0,0,7,13.5,0,0,0,0,0.256,69.49,137.57,0.98,0.29,878,2.7,341,0.8,2024.0,220.0,75.78
2024,1,21,3,0,18.9,1.07,0.277,0.64,0,0,0,0,0,13.6,0,0,0,0,0.256,71.53,134.3,0.98,0.29,878,2.9,350,0.8,2024.0,220.0,82.0
2024,1,21,4,0,18.6,1.08,0.274,0.64,0,0,0,0,0,13.8,0,0,0,0,0.257,73.61,127.04,0.98,0.29,878,3.0,7,0.8,2024.0,220.0,195.3
2024,1,21,5,0,18.5,1.09,0.264,0.64,0,0,0,0,0,13.9,0,0,0,0,0.258,74.39,117.15,0.98,0.29,878,3.1,31,0.8,2024.0,220.0,103.82
2024,1,21,6,0,18.4,1.1,0.249,0.64,0,0,0,0,0,13.8,0,0,0,0,0.258,74.52,105.68,0.98,0.29,878,3.1,55,0.8,2024.0,220.0,103.82
2024,1,21,7,0,19.3,1.12,0.231,0.64,0,0,0,0,8,13.6,0,0,0,0,0.258,69.38,93.27,0.98,0.29,878,3.1,67,1.0,2024.0,220.0,103.82
2024,1,21,8,0,22.1,1.13,0.213,0.64,66,301,118,0,0,13.0,66,301,0,118,0.259,56.2,80.2,0.98,0.29,878,3.2,49,1.4,2024.0,220.0,66.33
2024,1,21,9,0,24.9,1.16,0.194,0.64,114,607,353,0,0,12.5,114,607,0,353,0.259,45.98,66.87,0.98,0.29,878,3.2,322,1.5,2024.0,220.0,0.0
2024,1,21,10,0,27.4,1.19,0.175,0.64,137,769,596,0,0,12.1,137,769,0,596,0.259,38.56,53.27,0.98,0.29,878,3.2,293,3.0,2024.0,220.0,0.0
2024,1,21,11,0,29.5,1.2,0.167,0.64,152,853,810,0,0,11.4,152,853,0,810,0.258,32.8,39.51,0.97,0.29,877,3.2,282,4.3,2024.0,220.0,0.0
2024,1,21,12,0,31.0,1.19,0.117,0.64,138,935,981,0,0,11.0,138,935,0,981,0.258,29.26,25.66,0.97,0.29,877,3.2,276,5.2,2024.0,220.0,0.0
2024,1,21,13,0,32.0,1.18,0.115,0.64,142,957,1079,0,0,10.7,142,957,0,1079,0.258,27.08,11.84,0.97,0.29,877,3.2,273,5.8,2024.0,220.0,0.0
2024,1,21,14,0,32.4,1.18,0.111,0.64,141,966,1106,0,0,10.5,141,966,0,1106,0.258,26.16,3.41,0.97,0.29,876,3.1,270,6.1,2024.0,220.0,0.0
2024,1,21,15,0,32.2,1.17,0.107,0.64,137,959,1056,0,0,10.4,137,959,0,1056,0.259,26.24,16.55,0.97,0.29,876,3.1,268,6.2,2024.0,220.0,0.0
2024,1,21,16,0,31.6,1.16,0.103,0.64,128,939,937,0,0,10.2,128,939,0,937,0.26,26.79,30.41,0.96,0.29,876,3.0,266,5.9,2024.0,220.0,0.0
2024,1,21,17,0,30.6,1.15,0.1,0.64,115,896,757,0,0,10.0,115,896,0,757,0.26,27.95,44.24,0.96,0.29,876,2.9,265,5.4,2024.0,220.0,0.0
2024,1,21,18,0,29.1,1.15,0.097,0.64,98,816,531,0,0,9.9,98,816,0,531,0.261,30.22,57.97,0.96,0.29,876,2.9,265,4.7,2024.0,220.0,0.0
2024,1,21,19,0,27.2,1.14,0.096,0.64,74,661,284,0,0,9.9,74,661,0,284,0.261,33.92,71.5,0.96,0.29,876,2.8,265,4.1,2024.0,220.0,0.0
2024,1,21,20,0,24.6,1.14,0.096,0.64,33,285,59,0,0,10.4,33,285,0,59,0.261,40.66,84.69,0.96,0.29,877,2.7,268,3.1,2024.0,220.0,22.54
2024,1,21,21,0,22.6,1.14,0.097,0.64,0,0,0,0,0,10.9,0,0,0,0,0.261,47.72,97.66,0.96,0.3,878,2.7,271,2.1,2024.0,220.0,79.57
2024,1,21,22,0,21.6,1.15,0.098,0.64,0,0,0,0,0,11.3,0,0,0,0,0.261,51.82,109.83,0.96,0.3,878,2.7,280,0.7,2024.0,220.0,72.79
2024,1,21,23,0,21.1,1.15,0.101,0.64,0,0,0,0,0,11.4,0,0,0,0,0.261,54.0,120.87,0.96,0.3,879,2.7,304,0.6,2024.0,220.0,70.76
2024,1,21,24,0,20.8,1.16,0.102,0.64,0,0,0,0,0,11.5,0,0,0,0,0.261,55.17,130.04,0.96,0.3,879,2.7,11,0.9,2024.0,220.0,70.26
2024,1,22,1,0,20.5,1.16,0.103,0.64,0,0,0,0,0,11.5,0,0,0,0,0.26,56.29,136.14,0.96,0.3,878,2.7,51,0.9,2024.0,220.0,73.55
2024,1,22,2,0,20.2,1.17,0.103,0.64,0,0,0,0,0,11.6,0,0,0,0,0.26,57.6,137.8,0.96,0.3,878,2.7,19,0.8,2024.0,220.0,78.5
2024,1,22,3,0,19.6,1.17,0.103,0.64,0,0,0,0,0,11.7,0,0,0,0,0.259,60.31,134.53,0.96,0.3,878,2.8,351,0.7,2024.0,220.0,83.63
2024,1,22,4,0,19.0,1.17,0.104,0.64,0,0,0,0,0,11.9,0,0,0,0,0.259,63.5,127.25,0.96,0.3,878,2.8,343,0.7,2024.0,220.0,83.63
2024,1,22,5,0,18.6,1.17,0.103,0.64,0,0,0,0,0,12.2,0,0,0,0,0.258,66.21,117.34,0.96,0.3,878,2.8,344,0.7,2024.0,220.0,83.63
2024,1,22,6,0,18.3,1.18,0.101,0.64,0,0,0,0,0,12.3,0,0,0,0,0.258,68.25,105.86,0.96,0.3,878,2.7,3,0.8,2024.0,220.0,83.63
2024,1,22,7,0,19.1,1.19,0.097,0.64,0,0,0,0,0,12.4,0,0,0,0,0.258,65.09,93.43,0.96,0.3,879,2.7,48,0.9,2024.0,220.0,96.93
2024,1,22,8,0,22.2,1.2,0.094,0.64,50,461,127,0,0,11.7,50,461,0,127,0.258,51.45,80.34,0.96,0.3,879,2.7,50,1.9,2024.0,220.0,92.93
2024,1,22,9,0,25.5,1.22,0.092,0.64,82,738,370,0,0,10.2,82,738,0,370,0.258,38.03,67.0,0.96,0.3,878,2.6,329,2.1,2024.0,220.0,16.12
2024,1,22,10,0,28.1,1.23,0.092,0.64,102,864,618,0,0,9.1,102,864,0,618,0.258,30.43,53.39,0.96,0.3,878,2.5,264,2.7,2024.0,220.0,0.0
2024,1,22,11,0,30.1,1.24,0.093,0.64,116,931,833,0,0,8.6,116,931,0,833,0.258,26.27,39.61,0.96,0.3,877,2.5,262,3.2,2024.0,220.0,32.23
2024,1,22,12,0,31.7,1.24,0.095,0.64,127,967,997,0,0,8.4,127,967,0,997,0.257,23.61,25.76,0.96,0.3,877,2.5,263,3.8,2024.0,220.0,19.98
2024,1,22,13,0,32.7,1.24,0.097,0.64,133,987,1098,0,0,8.2,133,987,0,1098,0.254,22.06,11.96,0.96,0.3,876,2.4,262,4.7,2024.0,220.0,0.0
2024,1,22,14,0,33.0,1.23,0.098,0.64,135,991,1124,0,0,8.1,135,991,0,1124,0.253,21.49,3.54,0.96,0.3,876,2.4,260,5.8,2024.0,220.0,0.0
2024,1,22,15,0,32.8,1.22,0.099,0.64,133,983,1075,0,0,7.9,133,983,0,1075,0.252,21.42,16.54,0.96,0.3,876,2.3,256,6.6,2024.0,220.0,0.0
2024,1,22,16,0,32.1,1.2,0.099,0.64,127,958,953,0,0,7.7,127,958,0,953,0.251,21.96,30.39,0.96,0.3,876,2.3,254,6.7,2024.0,220.0,0.0
2024,1,22,17,0,30.9,1.17,0.1,0.64,116,910,768,0,0,7.6,116,910,0,768,0.25,23.34,44.23,0.96,0.3,876,2.3,253,6.2,2024.0,220.0,0.0
2024,1,22,18,0,29.2,1.16,0.102,0.64,101,825,539,0,0,7.7,101,825,0,539,0.252,25.86,57.96,0.96,0.3,876,2.3,253,5.3,2024.0,220.0,0.0
2024,1,22,19,0,27.1,1.15,0.105,0.64,78,660,287,0,0,8.0,78,660,0,287,0.254,29.99,71.51,0.96,0.3,877,2.3,257,4.3,2024.0,220.0,0.0
2024,1,22,20,0,24.3,1.14,0.111,0.64,34,268,59,0,0,8.8,34,268,0,59,0.256,37.31,84.71,0.96,0.3,877,2.3,263,3.0,2024.0,220.0,60.15
2024,1,22,21,0,22.3,1.13,0.119,0.64,0,0,0,0,0,9.7,0,0,0,0,0.258,44.81,97.71,0.96,0.3,878,2.3,265,1.9,2024.0,220.0,333.17
2024,1,22,22,0,21.3,1.11,0.127,0.64,0,0,0,0,0,10.2,0,0,0,0,0.26,49.2,109.9,0.97,0.3,879,2.3,268,0.7,2024.0,220.0,314.49
2024,1,22,23,0,20.8,1.1,0.13,0.64,0,0,0,0,0,10.4,0,0,0,0,0.261,51.28,120.98,0.97,0.3,879,2.3,298,0.4,2024.0,220.0,216.32
2024,1,22,24,0,20.5,1.09,0.13,0.64,0,0,0,0,0,10.4,0,0,0,0,0.262,52.19,130.2,0.97,0.3,879,2.2,19,0.7,2024.0,220.0,118.87
2024,1,23,1,0,20.2,1.1,0.125,0.64,0,0,0,0,0,10.3,0,0,0,0,0.262,53.01,136.34,0.97,0.3,879,2.1,36,0.8,2024.0,220.0,92.09
2024,1,23,2,0,19.8,1.11,0.118,0.64,0,0,0,0,7,10.3,0,0,0,0,0.262,54.41,138.03,0.97,0.3,878,2.1,37,0.8,2024.0,220.0,84.32
2024,1,23,3,0,19.4,1.12,0.111,0.64,0,0,0,0,0,10.5,0,0,0,0,0.261,56.37,134.77,0.96,0.3,878,2.0,10,0.7,2024.0,220.0,84.32
2024,1,23,4,0,18.6,1.13,0.108,0.64,0,0,0,0,3,10.8,0,0,0,0,0.26,60.27,127.47,0.96,0.3,878,2.0,323,0.7,2024.0,220.0,84.32
2024,1,23,5,0,17.8,1.13,0.109,0.64,0,0,0,0,0,11.0,0,0,0,0,0.26,64.53,117.54,0.96,0.3,878,2.0,307,0.7,2024.0,220.0,84.32
2024,1,23,6,0,17.2,1.13,0.11,0.64,0,0,0,0,0,11.2,0,0,0,0,0.26,67.81,106.03,0.96,0.3,878,2.0,312,0.8,2024.0,220.0,84.32
2024,1,23,7,0,17.9,1.14,0.11,0.64,0,0,0,0,0,11.1,0,0,0,0,0.259,64.53,93.58,0.96,0.3,879,1.9,43,1.0,2024.0,220.0,84.32
2024,1,23,8,0,21.0,1.16,0.108,0.64,53,453,128,0,0,10.5,53,453,0,128,0.259,50.94,80.47,0.96,0.3,878,1.8,78,1.6,2024.0,220.0,78.6
2024,1,23,9,0,24.7,1.17,0.107,0.64,88,736,374,0,0,8.7,88,736,0,374,0.259,36.2,67.12,0.96,0.3,878,1.8,163,0.5,2024.0,220.0,33.33
2024,1,23,10,0,27.9,1.16,0.112,0.64,112,862,625,0,0,7.2,112,862,0,625,0.259,27.05,53.5,0.96,0.3,878,1.7,254,1.5,2024.0,220.0,17.14
2024,1,23,11,0,30.0,1.16,0.111,0.64,127,933,845,0,0,6.9,127,933,0,845,0.258,23.46,39.72,0.97,0.3,878,1.7,263,2.7,2024.0,220.0,38.09
2024,1,23,12,0,31.5,1.19,0.095,0.64,128,986,1015,0,0,6.9,128,986,0,1015,0.257,21.53,25.87,0.96,0.3,877,1.7,264,3.9,2024.0,220.0,6.98
2024,1,23,13,0,32.4,1.19,0.091,0.64,131,1011,1120,0,0,6.9,131,1011,0,1120,0.257,20.42,12.08,0.96,0.3,877,1.6,262,5.1,2024.0,220.0,0.0
2024,1,23,14,0,32.8,1.19,0.089,0.64,131,1017,1146,0,0,6.8,131,1017,0,1146,0.257,19.91,3.68,0.96,0.3,876,1.6,261,6.0,2024.0,220.0,0.0
2024,1,23,15,0,32.6,1.18,0.089,0.64,128,1005,1092,0,0,6.8,128,1005,0,1092,0.257,20.15,16.53,0.96,0.3,876,1.7,259,6.5,2024.0,220.0,0.0
2024,1,23,16,0,31.8,1.15,0.09,0.64,123,980,968,0,0,6.9,123,980,0,968,0.258,21.22,30.37,0.96,0.3,876,1.7,258,6.5,2024.0,220.0,0.0
2024,1,23,17,0,30.6,1.12,0.091,0.64,113,933,782,0,0,7.1,113,933,0,782,0.259,23.01,44.22,0.96,0.3,876,1.7,256,6.0,2024.0,220.0,0.0
2024,1,23,18,0,29.1,1.12,0.09,0.64,97,851,548,0,0,7.3,97,851,0,548,0.26,25.36,57.96,0.96,0.3,876,1.8,253,5.3,2024.0,220.0,0.0
2024,1,23,19,0,27.3,1.13,0.087,0.64,73,698,294,0,0,7.5,73,698,0,294,0.26,28.62,71.52,0.96,0.3,876,1.8,249,4.5,2024.0,220.0,0.0
2024,1,23,20,0,24.8,1.14,0.087,0.64,33,314,61,0,0,8.0,33,314,0,61,0.261,34.32,84.74,0.95,0.3,876,1.9,249,3.3,2024.0,220.0,25.36
2024,1,23,21,0,22.9,1.14,0.091,0.64,0,0,0,0,0,8.8,0,0,0,0,0.261,40.45,97.76,0.96,0.3,877,1.9,256,2.2,2024.0,220.0,65.59
2024,1,23,22,0,21.6,1.14,0.097,0.64,0,0,0,0,0,9.2,0,0,0,0,0.261,45.09,109.98,0.96,0.3,878,2.0,278,0.9,2024.0,220.0,74.26
2024,1,23,23,0,21.0,1.14,0.1,0.64,0,0,0,0,0,9.4,0,0,0,0,0.261,47.37,121.1,0.96,0.3,878,2.0,328,0.4,2024.0,220.0,74.26
2024,1,23,24,0,20.3,1.17,0.099,0.64,0,0,0,0,0,9.6,0,0,0,0,0.261,50.1,130.36,0.96,0.3,879,2.0,350,0.6,2024.0,220.0,74.26
2024,1,24,1,0,19.7,1.18,0.097,0.64,0,0,0,0,0,9.7,0,0,0,0,0.26,52.53,136.54,0.96,0.3,878,2.0,357,0.8,2024.0,220.0,76.4
2024,1,24,2,0,19.3,1.18,0.097,0.64,0,0,0,0,0,9.8,0,0,0,0,0.26,54.05,138.27,0.96,0.3,878,2.0,3,0.9,2024.0,220.0,76.42
2024,1,24,3,0,19.0,1.18,0.099,0.64,0,0,0,0,0,9.7,0,0,0,0,0.259,54.94,135.01,0.96,0.3,878,2.0,7,0.9,2024.0,220.0,81.39
2024,1,24,4,0,18.8,1.2,0.099,0.64,0,0,0,0,0,9.7,0,0,0,0,0.259,55.42,127.69,0.96,0.3,878,2.0,9,0.9,2024.0,220.0,83.46
2024,1,24,5,0,18.7,1.21,0.097,0.64,0,0,0,0,0,9.6,0,0,0,0,0.258,55.38,117.73,0.96,0.3,878,2.0,14,0.9,2024.0,220.0,83.46
2024,1,24,6,0,18.7,1.22,0.092,0.64,0,0,0,0,0,9.3,0,0,0,0,0.258,54.46,106.2,0.96,0.3,878,2.0,33,1.0,2024.0,220.0,83.83
2024,1,24,7,0,19.8,1.23,0.087,0.64,0,0,0,0,0,8.8,0,0,0,0,0.258,49.19,93.74,0.96,0.3,878,2.0,64,1.1,2024.0,220.0,83.89
2024,1,24,8,0,23.4,1.24,0.083,0.64,48,491,128,0,0,8.3,48,491,0,128,0.258,38.13,80.61,0.96,0.3,878,1.9,69,1.5,2024.0,220.0,74.23
2024,1,24,9,0,26.7,1.25,0.08,0.64,78,770,376,0,0,7.5,78,770,0,376,0.257,29.69,67.25,0.96,0.3,878,1.9,68,0.9,2024.0,220.0,5.75
2024,1,24,10,0,29.4,1.26,0.08,0.64,97,894,627,0,0,7.1,97,894,0,627,0.256,24.57,53.62,0.96,0.3,877,1.8,260,2.1,2024.0,220.0,0.0
2024,1,24,11,0,31.4,1.25,0.082,0.64,111,957,846,0,0,7.1,111,957,0,846,0.256,21.9,39.83,0.96,0.3,877,1.8,262,3.6,2024.0,220.0,0.0
2024,1,24,12,0,32.6,1.25,0.082,0.64,120,994,1014,0,0,7.2,120,994,0,1014,0.255,20.67,25.97,0.96,0.3,877,1.8,265,5.1,2024.0,220.0,0.0
2024,1,24,13,0,33.0,1.23,0.085,0.64,127,1010,1114,0,0,7.6,127,1010,0,1114,0.255,20.7,12.2,0.96,0.3,876,1.8,267,6.2,2024.0,220.0,0.0
2024,1,24,14,0,32.8,1.19,0.092,0.64,133,1009,1139,0,0,7.9,133,1009,0,1139,0.255,21.47,3.84,0.96,0.3,876,1.8,266,6.8,2024.0,220.0,0.0
2024,1,24,15,0,32.1,1.14,0.099,0.64,135,992,1085,0,0,8.2,135,992,0,1085,0.255,22.79,16.53,0.97,0.3,876,1.9,265,7.0,2024.0,220.0,0.0
2024,1,24,16,0,31.1,1.11,0.105,0.64,131,961,961,0,0,8.4,131,961,0,961,0.254,24.39,30.36,0.97,0.3,876,1.9,263,6.6,2024.0,220.0,0.0
2024,1,24,17,0,29.7,1.08,0.109,0.64,122,910,775,0,0,8.4,122,910,0,775,0.254,26.41,44.21,0.97,0.3,876,1.9,260,6.1,2024.0,220.0,0.0
2024,1,24,18,0,28.2,1.08,0.108,0.64,105,826,543,0,0,8.4,105,826,0,543,0.255,28.74,57.97,0.97,0.3,876,1.9,257,5.5,2024.0,220.0,0.0
2024,1,24,19,0,26.4,1.08,0.107,0.64,79,665,290,0,0,8.5,79,665,0,290,0.255,32.22,71.54,0.97,0.3,876,1.9,257,4.8,2024.0,220.0,0.0
2024,1,24,20,0,24.4,1.09,0.105,0.64,34,278,60,0,0,8.9,34,278,0,60,0.256,37.31,84.78,0.97,0.3,877,1.9,262,3.5,2024.0,220.0,15.23
2024,1,24,21,0,22.7,1.1,0.103,0.64,0,0,0,0,0,9.6,0,0,0,0,0.256,43.28,97.82,0.96,0.3,878,1.9,270,2.4,2024.0,220.0,79.59
2024,1,24,22,0,21.5,1.11,0.102,0.64,0,0,0,0,0,10.1,0,0,0,0,0.256,48.13,110.07,0.96,0.3,878,1.9,288,1.1,2024.0,220.0,79.59
2024,1,24,23,0,20.9,1.12,0.1,0.64,0,0,0,0,0,10.3,0,0,0,0,0.256,50.77,121.22,0.96,0.3,878,1.9,329,0.5,2024.0,220.0,79.59
2024,1,24,24,0,20.3,1.12,0.098,0.64,0,0,0,0,0,10.5,0,0,0,0,0.256,53.2,130.52,0.96,0.3,878,1.9,355,0.5,2024.0,220.0,79.59
2024,1,25,1,0,19.8,1.13,0.096,0.64,0,0,0,0,0,10.6,0,0,0,0,0.255,55.38,136.76,0.96,0.3,878,1.9,9,1.1,2024.0,220.0,86.64
2024,1,25,2,0,19.4,1.14,0.096,0.64,0,0,0,0,0,10.7,0,0,0,0,0.254,57.1,138.51,0.96,0.3,877,1.9,19,1.4,2024.0,220.0,82.37
2024,1,25,3,0,19.0,1.14,0.097,0.64,0,0,0,0,0,10.8,0,0,0,0,0.254,58.85,135.25,0.96,0.3,877,1.9,23,1.4,2024.0,220.0,76.27
2024,1,25,4,0,18.7,1.14,0.097,0.64,0,0,0,0,0,10.8,0,0,0,0,0.253,60.28,127.91,0.96,0.3,877,2.0,15,1.0,2024.0,220.0,76.27
2024,1,25,5,0,18.2,1.14,0.097,0.64,0,0,0,0,0,10.9,0,0,0,0,0.253,62.61,117.93,0.96,0.3,877,2.0,7,0.7,2024.0,220.0,76.27
2024,1,25,6,0,17.9,1.14,0.096,0.64,0,0,0,0,0,11.0,0,0,0,0,0.252,64.1,106.38,0.96,0.3,877,2.0,5,0.6,2024.0,220.0,76.27
2024,1,25,7,0,18.6,1.14,0.094,0.64,0,0,0,0,0,11.0,0,0,0,0,0.252,61.31,93.89,0.96,0.3,878,2.0,14,0.9,2024.0,220.0,76.27
2024,1,25,8,0,21.5,1.15,0.093,0.64,49,463,124,0,0,10.6,49,463,0,124,0.251,49.84,80.75,0.96,0.3,878,2.0,355,1.0,2024.0,220.0,71.84
2024,1,25,9,0,24.6,1.15,0.092,0.64,82,747,370,0,0,10.3,82,747,0,370,0.251,40.53,67.37,0.96,0.3,878,2.0,320,0.7,2024.0,220.0,17.86
2024,1,25,10,0,27.0,1.16,0.091,0.64,102,875,620,0,0,10.2,102,875,0,620,0.252,34.98,53.73,0.96,0.3,878,2.0,297,1.9,2024.0,220.0,0.0
2024,1,25,11,0,28.8,1.16,0.091,0.64,116,942,839,0,0,10.2,116,942,0,839,0.252,31.34,39.93,0.96,0.3,877,2.0,285,3.1,2024.0,220.0,0.0
2024,1,25,12,0,30.1,1.15,0.098,0.64,129,975,1005,0,0,10.2,129,975,0,1005,0.252,29.11,26.08,0.96,0.3,877,2.0,279,4.3,2024.0,220.0,0.0
2024,1,25,13,0,30.7,1.14,0.103,0.64,138,990,1105,0,0,10.3,138,990,0,1105,0.25,28.41,12.33,0.96,0.3,877,2.0,276,5.3,2024.0,220.0,0.0
2024,1,25,14,0,30.9,1.12,0.107,0.64,142,992,1131,0,0,10.5,142,992,0,1131,0.249,28.46,4.01,0.97,0.3,877,2.0,275,6.1,2024.0,220.0,0.0
2024,1,25,15,0,30.6,1.11,0.103,0.64,137,986,1082,0,0,10.7,137,986,0,1082,0.248,29.33,16.53,0.97,0.3,877,2.0,272,6.4,2024.0,220.0,0.0
2024,1,25,16,0,29.9,1.1,0.104,0.64,131,959,959,0,0,10.9,131,959,0,959,0.247,30.84,30.36,0.97,0.3,877,2.0,268,6.1,2024.0,220.0,0.0
2024,1,25,17,0,28.7,1.09,0.105,0.64,120,909,771,0,0,11.0,120,909,0,771,0.247,33.41,44.21,0.97,0.3,877,2.1,264,5.4,2024.0,220.0,0.0
2024,1,25,18,0,27.1,1.09,0.105,0.64,103,825,540,0,0,11.2,103,825,0,540,0.248,37.17,57.98,0.97,0.3,877,2.1,259,4.5,2024.0,220.0,0.0
2024,1,25,19,0,25.1,1.11,0.103,0.64,78,665,288,0,0,11.6,78,665,0,288,0.25,42.74,71.57,0.97,0.3,878,2.1,257,3.5,2024.0,220.0,0.0
2024,1,25,20,0,22.9,1.12,0.1,0.64,33,282,59,0,0,12.1,33,282,0,59,0.252,50.58,84.82,0.97,0.3,879,2.1,259,2.5,2024.0,220.0,20.62
2024,1,25,21,0,21.4,1.12,0.099,0.64,0,0,0,0,0,12.7,0,0,0,0,0.254,57.75,97.88,0.97,0.3,879,2.1,262,2.1,2024.0,220.0,134.89
2024,1,25,22,0,20.4,1.12,0.101,0.64,0,0,0,0,0,13.2,0,0,0,0,0.256,63.41,110.16,0.97,0.3,880,2.2,270,1.6,2024.0,220.0,139.71
2024,1,25,23,0,19.8,1.13,0.106,0.64,0,0,0,0,0,13.5,0,0,0,0,0.258,66.99,121.35,0.97,0.3,881,2.2,288,1.2,2024.0,220.0,136.61
2024,1,25,24,0,19.4,1.14,0.112,0.64,0,0,0,0,0,13.7,0,0,0,0,0.259,69.38,130.69,0.97,0.3,881,2.3,312,0.8,2024.0,220.0,146.48
2024,1,26,1,0,19.1,1.15,0.116,0.64,0,0,0,0,0,13.7,0,0,0,0,0.259,71.07,136.98,0.97,0.3,881,2.3,342,0.8,2024.0,220.0,120.76
2024,1,26,2,0,18.8,1.16,0.12,0.64,0,0,0,0,0,13.7,0,0,0,0,0.259,72.19,138.76,0.97,0.3,880,2.3,55,0.9,2024.0,220.0,102.39
2024,1,26,3,0,18.7,1.17,0.123,0.64,0,0,0,0,0,13.6,0,0,0,0,0.258,72.09,135.5,0.97,0.3,880,2.4,81,1.3,2024.0,220.0,86.31
2024,1,26,4,0,18.6,1.18,0.126,0.64,0,0,0,0,0,13.4,0,0,0,0,0.258,71.7,128.14,0.97,0.3,879,2.4,87,1.6,2024.0,220.0,84.25
2024,1,26,5,0,18.6,1.18,0.128,0.64,0,0,0,0,0,13.2,0,0,0,0,0.258,70.89,118.13,0.97,0.3,879,2.4,89,1.7,2024.0,220.0,82.43
2024,1,26,6,0,18.6,1.18,0.129,0.64,0,0,0,0,0,13.0,0,0,0,0,0.258,70.01,106.55,0.97,0.3,879,2.4,92,1.7,2024.0,220.0,82.43
2024,1,26,7,0,19.3,1.18,0.13,0.64,0,0,0,0,0,12.8,0,0,0,0,0.257,66.24,94.04,0.97,0.3,880,2.5,95,2.0,2024.0,220.0,82.43
2024,1,26,8,0,21.9,1.18,0.13,0.64,54,391,116,0,0,12.5,54,391,0,116,0.256,55.2,80.88,0.97,0.3,880,2.5,208,2.8,2024.0,220.0,80.68
2024,1,26,9,0,25.0,1.19,0.131,0.64,94,683,356,0,0,11.7,94,683,0,356,0.256,43.56,67.49,0.97,0.3,880,2.5,252,3.1,2024.0,220.0,48.9
2024,1,26,10,0,27.4,1.19,0.131,0.64,119,820,603,0,0,11.1,119,820,0,603,0.255,36.32,53.84,0.97,0.3,880,2.5,254,3.7,2024.0,220.0,24.21
2024,1,26,11,0,29.3,1.2,0.132,0.64,136,893,820,0,0,10.5,136,893,0,820,0.254,31.24,40.04,0.97,0.3,879,2.5,253,4.4,2024.0,220.0,36.87
2024,1,26,12,0,30.6,1.19,0.116,0.64,138,948,989,0,0,10.2,138,948,0,989,0.253,28.29,26.18,0.97,0.3,879,2.5,252,5.2,2024.0,220.0,0.0
2024,1,26,13,0,31.1,1.19,0.121,0.64,147,965,1089,0,0,10.1,147,965,0,1089,0.252,27.43,12.46,0.97,0.3,878,2.5,251,5.7,2024.0,220.0,0.0
2024,1,26,14,0,31.2,1.18,0.126,0.64,152,966,1115,0,0,10.2,152,966,0,1115,0.251,27.36,4.19,0.97,0.3,878,2.5,249,5.8,2024.0,220.0,0.0
2024,1,26,15,0,31.0,1.17,0.132,0.64,152,952,1064,0,0,10.2,152,952,0,1064,0.25,27.68,16.55,0.97,0.3,877,2.5,247,5.6,2024.0,220.0,0.0
2024,1,26,16,0,30.3,1.16,0.137,0.64,147,923,944,1,0,10.2,147,923,1,944,0.25,28.76,30.36,0.97,0.3,877,2.4,246,5.4,2024.0,220.0,0.0
2024,1,26,17,0,29.2,1.16,0.14,0.64,136,870,759,1,0,10.1,136,870,1,759,0.25,30.57,44.22,0.97,0.3,877,2.4,244,5.2,2024.0,220.0,0.0
2024,1,26,18,0,27.7,1.17,0.141,0.64,117,779,530,0,0,10.2,117,779,0,530,0.25,33.43,57.99,0.97,0.3,877,2.4,242,4.9,2024.0,220.0,0.0
2024,1,26,19,0,25.7,1.17,0.141,0.64,88,608,280,0,0,10.3,88,608,0,280,0.25,37.94,71.59,0.97,0.3,877,2.4,240,4.4,2024.0,220.0,0.0
2024,1,26,20,0,23.5,1.18,0.139,0.64,35,226,56,0,0,10.7,35,226,0,56,0.251,44.55,84.86,0.97,0.3,878,2.3,242,3.4,2024.0,220.0,42.73
2024,1,26,21,0,21.9,1.18,0.139,0.64,0,0,0,0,0,11.3,0,0,0,0,0.252,50.95,97.95,0.97,0.3,879,2.3,244,2.3,2024.0,220.0,91.86
2024,1,26,22,0,20.9,1.18,0.138,0.64,0,0,0,0,0,11.6,0,0,0,0,0.252,55.27,110.25,0.97,0.3,879,2.3,241,0.9,2024.0,220.0,102.95
2024,1,26,23,0,20.3,1.18,0.136,0.64,0,0,0,0,0,11.7,0,0,0,0,0.253,57.79,121.48,0.97,0.3,879,2.3,231,0.5,2024.0,220.0,90.39
2024,1,26,24,0,19.9,1.18,0.133,0.64,0,0,0,0,0,11.7,0,0,0,0,0.253,59.02,130.87,0.97,0.3,879,2.3,101,0.9,2024.0,220.0,90.39
2024,1,27,1,0,19.6,1.17,0.132,0.64,0,0,0,0,0,11.5,0,0,0,0,0.254,59.69,137.2,0.97,0.3,879,2.3,64,1.1,2024.0,220.0,101.31
2024,1,27,2,0,19.4,1.17,0.131,0.64,0,0,0,0,0,11.4,0,0,0,0,0.253,60.03,139.01,0.97,0.3,878,2.3,50,1.2,2024.0,220.0,87.14
2024,1,27,3,0,19.1,1.16,0.13,0.64,0,0,0,0,0,11.4,0,0,0,0,0.253,61.08,135.75,0.97,0.3,878,2.3,36,1.1,2024.0,220.0,85.39
2024,1,27,4,0,18.7,1.15,0.13,0.64,0,0,0,0,0,11.5,0,0,0,0,0.253,63.03,128.37,0.97,0.3,877,2.4,22,1.1,2024.0,220.0,85.4
2024,1,27,5,0,18.2,1.14,0.129,0.64,0,0,0,0,0,11.7,0,0,0,0,0.253,66.01,118.33,0.97,0.3,877,2.4,11,1.1,2024.0,220.0,88.84
2024,1,27,6,0,18.0,1.13,0.127,0.64,0,0,0,0,0,12.0,0,0,0,0,0.254,67.84,106.73,0.97,0.3,877,2.4,10,1.2,2024.0,220.0,89.15
2024,1,27,7,0,18.6,1.12,0.127,0.64,0,0,0,0,1,12.1,0,0,0,0,0.254,65.82,94.2,0.97,0.3,878,2.4,27,1.3,2024.0,220.0,89.15
2024,1,27,8,0,21.5,1.13,0.127,0.64,53,388,114,0,0,11.6,53,388,0,114,0.254,53.18,81.02,0.97,0.3,878,2.5,0,2.5,2024.0,220.0,65.99
2024,1,27,9,0,24.6,1.13,0.128,0.64,94,684,354,0,0,10.9,94,684,0,354,0.255,42.1,67.62,0.97,0.3,878,2.5,279,1.7,2024.0,220.0,0.0
2024,1,27,10,0,27.0,1.14,0.13,0.64,119,819,601,0,0,10.5,119,819,0,601,0.255,35.6,53.95,0.97,0.3,878,2.5,266,2.2,2024.0,220.0,0.0
2024,1,27,11,0,29.0,1.14,0.132,0.64,136,892,818,0,0,10.3,136,892,0,818,0.255,31.22,40.15,0.97,0.3,878,2.5,261,3.7,2024.0,220.0,0.0
2024,1,27,12,0,30.5,1.15,0.133,0.64,148,934,985,0,0,9.9,148,934,0,985,0.254,27.87,26.29,0.97,0.3,877,2.5,260,4.9,2024.0,220.0,0.0
2024,1,27,13,0,31.3,1.14,0.135,0.64,155,953,1086,0,0,9.7,155,953,0,1086,0.253,26.28,12.59,0.97,0.3,877,2.5,259,5.6,2024.0,220.0,0.0
2024,1,27,14,0,31.5,1.14,0.137,0.64,158,957,1113,0,0,9.6,158,957,0,1113,0.251,25.85,4.39,0.97,0.3,876,2.5,258,6.0,2024.0,220.0,0.0
2024,1,27,15,0,31.1,1.12,0.138,0.64,156,947,1063,0,0,9.6,156,947,0,1063,0.249,26.39,16.57,0.97,0.3,876,2.5,257,6.1,2024.0,220.0,0.0
2024,1,27,16,0,30.3,1.1,0.139,0.64,149,921,943,0,0,9.5,149,921,0,943,0.247,27.5,30.37,0.97,0.3,876,2.4,258,6.1,2024.0,220.0,0.0
2024,1,27,17,0,29.1,1.09,0.14,0.64,136,869,759,0,0,9.5,136,869,0,759,0.246,29.39,44.23,0.97,0.3,876,2.4,259,5.8,2024.0,220.0,0.0
2024,1,27,18,0,27.4,1.1,0.159,0.64,124,759,526,0,0,9.5,124,759,0,526,0.245,32.6,58.01,0.97,0.3,876,2.4,261,5.3,2024.0,220.0,0.0
2024,1,27,19,0,25.4,1.09,0.16,0.64,93,579,275,0,0,9.8,93,579,0,275,0.245,37.46,71.63,0.97,0.3,877,2.5,265,4.5,2024.0,220.0,0.0
2024,1,27,20,0,23.2,1.1,0.16,0.64,36,192,53,0,0,10.4,36,192,0,53,0.247,44.5,84.91,0.97,0.3,878,2.5,273,2.9,2024.0,220.0,63.13
2024,1,27,21,0,21.6,1.09,0.161,0.64,0,0,0,0,0,11.1,0,0,0,0,0.248,51.4,98.02,0.97,0.3,878,2.6,283,1.6,2024.0,220.0,85.27
2024,1,27,22,0,20.6,1.09,0.159,0.64,0,0,0,0,0,11.7,0,0,0,0,0.25,56.53,110.35,0.97,0.3,879,2.6,296,0.5,2024.0,220.0,95.69
2024,1,27,23,0,20.0,1.09,0.156,0.64,0,0,0,0,0,12.0,0,0,0,0,0.251,59.84,121.62,0.97,0.3,879,2.6,318,0.6,2024.0,220.0,93.03
2024,1,27,24,0,19.4,1.08,0.154,0.64,0,0,0,0,0,12.2,0,0,0,0,0.253,63.24,131.06,0.97,0.3,879,2.6,329,1.0,2024.0,220.0,95.26
2024,1,28,1,0,18.8,1.06,0.155,0.64,0,0,0,0,0,12.6,0,0,0,0,0.254,67.11,137.43,0.97,0.3,879,2.5,329,1.2,2024.0,220.0,90.88
2024,1,28,2,0,18.1,1.04,0.159,0.64,0,0,0,0,0,12.9,0,0,0,0,0.255,71.59,139.27,0.97,0.3,878,2.5,329,1.2,2024.0,220.0,85.72
2024,1,28,3,0,17.6,1.03,0.175,0.64,0,0,0,0,0,13.2,0,0,0,0,0.256,75.29,136.01,0.97,0.3,878,2.5,333,1.2,2024.0,220.0,85.72
2024,1,28,4,0,17.1,1.02,0.188,0.64,0,0,0,0,0,13.4,0,0,0,0,0.256,78.83,128.6,0.98,0.3,878,2.5,342,1.2,2024.0,220.0,85.72
2024,1,28,5,0,17.0,1.03,0.184,0.64,0,0,0,0,0,13.5,0,0,0,0,0.257,79.65,118.53,0.98,0.3,878,2.5,354,1.2,2024.0,220.0,85.72
2024,1,28,6,0,17.0,1.05,0.18,0.64,0,0,0,0,0,13.4,0,0,0,0,0.257,79.38,106.9,0.98,0.3,879,2.5,16,1.2,2024.0,220.0,85.72
2024,1,28,7,0,17.6,1.07,0.169,0.64,0,0,0,0,0,13.3,0,0,0,0,0.257,75.68,94.35,0.98,0.3,879,2.4,75,1.5,2024.0,220.0,85.72
2024,1,28,8,0,20.5,1.09,0.151,0.64,56,350,110,0,0,12.6,56,350,0,110,0.258,60.59,81.15,0.97,0.3,879,2.4,100,2.8,2024.0,220.0,35.72
2024,1,28,9,0,24.2,1.11,0.141,0.64,98,667,350,0,0,11.4,98,667,0,350,0.258,44.72,67.74,0.97,0.3,879,2.4,198,2.6,2024.0,220.0,0.0
2024,1,28,10,0,27.2,1.12,0.138,0.64,122,812,599,0,0,10.6,122,812,0,599,0.258,35.47,54.06,0.97,0.3,879,2.4,252,3.3,2024.0,220.0,0.0
2024,1,28,11,0,29.3,1.12,0.138,0.64,139,888,817,0,0,10.4,139,888,0,817,0.258,30.88,40.25,0.97,0.3,878,2.4,261,4.4,2024.0,220.0,0.0
2024,1,28,12,0,30.7,1.13,0.129,0.64,146,940,988,0,0,10.3,146,940,0,988,0.258,28.32,26.39,0.97,0.3,878,2.3,264,5.3,2024.0,220.0,0.0
2024,1,28,13,0,31.5,1.14,0.13,0.64,153,961,1090,0,0,10.2,153,961,0,1090,0.257,26.85,12.73,0.97,0.3,877,2.3,262,6.0,2024.0,220.0,0.0
2024,1,28,14,0,31.8,1.14,0.132,0.64,156,967,1120,0,0,10.0,156,967,0,1120,0.257,26.13,4.61,0.97,0.3,877,2.2,260,6.3,2024.0,220.0,0.0
2024,1,28,15,0,31.7,1.13,0.132,0.64,153,958,1070,0,0,9.8,153,958,0,1070,0.257,25.92,16.6,0.97,0.3,876,2.2,258,6.3,2024.0,220.0,0.0
2024,1,28,16,0,31.0,1.11,0.135,0.64,147,928,948,0,0,9.6,147,928,0,948,0.257,26.67,30.38,0.97,0.3,876,2.2,256,6.1,2024.0,220.0,0.0
2024,1,28,17,0,29.8,1.09,0.137,0.64,135,878,764,0,0,9.5,135,878,0,764,0.258,28.29,44.25,0.97,0.3,876,2.1,254,5.8,2024.0,220.0,0.0
2024,1,28,18,0,28.1,1.07,0.14,0.64,117,782,531,0,0,9.5,117,782,0,531,0.259,31.32,58.04,0.97,0.3,876,2.2,253,5.2,2024.0,220.0,0.0
2024,1,28,19,0,25.8,1.05,0.142,0.64,89,605,279,0,0,9.9,89,605,0,279,0.259,36.84,71.67,0.97,0.3,877,2.2,253,4.3,2024.0,220.0,0.0
2024,1,28,20,0,23.2,1.05,0.143,0.64,36,209,54,0,0,10.6,36,209,0,54,0.26,45.07,84.97,0.97,0.3,878,2.2,258,2.7,2024.0,220.0,0.0
2024,1,28,21,0,21.4,1.04,0.143,0.64,0,0,0,0,0,11.4,0,0,0,0,0.26,52.94,98.1,0.97,0.3,879,2.2,268,1.4,2024.0,220.0,77.0
2024,1,28,22,0,20.4,1.04,0.142,0.64,0,0,0,0,0,11.9,0,0,0,0,0.26,58.03,110.46,0.97,0.3,879,2.2,289,0.6,2024.0,220.0,77.04
2024,1,28,23,0,19.9,1.05,0.139,0.64,0,0,0,0,0,12.1,0,0,0,0,0.259,60.78,121.76,0.97,0.3,879,2.2,335,0.6,2024.0,220.0,77.04
2024,1,28,24,0,19.6,1.06,0.135,0.64,0,0,0,0,0,12.2,0,0,0,0,0.258,62.52,131.25,0.97,0.3,879,2.2,358,1.0,2024.0,220.0,77.04
2024,1,29,1,0,19.1,1.06,0.133,0.64,0,0,0,0,0,12.4,0,0,0,0,0.257,65.3,137.67,0.97,0.3,879,2.1,3,1.1,2024.0,220.0,81.8
2024,1,29,2,0,18.6,1.06,0.133,0.64,0,0,0,0,0,12.7,0,0,0,0,0.256,68.41,139.54,0.97,0.3,878,2.1,360,1.2,2024.0,220.0,81.8
2024,1,29,3,0,18.0,1.05,0.14,0.64,0,0,0,0,0,13.0,0,0,0,0,0.256,72.37,136.27,0.97,0.3,878,2.1,351,1.2,2024.0,220.0,81.8
2024,1,29,4,0,17.5,1.03,0.154,0.64,0,0,0,0,0,13.2,0,0,0,0,0.256,76.07,128.83,0.97,0.3,878,2.0,345,1.2,2024.0,220.0,81.8
2024,1,29,5,0,17.1,1.03,0.159,0.64,0,0,0,0,0,13.5,0,0,0,0,0.257,79.24,118.73,0.97,0.3,879,2.0,345,1.2,2024.0,220.0,81.8
2024,1,29,6,0,16.8,1.03,0.171,0.64,0,0,0,0,0,13.6,0,0,0,0,0.257,81.32,107.08,0.98,0.3,879,2.0,353,1.3,2024.0,220.0,84.24
2024,1,29,7,0,17.4,1.05,0.171,0.64,0,0,0,0,0,13.5,0,0,0,0,0.257,77.89,94.5,0.98,0.3,880,1.9,14,1.5,2024.0,220.0,91.76
2024,1,29,8,0,20.0,1.1,0.145,0.64,55,363,110,0,0,12.9,55,363,0,110,0.258,63.64,81.29,0.97,0.3,880,1.9,15,2.6,2024.0,220.0,79.18
2024,1,29,9,0,23.2,1.15,0.125,0.64,93,699,356,0,0,11.5,93,699,0,356,0.258,47.75,67.86,0.97,0.3,880,1.9,318,2.0,2024.0,220.0,0.0
2024,1,29,10,0,26.1,1.17,0.115,0.64,113,848,609,0,0,10.1,113,848,0,609,0.258,36.52,54.17,0.97,0.3,880,1.9,275,3.1,2024.0,220.0,0.0
2024,1,29,11,0,28.4,1.17,0.111,0.64,126,924,830,0,0,9.1,126,924,0,830,0.258,29.83,40.35,0.97,0.3,880,1.9,267,4.4,2024.0,220.0,0.0
2024,1,29,12,0,29.9,1.17,0.109,0.64,136,969,1003,0,0,8.6,136,969,0,1003,0.257,26.55,26.5,0.97,0.3,880,1.8,264,5.5,2024.0,220.0,0.0
2024,1,29,13,0,30.7,1.17,0.108,0.64,141,990,1106,0,0,8.4,141,990,0,1106,0.255,24.97,12.86,0.97,0.3,879,1.8,263,6.2,2024.0,220.0,0.0
2024,1,29,14,0,30.9,1.16,0.108,0.64,142,995,1134,0,0,8.3,142,995,0,1134,0.252,24.54,4.83,0.97,0.3,879,1.8,260,6.4,2024.0,220.0,0.0
2024,1,29,15,0,30.7,1.15,0.108,0.64,140,989,1087,0,0,8.2,140,989,0,1087,0.25,24.6,16.64,0.97,0.3,878,1.7,258,6.4,2024.0,220.0,0.0
2024,1,29,16,0,30.1,1.13,0.106,0.64,132,965,964,0,0,8.1,132,965,0,964,0.248,25.29,30.41,0.97,0.3,878,1.7,254,6.2,2024.0,220.0,0.0
2024,1,29,17,0,29.0,1.11,0.103,0.64,119,924,781,0,0,8.0,119,924,0,781,0.247,26.8,44.27,0.97,0.3,877,1.6,251,5.7,2024.0,220.0,0.0
2024,1,29,18,0,27.5,1.09,0.101,0.64,102,842,547,0,0,8.1,102,842,0,547,0.246,29.39,58.07,0.97,0.3,877,1.6,247,5.1,2024.0,220.0,0.0
2024,1,29,19,0,25.6,1.08,0.098,0.64,76,683,291,0,0,8.5,76,683,0,291,0.248,33.72,71.71,0.96,0.3,878,1.6,246,4.4,2024.0,220.0,0.0
2024,1,29,20,0,23.1,1.07,0.096,0.64,33,285,57,0,0,9.2,33,285,0,57,0.25,41.28,85.03,0.96,0.3,878,1.6,251,2.9,2024.0,220.0,101.94
2024,1,29,21,0,21.3,1.07,0.094,0.64,0,0,0,0,0,10.1,0,0,0,0,0.253,48.92,98.18,0.96,0.3,879,1.6,252,1.6,2024.0,220.0,234.37
2024,1,29,22,0,20.2,1.07,0.092,0.64,0,0,0,0,0,10.6,0,0,0,0,0.255,53.95,110.57,0.96,0.3,879,1.6,246,0.5,2024.0,220.0,231.25
2024,1,29,23,0,19.7,1.07,0.091,0.64,0,0,0,0,0,10.7,0,0,0,0,0.256,56.2,121.91,0.96,0.3,880,1.6,236,0.9,2024.0,220.0,201.23
2024,1,29,24,0,19.4,1.08,0.09,0.64,0,0,0,0,0,10.6,0,0,0,0,0.258,56.83,131.44,0.96,0.3,880,1.6,69,1.3,2024.0,220.0,146.19
2024,1,30,1,0,19.0,1.08,0.089,0.64,0,0,0,0,0,10.4,0,0,0,0,0.259,57.46,137.91,0.96,0.3,879,1.6,54,1.5,2024.0,220.0,126.51
2024,1,30,2,0,18.8,1.08,0.089,0.64,0,0,0,0,0,10.3,0,0,0,0,0.259,57.76,139.81,0.96,0.3,879,1.6,40,1.6,2024.0,220.0,112.97
2024,1,30,3,0,18.5,1.08,0.09,0.64,0,0,0,0,0,10.3,0,0,0,0,0.259,58.93,136.53,0.96,0.3,878,1.6,24,1.5,2024.0,220.0,94.84
2024,1,30,4,0,18.1,1.08,0.091,0.64,0,0,0,0,0,10.4,0,0,0,0,0.258,60.89,129.07,0.96,0.3,878,1.6,13,1.4,2024.0,220.0,83.95
2024,1,30,5,0,17.7,1.08,0.092,0.64,0,0,0,0,0,10.5,0,0,0,0,0.258,62.63,118.94,0.96,0.3,878,1.6,15,1.3,2024.0,220.0,83.95
2024,1,30,6,0,17.5,1.08,0.093,0.64,0,0,0,0,0,10.4,0,0,0,0,0.258,63.21,107.25,0.96,0.3,878,1.6,34,1.4,2024.0,220.0,83.95
2024,1,30,7,0,18.1,1.09,0.093,0.64,0,0,0,0,0,10.2,0,0,0,0,0.257,60.06,94.66,0.96,0.3,879,1.6,60,1.5,2024.0,220.0,83.95
2024,1,30,8,0,21.1,1.1,0.093,0.64,47,447,114,0,0,9.8,47,447,0,114,0.256,48.41,81.42,0.96,0.3,879,1.6,74,2.9,2024.0,220.0,76.38
2024,1,30,9,0,24.7,1.12,0.094,0.64,83,746,362,0,0,8.3,83,746,0,362,0.255,35.22,67.98,0.97,0.3,879,1.6,263,2.4,2024.0,220.0,0.0
2024,1,30,10,0,27.6,1.14,0.098,0.64,106,873,615,0,0,7.3,106,873,0,615,0.254,27.68,54.28,0.97,0.3,879,1.6,265,2.5,2024.0,220.0,0.0
2024,1,30,11,0,29.4,1.16,0.103,0.64,123,939,837,0,0,7.0,123,939,0,837,0.253,24.5,40.46,0.97,0.3,878,1.6,267,3.5,2024.0,220.0,0.0
2024,1,30,12,0,30.8,1.17,0.118,0.64,141,967,1006,0,0,6.9,141,967,0,1006,0.251,22.44,26.6,0.97,0.3,878,1.6,268,4.7,2024.0,220.0,0.0
2024,1,30,13,0,31.5,1.18,0.121,0.64,148,986,1109,0,0,6.8,148,986,0,1109,0.25,21.43,13.0,0.97,0.3,877,1.6,267,5.7,2024.0,220.0,0.0
2024,1,30,14,0,31.6,1.17,0.123,0.64,152,992,1140,0,0,6.9,152,992,0,1140,0.25,21.36,5.06,0.97,0.3,877,1.5,265,6.2,2024.0,220.0,0.0
2024,1,30,15,0,31.4,1.16,0.124,0.64,149,982,1090,0,0,6.8,149,982,0,1090,0.249,21.47,16.69,0.97,0.3,877,1.5,262,6.3,2024.0,220.0,0.0
2024,1,30,16,0,30.8,1.15,0.124,0.64,142,956,966,0,0,6.5,142,956,0,966,0.249,21.82,30.43,0.97,0.3,876,1.5,259,6.1,2024.0,220.0,0.0
2024,1,30,17,0,30.0,1.14,0.12,0.64,128,914,782,0,0,6.0,128,914,0,782,0.249,22.1,44.3,0.97,0.3,876,1.4,255,5.7,2024.0,220.0,0.0
2024,1,30,18,0,28.8,1.14,0.117,0.64,109,833,549,0,0,5.6,109,833,0,549,0.25,23.03,58.1,0.97,0.3,876,1.3,251,5.1,2024.0,220.0,0.0
2024,1,30,19,0,27.0,1.14,0.116,0.64,82,667,290,0,0,5.6,82,667,0,290,0.252,25.59,71.76,0.97,0.3,876,1.3,247,4.2,2024.0,220.0,0.0
2024,1,30,20,0,24.1,1.15,0.115,0.64,34,263,56,0,0,6.3,34,263,0,56,0.253,31.85,85.09,0.96,0.3,877,1.3,248,2.3,2024.0,220.0,26.42
2024,1,30,21,0,22.1,1.15,0.117,0.64,0,0,0,0,0,7.3,0,0,0,0,0.254,38.35,98.27,0.96,0.3,877,1.3,246,1.3,2024.0,220.0,79.27
2024,1,30,22,0,21.0,1.15,0.121,0.64,0,0,0,0,0,7.9,0,0,0,0,0.254,42.77,110.69,0.97,0.3,878,1.4,243,0.4,2024.0,220.0,79.27
2024,1,30,23,0,20.4,1.17,0.122,0.64,0,0,0,0,0,8.2,0,0,0,0,0.254,45.3,122.06,0.96,0.3,878,1.4,22,0.8,2024.0,220.0,79.27
2024,1,30,24,0,19.6,1.17,0.125,0.64,0,0,0,0,0,8.3,0,0,0,0,0.253,48.19,131.64,0.97,0.3,878,1.5,21,1.2,2024.0,220.0,79.27
2024,1,31,1,0,19.0,1.18,0.131,0.64,0,0,0,0,0,8.6,0,0,0,0,0.252,50.95,138.16,0.97,0.3,878,1.5,8,1.3,2024.0,220.0,81.95
2024,1,31,2,0,18.4,1.18,0.139,0.64,0,0,0,0,0,9.0,0,0,0,0,0.252,54.42,140.09,0.97,0.3,878,1.6,357,1.2,2024.0,220.0,81.33
2024,1,31,3,0,17.8,1.18,0.147,0.64,0,0,0,0,0,9.6,0,0,0,0,0.251,58.58,136.8,0.97,0.3,878,1.6,352,1.1,2024.0,220.0,78.24
2024,1,31,4,0,17.3,1.17,0.154,0.64,0,0,0,0,0,10.2,0,0,0,0,0.251,62.86,129.3,0.97,0.3,878,1.7,353,1.0,2024.0,220.0,78.24
2024,1,31,5,0,16.9,1.17,0.158,0.64,0,0,0,0,0,10.6,0,0,0,0,0.25,66.59,119.14,0.97,0.3,878,1.7,360,1.0,2024.0,220.0,78.24
2024,1,31,6,0,16.8,1.17,0.158,0.64,0,0,0,0,0,10.8,0,0,0,0,0.25,67.89,107.43,0.97,0.3,878,1.7,25,1.0,2024.0,220.0,78.24
2024,1,31,7,0,17.6,1.18,0.155,0.64,0,0,0,0,0,10.7,0,0,0,0,0.25,63.78,94.81,0.97,0.3,879,1.7,61,1.2,2024.0,220.0,78.24
2024,1,31,8,0,20.9,1.19,0.153,0.64,55,355,107,0,1,10.0,55,355,0,107,0.251,49.66,81.55,0.97,0.3,879,1.6,58,2.0,2024.0,220.0,59.98
2024,1,31,9,0,24.2,1.21,0.155,0.64,102,669,351,0,0,8.8,102,669,0,351,0.251,37.55,68.1,0.97,0.3,879,1.6,349,1.4,2024.0,220.0,0.0
2024,1,31,10,0,27.0,1.22,0.156,0.64,130,814,604,0,0,7.4,130,814,0,604,0.252,28.91,54.39,0.97,0.3,879,1.6,299,1.3,2024.0,220.0,0.0
2024,1,31,11,0,28.9,1.23,0.156,0.64,148,890,824,0,0,6.8,148,890,0,824,0.253,24.9,40.56,0.97,0.3,879,1.7,286,2.6,2024.0,220.0,0.0
2024,1,31,12,0,30.1,1.23,0.16,0.64,162,929,992,0,0,6.8,162,929,0,992,0.252,23.18,26.71,0.97,0.3,879,1.8,280,3.8,2024.0,220.0,0.0
2024,1,31,13,0,30.7,1.23,0.166,0.64,172,945,1092,0,0,7.0,172,945,0,1092,0.252,22.66,13.15,0.97,0.3,878,1.9,275,4.8,2024.0,220.0,0.0
2024,1,31,14,0,30.6,1.22,0.172,0.64,177,944,1117,0,0,7.4,177,944,0,1117,0.25,23.4,5.31,0.97,0.3,878,2.0,272,5.6,2024.0,220.0,0.0
2024,1,31,15,0,30.1,1.21,0.176,0.64,176,928,1065,0,0,7.7,176,928,0,1065,0.249,24.72,16.75,0.97,0.3,878,2.1,269,6.0,2024.0,220.0,0.0
2024,1,31,16,0,29.4,1.2,0.176,0.64,167,897,940,0,0,8.0,167,897,0,940,0.247,26.21,30.47,0.97,0.3,877,2.2,266,6.0,2024.0,220.0,0.0
2024,1,31,17,0,28.3,1.19,0.173,0.64,151,845,755,0,0,8.2,151,845,0,755,0.247,28.31,44.33,0.97,0.3,877,2.2,264,5.6,2024.0,220.0,0.0
2024,1,31,18,0,26.9,1.18,0.169,0.64,127,753,525,0,0,8.4,127,753,0,525,0.246,31.12,58.15,0.97,0.3,877,2.2,261,5.0,2024.0,220.0,0.0
2024,1,31,19,0,25.0,1.18,0.165,0.64,94,581,275,0,0,8.7,94,581,0,275,0.247,35.44,71.81,0.97,0.3,877,2.1,260,4.3,2024.0,220.0,0.0
2024,1,31,20,0,22.7,1.17,0.163,0.64,35,190,51,0,0,9.3,35,190,0,51,0.247,42.62,85.16,0.97,0.3,878,2.0,263,2.8,2024.0,220.0,49.55
2024,1,31,21,0,21.0,1.17,0.163,0.63,0,0,0,0,0,10.2,0,0,0,0,0.248,50.06,98.36,0.97,0.3,878,2.0,264,1.8,2024.0,220.0,126.44
2024,1,31,22,0,19.9,1.16,0.16,0.63,0,0,0,0,0,10.7,0,0,0,0,0.248,55.28,110.81,0.97,0.3,879,1.9,261,0.8,2024.0,220.0,145.88
2024,1,31,23,0,19.4,1.16,0.155,0.63,0,0,0,0,0,10.7,0,0,0,0,0.249,57.26,122.22,0.97,0.3,879,1.9,194,0.6,2024.0,220.0,143.45
2024,1,31,24,0,19.0,1.17,0.151,0.63,0,0,0,0,0,10.6,0,0,0,0,0.25,58.01,131.85,0.97,0.3,879,1.8,95,0.8,2024.0,220.0,111.66
2024,2,1,1,0,18.8,1.17,0.15,0.63,0,0,0,0,0,10.3,0,0,0,0,0.25,57.71,138.41,0.97,0.3,878,1.8,85,1.0,2024.0,220.0,90.85
2024,2,1,2,0,18.7,1.17,0.152,0.63,0,0,0,0,0,10.2,0,0,0,0,0.251,57.7,140.37,0.97,0.3,878,1.8,59,1.0,2024.0,220.0,79.65
2024,2,1,3,0,18.1,1.17,0.162,0.63,0,0,0,0,0,10.4,0,0,0,0,0.251,60.85,137.07,0.97,0.3,878,1.8,1,0.9,2024.0,220.0,76.64
2024,2,1,4,0,17.4,1.16,0.172,0.63,0,0,0,0,0,10.9,0,0,0,0,0.251,65.44,129.54,0.97,0.3,878,1.8,341,0.9,2024.0,220.0,74.14
2024,2,1,5,0,17.1,1.16,0.174,0.63,0,0,0,0,0,11.1,0,0,0,0,0.251,67.88,119.34,0.97,0.3,878,1.9,349,0.9,2024.0,220.0,73.46
2024,2,1,6,0,17.0,1.17,0.173,0.63,0,0,0,0,0,11.0,0,0,0,0,0.251,67.56,107.6,0.97,0.3,878,1.8,21,1.1,2024.0,220.0,73.46
2024,2,1,7,0,17.7,1.18,0.164,0.63,0,0,0,0,0,10.3,0,0,0,0,0.251,61.97,94.96,0.97,0.3,878,1.8,78,1.3,2024.0,220.0,73.46
2024,2,1,8,0,21.2,1.19,0.154,0.63,54,347,104,0,0,9.3,54,347,0,104,0.252,46.53,81.68,0.97,0.3,878,1.7,99,2.3,2024.0,220.0,56.97
2024,2,1,9,0,25.2,1.21,0.147,0.63,99,673,349,0,0,8.0,99,673,0,349,0.252,33.4,68.22,0.97,0.3,878,1.7,116,1.4,2024.0,220.0,0.0
2024,2,1,10,0,28.4,1.22,0.142,0.63,124,827,604,0,0,6.9,124,827,0,604,0.252,25.78,54.5,0.97,0.3,878,1.6,242,1.9,2024.0,220.0,0.0
2024,2,1,11,0,31.0,1.23,0.141,0.63,141,905,828,0,0,6.0,141,905,0,828,0.251,20.79,40.66,0.97,0.3,878,1.6,251,3.4,2024.0,220.0,0.0
2024,2,1,12,0,32.6,1.23,0.144,0.63,154,946,999,0,0,5.5,154,946,0,999,0.25,18.35,26.82,0.97,0.3,877,1.6,253,4.5,2024.0,220.0,0.0
2024,2,1,13,0,33.2,1.23,0.15,0.63,164,964,1102,0,0,5.7,164,964,0,1102,0.248,18.0,13.3,0.97,0.3,877,1.6,254,5.3,2024.0,220.0,0.0
2024,2,1,14,0,33.0,1.22,0.156,0.63,169,965,1130,0,0,6.1,169,965,0,1130,0.247,18.77,5.56,0.97,0.3,877,1.6,253,5.6,2024.0,220.0,0.0
2024,2,1,15,0,32.3,1.2,0.164,0.63,171,947,1077,0,0,6.7,171,947,0,1077,0.245,20.33,16.82,0.97,0.3,876,1.7,251,5.4,2024.0,220.0,0.0
2024,2,1,16,0,31.3,1.19,0.168,0.63,164,915,953,0,0,7.2,164,915,0,953,0.244,22.28,30.51,0.97,0.3,876,1.7,248,5.0,2024.0,220.0,0.0
2024,2,1,17,0,29.9,1.17,0.169,0.63,150,861,766,0,0,7.6,150,861,0,766,0.243,24.82,44.37,0.97,0.3,876,1.7,245,4.7,2024.0,220.0,0.0
2024,2,1,18,0,28.1,1.16,0.155,0.63,123,780,534,0,0,8.0,123,780,0,534,0.243,28.21,58.19,0.97,0.3,877,1.7,242,4.3,2024.0,220.0,0.0
2024,2,1,19,0,25.9,1.16,0.151,0.63,91,609,280,0,0,8.4,91,609,0,280,0.245,33.03,71.87,0.97,0.3,877,1.6,242,3.8,2024.0,220.0,0.0
2024,2,1,20,0,23.2,1.15,0.147,0.63,35,209,52,0,0,9.3,35,209,0,52,0.247,41.23,85.23,0.97,0.3,878,1.6,248,2.8,2024.0,220.0,2.66
2024,2,1,21,0,21.3,1.15,0.143,0.63,0,0,0,0,0,10.2,0,0,0,0,0.248,49.28,98.46,0.97,0.3,879,1.5,257,1.9,2024.0,220.0,79.68
2024,2,1,22,0,20.2,1.15,0.139,0.63,0,0,0,0,0,10.7,0,0,0,0,0.25,54.33,110.94,0.97,0.3,879,1.5,274,1.4,2024.0,220.0,79.68
2024,2,1,23,0,19.7,1.15,0.135,0.63,0,0,0,0,0,10.8,0,0,0,0,0.251,56.36,122.39,0.97,0.3,879,1.4,24,1.4,2024.0,220.0,68.19
2024,2,1,24,0,19.2,1.15,0.134,0.63,0,0,0,0,0,10.7,0,0,0,0,0.253,57.87,132.06,0.97,0.3,879,1.4,44,1.4,2024.0,220.0,64.29
2024,2,2,1,0,18.8,1.14,0.138,0.63,0,0,0,0,0,10.7,0,0,0,0,0.254,59.48,138.67,0.97,0.3,879,1.5,22,1.3,2024.0,220.0,88.46
2024,2,2,2,0,18.2,1.12,0.146,0.63,0,0,0,0,0,11.1,0,0,0,0,0.255,63.21,140.65,0.97,0.3,879,1.5,347,1.1,2024.0,220.0,76.29
2024,2,2,3,0,17.4,1.11,0.168,0.63,0,0,0,0,0,11.7,0,0,0,0,0.255,69.0,137.34,0.97,0.3,879,1.6,334,0.9,2024.0,220.0,76.73
2024,2,2,4,0,16.8,1.11,0.185,0.63,0,0,0,0,0,12.2,0,0,0,0,0.256,74.12,129.78,0.97,0.3,879,1.7,342,0.9,2024.0,220.0,75.32
2024,2,2,5,0,16.5,1.11,0.191,0.63,0,0,0,0,0,12.4,0,0,0,0,0.257,76.83,119.55,0.98,0.3,880,1.7,358,1.0,2024.0,220.0,75.22
2024,2,2,6,0,16.5,1.12,0.199,0.63,0,0,0,0,0,12.4,0,0,0,0,0.257,76.57,107.77,0.98,0.3,880,1.7,16,1.1,2024.0,220.0,77.96
2024,2,2,7,0,17.1,1.15,0.192,0.63,0,0,0,0,0,12.0,0,0,0,0,0.257,72.04,95.11,0.98,0.3,880,1.7,38,1.5,2024.0,220.0,77.96
2024,2,2,8,0,20.0,1.18,0.176,0.63,56,314,101,0,0,11.1,56,314,0,101,0.258,56.69,81.81,0.97,0.3,880,1.7,27,3.0,2024.0,220.0,68.53
2024,2,2,9,0,23.6,1.19,0.167,0.63,105,647,343,0,0,9.4,105,647,0,343,0.258,40.56,68.33,0.97,0.3,880,1.7,344,3.0,2024.0,220.0,0.0
2024,2,2,10,0,26.3,1.2,0.165,0.63,133,799,596,0,0,8.3,133,799,0,596,0.258,31.97,54.61,0.97,0.3,880,1.7,315,2.4,2024.0,220.0,0.0
2024,2,2,11,0,28.2,1.19,0.17,0.63,155,873,816,0,0,7.8,155,873,0,816,0.258,27.74,40.77,0.97,0.3,880,1.8,295,2.8,2024.0,220.0,0.0
2024,2,2,12,0,29.4,1.18,0.124,0.63,143,955,995,0,0,7.7,143,955,0,995,0.257,25.67,26.93,0.96,0.3,879,1.8,284,3.9,2024.0,220.0,0.0
2024,2,2,13,0,29.8,1.16,0.138,0.63,158,963,1094,0,0,7.9,158,963,0,1094,0.256,25.41,13.45,0.97,0.3,879,1.9,278,4.8,2024.0,220.0,0.0
2024,2,2,14,0,29.8,1.16,0.153,0.63,168,958,1121,0,0,8.1,168,958,0,1121,0.255,25.76,5.82,0.97,0.3,879,1.9,274,5.2,2024.0,220.0,0.0
2024,2,2,15,0,29.7,1.16,0.165,0.63,171,937,1067,0,0,8.1,171,937,0,1067,0.254,25.95,16.89,0.97,0.3,878,2.0,270,5.3,2024.0,220.0,0.0
2024,2,2,16,0,29.3,1.17,0.176,0.63,168,900,943,0,0,8.0,168,900,0,943,0.252,26.37,30.55,0.97,0.3,878,2.0,266,5.3,2024.0,220.0,0.0
2024,2,2,17,0,28.6,1.19,0.186,0.63,157,835,754,0,0,7.9,157,835,0,754,0.251,27.28,44.41,0.97,0.3,878,2.1,261,5.1,2024.0,220.0,0.0
2024,2,2,18,0,27.4,1.19,0.2,0.63,139,724,520,0,0,8.0,139,724,0,520,0.25,29.35,58.24,0.97,0.3,877,2.1,257,4.9,2024.0,220.0,0.0
2024,2,2,19,0,25.6,1.19,0.217,0.63,105,518,266,0,0,8.4,105,518,0,266,0.249,33.51,71.93,0.97,0.3,878,2.2,254,4.4,2024.0,220.0,0.0
2024,2,2,20,0,23.1,1.18,0.242,0.63,36,121,45,0,0,9.3,36,121,0,45,0.248,41.47,85.31,0.98,0.3,878,2.2,257,3.5,2024.0,220.0,28.45
2024,2,2,21,0,21.4,1.16,0.276,0.63,0,0,0,0,0,10.3,0,0,0,0,0.248,49.33,98.56,0.98,0.3,878,2.3,259,2.6,2024.0,220.0,75.64
2024,2,2,22,0,20.3,1.16,0.292,0.63,0,0,0,0,0,10.9,0,0,0,0,0.247,54.85,111.07,0.98,0.3,879,2.3,253,2.0,2024.0,220.0,74.95
2024,2,2,23,0,19.8,1.17,0.279,0.63,0,0,0,0,0,11.1,0,0,0,0,0.247,57.18,122.56,0.97,0.3,879,2.3,174,1.3,2024.0,220.0,74.95
2024,2,2,24,0,19.5,1.17,0.265,0.63,0,0,0,0,0,11.0,0,0,0,0,0.248,57.88,132.28,0.97,0.3,878,2.3,82,1.1,2024.0,220.0,75.12
2024,2,3,1,0,19.1,1.17,0.247,0.63,0,0,0,0,0,10.9,0,0,0,0,0.248,59.11,138.94,0.97,0.3,878,2.3,68,1.2,2024.0,220.0,88.15
2024,2,3,2,0,18.8,1.16,0.228,0.63,0,0,0,0,0,11.1,0,0,0,0,0.248,60.77,140.94,0.97,0.3,878,2.4,34,1.4,2024.0,220.0,88.15
2024,2,3,3,0,18.3,1.14,0.226,0.63,0,0,0,0,0,11.3,0,0,0,0,0.248,63.85,137.62,0.97,0.3,877,2.4,334,1.4,2024.0,220.0,88.15
2024,2,3,4,0,17.7,1.12,0.229,0.63,0,0,0,0,0,11.7,0,0,0,0,0.248,67.83,130.02,0.97,0.3,877,2.4,320,1.3,2024.0,220.0,88.15
2024,2,3,5,0,17.2,1.12,0.221,0.63,0,0,0,0,0,11.9,0,0,0,0,0.248,71.11,119.75,0.97,0.3,877,2.4,326,1.2,2024.0,220.0,88.15
2024,2,3,6,0,17.0,1.12,0.218,0.63,0,0,0,0,0,12.0,0,0,0,0,0.248,72.45,107.95,0.97,0.3,878,2.4,347,1.4,2024.0,220.0,82.98
2024,2,3,7,0,17.4,1.13,0.204,0.63,0,0,0,0,0,11.9,0,0,0,0,0.248,69.92,95.26,0.97,0.3,878,2.3,55,1.4,2024.0,220.0,81.94
2024,2,3,8,0,20.3,1.15,0.185,0.63,55,287,96,0,0,11.3,55,287,0,96,0.249,56.35,81.94,0.97,0.3,878,2.3,66,2.2,2024.0,220.0,75.36
2024,2,3,9,0,23.9,1.17,0.172,0.63,104,622,333,0,0,10.6,104,622,0,333,0.251,43.2,68.45,0.96,0.3,878,2.4,333,2.1,2024.0,220.0,0.0
2024,2,3,10,0,27.1,1.18,0.165,0.63,131,781,582,0,0,9.7,131,781,0,582,0.251,33.66,54.71,0.96,0.3,878,2.4,302,2.7,2024.0,220.0,0.0
2024,2,3,11,0,29.5,1.19,0.164,0.63,151,863,803,0,0,9.5,151,863,0,803,0.251,28.78,40.87,0.97,0.3,877,2.4,284,3.3,2024.0,220.0,0.0
2024,2,3,12,0,30.8,1.2,0.162,0.63,162,913,976,0,0,9.6,162,913,0,976,0.25,26.88,27.04,0.97,0.3,877,2.3,275,4.2,2024.0,220.0,0.0
2024,2,3,13,0,31.3,1.21,0.161,0.63,169,937,1080,0,0,9.7,169,937,0,1080,0.248,26.41,13.61,0.97,0.3,876,2.3,270,5.0,2024.0,220.0,0.0
2024,2,3,14,0,31.3,1.2,0.163,0.63,172,942,1108,0,0,9.9,172,942,0,1108,0.246,26.61,6.09,0.97,0.3,876,2.3,268,5.5,2024.0,220.0,0.0
2024,2,3,15,0,31.0,1.19,0.11,0.63,139,971,1068,0,0,9.8,139,971,0,1068,0.243,27.04,16.98,0.96,0.3,875,2.3,267,5.6,2024.0,220.0,0.0
2024,2,3,16,0,30.4,1.2,0.112,0.63,133,946,948,0,0,9.8,133,946,0,948,0.24,27.84,30.61,0.96,0.3,875,2.2,266,5.4,2024.0,220.0,0.0
2024,2,3,17,0,29.2,1.21,0.117,0.63,124,894,762,0,0,9.8,124,894,0,762,0.238,29.83,44.46,0.96,0.3,875,2.2,266,5.1,2024.0,220.0,0.0
2024,2,3,18,0,27.6,1.21,0.128,0.63,111,793,527,0,0,9.9,111,793,0,527,0.237,33.13,58.3,0.96,0.3,875,2.3,268,4.8,2024.0,220.0,0.0
2024,2,3,19,0,25.4,1.21,0.146,0.63,87,595,271,0,0,10.4,87,595,0,271,0.236,38.84,72.0,0.97,0.3,875,2.4,268,4.5,2024.0,220.0,0.0
2024,2,3,20,0,23.0,1.18,0.172,0.63,34,166,47,0,0,11.2,34,166,0,47,0.237,47.25,85.39,0.97,0.3,876,2.5,265,3.6,2024.0,220.0,13.69
2024,2,3,21,0,21.3,1.15,0.213,0.63,0,0,0,0,0,11.9,0,0,0,0,0.238,55.1,98.67,0.98,0.3,876,2.6,261,2.4,2024.0,220.0,82.16
2024,2,3,22,0,20.3,1.14,0.242,0.63,0,0,0,0,0,12.4,0,0,0,0,0.24,60.37,111.2,0.98,0.3,877,2.7,262,1.5,2024.0,220.0,94.08
2024,2,3,23,0,19.9,1.14,0.244,0.63,0,0,0,0,0,12.6,0,0,0,0,0.241,62.8,122.73,0.98,0.3,877,2.8,289,1.4,2024.0,220.0,89.73
2024,2,3,24,0,19.7,1.15,0.253,0.63,0,0,0,0,0,12.7,0,0,0,0,0.243,63.85,132.5,0.98,0.3,877,2.8,21,1.5,2024.0,220.0,85.7
2024,2,4,1,0,19.6,1.17,0.244,0.63,0,0,0,0,0,12.6,0,0,0,0,0.246,63.92,139.21,0.98,0.3,876,2.8,45,1.4,2024.0,220.0,82.46
2024,2,4,2,0,19.4,1.18,0.226,0.63,0,0,0,0,0,12.5,0,0,0,0,0.248,64.37,141.24,0.98,0.3,876,2.8,54,1.1,2024.0,220.0,80.61
2024,2,4,3,0,19.2,1.18,0.222,0.63,0,0,0,0,0,12.4,0,0,0,0,0.25,64.67,137.9,0.97,0.3,875,2.8,57,1.0,2024.0,220.0,75.06
2024,2,4,4,0,19.1,1.18,0.211,0.63,0,0,0,0,0,12.3,0,0,0,0,0.252,64.58,130.27,0.97,0.3,875,2.8,44,0.9,2024.0,220.0,75.06
2024,2,4,5,0,19.0,1.18,0.184,0.63,0,0,0,0,0,12.2,0,0,0,0,0.253,64.85,119.96,0.97,0.3,875,2.8,2,0.8,2024.0,220.0,75.06
2024,2,4,6,0,18.6,1.17,0.176,0.63,0,0,0,0,0,12.4,0,0,0,0,0.254,67.18,108.12,0.97,0.3,876,2.8,316,0.7,2024.0,220.0,75.06
2024,2,4,7,0,18.5,1.16,0.164,0.63,0,0,0,0,0,12.5,0,0,0,0,0.254,68.23,95.41,0.96,0.3,876,2.8,295,0.8,2024.0,220.0,75.06
2024,2,4,8,0,20.3,1.17,0.149,0.63,50,317,94,0,1,12.5,50,317,0,94,0.254,61.03,82.07,0.96,0.3,877,2.8,297,1.4,2024.0,220.0,60.36
2024,2,4,9,0,23.3,1.2,0.136,0.63,93,654,332,0,0,12.0,93,654,0,332,0.254,49.13,68.57,0.96,0.3,877,2.8,306,1.0,2024.0,220.0,0.0
2024,2,4,10,0,26.1,1.22,0.125,0.63,114,811,581,0,0,11.5,114,811,0,581,0.254,40.12,54.82,0.96,0.3,877,2.8,298,2.0,2024.0,220.0,0.0
2024,2,4,11,0,28.1,1.23,0.118,0.63,127,896,804,0,0,11.3,127,896,0,804,0.253,35.23,40.97,0.96,0.3,876,2.7,284,3.4,2024.0,220.0,0.0
2024,2,4,12,0,29.4,1.26,0.102,0.63,129,951,975,0,0,11.5,129,951,0,975,0.252,33.01,27.15,0.96,0.3,876,2.7,276,4.8,2024.0,220.0,0.0
2024,2,4,13,0,30.5,1.26,0.1,0.63,134,975,1081,0,0,11.4,134,975,0,1081,0.251,30.96,13.77,0.96,0.3,876,2.6,272,5.8,2024.0,220.0,0.0
2024,2,4,14,0,31.1,1.25,0.099,0.63,135,981,1110,0,0,11.1,135,981,0,1110,0.25,29.25,6.37,0.96,0.3,875,2.6,270,6.1,2024.0,220.0,0.0
2024,2,4,15,0,31.3,1.24,0.098,0.63,131,973,1062,0,0,10.7,131,973,0,1062,0.25,28.11,17.07,0.96,0.3,875,2.6,270,5.8,2024.0,220.0,0.0
2024,2,4,16,0,31.0,1.23,0.098,0.63,125,948,940,0,0,10.2,125,948,0,940,0.25,27.74,30.67,0.95,0.3,875,2.6,271,5.3,2024.0,220.0,0.0
2024,2,4,17,0,30.1,1.2,0.099,0.63,114,900,756,0,0,9.9,114,900,0,756,0.25,28.59,44.52,0.95,0.3,875,2.6,272,4.7,2024.0,220.0,0.0
2024,2,4,18,0,28.6,1.19,0.101,0.63,99,813,526,0,0,9.9,99,813,0,526,0.25,31.12,58.36,0.95,0.3,875,2.6,271,4.0,2024.0,220.0,0.0
2024,2,4,19,0,26.4,1.17,0.105,0.63,75,640,272,0,0,10.2,75,640,0,272,0.251,36.27,72.07,0.95,0.3,876,2.7,267,3.2,2024.0,220.0,0.0
2024,2,4,20,0,23.8,1.16,0.108,0.63,30,230,48,7,8,11.0,30,230,5,48,0.252,44.4,85.48,0.95,0.3,876,2.7,265,2.3,2024.0,220.0,57.6
2024,2,4,21,0,22.0,1.15,0.112,0.63,0,0,0,0,8,11.7,0,0,0,0,0.252,51.85,98.78,0.95,0.3,877,2.8,262,1.6,2024.0,220.0,86.46
2024,2,4,22,0,21.2,1.15,0.115,0.63,0,0,0,0,7,12.0,0,0,0,0,0.252,55.72,111.34,0.95,0.3,878,2.9,262,0.8,2024.0,220.0,86.46
2024,2,4,23,0,20.9,1.15,0.118,0.63,0,0,0,0,3,12.1,0,0,0,0,0.251,57.08,122.91,0.95,0.3,878,3.0,274,0.5,2024.0,220.0,86.46
2024,2,4,24,0,20.8,1.15,0.12,0.63,0,0,0,0,8,12.1,0,0,0,0,0.251,57.38,132.72,0.95,0.3,878,3.0,92,1.0,2024.0,220.0,86.46
2024,2,5,1,0,20.5,1.15,0.122,0.63,0,0,0,0,0,12.1,0,0,0,0,0.251,58.47,139.48,0.95,0.3,878,3.0,86,1.6,2024.0,220.0,95.83
2024,2,5,2,0,20.2,1.16,0.123,0.63,0,0,0,0,0,12.2,0,0,0,0,0.251,59.89,141.54,0.95,0.3,877,3.0,52,1.7,2024.0,220.0,101.62
2024,2,5,3,0,19.7,1.16,0.124,0.63,0,0,0,0,0,12.4,0,0,0,0,0.252,62.58,138.18,0.95,0.3,877,3.0,16,1.6,2024.0,220.0,101.62
2024,2,5,4,0,19.2,1.16,0.124,0.63,0,0,0,0,0,12.5,0,0,0,0,0.252,65.28,130.51,0.95,0.3,877,3.0,357,1.5,2024.0,220.0,101.62
2024,2,5,5,0,18.8,1.17,0.124,0.63,0,0,0,0,0,12.7,0,0,0,0,0.253,67.48,120.16,0.96,0.3,877,3.0,350,1.1,2024.0,220.0,101.62
2024,2,5,6,0,18.5,1.18,0.124,0.63,0,0,0,0,0,12.7,0,0,0,0,0.254,69.07,108.29,0.96,0.3,877,2.9,350,1.0,2024.0,220.0,103.48
2024,2,5,7,0,18.8,1.19,0.124,0.63,0,0,0,0,0,12.8,0,0,0,0,0.254,67.93,95.55,0.96,0.3,878,2.9,354,1.5,2024.0,220.0,110.2
2024,2,5,8,0,21.2,1.2,0.125,0.63,47,346,94,0,1,12.4,47,346,0,94,0.255,57.36,82.2,0.96,0.3,878,2.8,333,2.1,2024.0,220.0,105.68
2024,2,5,9,0,23.6,1.22,0.127,0.63,90,664,331,0,0,12.1,90,664,0,331,0.255,48.55,68.68,0.96,0.3,878,2.8,316,2.4,2024.0,220.0,32.04
2024,2,5,10,0,25.9,1.24,0.128,0.63,115,809,580,0,0,11.8,115,809,0,580,0.255,41.53,54.93,0.96,0.3,878,2.7,300,3.1,2024.0,220.0,0.0
2024,2,5,11,0,27.9,1.25,0.13,0.63,133,885,800,0,0,11.6,133,885,0,800,0.255,36.37,41.07,0.96,0.3,878,2.7,285,4.0,2024.0,220.0,0.0
2024,2,5,12,0,29.3,1.26,0.118,0.63,138,938,971,0,0,11.6,138,938,0,971,0.253,33.53,27.26,0.97,0.3,878,2.7,278,4.9,2024.0,220.0,0.0
2024,2,5,13,0,30.2,1.25,0.123,0.63,147,956,1074,0,0,11.6,147,956,0,1074,0.249,31.86,13.93,0.97,0.3,878,2.7,275,5.4,2024.0,220.0,0.0
2024,2,5,14,0,30.3,1.23,0.128,0.63,151,957,1102,0,0,11.7,151,957,0,1102,0.245,31.91,6.65,0.97,0.3,877,2.7,273,5.5,2024.0,220.0,0.0
2024,2,5,15,0,29.9,1.2,0.165,0.63,169,921,1048,0,0,11.9,169,921,0,1048,0.242,32.95,17.18,0.97,0.3,877,2.7,271,5.5,2024.0,220.0,0.0
2024,2,5,16,0,29.1,1.18,0.169,0.63,162,889,926,0,3,11.9,543,175,0,693,0.239,34.65,30.73,0.97,0.3,877,2.7,270,5.3,2024.0,220.0,0.0
2024,2,5,17,0,28.0,1.17,0.17,0.63,148,834,742,0,1,11.9,148,834,0,742,0.236,36.86,44.58,0.97,0.3,877,2.7,271,5.0,2024.0,220.0,0.0
2024,2,5,18,0,26.5,1.16,0.17,0.63,127,737,513,0,0,11.9,127,737,0,513,0.237,40.21,58.43,0.97,0.3,877,2.7,273,4.7,2024.0,220.0,0.0
2024,2,5,19,0,24.8,1.16,0.17,0.63,93,554,263,0,0,12.0,93,554,0,263,0.24,44.87,72.15,0.97,0.3,877,2.7,276,4.3,2024.0,220.0,0.0
2024,2,5,20,0,23.0,1.17,0.169,0.63,32,157,44,0,0,12.4,32,157,0,44,0.243,51.13,85.57,0.97,0.3,878,2.8,282,3.7,2024.0,220.0,83.56
2024,2,5,21,0,21.9,1.18,0.169,0.63,0,0,0,0,0,12.7,0,0,0,0,0.247,55.85,98.9,0.97,0.3,878,2.8,291,2.6,2024.0,220.0,294.65
2024,2,5,22,0,21.2,1.19,0.172,0.63,0,0,0,0,0,12.9,0,0,0,0,0.249,59.02,111.49,0.97,0.3,879,2.9,300,1.5,2024.0,220.0,310.99
2024,2,5,23,0,20.8,1.19,0.173,0.63,0,0,0,0,0,13.0,0,0,0,0,0.252,60.85,123.09,0.97,0.3,879,2.9,315,1.2,2024.0,220.0,240.44
2024,2,5,24,0,20.2,1.19,0.168,0.63,0,0,0,0,0,13.1,0,0,0,0,0.253,63.55,132.96,0.97,0.3,879,2.9,333,1.0,2024.0,220.0,180.03
2024,2,6,1,0,19.7,1.18,0.162,0.63,0,0,0,0,0,13.2,0,0,0,0,0.255,66.1,139.76,0.97,0.3,879,2.9,341,0.8,2024.0,220.0,129.49
2024,2,6,2,0,19.1,1.17,0.159,0.63,0,0,0,0,0,13.3,0,0,0,0,0.256,69.27,141.84,0.97,0.3,879,2.8,346,0.8,2024.0,220.0,121.09
2024,2,6,3,0,18.6,1.16,0.158,0.63,0,0,0,0,0,13.5,0,0,0,0,0.257,72.0,138.47,0.97,0.3,879,2.8,353,0.9,2024.0,220.0,110.1
2024,2,6,4,0,18.2,1.15,0.159,0.63,0,0,0,0,0,13.5,0,0,0,0,0.257,74.15,130.76,0.97,0.3,879,2.7,357,1.1,2024.0,220.0,110.1
2024,2,6,5,0,17.8,1.15,0.16,0.63,0,0,0,0,0,13.6,0,0,0,0,0.258,76.29,120.37,0.97,0.3,879,2.7,356,1.3,2024.0,220.0,110.1
2024,2,6,6,0,17.5,1.15,0.161,0.63,0,0,0,0,3,13.6,0,0,0,0,0.259,77.94,108.47,0.97,0.3,879,2.7,358,1.6,2024.0,220.0,110.1
2024,2,6,7,0,17.8,1.15,0.162,0.63,0,0,0,0,0,13.6,0,0,0,0,0.259,76.38,95.7,0.97,0.3,879,2.6,7,1.9,2024.0,220.0,110.1
2024,2,6,8,0,20.4,1.16,0.164,0.63,51,292,90,0,1,13.3,51,292,0,90,0.259,63.69,82.32,0.97,0.3,880,2.6,353,2.5,2024.0,220.0,109.44
2024,2,6,9,0,23.3,1.18,0.168,0.63,102,616,325,0,0,12.6,102,616,0,325,0.259,50.89,68.79,0.97,0.3,880,2.6,318,2.5,2024.0,220.0,39.71
2024,2,6,10,0,25.6,1.19,0.176,0.63,135,762,572,0,0,12.0,135,762,0,572,0.259,42.85,55.03,0.97,0.3,880,2.6,293,2.8,2024.0,220.0,0.0
2024,2,6,11,0,27.6,1.21,0.193,0.63,163,833,790,0,0,11.7,163,833,0,790,0.259,37.19,41.18,0.98,0.3,879,2.6,282,3.5,2024.0,220.0,0.0
2024,2,6,12,0,29.1,1.21,0.208,0.63,184,869,955,0,0,11.4,184,869,0,955,0.258,33.39,27.37,0.98,0.3,879,2.7,275,4.2,2024.0,220.0,0.0
2024,2,6,13,0,29.9,1.21,0.242,0.63,209,872,1054,0,0,11.1,209,872,0,1054,0.257,31.4,14.1,0.98,0.3,878,2.7,271,4.9,2024.0,220.0,0.0
2024,2,6,14,0,30.2,1.19,0.281,0.63,231,851,1076,0,0,11.0,231,851,0,1076,0.256,30.57,6.94,0.98,0.3,878,2.8,268,5.4,2024.0,220.0,0.0
2024,2,6,15,0,29.9,1.18,0.284,0.63,228,836,1025,0,0,10.8,228,836,0,1025,0.256,30.78,17.29,0.98,0.3,877,2.9,264,5.7,2024.0,220.0,0.0
2024,2,6,16,0,29.4,1.17,0.266,0.63,208,814,907,0,3,10.7,530,306,0,793,0.257,31.32,30.81,0.98,0.3,877,2.9,259,5.7,2024.0,220.0,0.0
2024,2,6,17,0,28.6,1.17,0.226,0.63,172,783,729,0,0,10.5,172,783,0,729,0.258,32.37,44.65,0.98,0.3,877,2.9,252,5.4,2024.0,220.0,0.0
2024,2,6,18,0,27.4,1.16,0.214,0.63,142,692,503,0,0,10.5,142,692,0,503,0.259,34.75,58.5,0.98,0.3,877,2.8,245,4.9,2024.0,220.0,0.0
2024,2,6,19,0,25.5,1.15,0.21,0.63,102,505,256,0,0,10.8,102,505,0,256,0.261,39.65,72.23,0.98,0.3,877,2.8,242,4.3,2024.0,220.0,0.0
2024,2,6,20,0,23.5,1.16,0.204,0.63,32,125,41,7,3,11.4,18,0,7,18,0.263,46.6,85.67,0.98,0.3,878,2.8,243,3.6,2024.0,220.0,51.14
2024,2,6,21,0,22.1,1.16,0.202,0.63,0,0,0,0,0,12.1,0,0,0,0,0.263,53.07,99.02,0.97,0.3,879,2.8,240,2.7,2024.0,220.0,95.6
2024,2,6,22,0,21.2,1.16,0.201,0.63,0,0,0,0,0,12.5,0,0,0,0,0.264,57.65,111.64,0.97,0.3,879,2.8,231,2.1,2024.0,220.0,113.79
2024,2,6,23,0,20.8,1.16,0.197,0.63,0,0,0,0,0,12.7,0,0,0,0,0.263,59.81,123.28,0.97,0.3,879,2.8,221,2.1,2024.0,220.0,102.23
2024,2,6,24,0,20.3,1.16,0.193,0.63,0,0,0,0,0,12.8,0,0,0,0,0.263,62.09,133.19,0.97,0.3,879,2.7,221,1.8,2024.0,220.0,83.44
2024,2,7,1,0,19.7,1.16,0.195,0.63,0,0,0,0,0,12.9,0,0,0,0,0.261,64.96,140.05,0.97,0.3,879,2.7,232,1.3,2024.0,220.0,96.25
2024,2,7,2,0,19.2,1.15,0.204,0.63,0,0,0,0,0,13.1,0,0,0,0,0.259,67.59,142.15,0.97,0.3,878,2.7,245,1.1,2024.0,220.0,74.77
2024,2,7,3,0,18.8,1.15,0.218,0.63,0,0,0,0,0,13.2,0,0,0,0,0.258,69.97,138.76,0.97,0.3,878,2.7,273,1.0,2024.0,220.0,76.02
2024,2,7,4,0,18.5,1.14,0.233,0.63,0,0,0,0,0,13.3,0,0,0,0,0.257,71.75,131.0,0.98,0.3,878,2.7,347,1.0,2024.0,220.0,100.9
2024,2,7,5,0,18.2,1.14,0.245,0.63,0,0,0,0,0,13.4,0,0,0,0,0.257,73.35,120.57,0.98,0.3,878,2.7,15,1.1,2024.0,220.0,107.27
2024,2,7,6,0,18.0,1.14,0.252,0.63,0,0,0,0,0,13.3,0,0,0,0,0.257,74.18,108.64,0.98,0.3,879,2.7,25,1.1,2024.0,220.0,107.29
2024,2,7,7,0,18.5,1.15,0.257,0.63,0,0,0,0,0,13.2,0,0,0,0,0.256,71.13,95.85,0.98,0.3,879,2.7,36,1.4,2024.0,220.0,107.29
2024,2,7,8,0,21.0,1.16,0.261,0.63,56,197,82,0,0,12.4,56,197,0,82,0.257,58.06,82.45,0.98,0.3,879,2.7,24,2.2,2024.0,220.0,101.93
2024,2,7,9,0,23.9,1.17,0.265,0.63,126,514,311,0,0,10.9,126,514,0,311,0.257,43.98,68.91,0.98,0.3,879,2.7,271,2.5,2024.0,220.0,0.0
2024,2,7,10,0,26.3,1.17,0.271,0.63,170,676,556,0,0,9.8,170,676,0,556,0.257,35.41,55.13,0.98,0.3,879,2.7,270,2.9,2024.0,220.0,0.0
2024,2,7,11,0,28.0,1.16,0.286,0.63,203,759,773,0,0,9.2,203,759,0,773,0.256,30.85,41.28,0.98,0.3,879,2.7,273,3.7,2024.0,220.0,0.0
2024,2,7,12,0,29.0,1.15,0.159,0.63,160,903,961,0,0,9.1,160,903,0,961,0.256,28.96,27.49,0.97,0.3,879,2.7,277,4.5,2024.0,220.0,0.0
2024,2,7,13,0,29.5,1.14,0.171,0.63,174,918,1063,0,0,9.3,174,918,0,1063,0.255,28.37,14.27,0.98,0.3,879,2.7,279,5.2,2024.0,220.0,0.0
2024,2,7,14,0,29.5,1.14,0.17,0.63,175,927,1095,0,0,9.4,175,927,0,1095,0.254,28.66,7.24,0.98,0.3,878,2.6,278,5.7,2024.0,220.0,0.0
2024,2,7,15,0,29.2,1.12,0.179,0.63,177,910,1045,0,0,9.5,177,910,0,1045,0.253,29.35,17.41,0.98,0.3,878,2.6,276,5.9,2024.0,220.0,0.0
2024,2,7,16,0,28.6,1.12,0.178,0.63,168,883,926,0,0,9.5,168,883,0,926,0.252,30.43,30.89,0.98,0.3,878,2.5,272,5.8,2024.0,220.0,0.0
2024,2,7,17,0,27.7,1.12,0.164,0.63,146,842,745,0,0,9.6,146,842,0,745,0.251,32.15,44.72,0.98,0.3,878,2.4,267,5.4,2024.0,220.0,0.0
2024,2,7,18,0,26.5,1.13,0.155,0.63,121,756,515,0,0,9.7,121,756,0,515,0.25,34.74,58.58,0.97,0.3,878,2.4,259,4.8,2024.0,220.0,0.0
2024,2,7,19,0,24.8,1.15,0.147,0.63,87,586,265,0,0,10.0,87,586,0,265,0.25,39.14,72.32,0.97,0.3,878,2.3,250,4.1,2024.0,220.0,0.0
2024,2,7,20,0,22.9,1.16,0.139,0.63,30,183,44,0,0,10.6,30,183,0,44,0.251,45.83,85.77,0.97,0.3,878,2.3,243,3.1,2024.0,220.0,20.11
2024,2,7,21,0,21.5,1.17,0.132,0.63,0,0,0,0,0,11.5,0,0,0,0,0.251,52.86,99.14,0.97,0.3,879,2.2,235,2.1,2024.0,220.0,101.36
2024,2,7,22,0,20.6,1.17,0.128,0.63,0,0,0,0,0,12.1,0,0,0,0,0.252,58.1,111.79,0.97,0.3,879,2.2,224,1.0,2024.0,220.0,93.82
2024,2,7,23,0,19.8,1.17,0.124,0.63,0,0,0,0,0,12.4,0,0,0,0,0.252,62.35,123.48,0.97,0.3,880,2.2,214,1.0,2024.0,220.0,79.88
2024,2,7,24,0,19.4,1.17,0.121,0.63,0,0,0,0,0,12.5,0,0,0,0,0.253,64.21,133.43,0.97,0.3,879,2.2,211,1.1,2024.0,220.0,79.88
2024,2,8,1,0,19.1,1.17,0.12,0.63,0,0,0,0,0,12.5,0,0,0,0,0.254,65.55,140.34,0.96,0.3,879,2.2,244,1.1,2024.0,220.0,91.4
2024,2,8,2,0,18.7,1.17,0.119,0.63,0,0,0,0,0,12.6,0,0,0,0,0.255,67.68,142.46,0.96,0.3,879,2.2,318,1.1,2024.0,220.0,110.89
2024,2,8,3,0,17.9,1.17,0.125,0.63,0,0,0,0,0,12.8,0,0,0,0,0.255,72.23,139.05,0.96,0.3,878,2.2,335,1.0,2024.0,220.0,110.89
2024,2,8,4,0,17.3,1.16,0.133,0.63,0,0,0,0,0,13.1,0,0,0,0,0.256,76.44,131.25,0.97,0.3,878,2.2,342,0.9,2024.0,220.0,110.89
2024,2,8,5,0,16.9,1.16,0.14,0.63,0,0,0,0,0,13.3,0,0,0,0,0.257,79.46,120.78,0.97,0.3,878,2.3,351,0.8,2024.0,220.0,110.89
2024,2,8,6,0,16.7,1.16,0.15,0.63,0,0,0,0,0,13.4,0,0,0,0,0.257,80.76,108.81,0.97,0.3,879,2.3,3,0.8,2024.0,220.0,110.89
2024,2,8,7,0,17.3,1.18,0.15,0.63,0,0,0,0,0,13.2,0,0,0,0,0.258,76.76,95.99,0.97,0.3,879,2.3,35,1.3,2024.0,220.0,111.43
2024,2,8,8,0,20.1,1.2,0.142,0.63,47,317,88,0,0,12.4,47,317,0,88,0.258,61.06,82.57,0.97,0.3,879,2.3,73,1.9,2024.0,220.0,102.86
2024,2,8,9,0,23.4,1.21,0.14,0.63,93,653,327,0,0,10.8,93,653,0,327,0.258,44.99,69.02,0.97,0.3,879,2.3,210,2.1,2024.0,220.0,39.36
2024,2,8,10,0,26.0,1.21,0.142,0.63,121,800,578,0,0,9.8,121,800,0,578,0.258,36.17,55.24,0.97,0.3,879,2.3,242,2.9,2024.0,220.0,0.0
2024,2,8,11,0,28.0,1.21,0.144,0.63,140,879,800,0,0,9.5,140,879,0,800,0.257,31.32,41.38,0.97,0.3,878,2.3,254,3.9,2024.0,220.0,0.0
2024,2,8,12,0,29.4,1.21,0.145,0.63,153,923,971,0,0,9.4,153,923,0,971,0.256,28.86,27.6,0.97,0.3,878,2.3,262,4.7,2024.0,220.0,0.0
2024,2,8,13,0,30.0,1.2,0.148,0.63,161,944,1075,0,0,9.8,161,944,0,1075,0.254,28.54,14.45,0.97,0.3,878,2.3,266,5.4,2024.0,220.0,0.0
2024,2,8,14,0,30.1,1.17,0.152,0.63,166,946,1104,0,0,10.3,166,946,0,1104,0.253,29.39,7.54,0.97,0.3,878,2.3,268,5.8,2024.0,220.0,0.0
2024,2,8,15,0,29.5,1.15,0.159,0.63,166,931,1054,0,0,10.9,166,931,0,1054,0.251,31.59,17.55,0.97,0.3,878,2.3,269,5.7,2024.0,220.0,0.0
2024,2,8,16,0,28.6,1.12,0.162,0.63,160,900,931,0,0,11.3,160,900,0,931,0.25,34.31,30.98,0.97,0.3,878,2.3,269,5.5,2024.0,220.0,0.0
2024,2,8,17,0,27.4,1.11,0.157,0.63,143,850,747,0,0,11.6,143,850,0,747,0.249,37.54,44.8,0.97,0.3,878,2.3,269,5.2,2024.0,220.0,0.0
2024,2,8,18,0,26.0,1.11,0.122,0.63,109,794,522,0,0,11.7,109,794,0,522,0.249,40.98,58.66,0.97,0.3,878,2.2,268,4.7,2024.0,220.0,0.0
2024,2,8,19,0,24.3,1.13,0.113,0.63,78,634,270,0,0,11.8,78,634,0,270,0.25,45.49,72.41,0.97,0.3,879,2.1,264,4.1,2024.0,220.0,0.0
2024,2,8,20,0,22.6,1.15,0.107,0.63,28,220,44,0,0,12.0,28,220,0,44,0.251,51.25,85.88,0.96,0.3,879,2.1,260,3.2,2024.0,220.0,106.44
2024,2,8,21,0,21.5,1.16,0.104,0.63,0,0,0,0,0,12.4,0,0,0,0,0.252,56.15,99.27,0.96,0.3,880,2.0,255,2.2,2024.0,220.0,225.69
2024,2,8,22,0,20.7,1.18,0.101,0.63,0,0,0,0,0,12.6,0,0,0,0,0.253,59.77,111.95,0.96,0.3,880,2.0,249,1.0,2024.0,220.0,156.68
2024,2,8,23,0,20.1,1.19,0.1,0.63,0,0,0,0,0,12.6,0,0,0,0,0.254,62.17,123.67,0.96,0.3,880,1.9,238,0.9,2024.0,220.0,127.76
2024,2,8,24,0,19.6,1.2,0.1,0.63,0,0,0,0,0,12.5,0,0,0,0,0.256,63.71,133.68,0.96,0.3,879,1.9,48,1.1,2024.0,220.0,102.45
2024,2,9,1,0,19.1,1.21,0.102,0.63,0,0,0,0,0,12.4,0,0,0,0,0.257,65.19,140.64,0.96,0.3,879,1.9,43,1.1,2024.0,220.0,87.98
2024,2,9,2,0,18.8,1.21,0.104,0.63,0,0,0,0,0,12.3,0,0,0,0,0.259,65.73,142.78,0.96,0.3,879,2.0,38,1.0,2024.0,220.0,90.21
2024,2,9,3,0,18.4,1.22,0.107,0.63,0,0,0,0,0,12.1,0,0,0,0,0.26,66.59,139.34,0.97,0.3,879,2.0,30,1.1,2024.0,220.0,90.21
2024,2,9,4,0,18.2,1.22,0.108,0.63,0,0,0,0,0,11.9,0,0,0,0,0.261,66.55,131.5,0.97,0.3,879,2.0,22,1.1,2024.0,220.0,90.21
2024,2,9,5,0,18.1,1.23,0.109,0.63,0,0,0,0,0,11.6,0,0,0,0,0.262,65.93,120.98,0.97,0.3,879,2.0,14,1.0,2024.0,220.0,90.21
2024,2,9,6,0,17.9,1.24,0.108,0.63,0,0,0,0,0,11.4,0,0,0,0,0.262,65.89,108.98,0.97,0.3,879,2.0,10,1.0,2024.0,220.0,90.21
2024,2,9,7,0,18.4,1.24,0.107,0.63,0,0,0,0,0,11.2,0,0,0,0,0.262,62.85,96.14,0.97,0.3,879,2.0,15,1.2,2024.0,220.0,97.9
2024,2,9,8,0,21.4,1.25,0.108,0.63,43,369,90,0,0,11.0,43,369,0,90,0.262,51.67,82.7,0.97,0.3,880,2.0,357,2.3,2024.0,220.0,95.97
2024,2,9,9,0,24.6,1.26,0.112,0.63,85,697,333,0,0,9.5,85,697,0,333,0.262,38.45,69.13,0.97,0.3,880,1.9,314,2.5,2024.0,220.0,18.17
2024,2,9,10,0,27.0,1.27,0.114,0.63,110,839,587,0,0,8.4,110,839,0,587,0.262,30.9,55.34,0.97,0.3,879,1.9,282,2.9,2024.0,220.0,0.0
2024,2,9,11,0,28.9,1.27,0.114,0.63,126,918,813,0,0,7.7,126,918,0,813,0.262,26.41,41.48,0.97,0.3,879,1.8,267,3.7,2024.0,220.0,0.0
2024,2,9,12,0,30.3,1.28,0.102,0.63,130,970,988,0,0,7.3,130,970,0,988,0.261,23.64,27.72,0.97,0.3,879,1.8,265,4.5,2024.0,220.0,0.0
2024,2,9,13,0,31.0,1.27,0.1,0.63,134,992,1094,0,0,7.1,134,992,0,1094,0.26,22.48,14.63,0.97,0.3,878,1.8,265,5.2,2024.0,220.0,0.0
2024,2,9,14,0,31.2,1.24,0.098,0.63,135,999,1124,0,0,7.2,135,999,0,1124,0.258,22.4,7.85,0.97,0.3,878,1.8,264,5.6,2024.0,220.0,0.0
2024,2,9,15,0,30.9,1.2,0.095,0.63,131,992,1076,0,0,7.5,131,992,0,1076,0.258,23.15,17.69,0.97,0.3,878,1.8,262,5.8,2024.0,220.0,0.0
2024,2,9,16,0,30.1,1.17,0.094,0.63,124,968,953,0,1,7.8,124,968,0,953,0.257,24.73,31.07,0.97,0.3,878,1.8,259,5.9,2024.0,220.0,0.0
2024,2,9,17,0,29.0,1.14,0.091,0.63,112,923,766,0,0,7.9,112,923,0,766,0.257,26.68,44.89,0.97,0.3,878,1.8,256,5.6,2024.0,220.0,0.0
2024,2,9,18,0,27.6,1.13,0.089,0.63,95,844,533,0,0,8.1,95,844,0,533,0.257,29.27,58.75,0.96,0.3,878,1.7,253,5.1,2024.0,220.0,0.0
2024,2,9,19,0,25.7,1.14,0.087,0.63,70,681,275,0,0,8.5,70,681,0,275,0.258,33.55,72.51,0.96,0.3,878,1.7,250,4.4,2024.0,220.0,0.0
2024,2,9,20,0,23.4,1.15,0.087,0.63,27,252,45,0,0,9.4,27,252,0,45,0.259,40.92,85.99,0.96,0.3,879,1.7,252,3.2,2024.0,220.0,19.13
2024,2,9,21,0,21.9,1.16,0.087,0.63,0,0,0,0,0,10.4,0,0,0,0,0.259,47.92,99.41,0.96,0.3,879,1.7,251,2.1,2024.0,220.0,81.21
2024,2,9,22,0,20.9,1.17,0.088,0.63,0,0,0,0,0,10.9,0,0,0,0,0.26,52.95,112.12,0.96,0.3,880,1.6,244,0.9,2024.0,220.0,86.29
2024,2,9,23,0,20.3,1.18,0.09,0.63,0,0,0,0,0,11.1,0,0,0,0,0.26,55.49,123.88,0.96,0.3,880,1.6,138,0.8,2024.0,220.0,84.28
2024,2,9,24,0,19.7,1.18,0.091,0.63,0,0,0,0,0,10.9,0,0,0,0,0.26,56.8,133.93,0.96,0.3,880,1.6,69,0.9,2024.0,220.0,78.78
2024,2,10,1,0,19.3,1.19,0.092,0.63,0,0,0,0,0,10.5,0,0,0,0,0.259,56.76,140.94,0.96,0.3,880,1.6,55,1.0,2024.0,220.0,87.1
2024,2,10,2,0,19.1,1.2,0.093,0.63,0,0,0,0,0,10.2,0,0,0,0,0.257,56.17,143.1,0.96,0.3,879,1.6,46,1.0,2024.0,220.0,92.7
2024,2,10,3,0,18.7,1.2,0.093,0.63,0,0,0,0,0,10.1,0,0,0,0,0.256,57.42,139.64,0.96,0.3,879,1.6,34,1.1,2024.0,220.0,92.7
2024,2,10,4,0,18.3,1.19,0.095,0.63,0,0,0,0,0,10.4,0,0,0,0,0.255,59.95,131.74,0.96,0.3,879,1.6,20,1.2,2024.0,220.0,92.07
2024,2,10,5,0,17.8,1.19,0.098,0.63,0,0,0,0,0,10.8,0,0,0,0,0.254,63.38,121.18,0.96,0.3,879,1.6,10,1.2,2024.0,220.0,88.96
2024,2,10,6,0,17.4,1.18,0.103,0.63,0,0,0,0,0,11.0,0,0,0,0,0.255,66.04,109.15,0.96,0.3,879,1.7,7,1.2,2024.0,220.0,92.7
2024,2,10,7,0,17.9,1.19,0.107,0.63,0,0,0,0,0,11.0,0,0,0,0,0.255,64.04,96.28,0.96,0.3,879,1.7,18,1.3,2024.0,220.0,92.7
2024,2,10,8,0,21.1,1.21,0.105,0.63,43,374,90,0,0,11.0,43,374,0,90,0.256,52.34,82.82,0.96,0.3,880,1.7,19,2.8,2024.0,220.0,90.73
2024,2,10,9,0,24.3,1.22,0.106,0.63,83,705,333,0,0,10.1,83,705,0,333,0.257,40.71,69.24,0.96,0.3,880,1.8,350,3.7,2024.0,220.0,0.0
2024,2,10,10,0,27.1,1.22,0.111,0.63,108,843,587,0,0,9.2,108,843,0,587,0.257,32.56,55.44,0.96,0.3,880,1.8,293,4.3,2024.0,220.0,0.0
2024,2,10,11,0,29.2,1.22,0.114,0.63,126,914,809,0,0,8.8,126,914,0,809,0.257,27.96,41.59,0.96,0.3,880,1.9,280,5.1,2024.0,220.0,0.0
2024,2,10,12,0,30.4,1.22,0.118,0.63,139,950,979,0,0,8.9,139,950,0,979,0.256,26.27,27.84,0.97,0.3,879,2.0,275,5.7,2024.0,220.0,0.0
2024,2,10,13,0,31.0,1.21,0.125,0.63,149,967,1083,0,0,9.2,149,967,0,1083,0.254,25.94,14.81,0.97,0.3,879,2.0,270,6.4,2024.0,220.0,0.0
2024,2,10,14,0,31.0,1.19,0.132,0.63,154,965,1109,0,0,9.6,154,965,0,1109,0.251,26.55,8.17,0.97,0.3,878,2.1,265,6.8,2024.0,220.0,0.0
2024,2,10,15,0,30.7,1.17,0.134,0.63,153,951,1058,0,0,9.8,153,951,0,1058,0.248,27.49,17.84,0.97,0.3,878,2.2,262,6.9,2024.0,220.0,0.0
2024,2,10,16,0,29.9,1.15,0.139,0.63,148,920,935,0,8,10.0,292,675,0,869,0.246,29.09,31.18,0.97,0.3,878,2.2,260,6.7,2024.0,220.0,0.0
2024,2,10,17,0,28.8,1.13,0.141,0.63,136,866,748,0,7,10.2,365,237,0,533,0.244,31.37,44.98,0.97,0.3,877,2.2,258,6.2,2024.0,220.0,0.0
2024,2,10,18,0,27.2,1.12,0.141,0.63,116,772,515,0,8,10.4,223,462,0,462,0.244,34.94,58.84,0.97,0.3,878,2.2,258,5.4,2024.0,220.0,0.0
2024,2,10,19,0,25.2,1.12,0.138,0.63,84,593,262,0,8,10.8,162,236,0,232,0.245,40.34,72.61,0.97,0.3,878,2.2,261,4.5,2024.0,220.0,0.0
2024,2,10,20,0,22.8,1.11,0.137,0.63,28,167,40,7,3,11.6,28,167,5,40,0.248,49.33,86.1,0.97,0.3,879,2.2,266,3.2,2024.0,220.0,33.58
2024,2,10,21,0,21.1,1.1,0.138,0.63,0,0,0,0,8,12.6,0,0,0,0,0.25,58.13,99.55,0.97,0.3,879,2.2,272,2.5,2024.0,220.0,84.76
2024,2,10,22,0,20.1,1.09,0.141,0.63,0,0,0,0,0,13.1,0,0,0,0,0.252,63.89,112.29,0.97,0.3,880,2.2,284,2.1,2024.0,220.0,84.76
2024,2,10,23,0,19.7,1.1,0.145,0.63,0,0,0,0,0,13.2,0,0,0,0,0.253,66.07,124.08,0.97,0.3,880,2.2,317,2.3,2024.0,220.0,84.76
2024,2,10,24,0,19.3,1.1,0.154,0.63,0,0,0,0,0,13.2,0,0,0,0,0.254,67.78,134.19,0.97,0.3,880,2.3,337,2.6,2024.0,220.0,84.76
2024,2,11,1,0,18.9,1.1,0.164,0.63,0,0,0,0,0,13.2,0,0,0,0,0.255,69.56,141.24,0.97,0.3,879,2.3,3,2.5,2024.0,220.0,86.65
2024,2,11,2,0,18.5,1.1,0.17,0.63,0,0,0,0,0,13.3,0,0,0,0,0.256,71.65,143.43,0.97,0.3,879,2.4,22,2.3,2024.0,220.0,81.24
2024,2,11,3,0,18.1,1.1,0.188,0.63,0,0,0,0,0,13.3,0,0,0,0,0.257,73.47,139.93,0.97,0.3,879,2.4,30,2.0,2024.0,220.0,80.07
2024,2,11,4,0,17.9,1.11,0.2,0.63,0,0,0,0,0,13.2,0,0,0,0,0.258,73.82,131.99,0.98,0.3,878,2.5,47,1.7,2024.0,220.0,81.37
2024,2,11,5,0,17.9,1.11,0.202,0.63,0,0,0,0,0,12.9,0,0,0,0,0.259,72.79,121.39,0.98,0.3,878,2.5,72,1.6,2024.0,220.0,77.56
2024,2,11,6,0,18.0,1.11,0.219,0.63,0,0,0,0,0,12.6,0,0,0,0,0.259,70.83,109.31,0.98,0.3,878,2.5,90,1.5,2024.0,220.0,77.56
2024,2,11,7,0,18.6,1.11,0.235,0.63,0,0,0,0,0,12.3,0,0,0,0,0.259,66.57,96.42,0.98,0.3,878,2.6,93,1.7,2024.0,220.0,76.94
2024,2,11,8,0,20.6,1.12,0.241,0.63,52,193,76,0,3,11.9,40,0,0,40,0.259,57.58,82.94,0.98,0.3,879,2.7,101,3.1,2024.0,220.0,61.55
2024,2,11,9,0,23.4,1.13,0.239,0.63,119,528,305,0,0,11.2,119,528,0,305,0.259,46.09,69.34,0.98,0.3,879,2.7,193,3.2,2024.0,220.0,0.0
2024,2,11,10,0,26.3,1.15,0.234,0.63,156,702,553,0,8,10.3,243,496,0,523,0.259,36.61,55.54,0.98,0.3,878,2.7,241,3.1,2024.0,220.0,0.0
2024,2,11,11,0,28.4,1.16,0.238,0.63,182,789,771,0,8,10.1,307,561,0,726,0.258,32.05,41.69,0.98,0.3,878,2.8,253,3.8,2024.0,220.0,0.0
2024,2,11,12,0,29.8,1.17,0.211,0.63,185,861,945,0,0,10.3,185,861,0,945,0.257,29.9,27.96,0.98,0.3,878,2.8,259,4.9,2024.0,220.0,0.0
2024,2,11,13,0,30.4,1.17,0.212,0.63,193,884,1048,0,0,10.7,193,884,0,1048,0.256,29.61,15.0,0.98,0.3,878,2.9,260,5.9,2024.0,220.0,0.0
2024,2,11,14,0,30.7,1.18,0.213,0.63,196,891,1077,0,8,11.0,325,627,0,945,0.256,29.66,8.49,0.98,0.3,877,2.9,258,6.4,2024.0,220.0,0.0
2024,2,11,15,0,30.5,1.17,0.209,0.63,190,880,1027,0,1,11.2,190,880,0,1027,0.255,30.52,18.0,0.98,0.3,877,3.0,256,6.5,2024.0,220.0,0.0
2024,2,11,16,0,29.7,1.15,0.218,0.63,185,840,903,0,8,11.6,308,650,0,863,0.254,32.68,31.28,0.98,0.3,877,3.1,254,6.2,2024.0,220.0,0.0
2024,2,11,17,0,28.5,1.13,0.23,0.63,173,771,718,0,8,11.8,336,412,0,627,0.254,35.65,45.08,0.98,0.3,877,3.1,253,5.7,2024.0,220.0,0.0
2024,2,11,18,0,26.9,1.11,0.248,0.63,152,647,486,0,8,12.0,243,446,0,473,0.254,39.66,58.94,0.98,0.3,877,3.2,251,5.1,2024.0,220.0,0.0
2024,2,11,19,0,25.1,1.09,0.264,0.63,111,433,239,0,0,12.3,111,433,0,239,0.254,44.87,72.72,0.98,0.3,877,3.2,249,4.4,2024.0,220.0,0.0
2024,2,11,20,0,23.5,1.07,0.273,0.63,27,63,32,7,8,12.8,22,0,7,22,0.254,50.97,86.22,0.98,0.3,877,3.2,252,3.3,2024.0,220.0,0.0
2024,2,11,21,0,22.4,1.07,0.284,0.63,0,0,0,0,8,13.3,0,0,0,0,0.254,56.34,99.69,0.98,0.3,878,3.2,258,2.3,2024.0,220.0,74.72
2024,2,11,22,0,21.6,1.08,0.29,0.63,0,0,0,0,7,13.6,0,0,0,0,0.254,60.4,112.46,0.98,0.3,878,3.2,268,1.0,2024.0,220.0,79.06
2024,2,11,23,0,21.2,1.08,0.288,0.63,0,0,0,0,7,13.8,0,0,0,0,0.254,62.61,124.29,0.99,0.3,879,3.2,278,0.5,2024.0,220.0,74.0
2024,2,11,24,0,20.8,1.09,0.299,0.63,0,0,0,0,7,13.9,0,0,0,0,0.255,64.58,134.45,0.99,0.3,878,3.2,290,0.7,2024.0,220.0,74.16
2024,2,12,1,0,20.5,1.09,0.314,0.63,0,0,0,0,8,14.0,0,0,0,0,0.255,66.35,141.55,0.99,0.3,878,3.2,302,0.9,2024.0,220.0,99.63
2024,2,12,2,0,20.0,1.09,0.313,0.63,0,0,0,0,7,14.2,0,0,0,0,0.255,69.05,143.75,0.99,0.3,878,3.2,304,1.1,2024.0,220.0,78.85
2024,2,12,3,0,19.6,1.09,0.314,0.63,0,0,0,0,8,14.3,0,0,0,0,0.255,71.48,140.23,0.99,0.3,877,3.2,298,1.1,2024.0,220.0,75.98
2024,2,12,4,0,19.2,1.1,0.31,0.63,0,0,0,0,7,14.5,0,0,0,0,0.256,74.09,132.24,0.98,0.3,877,3.2,294,1.2,2024.0,220.0,78.71
2024,2,12,5,0,18.9,1.1,0.299,0.63,0,0,0,0,7,14.6,0,0,0,0,0.256,75.88,121.59,0.98,0.3,877,3.2,300,1.2,2024.0,220.0,97.42
2024,2,12,6,0,18.8,1.12,0.297,0.63,0,0,0,0,7,14.5,0,0,0,0,0.256,76.34,109.48,0.98,0.3,877,3.2,337,1.4,2024.0,220.0,103.58
2024,2,12,7,0,18.9,1.13,0.287,0.63,0,0,0,0,7,14.5,0,0,0,0,0.255,75.49,96.56,0.98,0.3,877,3.1,41,1.7,2024.0,220.0,114.82
2024,2,12,8,0,20.3,1.14,0.272,0.63,52,165,72,0,7,14.1,19,0,0,19,0.255,67.75,83.06,0.98,0.3,878,3.1,58,2.7,2024.0,220.0,117.15
2024,2,12,9,0,22.3,1.15,0.272,0.63,125,490,297,0,7,13.6,110,4,0,111,0.255,57.79,69.45,0.98,0.3,878,3.1,349,2.2,2024.0,220.0,54.45
2024,2,12,10,0,24.2,1.16,0.286,0.63,172,650,539,0,7,13.0,227,15,0,235,0.255,49.44,55.64,0.98,0.3,878,3.2,299,2.5,2024.0,220.0,0.0
2024,2,12,11,0,25.9,1.17,0.308,0.63,209,731,755,0,6,12.2,390,59,0,434,0.254,42.65,41.79,0.98,0.3,878,3.2,295,3.3,2024.0,220.0,0.0
2024,2,12,12,0,27.2,1.16,0.351,0.63,247,761,918,0,7,12.0,520,236,0,728,0.253,38.82,28.08,0.99,0.3,878,3.2,288,4.5,2024.0,220.0,0.0
2024,2,12,13,0,28.2,1.16,0.397,0.63,279,763,1015,0,8,11.8,492,391,0,870,0.249,36.17,15.2,0.99,0.3,877,3.3,278,5.5,2024.0,220.0,0.0
2024,2,12,14,0,28.6,1.15,0.452,0.63,306,741,1038,0,8,11.7,499,410,0,904,0.245,35.08,8.81,0.99,0.3,877,3.3,273,6.2,2024.0,220.0,0.0
2024,2,12,15,0,28.3,1.15,0.59,0.63,352,656,976,0,7,11.7,553,91,0,639,0.242,35.67,18.16,0.99,0.3,877,3.4,273,6.4,2024.0,220.0,0.0
2024,2,12,16,0,27.6,1.14,0.613,0.63,339,604,854,0,8,11.8,481,348,0,778,0.239,37.4,31.4,0.99,0.3,876,3.4,275,6.3,2024.0,220.0,0.0
2024,2,12,17,0,26.5,1.14,0.599,0.63,298,535,675,0,7,12.0,355,30,0,376,0.237,40.46,45.18,0.99,0.3,876,3.5,276,5.9,2024.0,220.0,0.0
2024,2,12,18,0,25.4,1.15,0.573,0.63,235,428,455,0,7,12.2,276,37,0,295,0.237,43.93,59.04,0.99,0.3,876,3.5,275,5.2,2024.0,220.0,0.0
2024,2,12,19,0,24.1,1.16,0.541,0.63,145,253,220,0,8,12.5,174,45,0,187,0.238,48.37,72.83,0.99,0.3,876,3.5,273,4.4,2024.0,220.0,0.0
2024,2,12,20,0,22.4,1.17,0.487,0.63,22,25,23,7,8,13.0,22,25,5,23,0.24,55.19,86.34,0.99,0.3,877,3.4,270,3.2,2024.0,220.0,57.11
2024,2,12,21,0,21.2,1.17,0.458,0.63,0,0,0,0,8,13.4,0,0,0,0,0.242,61.26,99.84,0.99,0.3,877,3.3,262,2.2,2024.0,220.0,110.59
2024,2,12,22,0,20.4,1.16,0.444,0.63,0,0,0,0,0,13.7,0,0,0,0,0.244,65.63,112.63,0.99,0.3,877,3.3,245,0.9,2024.0,220.0,111.13
2024,2,12,23,0,20.0,1.16,0.421,0.63,0,0,0,0,3,13.9,0,0,0,0,0.246,67.83,124.51,0.99,0.3,878,3.3,217,0.5,2024.0,220.0,111.13
2024,2,12,24,0,19.7,1.17,0.408,0.63,0,0,0,0,8,13.9,0,0,0,0,0.248,69.24,134.71,0.99,0.3,878,3.3,195,0.8,2024.0,220.0,111.13
2024,2,13,1,0,19.4,1.16,0.406,0.63,0,0,0,0,8,13.9,0,0,0,0,0.249,70.72,141.86,0.99,0.3,877,3.3,206,1.0,2024.0,220.0,103.93
2024,2,13,2,0,19.0,1.15,0.402,0.63,0,0,0,0,8,14.0,0,0,0,0,0.25,72.9,144.09,0.99,0.3,877,3.4,230,1.0,2024.0,220.0,103.93
2024,2,13,3,0,18.7,1.13,0.427,0.63,0,0,0,0,8,14.1,0,0,0,0,0.251,74.84,140.54,0.99,0.3,877,3.4,240,1.0,2024.0,220.0,103.93
2024,2,13,4,0,18.3,1.11,0.447,0.63,0,0,0,0,0,14.3,0,0,0,0,0.252,77.27,132.49,0.99,0.3,877,3.5,252,0.9,2024.0,220.0,102.62
2024,2,13,5,0,18.0,1.1,0.452,0.63,0,0,0,0,3,14.3,0,0,0,0,0.252,79.04,121.79,0.99,0.3,877,3.5,276,0.8,2024.0,220.0,87.45
2024,2,13,6,0,17.8,1.09,0.481,0.63,0,0,0,0,3,14.3,0,0,0,0,0.252,80.09,109.64,0.99,0.3,878,3.5,3,0.8,2024.0,220.0,86.99
2024,2,13,7,0,18.0,1.1,0.494,0.63,0,0,0,0,0,14.2,0,0,0,0,0.251,78.44,96.7,0.99,0.3,878,3.4,40,1.1,2024.0,220.0,99.13
2024,2,13,8,0,20.0,1.12,0.47,0.63,52,78,61,0,1,13.8,52,78,0,61,0.25,67.4,83.17,0.99,0.3,878,3.4,41,2.0,2024.0,220.0,103.93
2024,2,13,9,0,23.1,1.15,0.443,0.63,156,361,282,0,0,13.1,156,361,0,282,0.25,53.21,69.56,0.99,0.3,879,3.3,351,1.4,2024.0,220.0,31.81
2024,2,13,10,0,26.0,1.17,0.415,0.63,211,556,523,0,0,12.4,211,556,0,523,0.249,42.89,55.74,0.99,0.3,878,3.3,298,1.3,2024.0,220.0,0.0
2024,2,13,11,0,28.2,1.18,0.39,0.63,240,677,744,0,0,12.1,240,677,0,744,0.248,36.9,41.89,0.99,0.3,878,3.2,284,2.3,2024.0,220.0,0.0
2024,2,13,12,0,29.6,1.19,0.377,0.63,257,744,913,0,0,12.0,257,744,0,913,0.247,33.75,28.2,0.99,0.3,878,3.3,280,3.4,2024.0,220.0,0.0
2024,2,13,13,0,30.1,1.19,0.372,0.63,267,776,1015,0,0,12.0,267,776,0,1015,0.246,32.95,15.39,0.99,0.3,877,3.4,278,4.4,2024.0,220.0,0.0
2024,2,13,14,0,29.9,1.18,0.372,0.63,270,782,1042,0,3,12.3,523,494,0,1011,0.245,33.82,9.14,0.99,0.3,877,3.5,277,5.3,2024.0,220.0,0.0
2024,2,13,15,0,29.3,1.17,0.381,0.63,268,762,992,0,0,12.5,268,762,0,992,0.245,35.47,18.34,0.99,0.3,877,3.6,275,5.8,2024.0,220.0,0.0
2024,2,13,16,0,28.5,1.16,0.389,0.63,257,720,871,0,0,12.6,257,720,0,871,0.244,37.39,31.52,0.99,0.3,877,3.6,275,5.8,2024.0,220.0,0.0
2024,2,13,17,0,27.5,1.15,0.385,0.63,230,653,690,0,0,12.6,230,653,0,690,0.245,39.66,45.29,0.99,0.3,877,3.6,275,5.3,2024.0,220.0,0.0
2024,2,13,18,0,26.0,1.15,0.391,0.63,192,532,465,0,0,12.6,192,532,0,465,0.245,43.43,59.15,0.99,0.3,877,3.6,274,4.8,2024.0,220.0,0.0
2024,2,13,19,0,24.1,1.15,0.376,0.63,126,340,226,0,0,12.8,126,340,0,226,0.246,49.34,72.95,0.99,0.3,878,3.6,270,4.3,2024.0,220.0,0.0
2024,2,13,20,0,22.1,1.15,0.367,0.63,23,37,26,7,8,13.2,23,37,5,26,0.248,57.17,86.47,0.99,0.3,878,3.5,268,3.7,2024.0,220.0,62.07
2024,2,13,21,0,20.6,1.13,0.379,0.63,0,0,0,0,0,13.7,0,0,0,0,0.249,64.42,99.99,0.99,0.3,879,3.5,274,2.8,2024.0,220.0,148.88
2024,2,13,22,0,19.9,1.11,0.393,0.63,0,0,0,0,0,13.9,0,0,0,0,0.25,68.25,112.81,0.99,0.3,880,3.5,288,1.3,2024.0,220.0,140.46
2024,2,13,23,0,19.5,1.12,0.386,0.63,0,0,0,0,8,13.9,0,0,0,0,0.25,70.29,124.73,0.99,0.3,880,3.4,289,0.4,2024.0,220.0,98.35
2024,2,13,24,0,19.4,1.12,0.39,0.63,0,0,0,0,7,14.0,0,0,0,0,0.25,70.86,134.98,0.99,0.3,880,3.4,273,0.6,2024.0,220.0,98.35
2024,2,14,1,0,19.3,1.12,0.402,0.63,0,0,0,0,7,14.0,0,0,0,0,0.25,71.35,142.18,0.99,0.3,879,3.4,283,0.8,2024.0,220.0,130.02
2024,2,14,2,0,19.1,1.12,0.401,0.63,0,0,0,0,7,14.0,0,0,0,0,0.249,72.38,144.42,0.99,0.3,879,3.4,303,1.0,2024.0,220.0,100.43
2024,2,14,3,0,19.0,1.13,0.39,0.63,0,0,0,0,6,14.0,0,0,0,0,0.249,72.85,140.84,0.99,0.3,879,3.4,307,1.1,2024.0,220.0,100.43
2024,2,14,4,0,18.8,1.14,0.379,0.63,0,0,0,0,6,14.0,0,0,0,0,0.249,73.64,132.74,0.99,0.3,878,3.4,304,1.2,2024.0,220.0,100.43
2024,2,14,5,0,18.7,1.13,0.375,0.63,0,0,0,0,7,14.0,0,0,0,0,0.249,73.98,121.99,0.99,0.3,878,3.4,339,1.3,2024.0,220.0,100.43
2024,2,14,6,0,18.7,1.14,0.375,0.63,0,0,0,0,7,13.9,0,0,0,0,0.249,73.61,109.81,0.99,0.3,879,3.4,21,1.4,2024.0,220.0,100.43
2024,2,14,7,0,19.0,1.14,0.365,0.63,0,0,0,0,6,13.7,0,0,0,0,0.249,71.3,96.83,0.99,0.3,879,3.5,51,1.4,2024.0,220.0,100.43
2024,2,14,8,0,21.3,1.16,0.351,0.63,51,116,64,0,1,13.2,51,116,0,64,0.248,59.98,83.29,0.99,0.3,879,3.5,40,2.3,2024.0,220.0,100.43
2024,2,14,9,0,24.4,1.17,0.343,0.63,138,425,285,0,3,12.6,214,29,0,224,0.248,47.65,69.66,0.99,0.3,879,3.5,3,1.9,2024.0,220.0,60.12
2024,2,14,10,0,27.5,1.18,0.332,0.63,185,609,527,0,0,11.9,185,609,0,527,0.248,37.83,55.84,0.99,0.3,879,3.5,316,2.7,2024.0,220.0,0.0
2024,2,14,11,0,29.7,1.18,0.319,0.63,212,718,746,0,0,11.6,212,718,0,746,0.247,32.75,42.0,0.99,0.3,878,3.5,286,3.8,2024.0,220.0,0.0
2024,2,14,12,0,31.1,1.17,0.157,0.63,157,887,937,0,0,11.6,157,887,0,937,0.246,30.21,28.33,0.98,0.3,878,3.5,272,4.9,2024.0,220.0,0.0
2024,2,14,13,0,31.7,1.17,0.159,0.63,165,911,1042,0,0,11.7,165,911,0,1042,0.245,29.34,15.6,0.98,0.3,877,3.4,267,5.9,2024.0,220.0,0.0
2024,2,14,14,0,31.9,1.17,0.159,0.63,167,917,1071,0,0,11.8,167,917,0,1071,0.245,29.22,9.48,0.98,0.3,877,3.4,265,6.6,2024.0,220.0,0.0
2024,2,14,15,0,31.8,1.17,0.155,0.63,162,912,1026,0,0,11.8,162,912,0,1026,0.244,29.49,18.53,0.98,0.3,876,3.3,265,6.7,2024.0,220.0,0.0
2024,2,14,16,0,31.2,1.16,0.152,0.63,152,888,908,0,0,11.8,152,888,0,908,0.244,30.55,31.65,0.98,0.3,876,3.1,264,6.5,2024.0,220.0,0.0
2024,2,14,17,0,30.1,1.15,0.149,0.63,137,839,726,0,0,11.9,137,839,0,726,0.244,32.55,45.4,0.98,0.3,876,3.0,263,6.0,2024.0,220.0,0.0
2024,2,14,18,0,28.6,1.15,0.146,0.63,115,749,498,0,0,11.9,115,749,0,498,0.244,35.51,59.27,0.97,0.3,876,2.8,261,5.3,2024.0,220.0,0.0
2024,2,14,19,0,26.5,1.15,0.142,0.63,83,567,248,0,0,12.0,83,567,0,248,0.245,40.44,73.07,0.97,0.3,876,2.8,258,4.5,2024.0,220.0,0.0
2024,2,14,20,0,24.0,1.14,0.14,0.63,25,137,33,7,8,12.4,28,3,7,28,0.248,48.42,86.6,0.97,0.3,877,2.7,258,3.2,2024.0,220.0,79.75
2024,2,14,21,0,22.3,1.13,0.141,0.63,0,0,0,0,1,13.0,0,0,0,0,0.249,55.56,100.14,0.97,0.3,878,2.6,256,2.1,2024.0,220.0,217.82
2024,2,14,22,0,21.3,1.12,0.14,0.63,0,0,0,0,3,13.2,0,0,0,0,0.251,59.92,113.0,0.97,0.3,878,2.6,252,1.0,2024.0,220.0,210.71
2024,2,14,23,0,20.8,1.13,0.14,0.63,0,0,0,0,0,13.2,0,0,0,0,0.253,61.93,124.95,0.97,0.3,878,2.6,229,0.7,2024.0,220.0,210.71
2024,2,14,24,0,20.3,1.12,0.149,0.63,0,0,0,0,7,13.4,0,0,0,0,0.254,64.52,135.25,0.97,0.3,879,2.6,343,0.9,2024.0,220.0,210.71
2024,2,15,1,0,19.5,1.11,0.164,0.63,0,0,0,0,7,13.8,0,0,0,0,0.254,69.6,142.5,0.97,0.3,879,2.7,342,1.1,2024.0,220.0,203.75
2024,2,15,2,0,19.0,1.11,0.17,0.63,0,0,0,0,7,14.2,0,0,0,0,0.253,73.52,144.76,0.98,0.3,879,2.7,352,1.3,2024.0,220.0,201.94
2024,2,15,3,0,19.0,1.12,0.174,0.63,0,0,0,0,0,14.3,0,0,0,0,0.251,74.19,141.14,0.98,0.3,878,2.7,12,1.3,2024.0,220.0,213.74
2024,2,15,4,0,19.1,1.13,0.172,0.63,0,0,0,0,0,14.3,0,0,0,0,0.249,73.74,132.99,0.98,0.3,878,2.7,50,1.3,2024.0,220.0,213.74
2024,2,15,5,0,19.0,1.14,0.17,0.63,0,0,0,0,7,14.2,0,0,0,0,0.247,73.9,122.19,0.98,0.3,878,2.7,84,1.3,2024.0,220.0,188.49
2024,2,15,6,0,19.0,1.15,0.166,0.63,0,0,0,0,6,14.1,0,0,0,0,0.246,73.21,109.97,0.98,0.3,878,2.8,88,1.3,2024.0,220.0,161.42
2024,2,15,7,0,19.5,1.15,0.167,0.63,0,0,0,0,7,13.8,0,0,0,0,0.245,69.77,96.97,0.98,0.3,878,2.7,77,1.3,2024.0,220.0,155.87
2024,2,15,8,0,22.2,1.17,0.171,0.63,45,242,73,7,7,13.4,45,242,5,73,0.244,57.31,83.41,0.98,0.3,879,2.7,61,2.5,2024.0,220.0,147.77
2024,2,15,9,0,25.5,1.18,0.186,0.63,104,575,303,0,8,12.2,170,285,0,269,0.244,43.48,69.77,0.98,0.3,879,2.8,20,2.8,2024.0,220.0,56.44
2024,2,15,10,0,28.5,1.2,0.21,0.63,145,718,547,0,0,10.8,145,718,0,547,0.244,33.39,55.94,0.98,0.3,879,2.8,324,3.8,2024.0,220.0,0.0
2024,2,15,11,0,30.5,1.2,0.241,0.63,181,783,763,0,0,10.0,181,783,0,763,0.244,28.2,42.1,0.98,0.3,878,2.9,297,5.0,2024.0,220.0,0.0
2024,2,15,12,0,31.5,1.21,0.27,0.63,211,814,926,0,0,9.8,211,814,0,926,0.243,26.28,28.46,0.99,0.3,878,3.1,286,5.9,2024.0,220.0,0.0
2024,2,15,13,0,31.5,1.2,0.291,0.63,230,827,1026,0,0,9.9,230,827,0,1026,0.241,26.47,15.8,0.99,0.3,877,3.2,278,6.5,2024.0,220.0,0.0
2024,2,15,14,0,30.9,1.2,0.288,0.63,231,834,1053,0,0,10.1,231,834,0,1053,0.239,27.74,9.81,0.99,0.3,877,3.3,273,6.7,2024.0,220.0,0.0
2024,2,15,15,0,30.1,1.19,0.27,0.63,218,833,1008,0,0,10.3,218,833,0,1008,0.237,29.43,18.72,0.99,0.3,876,3.3,271,6.6,2024.0,220.0,0.0
2024,2,15,16,0,29.2,1.18,0.251,0.63,199,812,889,0,0,10.6,199,812,0,889,0.237,31.53,31.79,0.98,0.3,876,3.3,270,6.3,2024.0,220.0,0.0
2024,2,15,17,0,28.0,1.17,0.233,0.63,173,765,709,0,0,10.8,173,765,0,709,0.236,34.3,45.52,0.98,0.3,876,3.2,268,5.9,2024.0,220.0,0.0
2024,2,15,18,0,26.7,1.17,0.27,0.63,157,628,477,0,0,11.0,157,628,0,477,0.237,37.5,59.38,0.98,0.3,876,3.1,266,5.5,2024.0,220.0,0.0
2024,2,15,19,0,25.3,1.17,0.256,0.63,107,438,233,0,0,11.3,107,438,0,233,0.239,41.61,73.2,0.98,0.3,877,3.0,264,4.8,2024.0,220.0,0.0
2024,2,15,20,0,23.7,1.17,0.239,0.63,24,69,28,7,7,11.8,7,0,7,7,0.242,47.19,86.73,0.98,0.3,877,2.9,258,3.5,2024.0,220.0,73.09
2024,2,15,21,0,22.8,1.18,0.221,0.63,0,0,0,0,7,12.1,0,0,0,0,0.245,50.9,100.3,0.98,0.3,877,2.8,246,2.2,2024.0,220.0,96.66
2024,2,15,22,0,21.9,1.19,0.209,0.63,0,0,0,0,7,12.2,0,0,0,0,0.248,54.14,113.18,0.98,0.3,878,2.8,217,0.9,2024.0,220.0,103.14
2024,2,15,23,0,21.5,1.18,0.22,0.63,0,0,0,0,7,12.2,0,0,0,0,0.25,55.57,125.17,0.98,0.3,878,2.8,142,0.8,2024.0,220.0,103.14
2024,2,15,24,0,20.7,1.16,0.245,0.63,0,0,0,0,7,12.5,0,0,0,0,0.253,59.52,135.53,0.98,0.3,879,2.9,346,1.1,2024.0,220.0,103.14
2024,2,16,1,0,19.7,1.14,0.269,0.63,0,0,0,0,7,13.0,0,0,0,0,0.255,65.36,142.83,0.98,0.3,879,3.0,337,1.3,2024.0,220.0,115.09
2024,2,16,2,0,19.1,1.14,0.28,0.63,0,0,0,0,8,13.5,0,0,0,0,0.257,69.81,145.1,0.98,0.3,879,3.1,339,1.4,2024.0,220.0,98.11
2024,2,16,3,0,18.6,1.15,0.283,0.63,0,0,0,0,7,13.7,0,0,0,0,0.258,73.13,141.45,0.98,0.3,878,3.1,355,1.4,2024.0,220.0,91.09
2024,2,16,4,0,18.4,1.15,0.28,0.63,0,0,0,0,7,13.8,0,0,0,0,0.258,74.5,133.23,0.98,0.3,878,3.0,17,1.3,2024.0,220.0,91.09
2024,2,16,5,0,18.1,1.14,0.286,0.63,0,0,0,0,7,13.9,0,0,0,0,0.258,76.27,122.39,0.98,0.3,878,3.0,20,1.4,2024.0,220.0,91.09
2024,2,16,6,0,17.9,1.14,0.283,0.63,0,0,0,0,8,13.9,0,0,0,0,0.258,77.29,110.13,0.98,0.3,879,3.0,24,1.4,2024.0,220.0,91.09
2024,2,16,7,0,18.5,1.14,0.261,0.63,0,0,0,0,8,13.6,0,0,0,0,0.258,73.18,97.1,0.98,0.3,879,2.9,54,1.5,2024.0,220.0,91.09
2024,2,16,8,0,21.2,1.15,0.245,0.63,48,170,67,7,6,13.0,48,170,5,67,0.258,59.69,83.52,0.98,0.3,879,2.9,65,3.0,2024.0,220.0,91.09
2024,2,16,9,0,24.4,1.15,0.239,0.63,116,516,294,0,7,12.1,116,313,0,223,0.258,46.28,69.87,0.98,0.3,879,2.9,28,3.5,2024.0,220.0,53.89
2024,2,16,10,0,27.1,1.15,0.24,0.63,156,687,540,0,7,11.3,310,108,0,370,0.257,37.24,56.04,0.98,0.3,879,2.9,331,4.0,2024.0,220.0,0.0
2024,2,16,11,0,28.7,1.15,0.248,0.63,185,775,759,0,8,10.8,400,324,0,640,0.257,32.83,42.2,0.98,0.3,879,2.9,303,4.7,2024.0,220.0,58.76
2024,2,16,12,0,29.4,1.14,0.258,0.63,206,821,927,0,8,10.8,376,497,0,813,0.256,31.61,28.58,0.98,0.3,879,3.0,291,5.4,2024.0,220.0,47.2
2024,2,16,13,0,29.3,1.14,0.273,0.63,223,837,1027,0,8,11.3,478,381,0,844,0.256,32.79,16.02,0.98,0.3,879,3.1,287,5.9,2024.0,220.0,0.0
2024,2,16,14,0,28.7,1.13,0.289,0.63,233,832,1052,0,7,11.7,479,427,0,899,0.255,35.04,10.16,0.98,0.3,879,3.2,285,6.2,2024.0,220.0,0.0
2024,2,16,15,0,28.2,1.13,0.296,0.63,231,814,1001,0,8,12.0,333,596,0,897,0.255,36.62,18.92,0.98,0.3,878,3.3,280,6.2,2024.0,220.0,0.0
2024,2,16,16,0,27.8,1.13,0.309,0.63,224,770,878,0,8,12.0,449,401,0,790,0.256,37.42,31.94,0.98,0.3,878,3.3,272,6.0,2024.0,220.0,0.0
2024,2,16,17,0,27.2,1.13,0.314,0.63,204,701,694,0,8,11.7,343,359,0,594,0.256,38.24,45.65,0.99,0.3,877,3.3,261,5.6,2024.0,220.0,0.0
2024,2,16,18,0,26.4,1.13,0.313,0.63,170,588,468,0,3,11.5,282,27,0,295,0.256,39.48,59.51,0.99,0.3,877,3.2,252,4.9,2024.0,220.0,0.0
2024,2,16,19,0,25.3,1.13,0.303,0.63,114,390,226,0,1,11.4,114,390,0,226,0.257,41.86,73.33,0.99,0.3,877,3.1,245,4.2,2024.0,220.0,0.0
2024,2,16,20,0,23.7,1.14,0.284,0.63,22,48,25,7,3,11.7,15,0,7,15,0.257,46.97,86.87,0.99,0.3,877,3.0,241,2.9,2024.0,220.0,20.31
2024,2,16,21,0,22.6,1.14,0.27,0.63,0,0,0,0,8,12.0,0,0,0,0,0.257,51.31,100.47,0.99,0.3,878,2.9,226,1.5,2024.0,220.0,81.23
2024,2,16,22,0,21.9,1.13,0.26,0.63,0,0,0,0,8,12.1,0,0,0,0,0.256,53.9,113.38,0.99,0.3,878,2.9,202,0.6,2024.0,220.0,78.52
2024,2,16,23,0,21.5,1.13,0.252,0.63,0,0,0,0,7,12.1,0,0,0,0,0.256,55.23,125.4,0.99,0.3,878,2.9,176,0.8,2024.0,220.0,77.98
2024,2,16,24,0,21.1,1.13,0.261,0.63,0,0,0,0,7,12.3,0,0,0,0,0.256,57.04,135.81,0.99,0.3,878,2.9,259,1.2,2024.0,220.0,77.98
2024,2,17,1,0,20.4,1.12,0.277,0.63,0,0,0,0,7,12.6,0,0,0,0,0.255,60.96,143.16,0.99,0.3,878,3.0,319,1.3,2024.0,220.0,86.07
2024,2,17,2,0,19.7,1.11,0.298,0.63,0,0,0,0,7,13.1,0,0,0,0,0.255,65.49,145.45,0.99,0.3,878,3.1,326,1.2,2024.0,220.0,86.07
2024,2,17,3,0,19.4,1.1,0.322,0.63,0,0,0,0,3,13.3,0,0,0,0,0.256,67.87,141.75,0.99,0.3,877,3.1,349,1.1,2024.0,220.0,86.07
2024,2,17,4,0,19.1,1.1,0.34,0.63,0,0,0,0,1,13.3,0,0,0,0,0.256,69.31,133.48,0.99,0.3,877,3.1,21,1.1,2024.0,220.0,86.07
2024,2,17,5,0,19.2,1.1,0.346,0.63,0,0,0,0,1,13.2,0,0,0,0,0.256,68.23,122.58,0.99,0.3,878,3.1,35,1.1,2024.0,220.0,81.8
2024,2,17,6,0,19.3,1.1,0.344,0.63,0,0,0,0,3,13.0,0,0,0,0,0.257,66.77,110.29,0.99,0.3,878,3.1,36,1.2,2024.0,220.0,78.94
2024,2,17,7,0,19.8,1.11,0.338,0.63,0,0,0,0,3,12.8,0,0,0,0,0.257,63.88,97.23,0.99,0.3,878,3.0,29,1.2,2024.0,220.0,81.18
2024,2,17,8,0,22.2,1.11,0.329,0.63,49,116,61,7,3,12.5,41,0,7,41,0.257,54.03,83.63,0.99,0.3,878,3.0,10,2.1,2024.0,220.0,69.82
2024,2,17,9,0,24.8,1.12,0.317,0.63,133,444,285,0,0,11.7,133,444,0,285,0.257,44.06,69.97,0.99,0.3,878,2.9,332,1.6,2024.0,220.0,0.0
2024,2,17,10,0,27.5,1.14,0.299,0.63,176,639,532,0,0,11.0,176,639,0,532,0.257,35.66,56.14,0.99,0.3,878,2.8,304,2.2,2024.0,220.0,0.0
2024,2,17,11,0,29.6,1.17,0.278,0.63,197,757,757,0,0,10.3,197,757,0,757,0.256,30.3,42.31,0.99,0.3,878,2.7,290,3.1,2024.0,220.0,0.0
2024,2,17,12,0,31.1,1.18,0.223,0.63,190,851,936,0,0,10.0,190,851,0,936,0.255,27.19,28.72,0.98,0.3,877,2.7,281,4.2,2024.0,220.0,0.0
2024,2,17,13,0,32.1,1.18,0.219,0.63,196,880,1041,0,0,9.7,196,880,0,1041,0.253,25.22,16.23,0.98,0.3,877,2.7,275,5.2,2024.0,220.0,0.0
2024,2,17,14,0,32.4,1.17,0.218,0.63,198,887,1071,0,0,9.5,198,887,0,1071,0.251,24.39,10.5,0.98,0.3,876,2.7,272,5.9,2024.0,220.0,0.0
2024,2,17,15,0,32.4,1.16,0.169,0.63,170,912,1031,0,0,9.3,170,912,0,1031,0.249,24.04,19.14,0.98,0.3,876,2.6,269,6.3,2024.0,220.0,0.0
2024,2,17,16,0,31.9,1.16,0.163,0.63,158,887,910,0,8,9.0,283,681,0,860,0.247,24.36,32.09,0.98,0.3,875,2.6,267,6.3,2024.0,220.0,0.0
2024,2,17,17,0,30.9,1.15,0.16,0.63,142,834,724,0,0,8.9,142,834,0,724,0.246,25.56,45.78,0.98,0.3,875,2.6,266,6.0,2024.0,220.0,0.0
2024,2,17,18,0,29.4,1.14,0.157,0.63,119,739,493,0,0,9.0,119,739,0,493,0.246,27.95,59.64,0.97,0.3,875,2.5,267,5.4,2024.0,220.0,0.0
2024,2,17,19,0,27.1,1.13,0.157,0.63,86,545,241,0,0,9.4,86,545,0,241,0.247,32.91,73.46,0.97,0.3,876,2.5,270,4.7,2024.0,220.0,0.0
2024,2,17,20,0,24.3,1.12,0.16,0.63,23,101,28,0,0,10.5,23,101,0,28,0.248,41.78,87.01,0.98,0.3,876,2.6,274,3.8,2024.0,220.0,17.03
2024,2,17,21,0,22.5,1.12,0.161,0.63,0,0,0,0,0,11.5,0,0,0,0,0.249,49.66,100.63,0.98,0.3,877,2.6,279,2.7,2024.0,220.0,75.97
2024,2,17,22,0,21.6,1.13,0.163,0.63,0,0,0,0,0,11.9,0,0,0,0,0.25,53.99,113.57,0.98,0.3,877,2.6,305,1.3,2024.0,220.0,70.22
2024,2,17,23,0,21.2,1.14,0.165,0.63,0,0,0,0,1,11.9,0,0,0,0,0.251,55.51,125.64,0.98,0.3,877,2.6,17,0.4,2024.0,220.0,65.77
2024,2,17,24,0,21.0,1.14,0.17,0.63,0,0,0,0,0,11.9,0,0,0,0,0.253,56.05,136.09,0.98,0.3,877,2.6,41,0.7,2024.0,220.0,68.38
2024,2,18,1,0,20.7,1.15,0.179,0.63,0,0,0,0,0,12.0,0,0,0,0,0.255,57.53,143.49,0.98,0.3,877,2.7,36,0.9,2024.0,220.0,79.4
2024,2,18,2,0,20.0,1.14,0.191,0.63,0,0,0,0,0,12.3,0,0,0,0,0.257,61.31,145.8,0.98,0.3,877,2.7,1,1.0,2024.0,220.0,79.78
2024,2,18,3,0,19.2,1.12,0.214,0.63,0,0,0,0,0,12.8,0,0,0,0,0.258,66.42,142.06,0.98,0.3,877,2.8,333,1.1,2024.0,220.0,71.18
2024,2,18,4,0,18.6,1.11,0.238,0.63,0,0,0,0,0,13.3,0,0,0,0,0.259,71.14,133.73,0.98,0.3,877,2.8,337,1.1,2024.0,220.0,67.35
2024,2,18,5,0,18.3,1.11,0.249,0.63,0,0,0,0,0,13.6,0,0,0,0,0.26,74.08,122.78,0.98,0.3,877,2.9,353,1.1,2024.0,220.0,81.81
2024,2,18,6,0,18.3,1.12,0.258,0.63,0,0,0,0,0,13.7,0,0,0,0,0.26,74.33,110.45,0.98,0.3,877,2.9,17,1.2,2024.0,220.0,77.55
2024,2,18,7,0,18.6,1.14,0.256,0.63,0,0,0,0,3,13.5,0,0,0,0,0.26,72.07,97.36,0.98,0.3,878,2.9,32,1.3,2024.0,220.0,74.9
2024,2,18,8,0,21.2,1.15,0.25,0.63,46,160,64,0,0,13.2,46,160,0,64,0.26,60.41,83.74,0.98,0.3,878,2.9,17,2.6,2024.0,220.0,68.76
2024,2,18,9,0,24.3,1.17,0.247,0.63,117,505,289,0,0,13.0,117,505,0,289,0.26,49.2,70.07,0.98,0.3,878,2.9,333,2.5,2024.0,220.0,20.68
2024,2,18,10,0,26.8,1.18,0.247,0.63,157,678,534,0,0,12.6,157,678,0,534,0.26,41.51,56.23,0.98,0.3,878,3.0,306,3.1,2024.0,220.0,0.0
2024,2,18,11,0,28.8,1.18,0.247,0.63,183,774,754,0,0,12.4,183,774,0,754,0.259,36.37,42.41,0.98,0.3,878,3.0,292,3.9,2024.0,220.0,0.0
2024,2,18,12,0,30.1,1.18,0.248,0.63,200,827,925,0,0,12.0,200,827,0,925,0.259,32.93,28.85,0.98,0.3,877,3.0,286,4.7,2024.0,220.0,0.0
2024,2,18,13,0,30.9,1.18,0.249,0.63,210,852,1027,0,0,11.4,210,852,0,1027,0.259,30.26,16.45,0.98,0.3,877,3.1,281,5.5,2024.0,220.0,0.0
2024,2,18,14,0,31.2,1.18,0.25,0.63,213,860,1058,0,0,11.0,213,860,0,1058,0.258,28.82,10.85,0.98,0.3,877,3.0,276,6.2,2024.0,220.0,0.0
2024,2,18,15,0,31.3,1.03,0.096,0.63,130,957,1032,0,0,10.6,130,957,0,1032,0.258,27.95,19.35,0.96,0.3,876,3.0,271,6.7,2024.0,220.0,0.0
2024,2,18,16,0,30.9,1.04,0.095,0.63,123,933,912,0,0,10.3,123,933,0,912,0.258,27.98,32.24,0.96,0.3,876,2.9,266,6.6,2024.0,220.0,0.0
2024,2,18,17,0,30.1,1.04,0.094,0.63,111,885,727,0,0,10.0,111,885,0,727,0.258,28.84,45.92,0.96,0.3,876,2.9,263,6.1,2024.0,220.0,0.0
2024,2,18,18,0,28.7,1.04,0.093,0.63,94,799,496,0,0,10.0,94,799,0,496,0.257,31.2,59.77,0.96,0.3,876,2.8,262,5.4,2024.0,220.0,0.0
2024,2,18,19,0,26.6,1.03,0.092,0.63,69,623,244,0,0,10.2,69,623,0,244,0.256,35.79,73.6,0.96,0.3,876,2.7,263,4.4,2024.0,220.0,0.0
2024,2,18,20,0,23.9,1.02,0.091,0.63,21,159,28,7,3,11.0,10,0,7,10,0.256,44.23,87.16,0.96,0.3,877,2.6,267,2.8,2024.0,220.0,23.41
2024,2,18,21,0,22.1,1.0,0.091,0.63,0,0,0,0,3,11.7,0,0,0,0,0.255,51.78,100.81,0.96,0.3,877,2.6,270,1.5,2024.0,220.0,98.17
2024,2,18,22,0,21.2,0.99,0.092,0.63,0,0,0,0,0,12.1,0,0,0,0,0.255,56.03,113.77,0.96,0.3,878,2.5,284,0.5,2024.0,220.0,93.63
2024,2,18,23,0,20.5,0.98,0.094,0.63,0,0,0,0,0,12.3,0,0,0,0,0.255,59.42,125.87,0.96,0.3,879,2.5,326,0.9,2024.0,220.0,93.63
2024,2,18,24,0,19.8,0.97,0.097,0.63,0,0,0,0,0,12.7,0,0,0,0,0.255,63.41,136.38,0.96,0.3,879,2.4,339,1.1,2024.0,220.0,93.63
2024,2,19,1,0,19.1,0.96,0.099,0.63,0,0,0,0,0,12.9,0,0,0,0,0.256,67.29,143.83,0.96,0.3,878,2.4,346,1.2,2024.0,220.0,97.11
2024,2,19,2,0,18.8,0.97,0.097,0.63,0,0,0,0,0,13.0,0,0,0,0,0.255,68.83,146.15,0.96,0.3,878,2.3,356,1.2,2024.0,220.0,82.17
2024,2,19,3,0,18.4,0.98,0.106,0.63,0,0,0,0,0,12.9,0,0,0,0,0.255,70.51,142.37,0.96,0.3,878,2.3,0,1.1,2024.0,220.0,80.94
2024,2,19,4,0,18.0,1.0,0.11,0.63,0,0,0,0,0,12.9,0,0,0,0,0.254,71.99,133.97,0.96,0.3,878,2.2,3,1.2,2024.0,220.0,81.49
2024,2,19,5,0,17.8,1.02,0.103,0.63,0,0,0,0,0,12.7,0,0,0,0,0.253,71.89,122.97,0.96,0.3,878,2.2,23,1.2,2024.0,220.0,81.49
2024,2,19,6,0,17.6,1.04,0.097,0.63,0,0,0,0,0,12.4,0,0,0,0,0.252,71.38,110.6,0.96,0.3,878,2.2,77,1.3,2024.0,220.0,81.49
2024,2,19,7,0,18.0,1.05,0.09,0.63,0,0,0,0,0,11.9,0,0,0,0,0.252,67.73,97.49,0.96,0.3,878,2.1,94,1.4,2024.0,220.0,91.64
2024,2,19,8,0,20.8,1.06,0.086,0.63,36,346,73,7,3,11.0,36,0,7,36,0.252,53.4,83.85,0.96,0.3,879,2.1,93,2.7,2024.0,220.0,99.16
2024,2,19,9,0,24.0,1.08,0.084,0.63,74,709,314,0,3,9.2,116,1,0,116,0.253,39.01,70.17,0.96,0.3,879,2.1,335,2.1,2024.0,220.0,66.75
2024,2,19,10,0,26.6,1.1,0.083,0.63,95,855,569,0,0,8.4,95,855,0,569,0.253,31.69,56.33,0.96,0.3,879,2.1,302,1.9,2024.0,220.0,48.79
2024,2,19,11,0,28.5,1.12,0.083,0.63,109,929,794,0,0,8.2,109,929,0,794,0.254,27.9,42.51,0.96,0.3,879,2.1,296,3.0,2024.0,220.0,3.02
2024,2,19,12,0,29.7,1.13,0.083,0.63,118,970,967,0,0,8.0,118,970,0,967,0.253,25.78,28.98,0.96,0.3,879,2.1,294,4.3,2024.0,220.0,0.0
2024,2,19,13,0,30.0,1.13,0.088,0.63,127,986,1072,0,3,8.2,432,586,0,994,0.251,25.57,16.68,0.96,0.3,878,2.1,293,5.4,2024.0,220.0,0.0
2024,2,19,14,0,29.7,1.11,0.093,0.63,131,988,1100,0,0,8.5,131,988,0,1100,0.248,26.63,11.21,0.96,0.3,879,2.1,294,6.0,2024.0,220.0,0.0
2024,2,19,15,0,28.8,1.08,0.094,0.63,130,978,1051,0,0,8.9,130,978,0,1051,0.246,28.79,19.58,0.96,0.3,879,2.1,295,6.1,2024.0,220.0,0.0
2024,2,19,16,0,27.7,1.06,0.096,0.63,124,950,926,0,0,9.2,124,950,0,926,0.244,31.29,32.41,0.96,0.3,879,2.1,297,5.8,2024.0,220.0,0.0
2024,2,19,17,0,26.3,1.05,0.095,0.63,112,902,738,0,8,9.4,197,692,0,678,0.242,34.42,46.06,0.96,0.3,879,2.1,300,5.3,2024.0,220.0,0.0
2024,2,19,18,0,24.7,1.05,0.092,0.63,94,816,503,0,0,9.6,94,816,0,503,0.242,38.36,59.91,0.96,0.3,879,2.1,302,4.7,2024.0,220.0,0.0
2024,2,19,19,0,22.8,1.06,0.089,0.63,68,643,248,0,0,9.9,68,643,0,248,0.244,43.92,73.74,0.96,0.3,880,2.0,305,4.0,2024.0,220.0,0.0
2024,2,19,20,0,20.9,1.07,0.088,0.63,20,167,28,0,0,10.5,20,167,0,28,0.246,51.28,87.3,0.96,0.3,880,1.9,305,2.7,2024.0,220.0,59.32
2024,2,19,21,0,19.8,1.07,0.093,0.63,0,0,0,0,0,11.0,0,0,0,0,0.248,57.03,100.98,0.96,0.31,880,1.9,307,1.6,2024.0,220.0,93.67
2024,2,19,22,0,19.3,1.06,0.099,0.63,0,0,0,0,0,11.4,0,0,0,0,0.25,60.33,113.97,0.96,0.31,881,1.9,324,0.6,2024.0,220.0,93.67
2024,2,19,23,0,18.9,1.06,0.107,0.63,0,0,0,0,0,11.7,0,0,0,0,0.252,63.02,126.11,0.97,0.31,881,1.9,343,0.7,2024.0,220.0,93.67
2024,2,19,24,0,18.7,1.06,0.112,0.63,0,0,0,0,0,12.0,0,0,0,0,0.253,65.03,136.67,0.97,0.31,880,2.0,351,0.9,2024.0,220.0,93.24
2024,2,20,1,0,18.4,1.06,0.115,0.63,0,0,0,0,0,12.3,0,0,0,0,0.255,67.72,144.17,0.97,0.31,880,2.1,349,1.1,2024.0,220.0,121.52
2024,2,20,2,0,18.0,1.07,0.114,0.63,0,0,0,0,0,12.6,0,0,0,0,0.256,70.78,146.5,0.97,0.31,879,2.1,347,1.1,2024.0,220.0,157.65
2024,2,20,3,0,17.5,1.08,0.111,0.63,0,0,0,0,0,12.8,0,0,0,0,0.256,74.11,142.68,0.97,0.31,879,2.1,356,1.1,2024.0,220.0,168.64
2024,2,20,4,0,17.3,1.08,0.11,0.63,0,0,0,0,0,12.9,0,0,0,0,0.256,75.54,134.22,0.97,0.31,878,2.2,18,1.0,2024.0,220.0,168.64
2024,2,20,5,0,17.3,1.08,0.115,0.63,0,0,0,0,0,12.9,0,0,0,0,0.257,75.6,123.16,0.97,0.31,878,2.3,56,0.9,2024.0,220.0,168.64
2024,2,20,6,0,17.3,1.07,0.12,0.63,0,0,0,0,0,12.9,0,0,0,0,0.257,75.15,110.76,0.97,0.31,878,2.3,76,0.9,2024.0,220.0,168.64
2024,2,20,7,0,17.6,1.07,0.124,0.63,0,0,0,0,0,12.7,0,0,0,0,0.257,73.21,97.62,0.97,0.31,879,2.4,80,1.1,2024.0,220.0,168.64
2024,2,20,8,0,19.7,1.07,0.128,0.63,39,267,68,0,0,12.8,39,267,0,68,0.256,64.38,83.96,0.97,0.31,879,2.5,348,2.1,2024.0,220.0,168.64
2024,2,20,9,0,22.3,1.08,0.136,0.63,90,626,301,0,0,12.9,90,626,0,301,0.257,55.14,70.27,0.97,0.31,880,2.5,310,1.5,2024.0,220.0,95.71
2024,2,20,10,0,24.5,1.1,0.141,0.63,119,779,550,0,3,12.7,330,207,0,445,0.257,47.73,56.43,0.97,0.31,880,2.6,311,2.3,2024.0,220.0,12.9
2024,2,20,11,0,26.2,1.11,0.147,0.63,140,856,770,0,0,12.7,140,856,0,770,0.257,43.09,42.62,0.97,0.31,880,2.7,311,3.2,2024.0,220.0,50.81
2024,2,20,12,0,27.3,1.1,0.161,0.63,160,890,938,0,0,13.0,160,890,0,938,0.256,41.22,29.12,0.97,0.31,880,2.8,308,4.2,2024.0,220.0,18.54
2024,2,20,13,0,28.1,1.09,0.175,0.63,175,903,1038,0,0,13.5,175,903,0,1038,0.256,40.65,16.9,0.98,0.31,879,2.9,303,5.0,2024.0,220.0,0.0
2024,2,20,14,0,28.5,1.09,0.181,0.63,180,903,1064,0,3,13.9,533,438,0,962,0.256,40.77,11.56,0.98,0.31,879,3.0,298,5.6,2024.0,220.0,0.0
2024,2,20,15,0,28.4,1.08,0.193,0.63,183,883,1014,0,0,14.0,183,883,0,1014,0.256,41.41,19.82,0.98,0.31,878,3.0,292,6.0,2024.0,220.0,0.0
2024,2,20,16,0,27.7,1.06,0.211,0.63,182,838,888,0,0,14.1,182,838,0,888,0.256,43.19,32.58,0.98,0.31,878,3.0,286,5.9,2024.0,220.0,0.0
2024,2,20,17,0,26.3,1.03,0.222,0.63,169,767,700,0,0,14.1,169,767,0,700,0.256,47.07,46.21,0.98,0.31,878,3.0,282,5.4,2024.0,220.0,0.0
2024,2,20,18,0,24.6,1.0,0.23,0.63,145,648,469,0,0,14.3,145,648,0,469,0.257,52.59,60.05,0.98,0.31,878,3.0,279,4.6,2024.0,220.0,0.0
2024,2,20,19,0,22.4,1.0,0.253,0.63,105,416,220,0,0,14.5,105,416,0,220,0.257,61.13,73.89,0.99,0.31,879,2.9,278,3.6,2024.0,220.0,0.0
2024,2,20,20,0,20.6,1.02,0.263,0.63,18,33,19,0,0,14.9,18,33,0,19,0.259,69.92,87.46,0.99,0.31,880,2.9,279,1.9,2024.0,220.0,104.27
2024,2,20,21,0,19.8,1.03,0.285,0.63,0,0,0,0,0,15.1,0,0,0,0,0.259,74.38,101.16,0.99,0.3,880,2.8,280,1.1,2024.0,220.0,142.81
2024,2,20,22,0,19.3,1.04,0.303,0.63,0,0,0,0,0,15.2,0,0,0,0,0.259,77.13,114.18,0.99,0.3,881,2.7,281,0.6,2024.0,220.0,113.17
2024,2,20,23,0,19.2,1.05,0.308,0.63,0,0,0,0,0,15.2,0,0,0,0,0.259,77.62,126.36,0.99,0.3,881,2.6,288,1.0,2024.0,220.0,100.47
2024,2,20,24,0,19.1,1.05,0.337,0.63,0,0,0,0,1,15.2,0,0,0,0,0.258,78.13,136.96,0.99,0.3,881,2.6,302,1.2,2024.0,220.0,101.17
2024,2,21,1,0,18.9,1.04,0.365,0.63,0,0,0,0,8,15.2,0,0,0,0,0.257,79.25,144.52,0.99,0.3,880,2.5,312,1.2,2024.0,220.0,170.92
2024,2,21,2,0,18.6,1.03,0.372,0.63,0,0,0,0,0,15.3,0,0,0,0,0.256,81.0,146.86,0.99,0.3,879,2.4,314,1.1,2024.0,220.0,170.92
2024,2,21,3,0,18.3,1.02,0.408,0.63,0,0,0,0,0,15.3,0,0,0,0,0.255,82.69,142.99,0.99,0.3,879,2.3,313,0.9,2024.0,220.0,170.92
2024,2,21,4,0,18.1,1.02,0.424,0.63,0,0,0,0,0,15.3,0,0,0,0,0.254,83.69,134.46,0.99,0.3,879,2.3,313,0.8,2024.0,220.0,170.92
2024,2,21,5,0,17.9,1.02,0.408,0.63,0,0,0,0,8,15.3,0,0,0,0,0.253,84.65,123.35,0.99,0.3,879,2.3,313,0.9,2024.0,220.0,106.1
2024,2,21,6,0,17.7,1.03,0.406,0.63,0,0,0,0,8,15.2,0,0,0,0,0.253,85.55,110.91,0.99,0.3,879,2.3,314,1.1,2024.0,220.0,128.82
2024,2,21,7,0,17.7,1.04,0.405,0.63,0,0,0,0,5,15.2,0,0,0,0,0.252,85.29,97.75,0.99,0.3,879,2.2,316,1.3,2024.0,220.0,170.92
2024,2,21,8,0,18.8,1.08,0.349,0.63,46,99,56,0,1,14.8,46,99,0,56,0.252,77.67,84.06,0.99,0.3,880,2.2,322,2.0,2024.0,220.0,146.73
2024,2,21,9,0,21.0,1.13,0.288,0.63,127,473,286,0,0,14.1,127,473,0,286,0.252,64.5,70.37,0.99,0.3,880,2.2,325,1.4,2024.0,220.0,58.22
2024,2,21,10,0,23.4,1.15,0.244,0.63,158,692,539,0,0,13.2,158,692,0,539,0.253,52.88,56.52,0.99,0.3,880,2.2,319,1.5,2024.0,220.0,0.0
2024,2,21,11,0,25.3,1.14,0.213,0.63,170,812,767,0,0,12.6,170,812,0,767,0.254,45.18,42.72,0.99,0.3,880,2.2,311,3.3,2024.0,220.0,0.0
2024,2,21,12,0,26.6,1.08,0.119,0.63,138,935,955,0,0,12.2,138,935,0,955,0.255,40.83,29.26,0.98,0.3,880,2.2,304,4.6,2024.0,220.0,0.0
2024,2,21,13,0,27.1,1.05,0.116,0.63,143,960,1060,0,0,12.0,143,960,0,1060,0.256,39.13,17.14,0.98,0.3,879,2.2,299,5.3,2024.0,220.0,0.0
2024,2,21,14,0,27.2,1.03,0.114,0.63,144,969,1092,0,3,11.8,576,361,0,930,0.256,38.4,11.92,0.98,0.3,878,2.1,297,5.7,2024.0,220.0,0.0
2024,2,21,15,0,26.9,1.02,0.11,0.63,139,963,1043,0,3,11.7,550,363,0,891,0.255,38.71,20.06,0.98,0.3,878,2.1,295,5.8,2024.0,220.0,0.0
2024,2,21,16,0,26.2,1.01,0.105,0.63,129,940,920,0,0,11.5,129,940,0,920,0.255,39.95,32.75,0.98,0.3,878,2.1,295,5.9,2024.0,220.0,0.0
2024,2,21,17,0,25.1,1.01,0.102,0.63,116,894,733,0,0,11.4,116,894,0,733,0.256,42.43,46.36,0.98,0.3,878,2.0,296,5.7,2024.0,220.0,0.0
2024,2,21,18,0,23.6,1.01,0.101,0.63,98,803,497,0,0,11.6,98,803,0,497,0.256,46.96,60.2,0.98,0.3,878,2.0,298,5.3,2024.0,220.0,0.0
2024,2,21,19,0,21.5,1.0,0.102,0.63,71,611,239,0,0,12.0,71,611,0,239,0.255,54.85,74.04,0.98,0.3,879,2.1,299,4.7,2024.0,220.0,0.0
2024,2,21,20,0,19.8,1.01,0.105,0.63,19,120,24,0,0,12.7,19,120,0,24,0.256,63.68,87.61,0.98,0.3,879,2.1,298,3.6,2024.0,220.0,64.95
2024,2,21,21,0,18.8,1.04,0.114,0.63,0,0,0,0,0,13.3,0,0,0,0,0.256,70.45,101.34,0.98,0.3,880,2.1,297,2.3,2024.0,220.0,102.25
2024,2,21,22,0,18.1,1.05,0.124,0.63,0,0,0,0,3,13.7,0,0,0,0,0.256,75.39,114.38,0.98,0.3,880,2.1,299,1.4,2024.0,220.0,102.25
2024,2,21,23,0,17.7,1.06,0.13,0.63,0,0,0,0,3,13.9,0,0,0,0,0.256,78.28,126.6,0.98,0.3,881,2.1,304,1.2,2024.0,220.0,102.25
2024,2,21,24,0,17.4,1.05,0.16,0.63,0,0,0,0,3,14.0,0,0,0,0,0.255,80.4,137.26,0.99,0.3,881,2.2,314,1.2,2024.0,220.0,102.25
2024,2,22,1,0,17.2,1.06,0.183,0.63,0,0,0,0,1,14.1,0,0,0,0,0.255,81.82,144.86,0.99,0.3,880,2.2,327,1.0,2024.0,220.0,118.79
2024,2,22,2,0,17.1,1.09,0.169,0.63,0,0,0,0,0,14.1,0,0,0,0,0.254,82.6,147.22,0.99,0.3,880,2.2,340,1.1,2024.0,220.0,116.74
2024,2,22,3,0,17.0,1.1,0.178,0.63,0,0,0,0,3,14.2,0,0,0,0,0.254,83.59,143.3,0.99,0.3,879,2.1,349,1.3,2024.0,220.0,105.08
2024,2,22,4,0,16.9,1.13,0.18,0.63,0,0,0,0,1,14.3,0,0,0,0,0.253,84.65,134.71,0.99,0.3,879,2.1,359,1.4,2024.0,220.0,103.16
2024,2,22,5,0,16.7,1.14,0.169,0.63,0,0,0,0,7,14.3,0,0,0,0,0.254,85.56,123.54,0.98,0.3,879,2.1,7,1.3,2024.0,220.0,114.68
2024,2,22,6,0,16.5,1.12,0.174,0.63,0,0,0,0,0,14.1,0,0,0,0,0.254,85.56,111.06,0.98,0.3,879,2.1,12,1.3,2024.0,220.0,116.53
2024,2,22,7,0,16.8,1.13,0.166,0.63,0,0,0,0,8,13.7,0,0,0,0,0.255,82.07,97.87,0.98,0.3,879,2.1,18,1.6,2024.0,220.0,118.79
2024,2,22,8,0,19.3,1.15,0.139,0.63,39,257,65,7,7,13.0,16,0,7,16,0.256,67.1,84.17,0.98,0.3,880,2.0,6,2.5,2024.0,220.0,118.79
2024,2,22,9,0,22.0,1.17,0.12,0.63,84,658,304,0,8,11.8,141,412,0,279,0.256,52.49,70.47,0.98,0.3,880,2.0,350,1.4,2024.0,220.0,77.64
2024,2,22,10,0,24.4,1.16,0.115,0.63,108,820,559,0,0,11.0,108,820,0,559,0.257,42.94,56.62,0.97,0.3,880,2.0,332,1.0,2024.0,220.0,5.74
2024,2,22,11,0,26.2,1.13,0.122,0.63,128,891,781,0,0,10.7,128,891,0,781,0.257,37.82,42.83,0.97,0.3,879,2.1,316,2.7,2024.0,220.0,40.19
2024,2,22,12,0,27.4,1.09,0.129,0.63,144,929,953,0,0,10.9,144,929,0,953,0.256,35.71,29.4,0.98,0.3,879,2.1,305,4.1,2024.0,220.0,53.15
2024,2,22,13,0,27.9,1.08,0.128,0.63,150,953,1059,0,0,11.4,150,953,0,1059,0.255,35.89,17.37,0.98,0.3,879,2.1,298,5.0,2024.0,220.0,2.46
2024,2,22,14,0,27.9,1.06,0.13,0.63,153,954,1085,0,0,11.9,153,954,0,1085,0.253,37.08,12.29,0.98,0.3,878,2.2,293,5.4,2024.0,220.0,0.0
2024,2,22,15,0,27.4,1.03,0.112,0.63,140,958,1038,0,3,12.2,455,534,0,956,0.252,38.93,20.31,0.98,0.3,878,2.2,290,5.5,2024.0,220.0,0.0
2024,2,22,16,0,26.6,1.01,0.13,0.63,142,915,910,0,3,12.2,526,165,0,664,0.25,40.94,32.94,0.98,0.3,878,2.2,286,5.3,2024.0,220.0,0.0
2024,2,22,17,0,25.5,1.0,0.139,0.63,133,853,720,0,8,12.2,297,458,0,612,0.249,43.46,46.52,0.98,0.3,878,2.2,283,5.0,2024.0,220.0,0.0
2024,2,22,18,0,24.0,1.0,0.148,0.63,116,745,485,0,0,12.1,116,745,0,485,0.249,47.33,60.35,0.98,0.3,878,2.1,279,4.5,2024.0,220.0,0.0
2024,2,22,19,0,22.1,1.02,0.158,0.63,85,530,229,0,0,12.1,85,530,0,229,0.25,53.15,74.2,0.98,0.3,878,2.1,274,3.9,2024.0,220.0,0.0
2024,2,22,20,0,20.5,1.06,0.157,0.63,18,71,21,7,3,12.3,11,0,7,11,0.251,59.29,87.77,0.98,0.3,879,2.1,268,3.4,2024.0,220.0,61.56
2024,2,22,21,0,19.7,1.09,0.153,0.63,0,0,0,0,0,12.4,0,0,0,0,0.252,62.69,101.52,0.98,0.31,879,2.0,259,2.4,2024.0,220.0,99.14
2024,2,22,22,0,19.1,1.11,0.149,0.63,0,0,0,0,0,12.4,0,0,0,0,0.253,65.17,114.6,0.98,0.31,880,1.9,250,1.2,2024.0,220.0,79.71
2024,2,22,23,0,18.7,1.11,0.144,0.63,0,0,0,0,0,12.3,0,0,0,0,0.254,66.57,126.85,0.98,0.31,880,1.9,251,0.8,2024.0,220.0,76.0
2024,2,22,24,0,18.4,1.12,0.141,0.63,0,0,0,0,3,12.3,0,0,0,0,0.254,67.59,137.56,0.98,0.31,880,1.8,303,0.8,2024.0,220.0,76.0
2024,2,23,1,0,18.0,1.15,0.13,0.63,0,0,0,0,0,12.3,0,0,0,0,0.255,69.15,145.21,0.98,0.31,879,1.8,340,0.7,2024.0,220.0,89.8
2024,2,23,2,0,17.6,1.18,0.114,0.63,0,0,0,0,0,12.3,0,0,0,0,0.255,71.04,147.58,0.98,0.31,879,1.8,341,0.7,2024.0,220.0,80.14
2024,2,23,3,0,17.0,1.19,0.107,0.63,0,0,0,0,0,12.4,0,0,0,0,0.255,74.18,143.61,0.98,0.31,879,1.8,341,0.9,2024.0,220.0,80.14
2024,2,23,4,0,16.6,1.18,0.106,0.63,0,0,0,0,0,12.4,0,0,0,0,0.255,76.4,134.95,0.98,0.31,879,1.8,339,1.0,2024.0,220.0,80.14
2024,2,23,5,0,16.3,1.18,0.107,0.63,0,0,0,0,0,12.4,0,0,0,0,0.255,77.89,123.73,0.98,0.31,879,1.8,345,0.8,2024.0,220.0,80.14
2024,2,23,6,0,16.0,1.18,0.114,0.63,0,0,0,0,0,12.4,0,0,0,0,0.255,79.09,111.21,0.98,0.31,880,1.7,12,0.7,2024.0,220.0,77.25
2024,2,23,7,0,16.1,1.19,0.121,0.63,0,0,0,0,0,12.2,0,0,0,0,0.254,77.82,97.99,0.99,0.31,880,1.7,60,1.0,2024.0,220.0,76.37
2024,2,23,8,0,19.0,1.22,0.12,0.63,37,288,66,0,0,11.7,37,288,0,66,0.254,62.63,84.27,0.98,0.31,880,1.7,72,1.7,2024.0,220.0,73.96
2024,2,23,9,0,22.1,1.25,0.117,0.63,83,673,308,0,0,11.0,83,673,0,308,0.254,49.33,70.56,0.98,0.31,880,1.6,65,1.9,2024.0,220.0,0.0
2024,2,23,10,0,24.9,1.28,0.109,0.63,106,839,566,0,0,10.0,106,839,0,566,0.253,38.96,56.71,0.98,0.31,880,1.6,285,2.9,2024.0,220.0,0.0
2024,2,23,11,0,27.2,1.29,0.1,0.63,118,929,798,0,0,8.8,118,929,0,798,0.252,31.38,42.94,0.98,0.31,880,1.5,270,3.9,2024.0,220.0,0.0
2024,2,23,12,0,28.7,1.31,0.09,0.63,122,979,974,0,0,7.9,122,979,0,974,0.252,27.12,29.54,0.98,0.31,879,1.5,273,4.5,2024.0,220.0,0.0
2024,2,23,13,0,29.4,1.31,0.082,0.63,123,1006,1082,0,0,7.7,123,1006,0,1082,0.252,25.57,17.62,0.97,0.31,879,1.5,275,4.8,2024.0,220.0,0.0
2024,2,23,14,0,29.4,1.28,0.079,0.63,123,1013,1112,0,0,7.8,123,1013,0,1112,0.252,25.79,12.65,0.97,0.31,879,1.5,274,4.8,2024.0,220.0,0.0
2024,2,23,15,0,29.1,1.24,0.078,0.63,120,1002,1058,0,0,7.9,120,1002,0,1058,0.252,26.53,20.57,0.97,0.31,879,1.6,271,4.7,2024.0,220.0,0.0
2024,2,23,16,0,28.3,1.19,0.078,0.63,114,977,932,0,0,8.1,114,977,0,932,0.252,28.16,33.13,0.97,0.31,878,1.6,267,4.5,2024.0,220.0,0.0
2024,2,23,17,0,27.2,1.15,0.078,0.63,104,929,741,0,0,8.4,104,929,0,741,0.252,30.56,46.69,0.96,0.31,878,1.6,261,4.1,2024.0,220.0,0.0
2024,2,23,18,0,25.8,1.12,0.076,0.63,87,844,502,0,0,8.7,87,844,0,502,0.252,33.79,60.51,0.96,0.31,878,1.6,254,3.7,2024.0,220.0,0.0
2024,2,23,19,0,23.9,1.11,0.074,0.63,63,666,242,0,0,9.0,63,666,0,242,0.252,38.67,74.36,0.96,0.31,878,1.6,245,3.6,2024.0,220.0,0.0
2024,2,23,20,0,21.7,1.11,0.073,0.63,17,159,22,0,0,9.8,17,159,0,22,0.253,46.82,87.93,0.96,0.31,879,1.6,240,3.4,2024.0,220.0,49.86
2024,2,23,21,0,20.2,1.1,0.074,0.63,0,0,0,0,0,10.8,0,0,0,0,0.254,54.61,101.71,0.96,0.31,879,1.6,232,2.3,2024.0,220.0,90.66
2024,2,23,22,0,19.1,1.1,0.077,0.63,0,0,0,0,0,11.3,0,0,0,0,0.254,60.39,114.81,0.96,0.31,879,1.7,217,1.6,2024.0,220.0,90.66
2024,2,23,23,0,18.6,1.11,0.083,0.63,0,0,0,0,0,11.4,0,0,0,0,0.254,62.79,127.1,0.96,0.31,879,1.7,188,1.7,2024.0,220.0,90.66
2024,2,23,24,0,18.4,1.12,0.089,0.63,0,0,0,0,0,11.3,0,0,0,0,0.255,63.26,137.86,0.96,0.31,879,1.8,138,1.4,2024.0,220.0,90.66
2024,2,24,1,0,18.1,1.14,0.095,0.63,0,0,0,0,0,11.2,0,0,0,0,0.254,63.93,145.57,0.96,0.31,879,1.9,101,1.2,2024.0,220.0,86.28
2024,2,24,2,0,17.9,1.14,0.1,0.63,0,0,0,0,0,11.1,0,0,0,0,0.254,64.27,147.95,0.96,0.31,878,2.0,86,1.5,2024.0,220.0,86.28
2024,2,24,3,0,17.5,1.13,0.112,0.63,0,0,0,0,0,11.0,0,0,0,0,0.254,65.74,143.92,0.97,0.31,878,2.0,37,1.8,2024.0,220.0,85.56
2024,2,24,4,0,17.2,1.12,0.123,0.63,0,0,0,0,0,11.0,0,0,0,0,0.253,67.05,135.19,0.97,0.31,879,2.2,8,1.9,2024.0,220.0,80.12
2024,2,24,5,0,17.0,1.13,0.132,0.63,0,0,0,0,0,11.1,0,0,0,0,0.253,68.07,123.91,0.97,0.31,879,2.3,1,1.7,2024.0,220.0,82.58
2024,2,24,6,0,17.0,1.13,0.148,0.63,0,0,0,0,0,11.1,0,0,0,0,0.252,68.06,111.35,0.98,0.31,879,2.4,10,1.5,2024.0,220.0,81.66
2024,2,24,7,0,17.3,1.14,0.164,0.63,0,0,0,0,1,11.0,0,0,0,0,0.251,66.37,98.11,0.98,0.31,879,2.5,40,1.8,2024.0,220.0,78.87
2024,2,24,8,0,19.7,1.15,0.18,0.63,40,195,59,7,7,10.8,53,16,7,55,0.251,56.59,84.37,0.98,0.31,879,2.6,52,2.8,2024.0,220.0,73.47
2024,2,24,9,0,22.7,1.16,0.192,0.63,103,552,285,0,0,10.2,103,552,0,285,0.251,45.23,70.66,0.98,0.31,880,2.7,302,2.8,2024.0,220.0,9.7
2024,2,24,10,0,25.4,1.17,0.2,0.63,140,716,532,0,0,9.7,140,716,0,532,0.251,37.02,56.81,0.98,0.31,880,2.8,277,3.6,2024.0,220.0,0.0
2024,2,24,11,0,27.7,1.19,0.2,0.63,163,807,752,0,0,9.1,163,807,0,752,0.25,31.16,43.05,0.98,0.31,879,2.9,268,4.3,2024.0,220.0,0.0
2024,2,24,12,0,29.3,1.21,0.118,0.63,136,919,934,0,0,8.9,136,919,0,934,0.249,27.99,29.69,0.97,0.31,879,3.0,262,4.9,2024.0,220.0,0.0
2024,2,24,13,0,30.2,1.2,0.127,0.63,147,935,1037,0,0,8.8,147,935,0,1037,0.246,26.37,17.86,0.97,0.31,878,3.0,261,5.3,2024.0,220.0,0.0
2024,2,24,14,0,30.3,1.18,0.143,0.63,158,929,1062,0,0,8.8,158,929,0,1062,0.244,26.19,13.02,0.98,0.31,878,3.0,261,5.5,2024.0,220.0,0.0
2024,2,24,15,0,29.3,1.15,0.158,0.63,163,907,1010,0,0,8.8,163,907,0,1010,0.242,27.86,20.83,0.98,0.31,878,3.0,260,5.3,2024.0,220.0,0.0
2024,2,24,16,0,27.7,1.12,0.177,0.63,164,863,885,0,0,9.0,164,863,0,885,0.241,30.98,33.32,0.98,0.31,878,2.9,257,4.9,2024.0,220.0,0.0
2024,2,24,17,0,26.5,1.12,0.177,0.63,148,804,698,0,8,9.3,299,455,0,610,0.239,33.74,46.85,0.98,0.31,878,2.9,251,4.2,2024.0,220.0,0.0
2024,2,24,18,0,25.7,1.12,0.175,0.63,124,702,467,0,3,9.3,295,175,0,381,0.239,35.58,60.67,0.98,0.31,878,2.8,240,3.6,2024.0,220.0,0.0
2024,2,24,19,0,24.2,1.12,0.183,0.63,88,483,217,0,5,9.5,74,0,0,74,0.24,39.3,74.52,0.98,0.31,879,2.8,233,2.9,2024.0,220.0,0.0
2024,2,24,20,0,22.2,1.1,0.197,0.63,15,39,16,0,0,10.2,15,39,0,16,0.243,46.47,88.09,0.98,0.31,879,2.9,241,1.9,2024.0,220.0,13.23
2024,2,24,21,0,20.8,1.08,0.217,0.63,0,0,0,0,8,11.0,0,0,0,0,0.244,53.49,101.9,0.98,0.31,880,2.9,249,1.0,2024.0,220.0,79.37
2024,2,24,22,0,19.9,1.06,0.243,0.63,0,0,0,0,8,11.6,0,0,0,0,0.246,58.71,115.03,0.98,0.31,880,2.9,274,0.3,2024.0,220.0,71.79
2024,2,24,23,0,19.4,1.06,0.253,0.63,0,0,0,0,3,12.0,0,0,0,0,0.248,62.15,127.36,0.98,0.31,881,3.0,310,0.6,2024.0,220.0,70.62
2024,2,24,24,0,19.1,1.06,0.254,0.63,0,0,0,0,4,12.2,0,0,0,0,0.249,64.32,138.16,0.98,0.31,881,3.0,326,0.8,2024.0,220.0,71.67
2024,2,25,1,0,18.8,1.06,0.254,0.63,0,0,0,0,5,12.4,0,0,0,0,0.25,66.58,145.92,0.98,0.31,881,3.1,324,0.8,2024.0,220.0,76.26
2024,2,25,2,0,18.6,1.07,0.249,0.63,0,0,0,0,0,12.7,0,0,0,0,0.251,68.43,148.31,0.98,0.31,880,3.1,327,0.8,2024.0,220.0,76.11
2024,2,25,3,0,18.4,1.06,0.254,0.63,0,0,0,0,8,12.9,0,0,0,0,0.251,70.14,144.23,0.98,0.31,880,3.1,346,0.7,2024.0,220.0,74.73
2024,2,25,4,0,18.2,1.04,0.267,0.63,0,0,0,0,8,13.0,0,0,0,0,0.251,71.7,135.43,0.98,0.31,880,3.2,2,0.8,2024.0,220.0,75.12
2024,2,25,5,0,18.1,1.04,0.271,0.63,0,0,0,0,5,13.0,0,0,0,0,0.25,72.11,124.1,0.98,0.31,880,3.2,20,0.9,2024.0,220.0,73.86
2024,2,25,6,0,18.0,1.05,0.266,0.63,0,0,0,0,5,12.8,0,0,0,0,0.25,71.84,111.5,0.98,0.31,881,3.3,62,1.0,2024.0,220.0,73.43
2024,2,25,7,0,18.1,1.06,0.246,0.63,0,0,0,0,4,12.5,0,0,0,0,0.25,69.97,98.23,0.98,0.31,881,3.3,95,1.3,2024.0,220.0,74.42
2024,2,25,8,0,19.1,1.08,0.218,0.63,40,148,54,7,8,11.8,40,148,5,54,0.25,62.41,84.47,0.98,0.31,881,3.3,112,2.4,2024.0,220.0,73.43
2024,2,25,9,0,20.8,1.1,0.203,0.63,104,524,277,0,7,10.5,39,0,0,39,0.249,51.62,70.75,0.97,0.31,881,3.4,119,2.5,2024.0,220.0,35.94
2024,2,25,10,0,22.6,1.1,0.205,0.63,141,697,522,0,8,9.7,13,0,0,13,0.249,43.81,56.91,0.97,0.31,881,3.4,124,3.1,2024.0,220.0,0.0
2024,2,25,11,0,24.1,1.11,0.215,0.63,169,782,739,0,7,9.5,299,13,0,309,0.248,39.53,43.16,0.97,0.31,881,3.5,135,3.8,2024.0,220.0,0.0
2024,2,25,12,0,25.2,1.11,0.224,0.63,189,829,907,0,7,9.5,441,273,0,678,0.248,37.15,29.84,0.97,0.31,881,3.5,174,4.6,2024.0,220.0,0.0
2024,2,25,13,0,25.8,1.12,0.225,0.63,198,854,1009,0,0,9.8,198,854,0,1009,0.248,36.51,18.11,0.97,0.31,881,3.6,216,5.1,2024.0,220.0,0.0
2024,2,25,14,0,26.0,1.13,0.212,0.63,193,869,1039,0,3,10.0,423,594,0,1001,0.248,36.47,13.39,0.97,0.31,880,3.6,225,5.2,2024.0,220.0,0.0
2024,2,25,15,0,26.1,1.15,0.161,0.63,163,895,998,0,0,9.8,163,895,0,998,0.248,35.79,21.1,0.97,0.31,879,3.5,219,5.1,2024.0,220.0,0.0
2024,2,25,16,0,26.3,1.16,0.147,0.63,148,877,879,0,0,9.4,148,877,0,879,0.248,34.44,33.52,0.97,0.31,879,3.4,210,4.9,2024.0,220.0,0.0
2024,2,25,17,0,26.2,1.16,0.137,0.63,129,831,696,0,0,9.0,129,831,0,696,0.248,33.68,47.03,0.96,0.31,878,3.3,203,4.6,2024.0,220.0,0.0
2024,2,25,18,0,25.5,1.16,0.133,0.63,107,737,466,0,0,8.9,107,737,0,466,0.247,34.88,60.84,0.96,0.31,878,3.2,202,4.0,2024.0,220.0,0.0
2024,2,25,19,0,23.8,1.16,0.128,0.63,74,542,217,0,3,9.1,129,3,0,130,0.247,39.27,74.69,0.96,0.31,878,3.2,209,3.3,2024.0,220.0,72.27
2024,2,25,20,0,21.2,1.15,0.13,0.63,14,66,16,7,8,9.8,9,0,7,9,0.247,48.23,88.26,0.96,0.31,879,3.2,221,2.3,2024.0,220.0,90.93
2024,2,25,21,0,19.8,1.15,0.137,0.63,0,0,0,0,8,10.5,0,0,0,0,0.248,54.99,102.1,0.96,0.3,880,3.2,223,1.5,2024.0,220.0,72.27
2024,2,25,22,0,18.9,1.15,0.139,0.63,0,0,0,0,8,10.9,0,0,0,0,0.248,59.62,115.25,0.96,0.3,880,3.2,223,1.4,2024.0,220.0,72.27
2024,2,25,23,0,18.4,1.15,0.137,0.63,0,0,0,0,4,11.1,0,0,0,0,0.247,62.32,127.62,0.96,0.3,880,3.2,237,1.6,2024.0,220.0,72.27
2024,2,25,24,0,18.0,1.14,0.152,0.63,0,0,0,0,4,11.2,0,0,0,0,0.247,64.52,138.47,0.97,0.3,880,3.1,327,1.4,2024.0,220.0,72.27
2024,2,26,1,0,17.6,1.14,0.164,0.63,0,0,0,0,4,11.4,0,0,0,0,0.246,66.96,146.28,0.97,0.3,880,3.1,342,1.3,2024.0,220.0,80.52
2024,2,26,2,0,17.2,1.12,0.172,0.63,0,0,0,1,8,11.7,0,0,1,0,0.246,69.87,148.68,0.97,0.3,880,3.2,343,1.2,2024.0,220.0,80.52
2024,2,26,3,0,16.7,1.11,0.206,0.63,0,0,0,0,8,11.9,0,0,0,0,0.246,73.52,144.54,0.97,0.3,880,3.2,346,1.1,2024.0,220.0,80.52
2024,2,26,4,0,16.5,1.1,0.235,0.63,0,0,0,0,5,12.2,0,0,0,0,0.246,75.73,135.66,0.98,0.3,880,3.2,351,0.8,2024.0,220.0,86.8
2024,2,26,5,0,16.4,1.1,0.252,0.63,0,0,0,0,3,12.4,0,0,0,0,0.247,77.15,124.28,0.98,0.3,880,3.2,359,0.7,2024.0,220.0,93.98
2024,2,26,6,0,16.6,1.1,0.279,0.63,0,0,0,0,3,12.5,0,0,0,0,0.247,76.69,111.64,0.98,0.3,881,3.2,6,0.8,2024.0,220.0,93.98
2024,2,26,7,0,17.0,1.12,0.287,0.63,0,0,0,0,1,12.5,0,0,0,0,0.247,74.72,98.35,0.98,0.3,881,3.2,17,1.2,2024.0,220.0,93.98
2024,2,26,8,0,18.7,1.16,0.271,0.63,40,119,51,0,1,12.3,40,119,0,51,0.247,66.16,84.57,0.98,0.3,881,3.2,23,2.3,2024.0,220.0,93.98
2024,2,26,9,0,21.0,1.18,0.262,0.63,117,472,272,0,0,11.7,117,472,0,272,0.247,55.23,70.84,0.98,0.3,881,3.2,357,3.1,2024.0,220.0,45.54
2024,2,26,10,0,23.1,1.19,0.257,0.63,158,658,516,0,0,10.9,158,658,0,516,0.247,46.19,57.0,0.98,0.3,880,3.2,272,3.8,2024.0,220.0,0.0
2024,2,26,11,0,24.4,1.21,0.25,0.63,182,762,737,0,3,10.7,381,460,0,716,0.247,42.07,43.27,0.98,0.3,880,3.2,259,4.2,2024.0,220.0,0.0
2024,2,26,12,0,25.4,1.14,0.131,0.63,142,903,924,0,8,10.6,284,629,0,828,0.246,39.48,29.99,0.97,0.3,879,3.2,256,4.7,2024.0,220.0,0.0
2024,2,26,13,0,26.5,1.15,0.129,0.63,147,927,1027,0,3,9.9,440,539,0,952,0.243,35.3,18.37,0.97,0.3,879,3.2,255,5.2,2024.0,220.0,0.0
2024,2,26,14,0,27.2,1.16,0.126,0.63,147,937,1057,0,7,9.1,155,884,0,1014,0.24,32.02,13.77,0.96,0.3,878,3.1,252,5.6,2024.0,220.0,0.0
2024,2,26,15,0,27.2,1.15,0.125,0.63,144,928,1008,0,0,8.8,144,928,0,1008,0.238,31.33,21.37,0.96,0.3,878,3.1,249,5.7,2024.0,220.0,0.0
2024,2,26,16,0,26.6,1.13,0.125,0.63,136,901,885,0,0,8.7,136,901,0,885,0.236,32.3,33.73,0.96,0.3,878,3.0,246,5.7,2024.0,220.0,0.0
2024,2,26,17,0,25.8,1.12,0.124,0.63,123,847,698,0,0,8.7,123,847,0,698,0.234,33.85,47.21,0.96,0.3,878,3.0,241,5.2,2024.0,220.0,0.0
2024,2,26,18,0,24.8,1.12,0.12,0.63,102,754,468,0,0,8.6,102,754,0,468,0.234,35.8,61.01,0.96,0.3,878,2.9,235,4.5,2024.0,220.0,0.0
2024,2,26,19,0,23.1,1.12,0.116,0.63,71,559,217,0,1,8.7,71,559,0,217,0.236,39.83,74.86,0.96,0.3,878,2.9,230,3.7,2024.0,220.0,0.0
2024,2,26,20,0,20.9,1.11,0.115,0.63,14,69,16,7,8,9.3,14,69,5,16,0.238,47.35,88.42,0.96,0.3,879,2.8,232,2.7,2024.0,220.0,109.36
2024,2,26,21,0,19.8,1.1,0.116,0.63,0,0,0,0,7,9.7,0,0,0,0,0.24,52.22,102.29,0.96,0.3,879,2.8,217,1.3,2024.0,220.0,191.62
2024,2,26,22,0,19.3,1.1,0.115,0.63,0,0,0,0,8,9.7,0,0,0,0,0.242,53.83,115.47,0.96,0.3,879,2.8,161,0.5,2024.0,220.0,169.73
2024,2,26,23,0,19.1,1.11,0.111,0.63,0,0,0,0,7,9.5,0,0,0,0,0.244,53.73,127.87,0.96,0.3,879,2.8,123,0.8,2024.0,220.0,102.93
2024,2,26,24,0,19.1,1.11,0.114,0.63,0,0,0,0,7,9.4,0,0,0,0,0.246,53.27,138.78,0.96,0.3,879,2.8,119,1.1,2024.0,220.0,95.91
2024,2,27,1,0,19.4,1.09,0.125,0.63,0,0,0,0,0,9.6,0,0,0,0,0.248,53.2,146.65,0.96,0.3,879,2.9,125,1.2,2024.0,220.0,103.83
2024,2,27,2,0,18.3,1.07,0.141,0.63,0,0,0,1,7,10.2,0,0,1,0,0.249,59.11,149.05,0.96,0.3,879,3.0,298,1.1,2024.0,220.0,103.83
2024,2,27,3,0,17.2,1.07,0.174,0.63,0,0,0,0,7,10.7,0,0,0,0,0.25,65.76,144.85,0.97,0.3,878,3.0,305,0.7,2024.0,220.0,97.48
2024,2,27,4,0,16.6,1.08,0.195,0.63,0,0,0,0,7,11.2,0,0,0,0,0.251,70.32,135.9,0.97,0.3,878,3.0,323,0.4,2024.0,220.0,75.8
2024,2,27,5,0,16.4,1.09,0.199,0.63,0,0,0,0,7,11.3,0,0,0,0,0.251,71.59,124.46,0.97,0.3,878,3.0,355,0.4,2024.0,220.0,76.41
2024,2,27,6,0,16.4,1.11,0.197,0.63,0,0,0,0,7,11.1,0,0,0,0,0.251,70.7,111.78,0.97,0.3,878,3.0,47,0.4,2024.0,220.0,76.53
2024,2,27,7,0,16.8,1.13,0.193,0.63,0,0,0,0,8,10.7,0,0,0,0,0.251,67.23,98.46,0.97,0.3,878,2.9,76,0.5,2024.0,220.0,76.53
2024,2,27,8,0,19.6,1.15,0.189,0.63,38,172,54,7,7,10.1,38,172,5,54,0.251,54.36,84.67,0.97,0.3,878,2.9,73,1.3,2024.0,220.0,76.91
2024,2,27,9,0,23.0,1.17,0.187,0.63,100,549,279,0,0,9.0,100,549,0,279,0.251,40.98,70.94,0.97,0.3,878,2.9,281,1.2,2024.0,220.0,34.35
2024,2,27,10,0,25.8,1.18,0.191,0.63,135,719,526,0,0,7.9,135,719,0,526,0.251,32.14,57.1,0.97,0.3,878,2.9,269,2.3,2024.0,220.0,0.0
2024,2,27,11,0,27.6,1.19,0.196,0.63,160,807,746,0,0,7.3,160,807,0,746,0.251,27.69,43.38,0.98,0.3,878,2.9,269,3.2,2024.0,220.0,0.0
2024,2,27,12,0,29.1,1.18,0.198,0.63,175,857,916,0,0,6.5,175,857,0,916,0.251,24.11,30.14,0.98,0.3,877,2.9,267,4.1,2024.0,220.0,0.0
2024,2,27,13,0,30.1,1.18,0.198,0.63,183,883,1020,0,0,6.0,183,883,0,1020,0.25,21.94,18.62,0.98,0.3,877,2.9,263,5.2,2024.0,220.0,0.0
2024,2,27,14,0,30.6,1.16,0.195,0.63,184,891,1048,0,0,5.8,184,891,0,1048,0.248,20.96,14.15,0.98,0.3,876,2.9,257,5.9,2024.0,220.0,0.0
2024,2,27,15,0,30.5,1.15,0.19,0.63,178,883,998,0,0,5.7,178,883,0,998,0.246,21.05,21.66,0.97,0.3,876,2.9,253,6.1,2024.0,220.0,0.0
2024,2,27,16,0,29.8,1.13,0.185,0.63,166,854,875,0,0,5.8,166,854,0,875,0.244,21.94,33.94,0.97,0.3,876,2.9,252,6.0,2024.0,220.0,0.0
2024,2,27,17,0,28.6,1.11,0.178,0.63,147,799,688,0,0,5.9,147,799,0,688,0.242,23.71,47.39,0.97,0.3,876,2.9,251,5.6,2024.0,220.0,0.0
2024,2,27,18,0,26.7,1.09,0.15,0.63,113,721,461,0,8,6.2,242,282,0,378,0.241,27.01,61.18,0.97,0.3,876,2.8,250,5.1,2024.0,220.0,0.0
2024,2,27,19,0,24.2,1.07,0.146,0.63,78,515,211,0,8,6.8,141,101,0,167,0.241,32.72,75.03,0.96,0.3,877,2.8,251,4.2,2024.0,220.0,0.0
2024,2,27,20,0,21.6,1.06,0.145,0.63,12,41,13,0,0,7.8,12,41,0,13,0.241,41.17,88.6,0.96,0.3,877,2.8,254,3.3,2024.0,220.0,72.93
2024,2,27,21,0,20.0,1.05,0.143,0.63,0,0,0,0,0,8.8,0,0,0,0,0.242,48.37,102.49,0.96,0.3,877,2.8,251,1.9,2024.0,220.0,105.48
2024,2,27,22,0,19.2,1.05,0.142,0.63,0,0,0,0,0,9.2,0,0,0,0,0.243,52.28,115.69,0.96,0.3,878,2.7,236,0.6,2024.0,220.0,76.81
2024,2,27,23,0,18.9,1.05,0.14,0.63,0,0,0,0,0,9.2,0,0,0,0,0.244,53.17,128.14,0.96,0.3,878,2.7,168,0.4,2024.0,220.0,76.81
2024,2,27,24,0,18.8,1.06,0.142,0.63,0,0,0,0,8,9.0,0,0,0,0,0.245,53.07,139.09,0.96,0.3,878,2.6,78,0.7,2024.0,220.0,76.81
2024,2,28,1,0,18.5,1.06,0.144,0.63,0,0,0,0,0,9.1,0,0,0,0,0.246,54.44,147.01,0.96,0.3,878,2.6,11,0.8,2024.0,220.0,81.98
2024,2,28,2,0,17.7,1.06,0.149,0.63,0,0,0,1,7,9.6,0,0,1,0,0.246,58.91,149.42,0.96,0.3,878,2.6,344,0.8,2024.0,220.0,81.98
2024,2,28,3,0,16.9,1.05,0.161,0.63,0,0,0,0,7,10.2,0,0,0,0,0.246,64.53,145.16,0.96,0.3,878,2.7,346,0.7,2024.0,220.0,81.98
2024,2,28,4,0,16.5,1.05,0.173,0.63,0,0,0,0,7,10.7,0,0,0,0,0.246,68.45,136.13,0.96,0.3,878,2.7,354,0.7,2024.0,220.0,81.54
2024,2,28,5,0,16.3,1.06,0.172,0.63,0,0,0,0,7,10.9,0,0,0,0,0.245,70.4,124.63,0.96,0.3,878,2.7,4,0.5,2024.0,220.0,76.92
2024,2,28,6,0,16.3,1.08,0.169,0.63,0,0,0,0,8,10.8,0,0,0,0,0.245,70.13,111.92,0.96,0.3,878,2.6,24,0.6,2024.0,220.0,83.6
2024,2,28,7,0,16.6,1.1,0.162,0.63,0,0,0,0,0,10.4,0,0,0,0,0.245,66.9,98.58,0.96,0.3,878,2.6,57,0.8,2024.0,220.0,86.74
2024,2,28,8,0,19.5,1.12,0.155,0.63,36,203,55,0,1,9.6,36,203,0,55,0.245,52.89,84.77,0.96,0.3,878,2.5,65,1.5,2024.0,220.0,80.72
2024,2,28,9,0,22.8,1.13,0.15,0.63,91,598,285,0,0,8.4,91,598,0,285,0.245,39.81,71.03,0.96,0.3,878,2.4,4,1.7,2024.0,220.0,41.07
2024,2,28,10,0,26.0,1.13,0.147,0.63,119,770,536,0,0,6.8,119,770,0,536,0.245,29.4,57.19,0.96,0.3,878,2.4,289,2.8,2024.0,220.0,0.0
2024,2,28,11,0,28.1,1.14,0.145,0.63,138,861,762,0,0,5.8,138,861,0,762,0.245,24.27,43.49,0.96,0.3,878,2.3,274,3.8,2024.0,220.0,0.0
2024,2,28,12,0,29.5,1.14,0.135,0.63,145,916,936,0,0,5.5,145,916,0,936,0.245,21.92,30.3,0.96,0.3,877,2.3,269,4.7,2024.0,220.0,0.0
2024,2,28,13,0,30.4,1.14,0.137,0.63,152,938,1040,0,0,5.4,152,938,0,1040,0.244,20.64,18.89,0.96,0.3,877,2.3,266,5.5,2024.0,220.0,0.0
2024,2,28,14,0,30.7,1.14,0.139,0.63,155,940,1065,0,0,5.4,155,940,0,1065,0.243,20.28,14.52,0.96,0.3,877,2.4,265,6.1,2024.0,220.0,0.0
2024,2,28,15,0,30.4,1.14,0.146,0.63,156,924,1013,0,0,5.5,156,924,0,1013,0.242,20.84,21.94,0.96,0.3,876,2.4,263,6.2,2024.0,220.0,0.0
2024,2,28,16,0,29.7,1.13,0.147,0.63,148,893,887,0,0,5.8,148,893,0,887,0.241,22.1,34.16,0.96,0.3,876,2.4,261,6.1,2024.0,220.0,0.0
2024,2,28,17,0,28.5,1.12,0.146,0.63,133,834,696,0,0,6.1,133,834,0,696,0.241,24.26,47.58,0.96,0.3,876,2.5,259,5.7,2024.0,220.0,0.0
2024,2,28,18,0,26.8,1.12,0.144,0.63,111,732,461,0,8,6.6,236,312,0,385,0.242,27.67,61.36,0.96,0.3,877,2.5,256,5.1,2024.0,220.0,0.0
2024,2,28,19,0,24.5,1.11,0.142,0.63,76,523,210,0,0,7.3,76,523,0,210,0.243,33.32,75.21,0.96,0.3,877,2.5,256,4.4,2024.0,220.0,0.0
2024,2,28,20,0,22.0,1.1,0.139,0.63,12,41,12,0,0,8.6,12,41,0,12,0.244,42.4,88.77,0.96,0.3,878,2.5,260,3.7,2024.0,220.0,66.38
2024,2,28,21,0,20.4,1.08,0.136,0.63,0,0,0,0,0,9.6,0,0,0,0,0.245,49.95,102.69,0.96,0.3,878,2.4,261,2.7,2024.0,220.0,98.61
2024,2,28,22,0,19.7,1.08,0.131,0.63,0,0,0,0,0,9.9,0,0,0,0,0.247,53.24,115.92,0.96,0.3,879,2.4,263,2.1,2024.0,220.0,97.38
2024,2,28,23,0,19.4,1.09,0.125,0.63,0,0,0,0,3,9.8,0,0,0,0,0.247,53.75,128.4,0.96,0.3,879,2.3,76,2.0,2024.0,220.0,81.88
2024,2,28,24,0,19.1,1.1,0.12,0.63,0,0,0,0,0,9.5,0,0,0,0,0.248,53.55,139.4,0.95,0.3,878,2.2,85,1.8,2024.0,220.0,81.88
2024,3,1,1,0,19.2,1.13,0.11,0.63,0,0,0,0,0,8.0,0,0,0,0,0.254,48.39,147.75,0.95,0.3,878,2.1,90,1.2,2024.0,220.0,75.08
2024,3,1,2,0,19.2,1.12,0.116,0.63,0,0,0,1,0,8.0,0,0,1,0,0.254,48.37,150.17,0.95,0.3,878,2.2,73,0.8,2024.0,220.0,83.5
2024,3,1,3,0,18.7,1.11,0.124,0.63,0,0,0,0,0,8.3,0,0,0,0,0.254,50.85,145.78,0.95,0.3,878,2.2,12,0.6,2024.0,220.0,78.91
2024,3,1,4,0,17.8,1.1,0.131,0.63,0,0,0,0,7,8.7,0,0,0,0,0.254,55.05,136.6,0.95,0.3,878,2.2,344,0.5,2024.0,220.0,75.53
2024,3,1,5,0,17.3,1.1,0.134,0.63,0,0,0,0,8,8.9,0,0,0,0,0.255,57.66,124.98,0.95,0.3,878,2.2,356,0.5,2024.0,220.0,73.5
2024,3,1,6,0,17.0,1.11,0.135,0.63,0,0,0,0,3,8.8,0,0,0,0,0.255,58.65,112.19,0.95,0.3,878,2.2,35,0.5,2024.0,220.0,78.51
2024,3,1,7,0,17.0,1.12,0.134,0.63,0,0,0,0,0,8.6,0,0,0,0,0.255,57.71,98.8,0.95,0.3,878,2.2,59,0.4,2024.0,220.0,81.58
2024,3,1,8,0,19.9,1.12,0.135,0.63,34,221,54,0,1,8.4,34,221,0,54,0.256,47.45,84.96,0.95,0.3,879,2.2,47,1.1,2024.0,220.0,90.23
2024,3,1,9,0,23.1,1.13,0.14,0.63,87,611,284,0,0,8.3,87,611,0,284,0.256,38.67,71.21,0.95,0.3,879,2.2,326,2.4,2024.0,220.0,30.96
2024,3,1,10,0,25.5,1.13,0.146,0.63,118,770,533,0,0,8.3,118,770,0,533,0.256,33.52,57.38,0.95,0.3,880,2.3,297,3.4,2024.0,220.0,0.0
2024,3,1,11,0,27.2,1.14,0.152,0.63,140,852,756,0,0,8.2,140,852,0,756,0.255,30.26,43.72,0.96,0.3,879,2.3,286,4.0,2024.0,220.0,0.0
2024,3,1,12,0,28.6,1.15,0.157,0.63,155,894,925,0,0,7.9,155,894,0,925,0.255,27.15,30.62,0.96,0.3,879,2.4,276,4.6,2024.0,220.0,0.0
2024,3,1,13,0,29.4,1.16,0.16,0.63,164,914,1026,0,0,7.6,164,914,0,1026,0.256,25.52,19.42,0.96,0.3,879,2.5,268,5.1,2024.0,220.0,0.0
2024,3,1,14,0,29.6,1.17,0.162,0.63,167,917,1051,1,0,7.5,167,917,1,1051,0.257,25.06,15.29,0.97,0.3,878,2.6,261,5.5,2024.0,220.0,0.0
2024,3,1,15,0,29.5,1.15,0.109,0.63,135,945,1008,0,0,7.5,135,945,0,1008,0.257,25.08,22.54,0.96,0.3,878,2.6,254,5.6,2024.0,220.0,0.0
2024,3,1,16,0,29.0,1.16,0.108,0.63,126,916,880,0,0,7.4,126,916,0,880,0.257,25.79,34.62,0.95,0.3,877,2.7,248,5.5,2024.0,220.0,0.0
2024,3,1,17,0,28.0,1.16,0.107,0.63,114,863,692,0,0,7.5,114,863,0,692,0.258,27.41,47.97,0.96,0.3,877,2.7,244,5.0,2024.0,220.0,0.0
2024,3,1,18,0,26.4,1.15,0.109,0.63,96,762,457,0,0,7.6,96,762,0,457,0.258,30.29,61.72,0.96,0.3,877,2.7,243,4.4,2024.0,220.0,0.0
2024,3,1,19,0,24.2,1.14,0.112,0.63,68,552,205,0,0,7.9,68,552,0,205,0.258,35.35,75.57,0.96,0.3,878,2.7,246,3.9,2024.0,220.0,0.0
2024,3,1,20,0,21.8,1.13,0.117,0.63,0,0,0,7,8,8.7,0,0,7,0,0.258,43.12,89.11,0.96,0.3,878,2.7,251,3.4,2024.0,220.0,64.21
2024,3,1,21,0,20.3,1.13,0.12,0.63,0,0,0,0,5,9.4,0,0,0,0,0.257,49.46,103.1,0.96,0.3,879,2.7,250,2.4,2024.0,220.0,86.17
2024,3,1,22,0,19.4,1.13,0.122,0.63,0,0,0,0,8,9.6,0,0,0,0,0.256,53.12,116.38,0.96,0.3,879,2.7,238,1.1,2024.0,220.0,89.79
2024,3,1,23,0,19.1,1.13,0.124,0.63,0,0,0,0,0,9.6,0,0,0,0,0.256,53.92,128.93,0.96,0.3,879,2.6,180,0.5,2024.0,220.0,89.79
2024,3,1,24,0,18.8,1.13,0.131,0.63,0,0,0,0,0,9.4,0,0,0,0,0.255,54.45,140.04,0.97,0.3,879,2.6,141,0.7,2024.0,220.0,90.34
2024,3,2,1,0,18.7,1.13,0.146,0.63,0,0,0,0,0,9.4,0,0,0,0,0.254,54.64,148.12,0.97,0.3,879,2.6,138,0.9,2024.0,220.0,95.85
2024,3,2,2,0,18.5,1.13,0.169,0.63,0,0,0,1,0,9.5,0,0,1,0,0.254,55.89,150.55,0.98,0.3,879,2.7,279,1.0,2024.0,220.0,95.85
2024,3,2,3,0,17.9,1.13,0.202,0.63,0,0,0,0,3,9.9,0,0,0,0,0.253,59.32,146.09,0.98,0.3,879,2.7,311,1.1,2024.0,220.0,95.85
2024,3,2,4,0,17.4,1.12,0.239,0.63,0,0,0,0,7,10.2,0,0,0,0,0.253,62.69,136.82,0.98,0.3,879,2.8,329,1.2,2024.0,220.0,94.59
2024,3,2,5,0,17.2,1.12,0.269,0.63,0,0,0,0,5,10.5,0,0,0,0,0.254,64.62,125.15,0.98,0.3,879,2.8,344,1.2,2024.0,220.0,88.31
2024,3,2,6,0,17.2,1.12,0.302,0.63,0,0,0,0,7,10.6,0,0,0,0,0.255,65.09,112.32,0.98,0.3,879,2.8,3,1.2,2024.0,220.0,88.31
2024,3,2,7,0,17.3,1.12,0.334,0.63,0,0,0,0,8,10.6,0,0,0,0,0.256,64.92,98.91,0.99,0.3,880,2.8,18,1.3,2024.0,220.0,88.31
2024,3,2,8,0,18.9,1.11,0.347,0.63,36,73,42,7,8,10.6,36,73,5,42,0.257,58.66,85.06,0.99,0.3,880,2.8,358,2.2,2024.0,220.0,87.11
2024,3,2,9,0,20.9,1.1,0.378,0.63,136,370,255,0,8,10.5,183,115,0,220,0.258,51.26,71.31,0.99,0.3,881,2.9,326,2.9,2024.0,220.0,40.94
2024,3,2,10,0,22.4,1.08,0.399,0.63,201,543,493,0,0,10.3,201,543,0,493,0.257,46.13,57.48,0.99,0.3,881,3.0,314,4.0,2024.0,220.0,0.0
2024,3,2,11,0,23.3,1.08,0.388,0.63,235,659,711,0,0,10.0,235,659,0,711,0.257,42.92,43.83,0.99,0.3,881,3.1,310,5.0,2024.0,220.0,0.0
2024,3,2,12,0,24.0,1.1,0.165,0.63,158,871,907,0,1,9.6,158,871,0,907,0.255,40.12,30.78,0.96,0.3,880,3.2,300,5.7,2024.0,220.0,0.0
2024,3,2,13,0,24.6,1.12,0.162,0.63,164,898,1009,0,0,9.2,164,898,0,1009,0.253,37.61,19.7,0.96,0.3,880,3.2,285,6.1,2024.0,220.0,0.0
2024,3,2,14,0,25.0,1.14,0.149,0.63,159,914,1039,1,0,8.7,159,914,1,1039,0.251,35.52,15.68,0.97,0.3,879,3.2,271,6.1,2024.0,220.0,0.0
2024,3,2,15,0,25.3,1.17,0.127,0.63,143,921,992,0,0,8.3,143,921,0,992,0.25,33.97,22.84,0.96,0.3,879,3.1,262,6.0,2024.0,220.0,0.0
2024,3,2,16,0,25.4,1.18,0.123,0.63,133,895,868,0,7,7.9,394,307,0,646,0.249,32.88,34.85,0.96,0.3,878,3.1,255,5.6,2024.0,220.0,0.0
2024,3,2,17,0,25.1,1.19,0.121,0.63,120,843,682,0,8,7.6,165,666,0,609,0.248,32.83,48.17,0.96,0.3,878,3.0,249,5.0,2024.0,220.0,0.0
2024,3,2,18,0,24.3,1.19,0.122,0.63,100,740,449,0,0,7.5,100,740,0,449,0.248,34.08,61.91,0.97,0.3,878,3.0,244,4.5,2024.0,220.0,0.0
2024,3,2,19,0,22.9,1.19,0.125,0.63,70,525,199,0,7,7.6,77,4,0,78,0.249,37.42,75.76,0.97,0.3,879,3.0,244,3.9,2024.0,220.0,0.0
2024,3,2,20,0,21.2,1.19,0.127,0.63,0,0,0,0,0,8.1,0,0,0,0,0.251,43.01,89.28,0.97,0.3,880,3.0,247,3.3,2024.0,220.0,33.69
2024,3,2,21,0,20.0,1.19,0.129,0.63,0,0,0,0,0,8.6,0,0,0,0,0.252,47.83,103.31,0.97,0.3,880,3.0,247,2.3,2024.0,220.0,87.18
2024,3,2,22,0,19.1,1.2,0.126,0.63,0,0,0,0,3,8.9,0,0,0,0,0.253,51.52,116.61,0.97,0.3,881,3.0,247,1.0,2024.0,220.0,90.3
2024,3,2,23,0,18.5,1.22,0.122,0.63,0,0,0,0,0,8.9,0,0,0,0,0.255,53.57,129.2,0.97,0.3,881,2.9,233,0.4,2024.0,220.0,90.3
2024,3,2,24,0,18.2,1.23,0.12,0.63,0,0,0,0,0,8.8,0,0,0,0,0.256,54.14,140.36,0.97,0.3,881,2.8,338,0.5,2024.0,220.0,83.97
2024,3,3,1,0,17.7,1.22,0.125,0.63,0,0,0,0,0,8.6,0,0,0,0,0.257,55.26,148.49,0.97,0.3,880,2.8,339,0.8,2024.0,220.0,78.11
2024,3,3,2,0,17.2,1.19,0.143,0.63,0,0,0,0,8,8.5,0,0,0,0,0.257,56.57,150.93,0.97,0.3,880,2.7,349,0.9,2024.0,220.0,79.9
2024,3,3,3,0,17.0,1.16,0.181,0.63,0,0,0,0,8,8.3,0,0,0,0,0.258,56.72,146.39,0.98,0.3,880,2.6,4,1.0,2024.0,220.0,80.14
2024,3,3,4,0,17.0,1.14,0.219,0.63,0,0,0,0,8,8.2,0,0,0,0,0.258,55.98,137.05,0.98,0.3,880,2.5,15,1.1,2024.0,220.0,80.14
2024,3,3,5,0,17.0,1.15,0.227,0.63,0,0,0,0,0,8.0,0,0,0,0,0.258,55.29,125.32,0.99,0.3,880,2.5,21,1.0,2024.0,220.0,80.14
2024,3,3,6,0,16.9,1.16,0.243,0.63,0,0,0,0,0,7.8,0,0,0,0,0.257,55.15,112.46,0.99,0.3,880,2.4,31,1.1,2024.0,220.0,80.14
2024,3,3,7,0,17.1,1.17,0.244,0.63,0,0,0,0,1,7.7,0,0,0,0,0.256,53.9,99.02,0.99,0.3,880,2.3,43,1.4,2024.0,220.0,80.14
2024,3,3,8,0,19.6,1.2,0.226,0.63,36,136,47,0,1,7.4,36,136,0,47,0.255,45.09,85.15,0.99,0.3,881,2.3,30,2.6,2024.0,220.0,74.92
2024,3,3,9,0,22.6,1.23,0.205,0.63,103,536,274,0,0,5.9,103,536,0,274,0.255,33.96,71.4,0.98,0.3,881,2.2,335,2.1,2024.0,220.0,30.21
2024,3,3,10,0,25.2,1.25,0.187,0.63,133,735,527,0,0,4.4,133,735,0,527,0.255,26.07,57.58,0.98,0.3,880,2.1,296,2.5,2024.0,220.0,0.0
2024,3,3,11,0,27.3,1.27,0.171,0.63,148,841,754,0,0,3.7,148,841,0,754,0.254,22.02,43.95,0.98,0.3,880,2.1,279,3.5,2024.0,220.0,0.0
2024,3,3,12,0,28.7,1.29,0.16,0.63,156,899,927,0,0,3.6,156,899,0,927,0.254,20.13,30.95,0.98,0.3,880,2.1,274,4.5,2024.0,220.0,0.0
2024,3,3,13,0,29.2,1.28,0.156,0.63,161,926,1032,0,0,3.8,161,926,0,1032,0.254,19.8,19.97,0.98,0.3,879,2.1,272,5.3,2024.0,220.0,0.0
2024,3,3,14,0,29.1,1.27,0.156,0.63,163,932,1058,1,0,4.1,163,932,1,1058,0.255,20.36,16.06,0.98,0.3,879,2.1,271,5.7,2024.0,220.0,0.0
2024,3,3,15,0,28.8,1.25,0.153,0.63,158,922,1006,0,0,4.3,158,922,0,1006,0.255,21.0,23.15,0.98,0.3,879,2.1,269,5.7,2024.0,220.0,0.0
2024,3,3,16,0,28.2,1.25,0.149,0.63,147,895,879,0,0,4.4,147,895,0,879,0.255,21.82,35.09,0.97,0.3,879,2.1,266,5.5,2024.0,220.0,0.0
2024,3,3,17,0,27.4,1.24,0.144,0.63,131,841,689,0,0,4.3,131,841,0,689,0.256,22.81,48.38,0.97,0.3,878,2.1,261,5.0,2024.0,220.0,0.0
2024,3,3,18,0,26.1,1.23,0.16,0.63,115,717,450,0,0,4.4,115,717,0,450,0.255,24.75,62.1,0.98,0.3,878,2.1,256,4.4,2024.0,220.0,0.0
2024,3,3,19,0,24.1,1.22,0.157,0.63,77,501,198,0,0,4.8,77,501,0,198,0.255,28.74,75.95,0.98,0.3,879,2.0,251,3.7,2024.0,220.0,0.0
2024,3,3,20,0,21.7,1.22,0.156,0.63,0,0,0,0,0,6.1,0,0,0,0,0.255,36.37,89.46,0.98,0.3,879,2.0,253,3.0,2024.0,220.0,43.31
2024,3,3,21,0,20.0,1.22,0.156,0.63,0,0,0,0,0,7.2,0,0,0,0,0.254,43.59,103.52,0.98,0.3,879,2.1,249,1.7,2024.0,220.0,76.86
2024,3,3,22,0,19.4,1.22,0.156,0.63,0,0,0,0,0,7.6,0,0,0,0,0.253,46.37,116.84,0.98,0.3,880,2.1,212,0.5,2024.0,220.0,76.73
2024,3,3,23,0,18.9,1.21,0.155,0.63,0,0,0,0,0,7.4,0,0,0,0,0.253,47.07,129.47,0.98,0.3,880,2.1,113,0.6,2024.0,220.0,76.39
2024,3,3,24,0,18.7,1.21,0.153,0.63,0,0,0,0,0,6.9,0,0,0,0,0.253,46.11,140.68,0.98,0.3,880,2.2,92,0.7,2024.0,220.0,76.39
2024,3,4,1,0,18.8,1.2,0.151,0.63,0,0,0,0,0,6.6,0,0,0,0,0.253,44.93,148.87,0.97,0.3,879,2.2,73,0.7,2024.0,220.0,76.63
2024,3,4,2,0,18.6,1.2,0.15,0.63,0,0,0,0,0,6.7,0,0,0,0,0.253,45.96,151.31,0.97,0.3,879,2.2,34,0.5,2024.0,220.0,76.24
2024,3,4,3,0,18.1,1.19,0.151,0.63,0,0,0,0,0,7.1,0,0,0,0,0.253,48.49,146.7,0.97,0.3,879,2.3,359,0.5,2024.0,220.0,79.77
2024,3,4,4,0,17.7,1.19,0.151,0.63,0,0,0,0,0,7.2,0,0,0,0,0.254,50.04,137.27,0.97,0.3,878,2.3,350,0.5,2024.0,220.0,79.72
2024,3,4,5,0,17.6,1.2,0.148,0.63,0,0,0,0,0,7.0,0,0,0,0,0.253,49.88,125.49,0.97,0.3,878,2.3,7,0.8,2024.0,220.0,79.2
2024,3,4,6,0,17.5,1.2,0.145,0.63,0,0,0,0,0,6.7,0,0,0,0,0.253,48.99,112.59,0.97,0.3,878,2.2,61,1.1,2024.0,220.0,81.63
2024,3,4,7,0,17.5,1.21,0.143,0.63,0,0,0,0,0,6.2,0,0,0,0,0.252,47.35,99.13,0.97,0.3,878,2.2,87,1.4,2024.0,220.0,87.44
2024,3,4,8,0,19.8,1.22,0.142,0.63,33,208,50,0,0,5.7,33,208,0,50,0.252,39.77,85.24,0.97,0.3,879,2.1,93,2.9,2024.0,220.0,85.61
2024,3,4,9,0,23.2,1.23,0.141,0.63,87,610,280,0,0,4.7,87,610,0,280,0.252,30.17,71.49,0.97,0.3,879,2.1,204,2.1,2024.0,220.0,22.59
2024,3,4,10,0,26.1,1.24,0.141,0.63,116,782,534,0,0,3.6,116,782,0,534,0.252,23.46,57.67,0.97,0.3,879,2.0,265,1.1,2024.0,220.0,0.0
2024,3,4,11,0,28.2,1.26,0.143,0.63,135,867,758,0,0,3.4,135,867,0,758,0.252,20.39,44.07,0.97,0.3,879,2.0,266,2.8,2024.0,220.0,0.0
2024,3,4,12,0,29.7,1.28,0.114,0.63,133,937,935,0,0,3.5,133,937,0,935,0.25,18.79,31.12,0.97,0.3,878,2.0,266,4.5,2024.0,220.0,0.0
2024,3,4,13,0,30.5,1.29,0.119,0.63,141,955,1038,0,0,3.7,141,955,0,1038,0.249,18.3,20.25,0.97,0.3,878,2.0,264,5.6,2024.0,220.0,0.0
2024,3,4,14,0,30.8,1.29,0.125,0.63,146,956,1063,1,0,4.1,146,956,1,1063,0.247,18.45,16.45,0.97,0.3,877,2.0,262,5.9,2024.0,220.0,0.0
2024,3,4,15,0,30.6,1.28,0.117,0.63,139,952,1012,0,0,4.5,139,952,0,1012,0.246,19.21,23.46,0.97,0.3,877,2.0,258,5.9,2024.0,220.0,0.0
2024,3,4,16,0,29.9,1.26,0.123,0.63,134,918,883,0,0,5.0,134,918,0,883,0.246,20.65,35.33,0.97,0.3,876,2.0,254,5.5,2024.0,220.0,0.0
2024,3,4,17,0,28.8,1.24,0.127,0.63,123,858,690,0,0,5.5,123,858,0,690,0.245,22.78,48.59,0.97,0.3,876,2.0,250,5.0,2024.0,220.0,0.0
2024,3,4,18,0,27.2,1.23,0.127,0.63,102,751,452,0,0,6.1,102,751,0,452,0.247,26.08,62.3,0.97,0.3,876,2.1,247,4.4,2024.0,220.0,0.0
2024,3,4,19,0,24.8,1.22,0.125,0.63,69,537,198,0,0,7.1,69,537,0,198,0.249,32.18,76.14,0.97,0.3,877,2.1,247,4.0,2024.0,220.0,18.83
2024,3,4,20,0,22.2,1.21,0.123,0.63,0,0,0,0,0,8.6,0,0,0,0,0.251,41.87,89.64,0.96,0.3,877,2.1,249,3.5,2024.0,220.0,82.05
2024,3,4,21,0,20.6,1.2,0.121,0.63,0,0,0,0,0,9.7,0,0,0,0,0.253,49.79,103.73,0.96,0.3,878,2.1,247,2.6,2024.0,220.0,109.65
2024,3,4,22,0,19.7,1.19,0.118,0.63,0,0,0,0,0,10.2,0,0,0,0,0.255,54.15,117.08,0.96,0.3,878,2.1,235,1.2,2024.0,220.0,127.37
2024,3,4,23,0,19.4,1.18,0.116,0.63,0,0,0,0,0,10.1,0,0,0,0,0.256,54.96,129.74,0.96,0.3,878,2.0,108,0.5,2024.0,220.0,98.25
2024,3,4,24,0,19.1,1.17,0.114,0.63,0,0,0,0,0,9.9,0,0,0,0,0.257,55.01,141.0,0.96,0.3,878,2.0,59,0.7,2024.0,220.0,76.0
2024,3,5,1,0,18.8,1.17,0.113,0.63,0,0,0,0,0,9.6,0,0,0,0,0.258,55.25,149.25,0.96,0.3,878,2.1,32,0.9,2024.0,220.0,74.07
2024,3,5,2,0,18.2,1.17,0.112,0.63,0,0,0,0,0,9.7,0,0,0,0,0.258,57.7,151.69,0.96,0.3,878,2.1,6,0.9,2024.0,220.0,73.47
2024,3,5,3,0,17.6,1.17,0.115,0.63,0,0,0,0,0,10.0,0,0,0,0,0.257,60.9,147.0,0.96,0.3,877,2.1,351,1.0,2024.0,220.0,73.92
2024,3,5,4,0,17.2,1.16,0.118,0.63,0,0,0,0,0,10.2,0,0,0,0,0.256,63.32,137.5,0.96,0.3,877,2.1,349,1.1,2024.0,220.0,73.92
2024,3,5,5,0,16.9,1.15,0.12,0.63,0,0,0,0,0,10.2,0,0,0,0,0.255,64.68,125.65,0.96,0.3,877,2.2,358,1.1,2024.0,220.0,73.92
2024,3,5,6,0,16.8,1.15,0.125,0.63,0,0,0,0,0,10.1,0,0,0,0,0.254,64.43,112.71,0.96,0.3,877,2.2,25,1.1,2024.0,220.0,79.98
2024,3,5,7,0,16.8,1.16,0.125,0.63,0,0,0,0,0,9.7,0,0,0,0,0.252,62.97,99.23,0.96,0.3,878,2.1,68,1.3,2024.0,220.0,101.08
2024,3,5,8,0,19.4,1.18,0.121,0.63,32,227,50,0,0,9.2,32,227,0,50,0.251,51.77,85.33,0.96,0.3,878,2.1,81,2.0,2024.0,220.0,107.63
2024,3,5,9,0,22.8,1.2,0.117,0.63,80,638,281,0,0,8.1,80,638,0,281,0.25,38.9,71.58,0.96,0.3,878,2.1,98,1.9,2024.0,220.0,16.71
2024,3,5,10,0,26.1,1.21,0.117,0.63,106,803,534,0,0,6.4,106,803,0,534,0.249,28.42,57.77,0.97,0.3,878,2.1,254,2.3,2024.0,220.0,0.0
2024,3,5,11,0,28.4,1.22,0.122,0.63,126,881,757,0,0,5.8,126,881,0,757,0.248,23.77,44.19,0.97,0.3,877,2.1,256,3.1,2024.0,220.0,0.0
2024,3,5,12,0,29.9,1.22,0.125,0.63,138,924,928,0,0,5.8,138,924,0,928,0.246,21.87,31.29,0.97,0.3,877,2.1,255,3.9,2024.0,220.0,0.0
2024,3,5,13,0,30.7,1.22,0.133,0.63,149,941,1030,0,0,6.1,149,941,0,1030,0.244,21.37,20.54,0.97,0.3,876,2.1,254,4.7,2024.0,220.0,0.0
2024,3,5,14,0,30.8,1.2,0.141,0.63,155,940,1055,0,0,6.6,155,940,0,1055,0.243,21.95,16.84,0.97,0.3,876,2.1,251,5.1,2024.0,220.0,0.0
2024,3,5,15,0,30.5,1.14,0.103,0.63,131,955,1006,0,0,7.0,131,955,0,1006,0.241,22.89,23.78,0.96,0.3,876,2.2,249,5.2,2024.0,220.0,0.0
2024,3,5,16,0,29.8,1.12,0.106,0.63,126,924,877,0,0,7.2,126,924,0,877,0.24,24.2,35.58,0.96,0.3,876,2.2,248,5.1,2024.0,220.0,0.0
2024,3,5,17,0,28.6,1.11,0.106,0.63,113,870,686,0,0,7.3,113,870,0,686,0.239,26.07,48.8,0.96,0.3,875,2.2,246,4.9,2024.0,220.0,0.0
2024,3,5,18,0,27.0,1.09,0.102,0.63,93,775,451,0,0,7.4,93,775,0,451,0.238,28.9,62.5,0.96,0.3,876,2.1,244,4.5,2024.0,220.0,0.0
2024,3,5,19,0,24.7,1.08,0.098,0.63,63,568,197,0,0,7.8,63,568,0,197,0.238,34.06,76.33,0.96,0.3,876,2.1,246,4.2,2024.0,220.0,0.0
2024,3,5,20,0,22.2,1.07,0.094,0.63,0,0,0,0,0,8.9,0,0,0,0,0.239,42.52,89.81,0.96,0.3,876,2.1,250,3.8,2024.0,220.0,65.03
2024,3,5,21,0,20.6,1.06,0.09,0.63,0,0,0,0,0,9.7,0,0,0,0,0.239,49.76,103.95,0.96,0.3,877,2.0,242,2.6,2024.0,220.0,80.5
2024,3,5,22,0,19.6,1.06,0.087,0.63,0,0,0,0,0,10.1,0,0,0,0,0.239,54.12,117.31,0.96,0.3,877,2.0,213,1.1,2024.0,220.0,84.69
2024,3,5,23,0,19.2,1.05,0.085,0.63,0,0,0,0,0,10.0,0,0,0,0,0.24,55.31,130.01,0.95,0.3,877,2.0,155,0.7,2024.0,220.0,80.47
2024,3,5,24,0,18.9,1.04,0.089,0.63,0,0,0,0,0,10.0,0,0,0,0,0.24,56.12,141.32,0.95,0.3,877,2.0,69,0.9,2024.0,220.0,73.73
2024,3,6,1,0,18.1,1.03,0.098,0.63,0,0,0,0,0,10.2,0,0,0,0,0.241,60.07,149.63,0.96,0.3,877,2.0,6,0.9,2024.0,220.0,75.4
2024,3,6,2,0,17.2,1.02,0.109,0.63,0,0,0,0,0,10.8,0,0,0,0,0.241,65.93,152.07,0.96,0.3,877,2.0,349,0.7,2024.0,220.0,76.98
2024,3,6,3,0,16.6,1.01,0.13,0.63,0,0,0,0,0,11.3,0,0,0,0,0.241,71.04,147.31,0.96,0.3,877,2.0,350,0.6,2024.0,220.0,77.95
2024,3,6,4,0,16.4,1.02,0.141,0.63,0,0,0,0,0,11.7,0,0,0,0,0.242,73.8,137.72,0.97,0.3,877,2.1,359,0.5,2024.0,220.0,83.29
2024,3,6,5,0,16.4,1.04,0.136,0.63,0,0,0,0,0,11.7,0,0,0,0,0.243,73.97,125.81,0.97,0.3,877,2.0,18,0.5,2024.0,220.0,84.7
2024,3,6,6,0,16.3,1.06,0.127,0.63,0,0,0,0,3,11.4,0,0,0,0,0.243,72.61,112.84,0.97,0.3,877,2.0,63,0.6,2024.0,220.0,80.87
2024,3,6,7,0,16.4,1.07,0.12,0.63,0,0,0,0,8,10.6,0,0,0,0,0.244,68.72,99.33,0.96,0.3,877,2.0,91,0.8,2024.0,220.0,85.01
2024,3,6,8,0,19.5,1.08,0.117,0.63,31,225,49,0,0,9.7,31,225,0,49,0.244,52.99,85.42,0.96,0.3,878,1.9,92,1.4,2024.0,220.0,85.16
2024,3,6,9,0,22.9,1.09,0.114,0.63,80,643,282,0,0,8.1,80,643,0,282,0.245,38.74,71.67,0.96,0.3,878,1.9,71,1.3,2024.0,220.0,28.41
2024,3,6,10,0,26.0,1.11,0.112,0.63,105,813,537,0,0,6.5,105,813,0,537,0.245,28.84,57.87,0.96,0.3,878,1.8,294,2.1,2024.0,220.0,0.0
2024,3,6,11,0,28.1,1.12,0.111,0.63,121,897,763,0,0,6.2,121,897,0,763,0.245,24.89,44.31,0.96,0.3,878,1.8,283,3.0,2024.0,220.0,0.0
2024,3,6,12,0,29.6,1.13,0.108,0.63,130,944,935,0,0,6.0,130,944,0,935,0.245,22.49,31.47,0.96,0.3,878,1.8,277,3.9,2024.0,220.0,0.0
2024,3,6,13,0,30.5,1.13,0.109,0.63,137,965,1038,0,0,5.8,137,965,0,1038,0.247,21.2,20.83,0.96,0.3,877,1.8,270,4.8,2024.0,220.0,0.0
2024,3,6,14,0,30.9,1.14,0.111,0.63,139,968,1064,0,0,5.9,139,968,0,1064,0.248,20.78,17.24,0.96,0.3,877,1.8,264,5.5,2024.0,220.0,0.0
2024,3,6,15,0,30.7,1.14,0.113,0.63,137,956,1010,0,0,6.1,137,956,0,1010,0.249,21.31,24.1,0.96,0.3,876,1.8,260,5.7,2024.0,220.0,0.0
2024,3,6,16,0,30.0,1.13,0.112,0.63,129,928,881,0,0,6.4,129,928,0,881,0.25,22.59,35.83,0.96,0.3,876,1.8,256,5.7,2024.0,220.0,0.0
2024,3,6,17,0,28.8,1.12,0.11,0.63,116,877,691,0,0,6.6,116,877,0,691,0.251,24.71,49.02,0.96,0.3,876,1.7,253,5.6,2024.0,220.0,0.0
2024,3,6,18,0,27.2,1.11,0.106,0.63,95,779,452,0,0,7.0,95,779,0,452,0.252,27.77,62.7,0.96,0.3,876,1.7,247,5.2,2024.0,220.0,0.0
2024,3,6,19,0,25.0,1.1,0.1,0.63,63,570,196,0,0,7.6,63,570,0,196,0.253,32.94,76.53,0.96,0.3,876,1.7,242,4.6,2024.0,220.0,0.0
2024,3,6,20,0,22.4,1.1,0.09,0.63,0,0,0,0,0,8.6,0,0,0,0,0.254,41.24,89.99,0.95,0.3,877,1.6,233,3.7,2024.0,220.0,86.52
2024,3,6,21,0,20.8,1.1,0.084,0.63,0,0,0,0,0,9.2,0,0,0,0,0.255,47.42,104.16,0.94,0.3,877,1.5,215,2.1,2024.0,220.0,95.0
2024,3,6,22,0,19.9,1.09,0.081,0.63,0,0,0,0,0,9.4,0,0,0,0,0.256,50.61,117.55,0.94,0.3,878,1.5,195,0.6,2024.0,220.0,92.93
2024,3,6,23,0,19.5,1.1,0.078,0.63,0,0,0,0,0,9.3,0,0,0,0,0.256,51.72,130.28,0.94,0.3,878,1.5,153,0.5,2024.0,220.0,80.97
2024,3,6,24,0,19.1,1.09,0.074,0.63,0,0,0,0,0,9.1,0,0,0,0,0.255,52.28,141.65,0.94,0.3,878,1.5,116,0.6,2024.0,220.0,74.75
2024,3,7,1,0,18.9,1.1,0.068,0.63,0,0,0,0,0,8.7,0,0,0,0,0.254,51.53,150.01,0.94,0.3,878,1.4,107,0.7,2024.0,220.0,75.33
2024,3,7,2,0,18.8,1.1,0.066,0.63,0,0,0,0,0,8.2,0,0,0,0,0.252,50.08,152.45,0.94,0.3,877,1.3,106,0.6,2024.0,220.0,72.38
2024,3,7,3,0,18.9,1.12,0.066,0.63,0,0,0,0,0,7.7,0,0,0,0,0.25,48.24,147.61,0.94,0.3,877,1.3,103,0.4,2024.0,220.0,72.54
2024,3,7,4,0,18.8,1.13,0.069,0.63,0,0,0,0,0,7.5,0,0,0,0,0.248,47.71,137.93,0.94,0.3,877,1.3,93,0.5,2024.0,220.0,74.0
2024,3,7,5,0,18.1,1.14,0.074,0.63,0,0,0,0,0,7.6,0,0,0,0,0.247,50.43,125.97,0.93,0.3,877,1.3,55,0.5,2024.0,220.0,76.47
2024,3,7,6,0,16.9,1.13,0.084,0.63,0,0,0,0,0,8.2,0,0,0,0,0.247,56.6,112.96,0.94,0.3,878,1.3,26,0.5,2024.0,220.0,76.73
2024,3,7,7,0,16.3,1.12,0.087,0.63,0,0,0,0,0,8.6,0,0,0,0,0.247,60.4,99.44,0.94,0.3,878,1.4,27,0.7,2024.0,220.0,86.37
2024,3,7,8,0,19.3,1.14,0.081,0.63,28,294,51,0,1,8.6,28,294,0,51,0.248,49.89,85.51,0.94,0.3,879,1.3,41,1.5,2024.0,220.0,92.59
2024,3,7,9,0,23.0,1.16,0.073,0.63,67,721,292,0,0,7.6,67,721,0,292,0.249,37.13,71.76,0.93,0.3,879,1.3,83,0.6,2024.0,220.0,32.72
2024,3,7,10,0,26.7,1.18,0.066,0.63,85,885,554,0,0,4.8,85,885,0,554,0.249,24.64,57.97,0.93,0.3,879,1.2,195,1.7,2024.0,220.0,0.0
2024,3,7,11,0,29.4,1.18,0.063,0.63,96,965,785,0,0,3.8,96,965,0,785,0.249,19.58,44.44,0.93,0.3,878,1.1,221,3.3,2024.0,220.0,0.0
2024,3,7,12,0,31.2,1.17,0.062,0.63,104,1004,959,0,0,3.4,104,1004,0,959,0.249,17.12,31.65,0.93,0.3,878,1.1,235,4.6,2024.0,220.0,0.0
2024,3,7,13,0,32.2,1.15,0.065,0.63,111,1021,1064,0,0,3.4,111,1021,0,1064,0.247,16.19,21.12,0.94,0.3,877,1.1,242,5.6,2024.0,220.0,0.0
2024,3,7,14,0,32.4,1.12,0.069,0.63,115,1022,1089,0,0,3.8,115,1022,0,1089,0.246,16.49,17.63,0.94,0.3,877,1.1,243,6.2,2024.0,220.0,0.0
2024,3,7,15,0,32.0,1.07,0.073,0.63,115,1009,1034,0,0,4.3,115,1009,0,1034,0.244,17.45,24.43,0.94,0.3,877,1.1,240,6.4,2024.0,220.0,0.0
2024,3,7,16,0,31.1,1.03,0.073,0.63,109,979,900,0,0,4.7,109,979,0,900,0.243,18.95,36.09,0.94,0.3,877,1.2,236,6.2,2024.0,220.0,0.0
2024,3,7,17,0,29.8,0.98,0.07,0.63,97,931,705,0,0,5.0,97,931,0,705,0.242,20.8,49.24,0.94,0.3,877,1.2,231,5.7,2024.0,220.0,0.0
2024,3,7,18,0,28.0,0.95,0.069,0.63,81,837,462,0,0,5.2,81,837,0,462,0.242,23.46,62.91,0.93,0.3,877,1.2,227,5.0,2024.0,220.0,0.0
2024,3,7,19,0,25.4,0.94,0.067,0.63,55,636,201,0,0,5.9,55,636,0,201,0.242,28.68,76.73,0.93,0.3,878,1.1,226,4.0,2024.0,220.0,0.0
2024,3,7,20,0,22.4,0.95,0.067,0.63,0,0,0,0,0,7.3,0,0,0,0,0.243,37.65,90.16,0.93,0.3,878,1.1,226,2.5,2024.0,220.0,67.51
2024,3,7,21,0,21.0,0.97,0.066,0.63,0,0,0,0,0,8.1,0,0,0,0,0.243,43.4,104.38,0.94,0.29,879,1.1,209,1.4,2024.0,220.0,98.37
2024,3,7,22,0,20.2,0.99,0.063,0.63,0,0,0,0,0,8.3,0,0,0,0,0.244,46.14,117.79,0.94,0.29,879,1.0,172,0.6,2024.0,220.0,94.18
2024,3,7,23,0,19.7,1.0,0.061,0.63,0,0,0,0,0,8.1,0,0,0,0,0.244,46.97,130.56,0.94,0.29,879,1.0,133,0.7,2024.0,220.0,84.2
2024,3,7,24,0,19.4,1.0,0.058,0.63,0,0,0,0,0,7.7,0,0,0,0,0.245,46.85,141.97,0.94,0.29,879,1.0,109,0.9,2024.0,220.0,76.22
2024,3,8,1,0,19.3,1.01,0.056,0.63,0,0,0,0,0,7.5,0,0,0,0,0.246,46.42,150.39,0.94,0.29,879,1.0,96,1.0,2024.0,220.0,71.12
2024,3,8,2,0,19.2,1.02,0.056,0.63,0,0,0,0,0,7.5,0,0,0,0,0.247,46.58,152.83,0.94,0.29,879,1.0,77,1.0,2024.0,220.0,74.25
2024,3,8,3,0,18.8,1.04,0.058,0.63,0,0,0,0,0,7.5,0,0,0,0,0.248,47.96,147.91,0.94,0.29,878,1.0,2,1.0,2024.0,220.0,79.6
2024,3,8,4,0,18.4,1.06,0.06,0.63,0,0,0,0,0,7.5,0,0,0,0,0.248,49.1,138.15,0.94,0.29,878,1.0,1,1.1,2024.0,220.0,76.81
2024,3,8,5,0,18.0,1.07,0.062,0.63,0,0,0,0,0,7.2,0,0,0,0,0.249,49.33,126.13,0.94,0.29,878,1.0,37,1.2,2024.0,220.0,73.59
2024,3,8,6,0,17.9,1.08,0.063,0.63,0,0,0,0,0,6.7,0,0,0,0,0.249,48.02,113.08,0.94,0.29,878,1.0,49,1.2,2024.0,220.0,75.97
2024,3,8,7,0,17.8,1.08,0.064,0.63,0,0,0,0,0,6.2,0,0,0,0,0.249,46.62,99.54,0.94,0.29,878,1.0,54,1.4,2024.0,220.0,79.71
2024,3,8,8,0,20.3,1.09,0.063,0.63,27,332,52,0,0,5.8,27,332,0,52,0.249,38.68,85.6,0.94,0.29,879,1.0,58,2.4,2024.0,220.0,89.04
2024,3,8,9,0,23.8,1.1,0.061,0.63,63,749,297,0,0,5.4,63,749,0,297,0.249,30.35,71.85,0.94,0.29,879,1.0,80,2.6,2024.0,220.0,31.42
2024,3,8,10,0,27.1,1.11,0.06,0.63,82,903,560,0,0,3.7,82,903,0,560,0.249,22.23,58.07,0.93,0.29,879,0.9,233,2.8,2024.0,220.0,0.0
2024,3,8,11,0,29.6,1.11,0.06,0.63,95,974,789,0,8,2.6,217,639,0,672,0.249,17.82,44.56,0.93,0.29,879,0.9,243,3.5,2024.0,220.0,0.0
2024,3,8,12,0,31.4,1.11,0.061,0.63,104,1012,964,0,0,2.0,104,1012,0,964,0.249,15.32,31.83,0.93,0.29,878,0.9,249,4.3,2024.0,220.0,0.0
2024,3,8,13,0,32.3,1.11,0.064,0.63,110,1028,1067,0,0,2.1,110,1028,0,1067,0.248,14.74,21.41,0.93,0.29,878,0.9,253,4.9,2024.0,220.0,0.0
2024,3,8,14,0,32.4,1.09,0.068,0.63,114,1025,1089,0,0,2.8,114,1025,0,1089,0.248,15.32,18.03,0.94,0.29,877,1.0,254,5.2,2024.0,220.0,0.0
2024,3,8,15,0,31.9,1.06,0.068,0.63,112,1015,1034,0,0,3.5,112,1015,0,1034,0.247,16.64,24.76,0.94,0.29,877,1.0,251,5.2,2024.0,220.0,0.0
2024,3,8,16,0,30.7,1.02,0.072,0.63,108,982,898,0,0,4.3,108,982,0,898,0.247,18.86,36.35,0.94,0.29,876,1.1,247,5.0,2024.0,220.0,0.0
2024,3,8,17,0,29.0,0.99,0.074,0.63,99,929,703,0,8,5.1,241,590,0,625,0.247,22.02,49.46,0.95,0.29,876,1.1,243,4.6,2024.0,220.0,0.0
2024,3,8,18,0,27.1,0.96,0.075,0.63,83,830,459,0,0,6.1,83,830,0,459,0.248,26.26,63.11,0.95,0.29,877,1.1,239,4.0,2024.0,220.0,0.0
2024,3,8,19,0,24.8,0.95,0.073,0.63,57,620,197,0,0,7.3,57,620,0,197,0.248,32.63,76.93,0.94,0.29,877,1.1,237,3.1,2024.0,220.0,0.0
2024,3,8,20,0,22.3,0.94,0.072,0.63,0,0,0,0,0,8.7,0,0,0,0,0.248,41.84,90.86,0.94,0.29,878,1.1,240,2.2,2024.0,220.0,42.25
2024,3,8,21,0,20.6,0.94,0.073,0.63,0,0,0,0,0,9.7,0,0,0,0,0.248,49.48,104.6,0.94,0.29,878,1.1,237,1.3,2024.0,220.0,74.56
2024,3,8,22,0,19.7,0.95,0.072,0.63,0,0,0,0,0,10.1,0,0,0,0,0.247,53.75,118.03,0.94,0.29,879,1.1,204,0.5,2024.0,220.0,74.09
2024,3,8,23,0,19.3,0.96,0.072,0.63,0,0,0,0,0,10.0,0,0,0,0,0.247,54.82,130.83,0.94,0.29,879,1.1,104,0.4,2024.0,220.0,69.36
2024,3,8,24,0,19.1,0.97,0.073,0.63,0,0,0,0,0,9.6,0,0,0,0,0.247,54.13,142.3,0.95,0.29,879,1.1,79,0.7,2024.0,220.0,71.28
2024,3,9,1,0,19.1,0.97,0.073,0.63,0,0,0,0,0,9.3,0,0,0,0,0.246,53.01,150.77,0.95,0.29,879,1.1,49,0.9,2024.0,220.0,77.69
2024,3,9,2,0,18.4,0.98,0.073,0.63,0,0,0,0,0,9.4,0,0,0,0,0.247,55.75,153.22,0.95,0.29,879,1.2,12,1.1,2024.0,220.0,77.69
2024,3,9,3,0,17.4,0.97,0.075,0.63,0,0,0,0,0,9.8,0,0,0,0,0.247,60.89,148.21,0.95,0.29,878,1.2,355,1.2,2024.0,220.0,77.69
2024,3,9,4,0,16.8,0.97,0.076,0.63,0,0,0,0,0,10.1,0,0,0,0,0.248,64.68,138.36,0.95,0.29,878,1.2,358,1.2,2024.0,220.0,76.06
2024,3,9,5,0,16.6,0.99,0.076,0.63,0,0,0,0,0,10.1,0,0,0,0,0.248,65.45,126.28,0.95,0.29,878,1.1,23,1.1,2024.0,220.0,77.69
2024,3,9,6,0,16.6,1.0,0.077,0.63,0,0,0,0,0,9.6,0,0,0,0,0.247,63.39,113.2,0.95,0.29,878,1.1,57,1.2,2024.0,220.0,77.69
2024,3,9,7,0,17.1,1.0,0.076,0.63,0,0,0,0,0,8.8,0,0,0,0,0.247,57.98,99.64,0.95,0.29,878,1.1,77,1.3,2024.0,220.0,95.02
2024,3,9,8,0,20.2,1.01,0.074,0.63,28,296,50,7,7,7.8,24,1,7,24,0.247,44.7,85.69,0.95,0.29,879,1.1,81,2.2,2024.0,220.0,95.15
2024,3,9,9,0,23.5,1.02,0.074,0.63,68,720,291,0,0,7.4,68,720,0,291,0.247,35.51,71.93,0.95,0.29,879,1.1,88,3.0,2024.0,220.0,42.8
2024,3,9,10,0,26.4,1.03,0.073,0.63,89,876,551,0,0,5.9,89,876,0,551,0.246,27.01,58.17,0.95,0.29,879,1.1,255,3.9,2024.0,220.0,0.0
2024,3,9,11,0,28.8,1.05,0.074,0.63,103,951,779,0,8,4.7,262,604,0,692,0.245,21.62,44.69,0.95,0.29,878,1.1,258,4.5,2024.0,220.0,0.0
2024,3,9,12,0,30.3,1.07,0.072,0.63,111,993,953,0,8,4.4,230,758,0,873,0.244,19.43,32.01,0.95,0.29,878,1.1,258,5.0,2024.0,220.0,0.0
2024,3,9,13,0,31.2,1.07,0.074,0.63,117,1011,1056,0,0,4.5,117,1011,0,1056,0.243,18.51,21.71,0.95,0.29,877,1.1,260,5.3,2024.0,220.0,0.0
2024,3,9,14,0,31.3,1.06,0.079,0.63,121,1008,1077,0,7,4.8,148,934,0,1035,0.241,18.8,18.42,0.95,0.29,877,1.2,259,5.5,2024.0,220.0,0.0
2024,3,9,15,0,30.8,1.05,0.081,0.63,119,996,1022,0,0,5.1,119,996,0,1022,0.24,19.8,25.09,0.95,0.29,877,1.2,257,5.5,2024.0,220.0,0.0
2024,3,9,16,0,29.9,1.02,0.084,0.63,114,963,887,0,0,5.4,114,963,0,887,0.239,21.25,36.61,0.95,0.29,877,1.3,253,5.5,2024.0,220.0,0.0
2024,3,9,17,0,28.7,1.0,0.085,0.63,104,909,692,0,0,5.5,104,909,0,692,0.237,22.96,49.69,0.95,0.29,877,1.3,249,5.2,2024.0,220.0,0.0
2024,3,9,18,0,27.2,0.99,0.085,0.63,87,808,450,0,0,5.6,87,808,0,450,0.236,25.29,63.32,0.95,0.29,877,1.3,246,4.7,2024.0,220.0,0.0
2024,3,9,19,0,24.9,0.97,0.083,0.63,59,590,190,0,0,6.3,59,590,0,190,0.236,30.28,77.14,0.95,0.29,878,1.3,247,3.9,2024.0,220.0,0.0
2024,3,9,20,0,22.4,0.96,0.081,0.63,0,0,0,0,0,7.5,0,0,0,0,0.237,38.39,91.07,0.95,0.29,878,1.3,251,3.1,2024.0,220.0,53.71
2024,3,9,21,0,20.8,0.95,0.077,0.63,0,0,0,0,0,8.5,0,0,0,0,0.238,45.15,104.82,0.95,0.29,879,1.3,251,1.8,2024.0,220.0,78.74
2024,3,9,22,0,19.5,0.94,0.074,0.63,0,0,0,0,0,9.0,0,0,0,0,0.239,50.6,118.27,0.94,0.29,879,1.3,265,0.6,2024.0,220.0,66.99
2024,3,9,23,0,18.9,0.94,0.074,0.63,0,0,0,0,0,9.1,0,0,0,0,0.24,53.0,131.11,0.94,0.29,879,1.3,351,0.5,2024.0,220.0,75.31
2024,3,9,24,0,18.3,0.95,0.076,0.63,0,0,0,0,0,9.1,0,0,0,0,0.242,54.93,142.62,0.95,0.29,879,1.3,23,0.8,2024.0,220.0,75.2
2024,3,10,1,0,17.9,0.97,0.079,0.63,0,0,0,0,0,9.0,0,0,0,0,0.244,55.92,151.16,0.95,0.29,879,1.3,42,0.9,2024.0,220.0,77.7
2024,3,10,2,0,17.8,0.98,0.08,0.63,0,0,0,0,0,8.7,0,0,0,0,0.247,55.25,153.6,0.95,0.29,879,1.3,41,0.9,2024.0,220.0,77.74
2024,3,10,3,0,17.6,1.0,0.078,0.63,0,0,0,0,0,8.5,0,0,0,0,0.248,55.02,148.5,0.95,0.29,878,1.3,24,0.9,2024.0,220.0,78.85
2024,3,10,4,0,17.5,1.02,0.079,0.63,0,0,0,0,0,8.3,0,0,0,0,0.25,54.67,138.57,0.95,0.29,878,1.3,37,0.9,2024.0,220.0,78.85
2024,3,10,5,0,17.4,1.02,0.082,0.63,0,0,0,0,8,7.9,0,0,0,0,0.251,53.57,126.44,0.95,0.29,878,1.3,65,0.9,2024.0,220.0,78.85
2024,3,10,6,0,17.6,1.03,0.083,0.63,0,0,0,0,7,7.2,0,0,0,0,0.251,50.43,113.32,0.95,0.29,878,1.3,76,0.9,2024.0,220.0,78.85
2024,3,10,7,0,18.1,1.04,0.081,0.63,0,0,0,0,0,6.3,0,0,0,0,0.25,46.04,99.74,0.95,0.29,878,1.3,78,0.8,2024.0,220.0,78.6
2024,3,10,8,0,20.5,1.05,0.08,0.63,28,276,48,0,0,5.6,28,276,0,48,0.249,37.69,85.77,0.95,0.29,878,1.3,69,1.3,2024.0,220.0,77.2
2024,3,10,9,0,23.3,1.06,0.081,0.63,69,697,285,0,0,5.5,69,697,0,285,0.248,31.56,72.02,0.95,0.29,879,1.4,25,1.7,2024.0,220.0,19.79
2024,3,10,10,0,25.8,1.07,0.084,0.63,93,851,540,0,8,5.1,228,400,0,438,0.247,26.39,58.27,0.95,0.29,879,1.4,295,2.7,2024.0,220.0,0.0
2024,3,10,11,0,27.4,1.09,0.091,0.63,111,920,763,0,8,4.6,293,570,0,698,0.246,23.34,44.82,0.96,0.29,879,1.5,280,3.7,2024.0,220.0,0.0
2024,3,10,12,0,28.5,1.1,0.099,0.63,125,956,934,0,8,4.5,382,496,0,802,0.245,21.73,32.2,0.96,0.29,878,1.5,273,4.7,2024.0,220.0,0.0
2024,3,10,13,0,29.1,1.12,0.108,0.63,135,967,1032,0,8,4.8,366,572,0,896,0.244,21.32,22.01,0.96,0.29,878,1.6,268,5.5,2024.0,220.0,0.0
2024,3,10,14,0,29.2,1.13,0.121,0.63,144,959,1052,0,8,5.2,312,626,0,905,0.244,21.81,18.82,0.97,0.29,878,1.7,263,5.9,2024.0,220.0,0.0
2024,3,10,15,0,28.9,1.14,0.133,0.63,147,936,992,0,0,5.7,147,936,0,992,0.244,22.99,25.43,0.97,0.29,878,1.8,257,5.9,2024.0,220.0,0.0
2024,3,10,16,0,28.3,1.14,0.143,0.63,143,894,858,0,0,6.1,143,894,0,858,0.245,24.49,36.88,0.97,0.29,878,1.9,251,5.6,2024.0,220.0,0.0
2024,3,10,17,0,27.2,1.13,0.15,0.63,132,824,662,0,0,6.5,132,824,0,662,0.246,26.86,49.92,0.97,0.29,878,2.0,246,5.0,2024.0,220.0,0.0
2024,3,10,18,0,25.6,1.13,0.179,0.63,118,678,421,0,0,7.0,118,678,0,421,0.247,30.5,63.54,0.97,0.29,878,2.0,242,4.3,2024.0,220.0,0.0
2024,3,10,19,0,23.5,1.13,0.176,0.63,75,437,171,0,0,7.6,75,437,0,171,0.248,36.16,77.34,0.97,0.29,879,2.0,242,3.7,2024.0,220.0,0.0
2024,3,10,20,0,21.1,1.12,0.169,0.63,0,0,0,0,0,8.7,0,0,0,0,0.25,44.89,91.28,0.97,0.29,879,1.9,246,3.2,2024.0,220.0,76.1
2024,3,10,21,0,19.8,1.12,0.16,0.63,0,0,0,0,0,9.4,0,0,0,0,0.25,50.95,105.04,0.97,0.29,879,1.8,239,2.3,2024.0,220.0,87.41
2024,3,10,22,0,19.2,1.12,0.15,0.63,0,0,0,0,0,9.4,0,0,0,0,0.25,53.08,118.51,0.97,0.29,880,1.7,124,1.1,2024.0,220.0,84.76
2024,3,10,23,0,18.6,1.12,0.14,0.63,0,0,0,0,0,8.9,0,0,0,0,0.25,53.39,131.38,0.97,0.29,880,1.7,90,0.4,2024.0,220.0,84.76
2024,3,10,24,0,18.5,1.12,0.131,0.63,0,0,0,0,0,8.2,0,0,0,0,0.251,51.19,142.95,0.96,0.29,879,1.6,78,0.6,2024.0,220.0,84.76
2024,3,11,1,0,18.7,1.12,0.123,0.63,0,0,0,0,0,7.7,0,0,0,0,0.251,48.65,151.54,0.96,0.29,879,1.5,66,0.7,2024.0,220.0,87.63
2024,3,11,2,0,18.7,1.12,0.116,0.63,0,0,0,0,0,7.4,0,0,0,0,0.251,47.87,153.98,0.96,0.29,879,1.5,45,0.6,2024.0,220.0,75.96
2024,3,11,3,0,18.4,1.11,0.11,0.63,0,0,0,0,0,7.4,0,0,0,0,0.251,48.54,148.8,0.96,0.29,878,1.4,18,0.6,2024.0,220.0,73.75
2024,3,11,4,0,18.1,1.1,0.105,0.63,0,0,0,0,8,7.2,0,0,0,0,0.251,49.05,138.77,0.95,0.29,878,1.4,7,0.6,2024.0,220.0,74.77
2024,3,11,5,0,17.9,1.1,0.099,0.63,0,0,0,0,8,6.9,0,0,0,0,0.251,48.68,126.59,0.95,0.29,878,1.3,19,0.6,2024.0,220.0,86.31
2024,3,11,6,0,17.8,1.1,0.094,0.63,0,0,0,0,0,6.5,0,0,0,0,0.251,47.4,113.44,0.95,0.29,878,1.3,43,0.6,2024.0,220.0,98.53
2024,3,11,7,0,17.7,1.1,0.089,0.63,0,0,0,0,0,5.8,0,0,0,0,0.252,45.49,99.83,0.95,0.29,878,1.3,56,0.6,2024.0,220.0,103.44
2024,3,11,8,0,20.3,1.11,0.085,0.63,27,268,47,0,1,5.0,27,268,0,47,0.252,36.66,85.86,0.95,0.29,879,1.2,54,0.7,2024.0,220.0,111.88
2024,3,11,9,0,23.8,1.12,0.083,0.63,70,700,285,0,0,4.8,70,700,0,285,0.252,29.14,72.11,0.95,0.29,879,1.2,23,0.9,2024.0,220.0,51.88
2024,3,11,10,0,27.0,1.13,0.083,0.63,92,859,542,0,0,4.0,92,859,0,542,0.251,22.87,58.37,0.95,0.29,879,1.2,295,2.5,2024.0,220.0,0.0
2024,3,11,11,0,29.0,1.14,0.087,0.63,109,933,769,0,0,3.8,109,933,0,769,0.25,19.99,44.95,0.95,0.29,879,1.2,282,3.9,2024.0,220.0,0.0
2024,3,11,12,0,30.3,1.16,0.088,0.63,118,971,938,0,0,3.9,118,971,0,938,0.249,18.77,32.39,0.95,0.29,879,1.3,277,4.9,2024.0,220.0,0.0
2024,3,11,13,0,31.0,1.17,0.099,0.63,130,983,1039,0,0,4.3,130,983,0,1039,0.247,18.47,22.31,0.96,0.29,878,1.3,274,5.4,2024.0,220.0,0.0
2024,3,11,14,0,31.1,1.19,0.112,0.63,138,974,1058,0,0,4.8,138,974,0,1058,0.245,19.05,19.22,0.96,0.29,878,1.4,271,5.8,2024.0,220.0,0.0
2024,3,11,15,0,31.0,1.19,0.08,0.63,117,986,1005,0,0,5.1,117,986,0,1005,0.244,19.57,25.77,0.96,0.29,877,1.5,268,5.9,2024.0,220.0,0.0
2024,3,11,16,0,30.4,1.19,0.09,0.63,116,947,871,0,0,5.4,116,947,0,871,0.242,20.63,37.15,0.97,0.29,877,1.6,265,5.7,2024.0,220.0,0.0
2024,3,11,17,0,29.2,1.18,0.098,0.63,108,885,675,0,0,5.6,108,885,0,675,0.241,22.47,50.16,0.97,0.29,877,1.6,261,5.4,2024.0,220.0,0.0
2024,3,11,18,0,27.5,1.18,0.106,0.63,93,767,432,0,0,6.0,93,767,0,432,0.241,25.42,63.75,0.97,0.29,877,1.7,259,4.8,2024.0,220.0,0.0
2024,3,11,19,0,25.1,1.17,0.112,0.63,63,527,176,0,0,6.8,63,527,0,176,0.242,31.08,77.55,0.97,0.29,878,1.7,260,3.8,2024.0,220.0,0.0
2024,3,11,20,0,22.5,1.17,0.118,0.63,0,0,0,0,0,8.2,0,0,0,0,0.243,39.83,91.49,0.97,0.29,878,1.7,261,2.7,2024.0,220.0,52.55
2024,3,11,21,0,21.1,1.17,0.123,0.63,0,0,0,0,0,9.0,0,0,0,0,0.244,45.81,105.26,0.97,0.3,879,1.8,260,1.5,2024.0,220.0,85.46
2024,3,11,22,0,20.5,1.18,0.126,0.63,0,0,0,0,0,9.1,0,0,0,0,0.245,47.86,118.75,0.97,0.3,879,1.8,79,0.6,2024.0,220.0,70.7
2024,3,11,23,0,20.0,1.19,0.126,0.63,0,0,0,0,0,8.7,0,0,0,0,0.246,48.17,131.66,0.97,0.3,879,1.8,73,0.6,2024.0,220.0,71.17
2024,3,11,24,0,19.9,1.2,0.125,0.63,0,0,0,0,8,8.3,0,0,0,0,0.247,47.04,143.28,0.97,0.3,879,1.8,65,0.7,2024.0,220.0,71.17
2024,3,12,1,0,19.7,1.19,0.123,0.63,0,0,0,0,5,8.2,0,0,0,0,0.248,47.28,151.93,0.97,0.3,879,1.8,39,0.7,2024.0,220.0,73.47
2024,3,12,2,0,18.9,1.18,0.123,0.63,0,0,0,0,8,8.6,0,0,0,0,0.249,51.08,154.37,0.97,0.3,879,1.8,355,0.7,2024.0,220.0,76.31
2024,3,12,3,0,17.9,1.17,0.122,0.63,0,0,0,0,0,9.1,0,0,0,0,0.25,56.3,149.09,0.97,0.3,879,1.8,350,0.8,2024.0,220.0,77.74
2024,3,12,4,0,17.6,1.17,0.117,0.63,0,0,0,0,0,9.1,0,0,0,0,0.251,57.61,138.98,0.97,0.3,879,1.8,3,0.8,2024.0,220.0,78.42
2024,3,12,5,0,17.7,1.18,0.111,0.63,0,0,0,0,0,8.6,0,0,0,0,0.251,55.29,126.73,0.97,0.3,879,1.8,40,0.7,2024.0,220.0,78.42
2024,3,12,6,0,17.8,1.19,0.108,0.63,0,0,0,0,0,7.8,0,0,0,0,0.252,52.02,113.55,0.97,0.3,879,1.8,82,0.7,2024.0,220.0,78.42
2024,3,12,7,0,17.9,1.18,0.109,0.63,0,0,0,0,0,7.0,0,0,0,0,0.252,48.81,99.93,0.97,0.3,879,1.8,97,1.0,2024.0,220.0,88.15
2024,3,12,8,0,20.7,1.18,0.11,0.63,28,216,43,0,1,6.1,28,216,0,43,0.252,38.7,85.94,0.97,0.3,879,1.8,101,1.9,2024.0,220.0,113.62
2024,3,12,9,0,24.2,1.17,0.11,0.63,77,639,272,0,0,5.1,77,639,0,272,0.253,29.17,72.2,0.97,0.3,879,1.9,118,1.5,2024.0,220.0,37.46
2024,3,12,10,0,27.3,1.17,0.113,0.63,104,802,523,0,0,4.2,104,802,0,523,0.253,22.69,58.47,0.97,0.3,879,1.9,258,2.8,2024.0,220.0,0.0
2024,3,12,11,0,29.5,1.16,0.116,0.63,122,883,746,0,0,3.6,122,883,0,746,0.252,19.16,45.08,0.97,0.3,879,1.9,261,4.2,2024.0,220.0,0.0
2024,3,12,12,0,31.2,1.17,0.093,0.63,121,945,917,0,0,3.2,121,945,0,917,0.251,16.88,32.58,0.97,0.3,878,2.0,262,5.2,2024.0,220.0,0.0
2024,3,12,13,0,32.3,1.17,0.095,0.63,127,962,1015,0,0,3.0,127,962,0,1015,0.25,15.72,22.62,0.97,0.3,878,2.1,261,5.8,2024.0,220.0,0.0
2024,3,12,14,0,32.7,1.17,0.098,0.63,130,965,1039,0,0,3.2,130,965,0,1039,0.248,15.55,19.62,0.97,0.3,877,2.1,259,6.0,2024.0,220.0,0.0
2024,3,12,15,0,32.4,1.13,0.137,0.63,148,920,975,0,0,3.6,148,920,0,975,0.247,16.32,26.11,0.97,0.3,877,2.2,257,5.9,2024.0,220.0,0.0
2024,3,12,16,0,31.7,1.11,0.146,0.63,144,878,842,0,0,4.1,144,878,0,842,0.246,17.49,37.43,0.97,0.3,876,2.3,256,5.6,2024.0,220.0,0.0
2024,3,12,17,0,30.5,1.09,0.157,0.63,134,804,646,0,0,4.5,134,804,0,646,0.246,19.31,50.39,0.98,0.3,876,2.4,255,5.0,2024.0,220.0,0.0
2024,3,12,18,0,28.7,1.07,0.165,0.63,113,676,409,0,0,5.1,113,676,0,409,0.246,22.31,63.97,0.98,0.3,877,2.4,254,4.3,2024.0,220.0,0.0
2024,3,12,19,0,26.0,1.06,0.17,0.63,73,421,162,0,0,6.1,73,421,0,162,0.248,28.1,77.76,0.98,0.3,877,2.4,257,3.5,2024.0,220.0,0.0
2024,3,12,20,0,23.2,1.04,0.174,0.63,0,0,0,0,0,7.8,0,0,0,0,0.249,37.15,91.7,0.98,0.3,878,2.4,268,3.0,2024.0,220.0,75.24
2024,3,12,21,0,21.6,1.04,0.173,0.63,0,0,0,0,7,8.8,0,0,0,0,0.25,43.89,105.48,0.98,0.3,879,2.4,291,2.3,2024.0,220.0,91.42
2024,3,12,22,0,21.2,1.06,0.167,0.63,0,0,0,0,0,9.0,0,0,0,0,0.251,45.69,119.0,0.98,0.3,879,2.5,359,1.3,2024.0,220.0,72.09
2024,3,12,23,0,20.9,1.09,0.158,0.63,0,0,0,0,0,9.0,0,0,0,0,0.252,46.32,131.93,0.98,0.3,879,2.5,34,0.9,2024.0,220.0,72.01
2024,3,12,24,0,20.8,1.12,0.155,0.63,0,0,0,0,0,9.0,0,0,0,0,0.252,46.64,143.6,0.98,0.3,879,2.6,27,0.8,2024.0,220.0,68.54
2024,3,13,1,0,20.4,1.12,0.159,0.63,0,0,0,0,0,9.1,0,0,0,0,0.253,48.35,152.31,0.98,0.3,879,2.7,358,0.7,2024.0,220.0,68.21
2024,3,13,2,0,19.8,1.12,0.166,0.63,0,0,0,0,8,9.3,0,0,0,0,0.252,50.67,154.75,0.98,0.3,878,2.8,344,0.8,2024.0,220.0,68.96
2024,3,13,3,0,19.3,1.12,0.174,0.63,0,0,0,0,8,9.3,0,0,0,0,0.252,52.35,149.38,0.98,0.3,878,2.8,339,0.9,2024.0,220.0,67.16
2024,3,13,4,0,18.7,1.12,0.177,0.63,0,0,0,0,8,9.3,0,0,0,0,0.252,54.42,139.18,0.98,0.3,878,2.9,341,1.0,2024.0,220.0,66.8
2024,3,13,5,0,18.3,1.13,0.176,0.63,0,0,0,0,7,9.4,0,0,0,0,0.252,55.97,126.88,0.98,0.3,878,2.9,345,0.9,2024.0,220.0,70.79
2024,3,13,6,0,18.1,1.13,0.173,0.63,0,0,0,0,7,9.3,0,0,0,0,0.252,56.38,113.66,0.98,0.3,878,2.9,1,0.9,2024.0,220.0,74.87
2024,3,13,7,0,18.2,1.14,0.172,0.63,0,0,0,0,7,9.0,0,0,0,0,0.251,55.1,100.02,0.98,0.3,878,2.9,24,1.1,2024.0,220.0,77.23
2024,3,13,8,0,20.6,1.15,0.17,0.63,28,132,38,7,5,8.6,19,0,7,19,0.25,46.21,86.03,0.98,0.3,878,2.9,39,2.2,2024.0,220.0,97.71
2024,3,13,9,0,23.9,1.17,0.169,0.63,90,540,255,0,3,8.1,171,26,0,179,0.25,36.41,72.29,0.98,0.3,879,2.9,1,1.4,2024.0,220.0,37.67
2024,3,13,10,0,27.0,1.18,0.172,0.63,124,718,499,0,0,7.2,124,718,0,499,0.249,28.46,58.57,0.98,0.3,878,2.9,313,2.3,2024.0,220.0,0.0
2024,3,13,11,0,29.1,1.19,0.179,0.63,148,804,715,0,3,6.5,411,274,0,603,0.249,24.1,45.21,0.98,0.3,878,3.0,294,3.6,2024.0,220.0,0.0
2024,3,13,12,0,30.3,1.2,0.161,0.63,153,869,884,0,0,6.4,153,869,0,884,0.249,22.28,32.78,0.98,0.3,878,3.0,288,4.8,2024.0,220.0,0.0
2024,3,13,13,0,30.9,1.21,0.163,0.63,161,894,984,0,0,6.5,161,894,0,984,0.249,21.6,22.93,0.98,0.3,877,2.9,286,5.6,2024.0,220.0,0.0
2024,3,13,14,0,31.1,1.21,0.166,0.63,165,897,1007,0,0,6.6,165,897,0,1007,0.249,21.52,20.02,0.98,0.3,877,2.9,286,6.1,2024.0,220.0,0.0
2024,3,13,15,0,30.9,1.2,0.118,0.63,136,920,960,0,0,6.6,136,920,0,960,0.249,21.89,26.45,0.97,0.3,876,2.9,284,6.1,2024.0,220.0,0.0
2024,3,13,16,0,30.4,1.2,0.123,0.63,131,887,832,0,0,6.7,131,887,0,832,0.249,22.63,37.71,0.97,0.3,876,2.8,282,5.8,2024.0,220.0,0.0
2024,3,13,17,0,29.5,1.2,0.127,0.63,119,823,641,0,0,6.7,119,823,0,641,0.25,23.85,50.63,0.98,0.3,876,2.8,277,5.4,2024.0,220.0,0.0
2024,3,13,18,0,28.3,1.19,0.13,0.63,99,707,406,0,0,6.8,99,707,0,406,0.25,25.78,64.19,0.98,0.3,876,2.8,272,4.8,2024.0,220.0,0.0
2024,3,13,19,0,26.3,1.18,0.134,0.63,64,459,160,0,0,7.2,64,459,0,160,0.25,29.76,77.97,0.98,0.3,876,2.8,270,4.0,2024.0,220.0,0.0
2024,3,13,20,0,24.0,1.18,0.134,0.63,0,0,0,0,0,8.0,0,0,0,0,0.25,35.94,91.91,0.98,0.3,877,2.8,270,3.1,2024.0,220.0,57.71
2024,3,13,21,0,22.6,1.18,0.132,0.63,0,0,0,0,0,8.5,0,0,0,0,0.25,40.61,105.71,0.98,0.31,877,2.8,274,1.7,2024.0,220.0,88.18
2024,3,13,22,0,21.9,1.19,0.127,0.63,0,0,0,0,0,8.7,0,0,0,0,0.25,42.82,119.24,0.98,0.31,878,2.7,315,0.5,2024.0,220.0,77.0
2024,3,13,23,0,21.5,1.19,0.124,0.63,0,0,0,0,0,8.7,0,0,0,0,0.25,43.92,132.21,0.98,0.31,878,2.7,7,0.7,2024.0,220.0,70.94
2024,3,13,24,0,20.8,1.19,0.127,0.63,0,0,0,0,0,8.9,0,0,0,0,0.25,46.42,143.93,0.97,0.31,878,2.8,353,1.0,2024.0,220.0,66.93
2024,3,14,1,0,19.6,1.17,0.135,0.63,0,0,0,0,0,9.4,0,0,0,0,0.25,51.9,152.7,0.98,0.31,878,2.8,341,1.0,2024.0,220.0,71.41
2024,3,14,2,0,18.4,1.13,0.145,0.63,0,0,0,0,0,10.3,0,0,0,0,0.249,59.09,155.14,0.98,0.31,878,2.8,340,1.0,2024.0,220.0,75.01
2024,3,14,3,0,17.5,1.11,0.152,0.63,0,0,0,0,0,10.9,0,0,0,0,0.249,65.27,149.66,0.98,0.31,878,2.8,350,0.9,2024.0,220.0,77.02
2024,3,14,4,0,17.3,1.13,0.148,0.63,0,0,0,0,0,11.0,0,0,0,0,0.248,66.38,139.37,0.98,0.31,878,2.8,14,0.9,2024.0,220.0,71.36
2024,3,14,5,0,17.7,1.16,0.138,0.63,0,0,0,0,0,10.4,0,0,0,0,0.248,62.51,127.02,0.98,0.31,877,2.7,49,0.8,2024.0,220.0,74.4
2024,3,14,6,0,18.1,1.18,0.128,0.63,0,0,0,0,8,9.7,0,0,0,0,0.247,57.87,113.77,0.97,0.31,877,2.6,77,0.8,2024.0,220.0,72.11
2024,3,14,7,0,18.7,1.2,0.12,0.63,0,0,0,0,8,8.9,0,0,0,0,0.246,52.82,100.11,0.97,0.31,877,2.5,82,1.0,2024.0,220.0,73.13
2024,3,14,8,0,21.8,1.21,0.116,0.63,27,191,40,7,8,8.2,36,9,7,36,0.245,41.57,86.11,0.97,0.31,877,2.5,68,1.8,2024.0,220.0,80.72
2024,3,14,9,0,25.0,1.22,0.114,0.63,77,619,264,0,0,7.2,77,619,0,264,0.244,32.06,72.38,0.97,0.31,877,2.4,356,1.6,2024.0,220.0,30.92
2024,3,14,10,0,27.5,1.23,0.113,0.63,103,789,513,0,0,5.7,103,789,0,513,0.243,25.01,58.68,0.97,0.31,877,2.4,317,2.7,2024.0,220.0,0.0
2024,3,14,11,0,29.3,1.23,0.114,0.63,120,872,733,0,0,4.5,120,872,0,733,0.242,20.74,45.35,0.97,0.31,877,2.4,303,3.9,2024.0,220.0,0.0
2024,3,14,12,0,30.5,1.23,0.109,0.63,128,924,903,0,0,3.9,128,924,0,903,0.242,18.48,32.98,0.97,0.31,877,2.3,296,4.9,2024.0,220.0,0.0
2024,3,14,13,0,31.0,1.21,0.112,0.63,136,943,1003,0,0,3.5,136,943,0,1003,0.24,17.45,23.24,0.97,0.31,877,2.3,291,5.7,2024.0,220.0,0.0
2024,3,14,14,0,31.1,1.18,0.115,0.63,139,943,1023,0,0,3.3,139,943,0,1023,0.239,17.19,20.42,0.97,0.31,877,2.4,287,6.0,2024.0,220.0,0.0
2024,3,14,15,0,31.0,1.17,0.116,0.63,136,930,967,0,0,3.1,136,930,0,967,0.237,16.99,26.8,0.97,0.31,877,2.4,285,5.9,2024.0,220.0,0.0
2024,3,14,16,0,30.5,1.16,0.118,0.63,129,898,837,0,0,3.1,129,898,0,837,0.235,17.43,37.99,0.97,0.31,876,2.4,284,5.6,2024.0,220.0,0.0
2024,3,14,17,0,29.5,1.15,0.122,0.63,118,832,643,0,0,3.3,118,832,0,643,0.234,18.78,50.88,0.97,0.31,876,2.5,282,5.2,2024.0,220.0,0.0
2024,3,14,18,0,28.1,1.15,0.124,0.63,97,717,407,0,0,3.6,97,717,0,407,0.234,20.88,64.41,0.97,0.31,877,2.5,282,4.6,2024.0,220.0,0.0
2024,3,14,19,0,26.1,1.14,0.127,0.63,63,468,159,0,0,4.3,63,468,0,159,0.234,24.62,78.19,0.97,0.31,877,2.5,281,4.0,2024.0,220.0,0.0
2024,3,14,20,0,23.6,1.14,0.131,0.63,0,0,0,0,0,5.7,0,0,0,0,0.235,31.39,92.13,0.97,0.31,877,2.5,278,3.4,2024.0,220.0,53.65
2024,3,14,21,0,22.1,1.14,0.132,0.63,0,0,0,0,0,6.7,0,0,0,0,0.236,37.02,105.93,0.97,0.31,878,2.5,283,2.4,2024.0,220.0,69.93
2024,3,14,22,0,21.5,1.15,0.127,0.63,0,0,0,0,0,7.1,0,0,0,0,0.238,39.48,119.48,0.97,0.31,878,2.5,25,1.0,2024.0,220.0,65.62
2024,3,14,23,0,21.2,1.17,0.121,0.63,0,0,0,0,0,7.4,0,0,0,0,0.24,40.99,132.48,0.97,0.31,878,2.5,58,0.3,2024.0,220.0,69.75
2024,3,14,24,0,20.7,1.18,0.117,0.63,0,0,0,0,0,7.8,0,0,0,0,0.242,43.47,144.26,0.97,0.31,877,2.5,5,0.5,2024.0,220.0,71.49
2024,3,15,1,0,19.9,1.19,0.116,0.63,0,0,0,0,0,8.1,0,0,0,0,0.244,46.67,153.09,0.97,0.31,877,2.5,334,0.5,2024.0,220.0,74.82
2024,3,15,2,0,18.9,1.19,0.115,0.63,0,0,0,0,0,8.4,0,0,0,0,0.245,50.39,155.52,0.97,0.31,877,2.5,342,0.6,2024.0,220.0,76.2
2024,3,15,3,0,18.2,1.18,0.116,0.63,0,0,0,0,0,8.7,0,0,0,0,0.247,53.69,149.95,0.97,0.31,877,2.5,354,0.6,2024.0,220.0,75.04
2024,3,15,4,0,17.6,1.18,0.116,0.63,0,0,0,0,8,9.1,0,0,0,0,0.248,57.43,139.57,0.97,0.31,877,2.5,6,0.7,2024.0,220.0,76.87
2024,3,15,5,0,17.4,1.18,0.114,0.63,0,0,0,0,0,9.5,0,0,0,0,0.248,59.61,127.16,0.97,0.31,877,2.5,18,0.7,2024.0,220.0,78.91
2024,3,15,6,0,17.4,1.19,0.11,0.63,0,0,0,0,0,9.6,0,0,0,0,0.248,60.07,113.88,0.97,0.31,877,2.4,34,0.7,2024.0,220.0,80.74
2024,3,15,7,0,17.7,1.2,0.105,0.63,0,0,0,0,0,9.4,0,0,0,0,0.248,58.33,100.2,0.97,0.31,876,2.4,59,0.8,2024.0,220.0,86.72
2024,3,15,8,0,20.7,1.21,0.103,0.63,26,205,39,0,1,9.0,26,205,0,39,0.248,47.12,86.19,0.97,0.31,877,2.4,78,1.7,2024.0,220.0,111.04
2024,3,15,9,0,24.5,1.21,0.103,0.63,73,632,264,0,0,8.1,73,632,0,264,0.248,35.2,72.47,0.97,0.31,877,2.4,38,1.6,2024.0,220.0,45.92
2024,3,15,10,0,27.6,1.22,0.103,0.63,98,798,512,0,0,6.6,98,798,0,512,0.248,26.48,58.78,0.97,0.31,877,2.4,315,2.5,2024.0,220.0,0.0
2024,3,15,11,0,29.8,1.23,0.104,0.63,115,880,732,0,0,5.5,115,880,0,732,0.248,21.54,45.48,0.97,0.31,877,2.4,289,3.9,2024.0,220.0,0.0
2024,3,15,12,0,31.2,1.22,0.102,0.63,124,926,899,0,0,5.0,124,926,0,899,0.248,19.26,33.18,0.97,0.31,877,2.4,283,4.8,2024.0,220.0,0.0
2024,3,15,13,0,31.8,1.21,0.105,0.63,132,945,998,0,0,4.8,132,945,0,998,0.248,18.25,23.55,0.97,0.31,876,2.4,283,5.4,2024.0,220.0,0.0
2024,3,15,14,0,31.9,1.18,0.107,0.63,134,948,1020,0,0,4.5,134,948,0,1020,0.249,17.86,20.82,0.97,0.31,876,2.4,285,5.7,2024.0,220.0,0.0
2024,3,15,15,0,31.5,1.17,0.105,0.63,130,938,964,0,0,4.6,130,938,0,964,0.249,18.41,27.15,0.97,0.31,876,2.4,287,5.6,2024.0,220.0,0.0
2024,3,15,16,0,30.7,1.15,0.105,0.63,122,907,834,0,0,4.8,122,907,0,834,0.249,19.51,38.27,0.97,0.31,876,2.4,289,5.3,2024.0,220.0,0.0
2024,3,15,17,0,29.5,1.14,0.104,0.63,109,852,644,0,0,5.0,109,852,0,644,0.25,21.16,51.12,0.97,0.31,876,2.3,291,4.6,2024.0,220.0,0.0
2024,3,15,18,0,27.8,1.15,0.096,0.63,87,754,410,0,0,5.2,87,754,0,410,0.25,23.71,64.64,0.97,0.31,876,2.2,295,3.9,2024.0,220.0,0.0
2024,3,15,19,0,25.5,1.15,0.092,0.63,56,524,161,0,0,5.8,56,524,0,161,0.25,28.26,78.4,0.97,0.31,876,2.1,294,2.9,2024.0,220.0,0.0
2024,3,15,20,0,22.8,1.14,0.087,0.63,0,0,0,0,0,6.9,0,0,0,0,0.251,35.81,92.34,0.96,0.31,877,2.0,285,1.9,2024.0,220.0,66.95
2024,3,15,21,0,21.4,1.13,0.084,0.63,0,0,0,0,0,7.6,0,0,0,0,0.251,41.12,106.15,0.96,0.31,877,1.9,284,1.2,2024.0,220.0,74.61
2024,3,15,22,0,20.8,1.12,0.081,0.63,0,0,0,0,0,7.9,0,0,0,0,0.252,43.4,119.72,0.96,0.31,877,1.9,344,0.7,2024.0,220.0,71.16
2024,3,15,23,0,20.4,1.12,0.078,0.63,0,0,0,0,0,7.8,0,0,0,0,0.252,44.11,132.76,0.96,0.31,877,1.9,86,0.9,2024.0,220.0,71.26
2024,3,15,24,0,20.1,1.11,0.077,0.63,0,0,0,0,0,7.6,0,0,0,0,0.251,44.28,144.58,0.96,0.31,877,1.9,80,0.9,2024.0,220.0,66.42
2024,3,16,1,0,19.6,1.12,0.074,0.63,0,0,0,0,0,7.5,0,0,0,0,0.251,45.43,153.48,0.96,0.31,877,1.8,51,0.9,2024.0,220.0,70.94
2024,3,16,2,0,18.8,1.11,0.073,0.63,0,0,0,0,0,7.6,0,0,0,0,0.25,48.3,155.9,0.96,0.31,876,1.8,350,0.9,2024.0,220.0,81.03
2024,3,16,3,0,18.0,1.1,0.076,0.63,0,0,0,0,0,7.9,0,0,0,0,0.25,51.77,150.23,0.96,0.31,876,1.8,349,0.9,2024.0,220.0,103.13
2024,3,16,4,0,17.6,1.09,0.079,0.63,0,0,0,0,0,8.1,0,0,0,0,0.249,53.66,139.76,0.96,0.31,877,1.9,1,0.9,2024.0,220.0,103.3
2024,3,16,5,0,17.4,1.09,0.078,0.63,0,0,0,0,0,8.1,0,0,0,0,0.249,54.39,127.29,0.96,0.31,877,1.8,9,1.0,2024.0,220.0,99.95
2024,3,16,6,0,17.3,1.09,0.078,0.63,0,0,0,0,0,8.1,0,0,0,0,0.249,54.77,113.98,0.96,0.31,877,1.8,18,1.1,2024.0,220.0,100.01
2024,3,16,7,0,17.2,1.08,0.078,0.63,0,0,0,0,0,8.2,0,0,0,0,0.249,55.63,100.29,0.96,0.31,877,1.8,22,1.2,2024.0,220.0,107.84
2024,3,16,8,0,19.7,1.07,0.079,0.63,25,241,40,0,0,8.8,25,241,0,40,0.249,49.29,86.27,0.96,0.31,878,1.8,17,2.0,2024.0,220.0,99.83
2024,3,16,9,0,22.6,1.07,0.079,0.63,67,680,271,0,0,10.0,67,680,0,271,0.25,44.87,72.56,0.96,0.31,878,1.7,346,0.9,2024.0,220.0,0.0
2024,3,16,10,0,25.1,1.08,0.077,0.63,89,843,524,0,0,10.2,89,843,0,524,0.249,39.15,58.89,0.96,0.31,878,1.7,326,1.7,2024.0,220.0,0.0
2024,3,16,11,0,27.3,1.09,0.076,0.63,103,925,750,0,0,9.8,103,925,0,750,0.248,33.3,45.62,0.96,0.31,878,1.6,308,3.3,2024.0,220.0,0.0
2024,3,16,12,0,29.1,1.12,0.073,0.63,110,969,919,0,0,8.7,110,969,0,919,0.247,27.88,33.38,0.96,0.31,877,1.6,294,4.4,2024.0,220.0,0.0
2024,3,16,13,0,30.3,1.12,0.071,0.63,114,994,1023,0,0,7.8,114,994,0,1023,0.245,24.51,23.87,0.96,0.31,877,1.5,286,5.2,2024.0,220.0,0.0
2024,3,16,14,0,30.8,1.11,0.07,0.63,114,999,1045,0,0,7.1,114,999,0,1045,0.244,22.75,21.22,0.95,0.31,876,1.5,282,5.7,2024.0,220.0,0.0
2024,3,16,15,0,30.7,1.13,0.068,0.63,110,990,988,0,0,6.7,110,990,0,988,0.243,22.17,27.5,0.95,0.31,876,1.5,279,5.8,2024.0,220.0,0.0
2024,3,16,16,0,30.2,1.12,0.067,0.63,103,966,859,0,0,6.3,103,966,0,859,0.242,22.2,38.56,0.95,0.31,876,1.4,278,5.6,2024.0,220.0,0.0
2024,3,16,17,0,29.1,1.11,0.067,0.63,93,914,663,0,0,6.0,93,914,0,663,0.241,23.24,51.37,0.95,0.31,876,1.4,278,5.1,2024.0,220.0,0.0
2024,3,16,18,0,27.4,1.11,0.066,0.63,76,817,423,0,0,6.1,76,817,0,423,0.242,25.73,64.86,0.95,0.31,876,1.3,279,4.6,2024.0,220.0,0.0
2024,3,16,19,0,24.7,1.1,0.066,0.63,50,585,166,0,0,6.6,50,585,0,166,0.243,31.36,78.62,0.95,0.31,876,1.3,282,3.8,2024.0,220.0,0.0
2024,3,16,20,0,21.7,1.1,0.066,0.63,0,0,0,0,0,7.8,0,0,0,0,0.244,40.68,92.56,0.95,0.31,876,1.3,291,3.0,2024.0,220.0,54.79
2024,3,16,21,0,20.1,1.1,0.067,0.63,0,0,0,0,0,8.6,0,0,0,0,0.245,47.39,106.38,0.95,0.31,877,1.3,314,1.8,2024.0,220.0,106.43
2024,3,16,22,0,19.4,1.1,0.068,0.63,0,0,0,0,0,8.7,0,0,0,0,0.246,50.04,119.97,0.95,0.31,877,1.3,7,1.0,2024.0,220.0,108.73
2024,3,16,23,0,19.2,1.11,0.07,0.63,0,0,0,0,0,8.5,0,0,0,0,0.247,50.02,133.03,0.95,0.31,877,1.4,46,0.8,2024.0,220.0,108.53
2024,3,16,24,0,19.0,1.12,0.075,0.63,0,0,0,0,0,8.4,0,0,0,0,0.248,50.08,144.91,0.95,0.31,877,1.4,64,0.8,2024.0,220.0,108.46
2024,3,17,1,0,18.7,1.11,0.083,0.63,0,0,0,0,0,8.4,0,0,0,0,0.249,51.07,153.87,0.96,0.31,877,1.5,74,0.7,2024.0,220.0,95.75
2024,3,17,2,0,18.4,1.09,0.095,0.63,0,0,0,0,0,8.5,0,0,0,0,0.25,52.59,156.29,0.96,0.31,877,1.5,72,0.8,2024.0,220.0,95.75
2024,3,17,3,0,18.1,1.07,0.106,0.63,0,0,0,0,0,8.7,0,0,0,0,0.25,54.17,150.51,0.96,0.31,876,1.6,52,0.8,2024.0,220.0,95.75
2024,3,17,4,0,17.8,1.07,0.11,0.63,0,0,0,0,0,8.8,0,0,0,0,0.25,55.75,139.95,0.97,0.31,876,1.6,38,0.8,2024.0,220.0,103.61
2024,3,17,5,0,17.6,1.08,0.108,0.63,0,0,0,0,0,8.9,0,0,0,0,0.25,56.74,127.43,0.96,0.31,876,1.6,66,0.8,2024.0,220.0,104.76
2024,3,17,6,0,17.5,1.09,0.106,0.63,0,0,0,0,0,8.8,0,0,0,0,0.25,56.59,114.09,0.96,0.31,876,1.6,101,0.8,2024.0,220.0,87.55
2024,3,17,7,0,17.4,1.1,0.104,0.63,0,0,0,0,0,8.3,0,0,0,0,0.249,55.31,100.38,0.96,0.31,876,1.6,111,0.9,2024.0,220.0,80.78
2024,3,17,8,0,20.0,1.11,0.102,0.63,26,204,39,0,0,7.9,26,204,0,39,0.249,45.71,86.36,0.96,0.31,876,1.6,113,1.3,2024.0,220.0,74.47
2024,3,17,9,0,23.6,1.13,0.102,0.63,74,651,268,0,0,8.4,74,651,0,268,0.249,37.93,72.64,0.96,0.31,877,1.5,151,0.7,2024.0,220.0,0.0
2024,3,17,10,0,26.5,1.14,0.103,0.63,99,818,521,0,0,8.0,99,818,0,521,0.25,31.0,58.99,0.96,0.31,877,1.5,264,1.6,2024.0,220.0,0.0
2024,3,17,11,0,28.7,1.16,0.101,0.63,115,904,745,0,0,7.3,115,904,0,745,0.25,26.07,45.76,0.96,0.31,876,1.5,271,2.9,2024.0,220.0,0.0
2024,3,17,12,0,30.2,1.19,0.093,0.63,121,958,918,0,0,7.0,121,958,0,918,0.251,23.29,33.58,0.96,0.31,876,1.4,272,4.2,2024.0,220.0,0.0
2024,3,17,13,0,31.2,1.19,0.09,0.63,124,981,1019,0,0,6.7,124,981,0,1019,0.252,21.53,24.19,0.96,0.31,875,1.4,269,5.1,2024.0,220.0,0.0
2024,3,17,14,0,31.6,1.19,0.089,0.63,125,986,1041,0,0,6.4,125,986,0,1041,0.252,20.73,21.62,0.96,0.31,874,1.4,265,5.4,2024.0,220.0,0.0
2024,3,17,15,0,31.6,1.17,0.09,0.63,123,974,983,0,0,6.2,123,974,0,983,0.252,20.46,27.86,0.96,0.31,874,1.4,262,5.5,2024.0,220.0,0.0
2024,3,17,16,0,30.8,1.15,0.092,0.63,116,942,850,0,0,6.2,116,942,0,850,0.252,21.41,38.85,0.96,0.31,874,1.4,260,5.3,2024.0,220.0,0.0
2024,3,17,17,0,29.6,1.13,0.093,0.63,105,884,654,0,0,6.4,105,884,0,654,0.252,23.12,51.62,0.96,0.31,874,1.4,259,5.1,2024.0,220.0,0.0
2024,3,17,18,0,27.6,1.1,0.09,0.63,85,778,413,0,0,6.7,85,778,0,413,0.252,26.64,65.09,0.97,0.31,875,1.4,261,4.9,2024.0,220.0,0.0
2024,3,17,19,0,24.6,1.08,0.09,0.63,55,531,157,0,0,7.6,55,531,0,157,0.251,33.66,78.84,0.97,0.31,875,1.4,268,4.6,2024.0,220.0,0.0
2024,3,17,20,0,21.6,1.06,0.09,0.63,0,0,0,0,0,8.9,0,0,0,0,0.251,44.37,92.78,0.97,0.31,876,1.4,282,3.9,2024.0,220.0,32.5
2024,3,17,21,0,19.8,1.05,0.092,0.63,0,0,0,0,0,9.8,0,0,0,0,0.251,52.64,106.6,0.97,0.31,877,1.4,304,2.5,2024.0,220.0,64.36
2024,3,17,22,0,19.1,1.05,0.093,0.63,0,0,0,0,0,10.1,0,0,0,0,0.251,55.82,120.21,0.97,0.31,877,1.4,347,1.3,2024.0,220.0,70.77
2024,3,17,23,0,18.8,1.06,0.091,0.63,0,0,0,0,0,9.9,0,0,0,0,0.251,56.4,133.31,0.97,0.31,877,1.4,21,0.7,2024.0,220.0,70.77
2024,3,17,24,0,18.7,1.07,0.088,0.63,0,0,0,0,0,9.7,0,0,0,0,0.251,55.78,145.23,0.97,0.31,877,1.4,50,0.8,2024.0,220.0,90.16
2024,3,18,1,0,18.6,1.08,0.084,0.63,0,0,0,0,0,9.4,0,0,0,0,0.252,55.19,154.26,0.97,0.31,877,1.3,69,0.9,2024.0,220.0,79.37
2024,3,18,2,0,18.4,1.09,0.081,0.63,0,0,0,0,0,9.2,0,0,0,0,0.252,55.19,156.67,0.97,0.31,876,1.3,70,0.9,2024.0,220.0,80.37
2024,3,18,3,0,18.0,1.09,0.079,0.63,0,0,0,0,0,9.2,0,0,0,0,0.253,56.27,150.78,0.97,0.31,876,1.3,62,0.9,2024.0,220.0,93.06
2024,3,18,4,0,17.6,1.1,0.078,0.63,0,0,0,0,0,9.1,0,0,0,0,0.253,57.33,140.13,0.96,0.31,876,1.3,63,0.9,2024.0,220.0,97.03
2024,3,18,5,0,17.4,1.11,0.077,0.63,0,0,0,0,0,8.9,0,0,0,0,0.253,57.33,127.56,0.96,0.31,876,1.3,75,1.0,2024.0,220.0,81.67
2024,3,18,6,0,17.3,1.11,0.076,0.63,0,0,0,0,0,8.5,0,0,0,0,0.253,56.32,114.19,0.96,0.31,876,1.3,82,1.0,2024.0,220.0,92.53
2024,3,18,7,0,17.6,1.12,0.073,0.63,0,0,0,0,0,8.0,0,0,0,0,0.252,53.28,100.47,0.96,0.31,876,1.3,83,1.1,2024.0,220.0,103.67
2024,3,18,8,0,20.5,1.13,0.07,0.63,24,262,40,0,0,7.4,24,262,0,40,0.25,42.75,86.44,0.96,0.31,876,1.3,75,2.0,2024.0,220.0,112.17
2024,3,18,9,0,24.3,1.14,0.069,0.63,64,707,274,0,3,7.5,176,32,0,186,0.249,34.11,72.73,0.96,0.31,877,1.3,26,1.7,2024.0,220.0,65.51
2024,3,18,10,0,27.0,1.15,0.07,0.63,86,863,529,0,3,7.0,319,139,0,390,0.248,28.1,59.1,0.96,0.31,877,1.3,321,1.9,2024.0,220.0,0.0
2024,3,18,11,0,28.7,1.15,0.073,0.63,101,936,752,0,8,6.7,260,621,0,692,0.246,24.91,45.9,0.96,0.31,877,1.3,308,3.1,2024.0,220.0,0.0
2024,3,18,12,0,29.8,1.14,0.079,0.63,113,968,918,0,8,6.8,397,266,0,618,0.245,23.49,33.79,0.96,0.31,877,1.4,300,4.2,2024.0,220.0,0.0
2024,3,18,13,0,30.1,1.12,0.086,0.63,122,982,1016,0,0,7.2,122,982,0,1016,0.244,23.75,24.51,0.96,0.31,876,1.4,294,5.0,2024.0,220.0,0.0
2024,3,18,14,0,30.0,1.11,0.095,0.63,129,976,1034,0,0,7.7,129,976,0,1034,0.242,24.82,22.03,0.96,0.31,876,1.5,292,5.3,2024.0,220.0,0.0
2024,3,18,15,0,29.6,1.09,0.105,0.63,131,953,971,0,0,8.2,131,953,0,971,0.241,26.24,28.21,0.96,0.31,876,1.6,291,5.3,2024.0,220.0,0.0
2024,3,18,16,0,28.8,1.09,0.114,0.63,128,915,837,0,0,8.6,128,915,0,837,0.24,28.24,39.14,0.97,0.31,876,1.6,292,5.2,2024.0,220.0,0.0
2024,3,18,17,0,27.7,1.09,0.119,0.63,116,846,639,0,0,9.0,116,846,0,639,0.239,30.96,51.87,0.97,0.31,877,1.7,293,5.0,2024.0,220.0,0.0
2024,3,18,18,0,26.2,1.1,0.122,0.63,96,726,399,0,0,9.5,96,726,0,399,0.239,34.95,65.32,0.97,0.31,877,1.7,294,4.8,2024.0,220.0,0.0
2024,3,18,19,0,24.1,1.11,0.122,0.63,60,466,148,0,0,10.2,60,466,0,148,0.239,41.47,79.05,0.97,0.31,877,1.7,295,4.2,2024.0,220.0,25.71
2024,3,18,20,0,21.8,1.12,0.118,0.63,0,0,0,0,0,11.2,0,0,0,0,0.24,51.02,93.0,0.97,0.31,878,1.7,289,3.1,2024.0,220.0,166.71
2024,3,18,21,0,20.3,1.13,0.114,0.63,0,0,0,0,0,11.9,0,0,0,0,0.241,58.32,106.83,0.97,0.31,878,1.7,295,1.6,2024.0,220.0,132.38
2024,3,18,22,0,19.9,1.13,0.112,0.63,0,0,0,0,0,12.0,0,0,0,0,0.242,60.24,120.45,0.97,0.31,878,1.7,52,0.7,2024.0,220.0,112.07
2024,3,18,23,0,19.4,1.12,0.116,0.63,0,0,0,0,0,11.8,0,0,0,0,0.244,61.27,133.58,0.97,0.31,878,1.8,78,0.9,2024.0,220.0,111.65
2024,3,18,24,0,19.0,1.11,0.129,0.63,0,0,0,0,0,11.6,0,0,0,0,0.245,62.32,145.56,0.97,0.31,878,1.9,41,1.0,2024.0,220.0,106.34
2024,3,19,1,0,18.4,1.09,0.145,0.63,0,0,0,0,0,12.0,0,0,0,0,0.247,66.21,154.64,0.97,0.31,879,2.0,3,1.1,2024.0,220.0,104.89
2024,3,19,2,0,17.8,1.08,0.15,0.63,0,0,0,0,0,12.5,0,0,0,0,0.248,71.33,157.05,0.97,0.31,878,2.0,349,1.1,2024.0,220.0,102.45
2024,3,19,3,0,17.3,1.07,0.149,0.63,0,0,0,0,0,13.0,0,0,0,0,0.249,75.73,151.06,0.97,0.31,878,2.0,352,1.2,2024.0,220.0,97.6
2024,3,19,4,0,17.2,1.07,0.147,0.63,0,0,0,0,0,13.1,0,0,0,0,0.249,76.9,140.31,0.97,0.31,878,2.0,4,1.2,2024.0,220.0,96.7
2024,3,19,5,0,17.3,1.08,0.142,0.63,0,0,0,0,0,13.0,0,0,0,0,0.249,76.06,127.69,0.97,0.31,878,2.0,24,1.2,2024.0,220.0,96.7
2024,3,19,6,0,17.4,1.08,0.137,0.63,0,0,0,0,0,12.8,0,0,0,0,0.249,74.58,114.29,0.97,0.31,878,2.0,44,1.1,2024.0,220.0,96.7
2024,3,19,7,0,17.5,1.09,0.135,0.63,0,0,0,0,0,12.5,0,0,0,0,0.248,72.63,100.55,0.97,0.31,878,2.1,59,1.1,2024.0,220.0,99.67
2024,3,19,8,0,19.7,1.1,0.135,0.63,25,147,34,0,1,12.3,25,147,0,34,0.247,62.41,86.52,0.97,0.31,879,2.1,61,2.5,2024.0,220.0,102.64
2024,3,19,9,0,22.6,1.12,0.136,0.63,82,581,253,0,0,12.5,82,581,0,253,0.247,52.94,72.82,0.97,0.31,879,2.2,12,3.6,2024.0,220.0,44.94
2024,3,19,10,0,25.3,1.13,0.136,0.63,111,760,501,0,0,12.2,111,760,0,501,0.247,44.14,59.2,0.97,0.31,880,2.2,320,4.3,2024.0,220.0,0.0
2024,3,19,11,0,27.3,1.14,0.135,0.63,129,848,718,0,0,12.1,129,848,0,718,0.247,38.79,46.05,0.97,0.31,880,2.3,304,5.0,2024.0,220.0,0.0
2024,3,19,12,0,28.7,1.12,0.068,0.63,106,952,895,0,0,12.1,106,952,0,895,0.247,35.77,34.0,0.96,0.31,880,2.3,298,5.5,2024.0,220.0,0.0
2024,3,19,13,0,29.4,1.1,0.07,0.63,112,970,992,0,0,12.3,112,970,0,992,0.246,34.82,24.83,0.96,0.31,879,2.3,295,6.0,2024.0,220.0,0.0
2024,3,19,14,0,29.4,1.08,0.072,0.63,114,972,1013,0,0,12.4,114,972,0,1013,0.245,35.19,22.43,0.96,0.31,879,2.3,293,6.3,2024.0,220.0,0.0
2024,3,19,15,0,29.2,1.06,0.071,0.63,111,962,955,0,0,12.4,111,962,0,955,0.244,35.54,28.57,0.96,0.31,878,2.3,292,6.2,2024.0,220.0,0.0
2024,3,19,16,0,28.6,1.04,0.072,0.63,105,934,826,0,0,12.2,105,934,0,826,0.244,36.3,39.43,0.96,0.31,878,2.2,291,5.9,2024.0,220.0,0.0
2024,3,19,17,0,27.6,1.04,0.073,0.63,94,877,633,0,0,11.9,94,877,0,633,0.244,37.74,52.12,0.96,0.31,878,2.2,292,5.3,2024.0,220.0,0.0
2024,3,19,18,0,26.1,1.05,0.073,0.63,77,773,397,0,0,11.8,77,773,0,397,0.244,40.84,65.55,0.96,0.31,878,2.1,295,4.5,2024.0,220.0,0.0
2024,3,19,19,0,23.9,1.06,0.075,0.63,50,525,147,0,0,11.9,50,525,0,147,0.244,47.02,79.27,0.96,0.31,878,2.1,296,3.3,2024.0,220.0,16.01
2024,3,19,20,0,21.7,1.07,0.075,0.63,0,0,0,0,0,12.4,0,0,0,0,0.245,55.5,93.22,0.96,0.31,879,2.1,297,2.2,2024.0,220.0,136.44
2024,3,19,21,0,20.3,1.08,0.075,0.63,0,0,0,0,0,12.8,0,0,0,0,0.246,62.2,107.05,0.96,0.31,879,2.1,306,1.3,2024.0,220.0,132.28
2024,3,19,22,0,19.5,1.09,0.076,0.63,0,0,0,0,0,13.1,0,0,0,0,0.246,66.36,120.69,0.96,0.31,880,2.1,339,0.7,2024.0,220.0,115.55
2024,3,19,23,0,19.0,1.1,0.079,0.63,0,0,0,0,0,13.2,0,0,0,0,0.246,68.99,133.85,0.96,0.31,880,2.1,12,0.8,2024.0,220.0,115.46
2024,3,19,24,0,18.6,1.1,0.084,0.63,0,0,0,0,0,13.3,0,0,0,0,0.247,71.36,145.88,0.96,0.31,880,2.2,17,1.0,2024.0,220.0,107.49
2024,3,20,1,0,18.2,1.1,0.091,0.63,0,0,0,0,0,13.5,0,0,0,0,0.248,73.99,155.03,0.96,0.31,880,2.2,11,1.1,2024.0,220.0,88.34
2024,3,20,2,0,17.8,1.1,0.097,0.63,0,0,0,0,0,13.7,0,0,0,0,0.249,76.94,157.43,0.96,0.31,880,2.3,3,1.1,2024.0,220.0,93.77
2024,3,20,3,0,17.4,1.09,0.102,0.63,0,0,0,0,0,13.9,0,0,0,0,0.249,80.04,151.32,0.96,0.31,879,2.3,0,1.0,2024.0,220.0,93.77
2024,3,20,4,0,17.0,1.08,0.109,0.63,0,0,0,0,0,14.1,0,0,0,0,0.25,83.19,140.49,0.96,0.31,879,2.3,6,1.0,2024.0,220.0,104.71
2024,3,20,5,0,16.7,1.07,0.116,0.63,0,0,0,0,0,14.2,0,0,0,0,0.25,85.14,127.81,0.97,0.31,879,2.3,23,1.0,2024.0,220.0,106.02
2024,3,20,6,0,16.7,1.08,0.121,0.63,0,0,0,0,0,14.0,0,0,0,0,0.25,84.26,114.39,0.97,0.31,879,2.3,43,1.1,2024.0,220.0,104.59
2024,3,20,7,0,16.9,1.11,0.117,0.63,0,0,0,0,0,13.7,0,0,0,0,0.25,81.21,100.64,0.97,0.31,879,2.2,61,1.1,2024.0,220.0,102.88
2024,3,20,8,0,20.0,1.15,0.107,0.63,24,179,35,0,0,13.2,24,179,0,35,0.249,64.96,86.59,0.96,0.31,879,2.1,71,2.0,2024.0,220.0,114.79
2024,3,20,9,0,23.5,1.18,0.097,0.63,71,640,259,0,0,12.6,71,640,0,259,0.249,50.28,72.91,0.96,0.31,879,2.0,54,3.0,2024.0,220.0,61.78
2024,3,20,10,0,26.3,1.2,0.09,0.63,93,819,510,0,0,11.2,93,819,0,510,0.248,38.9,59.31,0.95,0.31,879,1.9,337,3.8,2024.0,220.0,35.7
2024,3,20,11,0,28.4,1.21,0.086,0.63,106,903,731,1,0,10.2,106,903,1,731,0.248,32.19,46.19,0.95,0.31,879,1.9,260,4.5,2024.0,220.0,53.15
2024,3,20,12,0,29.7,1.21,0.075,0.63,109,955,899,1,0,9.7,109,955,1,899,0.248,28.95,34.22,0.95,0.31,878,1.9,261,5.0,2024.0,220.0,5.41
2024,3,20,13,0,30.3,1.19,0.077,0.63,116,974,997,1,0,9.8,116,974,1,997,0.247,28.08,25.15,0.96,0.31,878,1.9,264,5.4,2024.0,220.0,0.0
2024,3,20,14,0,30.3,1.16,0.08,0.63,119,975,1017,0,0,10.1,119,975,0,1017,0.246,28.62,22.83,0.96,0.31,878,1.9,266,5.7,2024.0,220.0,0.0
2024,3,20,15,0,29.9,1.14,0.06,0.63,104,980,962,0,0,10.3,104,980,0,962,0.244,29.69,28.93,0.96,0.31,877,1.9,266,5.6,2024.0,220.0,0.0
2024,3,20,16,0,29.1,1.11,0.061,0.63,99,954,833,0,0,10.5,99,954,0,833,0.243,31.55,39.73,0.96,0.31,877,1.8,264,5.3,2024.0,220.0,0.0
2024,3,20,17,0,27.8,1.09,0.061,0.63,88,900,638,0,0,10.8,88,900,0,638,0.243,34.62,52.38,0.96,0.31,877,1.8,263,4.9,2024.0,220.0,0.0
2024,3,20,18,0,26.1,1.08,0.061,0.63,73,796,399,0,0,11.0,73,796,0,399,0.243,38.89,65.78,0.96,0.31,878,1.8,263,4.3,2024.0,220.0,0.0
2024,3,20,19,0,23.8,1.07,0.06,0.63,46,558,148,0,0,11.3,46,558,0,148,0.244,45.53,79.49,0.96,0.31,878,1.7,264,3.2,2024.0,220.0,25.2
2024,3,20,20,0,21.7,1.08,0.058,0.63,0,0,0,0,0,11.9,0,0,0,0,0.245,53.81,93.44,0.96,0.31,879,1.7,264,2.2,2024.0,220.0,94.92
2024,3,20,21,0,20.4,1.08,0.057,0.63,0,0,0,0,0,12.4,0,0,0,0,0.246,59.99,107.28,0.96,0.32,879,1.6,259,1.2,2024.0,220.0,95.25
2024,3,20,22,0,19.7,1.09,0.056,0.63,0,0,0,0,0,12.5,0,0,0,0,0.246,63.2,120.93,0.96,0.32,880,1.6,223,0.5,2024.0,220.0,115.81
2024,3,20,23,0,19.1,1.09,0.054,0.63,0,0,0,0,0,12.3,0,0,0,0,0.247,64.78,134.12,0.96,0.32,880,1.5,97,0.7,2024.0,220.0,115.14
2024,3,20,24,0,18.8,1.1,0.053,0.63,0,0,0,0,0,11.9,0,0,0,0,0.248,64.36,146.2,0.96,0.32,879,1.5,81,0.9,2024.0,220.0,104.82
2024,3,21,1,0,18.6,1.1,0.052,0.63,0,0,0,0,0,11.5,0,0,0,0,0.247,63.41,155.42,0.95,0.32,879,1.5,73,0.9,2024.0,220.0,92.36
2024,3,21,2,0,18.5,1.11,0.051,0.63,0,0,0,0,0,11.1,0,0,0,0,0.247,62.19,157.81,0.95,0.32,879,1.5,69,0.9,2024.0,220.0,81.89
2024,3,21,3,0,18.5,1.11,0.051,0.63,0,0,0,0,0,10.8,0,0,0,0,0.246,60.89,151.59,0.95,0.32,878,1.5,66,0.9,2024.0,220.0,77.59
2024,3,21,4,0,18.3,1.11,0.051,0.63,0,0,0,0,0,10.6,0,0,0,0,0.246,60.88,140.66,0.95,0.32,878,1.5,58,1.0,2024.0,220.0,81.58
2024,3,21,5,0,18.0,1.11,0.052,0.63,0,0,0,0,0,10.5,0,0,0,0,0.246,61.61,127.94,0.95,0.32,878,1.5,41,1.1,2024.0,220.0,80.21
2024,3,21,6,0,17.4,1.11,0.052,0.63,0,0,0,0,0,10.4,0,0,0,0,0.246,63.38,114.48,0.96,0.32,878,1.4,32,1.2,2024.0,220.0,84.48
2024,3,21,7,0,16.9,1.11,0.052,0.63,0,0,0,0,0,10.0,0,0,0,0,0.246,64.0,100.72,0.96,0.32,878,1.4,41,1.2,2024.0,220.0,100.43
2024,3,21,8,0,19.1,1.12,0.052,0.63,21,284,38,0,0,9.7,21,284,0,38,0.246,54.28,86.67,0.96,0.32,879,1.4,61,1.5,2024.0,220.0,109.05
2024,3,21,9,0,22.4,1.14,0.052,0.63,58,726,270,0,0,9.5,58,726,0,270,0.245,43.9,73.0,0.96,0.32,879,1.4,128,0.9,2024.0,220.0,51.83
2024,3,21,10,0,25.8,1.16,0.053,0.63,78,877,524,0,0,8.2,78,877,0,524,0.245,32.67,59.42,0.96,0.32,879,1.4,223,1.6,2024.0,220.0,8.43
2024,3,21,11,0,28.1,1.17,0.056,0.63,92,943,743,0,0,7.3,92,943,0,743,0.245,26.94,46.34,0.96,0.32,879,1.5,242,2.9,2024.0,220.0,0.0
2024,3,21,12,0,29.5,1.17,0.06,0.63,102,979,910,0,0,7.2,102,979,0,910,0.244,24.63,34.43,0.96,0.32,879,1.5,248,3.9,2024.0,220.0,0.0
2024,3,21,13,0,30.0,1.16,0.065,0.63,110,994,1007,0,0,7.3,110,994,0,1007,0.242,24.18,25.48,0.96,0.32,878,1.5,249,4.9,2024.0,220.0,0.0
2024,3,21,14,0,30.2,1.14,0.071,0.63,114,989,1023,0,0,7.5,114,989,0,1023,0.241,24.23,23.23,0.96,0.32,878,1.6,249,5.7,2024.0,220.0,0.0
2024,3,21,15,0,29.9,1.12,0.076,0.63,114,974,964,0,0,7.7,114,974,0,964,0.239,24.85,29.28,0.96,0.32,877,1.6,247,6.0,2024.0,220.0,0.0
2024,3,21,16,0,29.2,1.1,0.077,0.63,108,943,830,0,0,7.8,108,943,0,830,0.239,26.12,40.03,0.96,0.32,877,1.6,245,6.0,2024.0,220.0,0.0
2024,3,21,17,0,28.1,1.09,0.078,0.63,97,886,634,0,0,7.9,97,886,0,634,0.238,28.09,52.64,0.96,0.32,877,1.6,243,5.5,2024.0,220.0,0.0
2024,3,21,18,0,26.5,1.08,0.077,0.63,79,780,396,0,0,8.1,79,780,0,396,0.238,31.22,66.02,0.96,0.32,877,1.5,239,5.0,2024.0,220.0,0.0
2024,3,21,19,0,24.1,1.08,0.075,0.63,49,528,143,0,0,8.5,49,528,0,143,0.238,37.08,79.71,0.96,0.32,878,1.5,239,4.0,2024.0,220.0,18.48
2024,3,21,20,0,21.6,1.07,0.073,0.63,0,0,0,0,0,9.5,0,0,0,0,0.239,46.05,93.65,0.96,0.32,878,1.5,240,2.8,2024.0,220.0,107.54
2024,3,21,21,0,20.1,1.06,0.072,0.63,0,0,0,0,0,10.2,0,0,0,0,0.24,52.98,107.5,0.96,0.32,879,1.5,231,1.2,2024.0,220.0,163.39
2024,3,21,22,0,19.4,1.06,0.072,0.63,0,0,0,0,0,10.5,0,0,0,0,0.241,56.23,121.17,0.96,0.32,879,1.5,198,0.3,2024.0,220.0,198.28
2024,3,21,23,0,19.0,1.05,0.073,0.63,0,0,0,0,0,10.4,0,0,0,0,0.243,57.48,134.39,0.96,0.32,879,1.6,132,0.6,2024.0,220.0,198.28
2024,3,21,24,0,18.8,1.06,0.073,0.63,0,0,0,0,0,10.2,0,0,0,0,0.245,57.5,146.52,0.96,0.32,879,1.6,105,0.8,2024.0,220.0,198.28
2024,3,22,1,0,18.7,1.06,0.075,0.63,0,0,0,0,0,10.0,0,0,0,0,0.247,57.15,155.81,0.96,0.32,879,1.6,85,0.8,2024.0,220.0,187.83
2024,3,22,2,0,18.6,1.06,0.076,0.63,0,0,0,0,0,10.0,0,0,0,0,0.248,57.25,158.19,0.96,0.32,879,1.6,61,0.9,2024.0,220.0,167.81
2024,3,22,3,0,18.2,1.06,0.078,0.63,0,0,0,0,0,10.0,0,0,0,0,0.25,58.79,151.85,0.96,0.32,879,1.6,35,0.9,2024.0,220.0,114.8
2024,3,22,4,0,17.8,1.06,0.08,0.63,0,0,0,0,0,10.0,0,0,0,0,0.25,60.4,140.83,0.96,0.32,879,1.6,27,0.9,2024.0,220.0,114.8
2024,3,22,5,0,17.4,1.06,0.082,0.63,0,0,0,0,0,10.0,0,0,0,0,0.251,61.85,128.06,0.96,0.32,879,1.7,45,0.8,2024.0,220.0,138.25
2024,3,22,6,0,17.1,1.06,0.085,0.63,0,0,0,0,0,9.9,0,0,0,0,0.252,62.43,114.58,0.96,0.32,879,1.7,65,0.8,2024.0,220.0,230.06
2024,3,22,7,0,16.9,1.07,0.086,0.63,0,0,0,0,0,9.6,0,0,0,0,0.252,62.18,100.81,0.96,0.32,880,1.6,74,1.1,2024.0,220.0,267.15
2024,3,22,8,0,19.3,1.08,0.087,0.63,23,203,34,0,0,9.3,23,203,0,34,0.251,52.49,86.75,0.96,0.32,880,1.6,73,2.3,2024.0,220.0,205.11
2024,3,22,9,0,22.8,1.1,0.087,0.63,69,659,260,0,0,9.5,69,659,0,260,0.251,42.78,73.09,0.96,0.32,880,1.6,35,1.9,2024.0,220.0,50.14
2024,3,22,10,0,26.0,1.12,0.086,0.63,92,828,511,0,0,8.9,92,828,0,511,0.251,34.02,59.53,0.96,0.32,880,1.6,252,1.4,2024.0,220.0,0.0
2024,3,22,11,0,28.5,1.14,0.087,0.63,107,907,732,0,0,8.3,107,907,0,732,0.251,28.08,46.49,0.96,0.32,880,1.6,247,2.1,2024.0,220.0,0.0
2024,3,22,12,0,30.1,1.16,0.089,0.63,118,949,898,0,0,7.9,118,949,0,898,0.252,24.97,34.65,0.96,0.32,879,1.6,248,3.3,2024.0,220.0,0.0
2024,3,22,13,0,31.0,1.16,0.095,0.63,127,964,995,0,0,7.7,127,964,0,995,0.252,23.41,25.8,0.96,0.32,879,1.6,252,4.3,2024.0,220.0,0.0
2024,3,22,14,0,31.1,1.16,0.101,0.63,131,961,1012,0,0,7.7,131,961,0,1012,0.251,23.24,23.63,0.97,0.32,878,1.7,254,5.1,2024.0,220.0,0.0
2024,3,22,15,0,30.7,1.16,0.105,0.63,130,946,952,0,0,7.8,130,946,0,952,0.251,23.96,29.64,0.97,0.32,878,1.7,253,5.3,2024.0,220.0,0.0
2024,3,22,16,0,29.7,1.15,0.108,0.63,123,911,818,0,0,8.0,123,911,0,818,0.25,25.64,40.32,0.97,0.32,877,1.7,250,5.1,2024.0,220.0,0.0
2024,3,22,17,0,28.3,1.14,0.11,0.63,111,847,622,0,0,8.2,111,847,0,622,0.25,28.2,52.89,0.97,0.32,878,1.7,248,4.6,2024.0,220.0,0.0
2024,3,22,18,0,26.2,1.15,0.157,0.63,105,672,376,0,0,8.6,105,672,0,376,0.25,32.76,66.25,0.97,0.32,878,1.7,246,4.1,2024.0,220.0,0.0
2024,3,22,19,0,23.3,1.15,0.163,0.63,62,381,129,0,0,9.5,62,381,0,129,0.25,41.53,79.93,0.97,0.32,879,1.8,248,3.1,2024.0,220.0,28.32
2024,3,22,20,0,20.5,1.13,0.179,0.63,0,0,0,0,0,10.8,0,0,0,0,0.251,53.82,93.87,0.97,0.32,880,1.9,258,2.1,2024.0,220.0,106.82
2024,3,22,21,0,19.0,1.11,0.204,0.63,0,0,0,0,0,11.7,0,0,0,0,0.251,62.6,107.73,0.97,0.32,881,1.9,280,1.0,2024.0,220.0,123.59
2024,3,22,22,0,18.4,1.13,0.22,0.63,0,0,0,0,0,12.1,0,0,0,0,0.251,66.55,121.41,0.98,0.32,881,2.0,327,0.4,2024.0,220.0,123.59
2024,3,22,23,0,18.4,1.16,0.218,0.63,0,0,0,0,0,12.0,0,0,0,0,0.252,66.37,134.66,0.98,0.32,881,2.0,18,0.8,2024.0,220.0,134.03
2024,3,22,24,0,18.1,1.19,0.213,0.63,0,0,0,0,0,11.7,0,0,0,0,0.252,66.24,146.84,0.98,0.32,880,2.0,93,0.9,2024.0,220.0,197.11
2024,3,23,1,0,17.8,1.21,0.212,0.63,0,0,0,0,0,11.2,0,0,0,0,0.251,65.42,156.19,0.98,0.32,879,2.0,110,0.9,2024.0,220.0,180.32
2024,3,23,2,0,17.9,1.21,0.218,0.63,0,0,0,0,0,10.8,0,0,0,0,0.25,63.04,158.56,0.98,0.32,879,2.0,111,0.8,2024.0,220.0,105.95
2024,3,23,3,0,18.2,1.2,0.23,0.63,0,0,0,0,0,10.4,0,0,0,0,0.249,60.38,152.11,0.98,0.32,878,2.0,99,0.7,2024.0,220.0,107.57
2024,3,23,4,0,18.2,1.2,0.245,0.63,0,0,0,0,0,10.2,0,0,0,0,0.248,59.73,141.0,0.98,0.32,878,2.0,60,0.6,2024.0,220.0,101.47
2024,3,23,5,0,17.9,1.19,0.258,0.63,0,0,0,0,0,10.2,0,0,0,0,0.247,60.83,128.17,0.98,0.32,878,2.1,8,0.6,2024.0,220.0,96.65
2024,3,23,6,0,17.6,1.19,0.267,0.63,0,0,0,0,0,10.2,0,0,0,0,0.246,62.02,114.67,0.98,0.32,878,2.1,4,0.7,2024.0,220.0,94.47
2024,3,23,7,0,17.5,1.2,0.27,0.63,0,0,0,0,0,10.2,0,0,0,0,0.245,62.09,100.89,0.98,0.32,879,2.1,41,1.0,2024.0,220.0,94.72
2024,3,23,8,0,19.2,1.21,0.269,0.63,23,61,26,0,0,10.0,23,61,0,26,0.244,55.04,86.83,0.98,0.32,879,2.1,72,1.6,2024.0,220.0,86.48
2024,3,23,9,0,22.7,1.23,0.266,0.63,108,440,235,0,0,9.8,108,440,0,235,0.244,44.06,73.18,0.98,0.32,879,2.1,39,1.3,2024.0,220.0,46.27
2024,3,23,10,0,26.1,1.24,0.265,0.63,154,639,477,0,0,9.1,154,639,0,477,0.243,34.27,59.64,0.98,0.32,879,2.1,301,1.9,2024.0,220.0,0.0
2024,3,23,11,0,28.3,1.26,0.266,0.63,183,743,694,0,0,8.7,183,743,0,694,0.243,29.29,46.64,0.98,0.32,879,2.1,281,3.3,2024.0,220.0,0.0
2024,3,23,12,0,29.9,1.27,0.281,0.63,207,791,856,0,0,8.4,207,791,0,856,0.242,26.12,34.87,0.98,0.32,878,2.1,272,4.1,2024.0,220.0,0.0
2024,3,23,13,0,30.8,1.29,0.286,0.63,219,816,952,0,0,8.1,219,816,0,952,0.241,24.33,26.13,0.98,0.32,878,2.1,267,4.6,2024.0,220.0,0.0
2024,3,23,14,0,31.1,1.29,0.29,0.63,223,822,973,0,0,7.9,223,822,0,973,0.239,23.58,24.03,0.98,0.32,877,2.0,264,4.9,2024.0,220.0,0.0
2024,3,23,15,0,30.9,1.29,0.251,0.63,200,831,919,0,0,7.8,200,831,0,919,0.237,23.75,30.01,0.98,0.32,876,2.0,262,4.9,2024.0,220.0,0.0
2024,3,23,16,0,30.1,1.29,0.246,0.63,185,796,789,0,0,7.9,185,796,0,789,0.236,25.01,40.62,0.98,0.32,876,1.9,261,4.8,2024.0,220.0,0.0
2024,3,23,17,0,28.8,1.3,0.235,0.63,159,729,596,0,0,8.1,159,729,0,596,0.234,27.29,53.15,0.98,0.32,876,1.9,259,4.4,2024.0,220.0,0.0
2024,3,23,18,0,27.0,1.32,0.226,0.63,123,599,362,0,0,8.4,123,599,0,362,0.234,30.86,66.49,0.98,0.32,876,1.9,257,3.9,2024.0,220.0,0.0
2024,3,23,19,0,24.3,1.32,0.226,0.63,67,316,121,0,0,9.0,67,316,0,121,0.235,37.9,80.16,0.98,0.32,877,1.9,254,3.1,2024.0,220.0,0.0
2024,3,23,20,0,21.7,1.31,0.231,0.63,0,0,0,0,0,10.1,0,0,0,0,0.236,47.52,94.09,0.98,0.32,877,1.9,248,2.4,2024.0,220.0,78.46
2024,3,23,21,0,20.2,1.3,0.242,0.63,0,0,0,0,0,10.6,0,0,0,0,0.236,54.19,107.95,0.98,0.31,878,2.0,231,1.2,2024.0,220.0,75.0
2024,3,23,22,0,19.9,1.28,0.255,0.63,0,0,0,0,0,10.7,0,0,0,0,0.237,55.46,121.65,0.98,0.31,878,2.0,142,0.5,2024.0,220.0,66.48
2024,3,23,23,0,19.6,1.27,0.267,0.63,0,0,0,0,0,10.6,0,0,0,0,0.239,55.9,134.92,0.98,0.31,878,2.1,75,0.7,2024.0,220.0,74.15
2024,3,23,24,0,19.4,1.26,0.28,0.63,0,0,0,0,1,10.5,0,0,0,0,0.24,56.28,147.16,0.99,0.31,878,2.1,40,0.6,2024.0,220.0,70.27
2024,3,24,1,0,18.6,1.24,0.295,0.63,0,0,0,0,8,10.7,0,0,0,0,0.242,60.12,156.58,0.99,0.31,878,2.2,351,0.7,2024.0,220.0,73.41
2024,3,24,2,0,17.8,1.22,0.313,0.63,0,0,0,0,3,11.1,0,0,0,0,0.243,64.94,158.94,0.99,0.31,878,2.2,335,0.9,2024.0,220.0,68.44
2024,3,24,3,0,17.2,1.2,0.35,0.63,0,0,0,0,3,11.4,0,0,0,0,0.245,68.88,152.36,0.99,0.31,878,2.2,346,0.9,2024.0,220.0,72.21
2024,3,24,4,0,17.0,1.18,0.377,0.63,0,0,0,0,0,11.6,0,0,0,0,0.245,70.48,141.17,0.99,0.31,877,2.3,1,0.8,2024.0,220.0,73.63
2024,3,24,5,0,17.0,1.16,0.383,0.63,0,0,0,0,0,11.6,0,0,0,0,0.246,70.46,128.29,0.99,0.31,877,2.3,21,0.7,2024.0,220.0,83.15
2024,3,24,6,0,17.0,1.15,0.402,0.63,0,0,0,0,0,11.5,0,0,0,0,0.246,69.92,114.76,0.99,0.31,878,2.3,36,0.8,2024.0,220.0,73.02
2024,3,24,7,0,17.1,1.14,0.403,0.63,0,0,0,0,0,11.2,0,0,0,0,0.246,68.46,100.97,0.99,0.31,878,2.3,45,1.0,2024.0,220.0,75.17
2024,3,24,8,0,18.8,1.16,0.368,0.63,20,32,22,0,0,11.0,20,32,0,22,0.245,60.55,86.91,0.98,0.31,878,2.3,38,1.6,2024.0,220.0,74.56
2024,3,24,9,0,21.6,1.18,0.339,0.63,119,372,226,0,0,10.9,119,372,0,226,0.245,50.65,73.27,0.98,0.31,878,2.3,351,1.2,2024.0,220.0,31.6
2024,3,24,10,0,24.4,1.2,0.305,0.63,166,599,467,0,0,10.6,166,599,0,467,0.245,41.79,59.75,0.98,0.31,878,2.3,304,2.4,2024.0,220.0,0.0
2024,3,24,11,0,26.6,1.23,0.264,0.63,181,738,687,0,0,10.3,181,738,0,687,0.244,35.94,46.79,0.98,0.31,878,2.3,281,4.0,2024.0,220.0,0.0
2024,3,24,12,0,28.4,1.26,0.221,0.63,180,829,858,0,0,9.9,180,829,0,858,0.244,31.53,35.09,0.98,0.31,877,2.2,273,4.8,2024.0,220.0,0.0
2024,3,24,13,0,29.4,1.28,0.2,0.63,178,870,957,0,0,9.7,178,870,0,957,0.244,29.32,26.46,0.98,0.31,877,2.2,270,5.0,2024.0,220.0,0.0
2024,3,24,14,0,29.8,1.28,0.19,0.63,175,884,979,0,0,9.5,175,884,0,979,0.244,28.3,24.43,0.98,0.31,876,2.1,269,4.9,2024.0,220.0,0.0
2024,3,24,15,0,29.5,1.28,0.181,0.63,166,876,921,0,0,9.4,166,876,0,921,0.244,28.68,30.37,0.98,0.31,876,2.1,268,4.8,2024.0,220.0,0.0
2024,3,24,16,0,28.8,1.27,0.179,0.63,154,842,791,0,0,9.4,154,842,0,791,0.244,29.86,40.93,0.98,0.31,875,2.0,267,4.6,2024.0,220.0,0.0
2024,3,24,17,0,27.6,1.27,0.177,0.63,136,773,597,0,0,9.5,136,773,0,597,0.244,32.12,53.41,0.98,0.31,875,2.0,268,4.1,2024.0,220.0,0.0
2024,3,24,18,0,25.8,1.27,0.179,0.63,109,638,361,0,0,9.7,109,638,0,361,0.244,36.12,66.72,0.98,0.31,876,2.0,271,3.6,2024.0,220.0,0.0
2024,3,24,19,0,23.2,1.26,0.184,0.63,62,344,119,0,0,10.2,62,344,0,119,0.244,43.65,80.38,0.98,0.31,877,2.1,273,2.7,2024.0,220.0,0.0
2024,3,24,20,0,20.7,1.25,0.19,0.63,0,0,0,0,0,10.9,0,0,0,0,0.245,53.5,94.31,0.98,0.31,877,2.1,272,1.9,2024.0,220.0,68.0
2024,3,24,21,0,19.3,1.23,0.201,0.63,0,0,0,0,0,11.4,0,0,0,0,0.245,60.24,108.18,0.98,0.31,878,2.2,271,1.0,2024.0,220.0,72.54
2024,3,24,22,0,18.9,1.22,0.21,0.63,0,0,0,0,0,11.5,0,0,0,0,0.246,62.16,121.89,0.98,0.31,878,2.2,284,0.7,2024.0,220.0,66.37
2024,3,24,23,0,18.6,1.22,0.213,0.63,0,0,0,0,0,11.4,0,0,0,0,0.246,63.06,135.19,0.98,0.31,878,2.2,98,0.9,2024.0,220.0,69.31
2024,3,24,24,0,18.4,1.22,0.216,0.63,0,0,0,0,0,11.4,0,0,0,0,0.247,63.57,147.47,0.98,0.31,878,2.2,86,0.9,2024.0,220.0,68.8
2024,3,25,1,0,18.1,1.21,0.221,0.63,0,0,0,0,8,11.4,0,0,0,0,0.247,64.95,156.96,0.98,0.31,878,2.2,13,0.9,2024.0,220.0,72.91
2024,3,25,2,0,17.5,1.2,0.225,0.63,0,0,0,0,8,11.6,0,0,0,0,0.247,68.14,159.31,0.98,0.31,878,2.2,333,1.0,2024.0,220.0,76.46
2024,3,25,3,0,16.8,1.18,0.241,0.63,0,0,0,0,0,11.7,0,0,0,0,0.247,71.96,152.61,0.98,0.31,878,2.3,341,1.0,2024.0,220.0,80.51
2024,3,25,4,0,16.5,1.16,0.248,0.63,0,0,0,0,8,11.8,0,0,0,0,0.247,73.77,141.33,0.98,0.31,878,2.3,356,1.0,2024.0,220.0,76.78
2024,3,25,5,0,16.4,1.16,0.236,0.63,0,0,0,0,0,11.8,0,0,0,0,0.247,74.16,128.4,0.98,0.31,878,2.3,6,0.9,2024.0,220.0,73.29
2024,3,25,6,0,16.3,1.15,0.244,0.63,0,0,0,0,0,11.7,0,0,0,0,0.247,73.98,114.85,0.98,0.31,878,2.3,13,1.0,2024.0,220.0,83.95
2024,3,25,7,0,16.3,1.15,0.239,0.63,0,0,0,0,0,11.4,0,0,0,0,0.247,72.72,101.05,0.98,0.31,878,2.3,20,1.3,2024.0,220.0,86.99
2024,3,25,8,0,18.3,1.16,0.221,0.63,22,70,26,0,0,11.1,22,70,0,26,0.246,62.81,86.98,0.98,0.31,878,2.3,21,1.9,2024.0,220.0,103.33
2024,3,25,9,0,21.1,1.18,0.217,0.63,98,476,234,0,0,10.6,98,476,0,234,0.245,51.19,73.36,0.98,0.31,879,2.3,348,2.2,2024.0,220.0,59.41
2024,3,25,10,0,23.8,1.2,0.209,0.63,135,677,475,0,0,10.0,135,677,0,475,0.244,41.68,59.87,0.98,0.31,879,2.4,320,2.8,2024.0,220.0,0.0
2024,3,25,11,0,25.8,1.22,0.194,0.63,153,789,691,0,0,9.6,153,789,0,691,0.243,36.05,46.95,0.98,0.31,879,2.4,300,3.5,2024.0,220.0,0.0
2024,3,25,12,0,27.1,1.2,0.099,0.63,121,917,869,0,0,9.6,121,917,0,869,0.242,33.42,35.32,0.97,0.31,878,2.4,288,4.0,2024.0,220.0,0.0
2024,3,25,13,0,27.9,1.21,0.101,0.63,127,937,964,0,0,9.8,127,937,0,964,0.24,32.17,26.79,0.97,0.31,878,2.4,281,4.5,2024.0,220.0,0.0
2024,3,25,14,0,28.3,1.21,0.099,0.63,127,942,982,0,0,9.8,127,942,0,982,0.239,31.43,24.83,0.97,0.31,877,2.4,279,4.8,2024.0,220.0,0.0
2024,3,25,15,0,28.4,1.21,0.083,0.63,115,943,926,0,0,9.7,115,943,0,926,0.238,31.06,30.73,0.96,0.31,877,2.4,280,5.0,2024.0,220.0,0.0
2024,3,25,16,0,28.0,1.22,0.081,0.63,107,916,796,0,0,9.5,107,916,0,796,0.237,31.4,41.23,0.96,0.31,876,2.3,281,5.0,2024.0,220.0,0.0
2024,3,25,17,0,27.1,1.22,0.078,0.63,94,860,603,0,0,9.4,94,860,0,603,0.235,32.86,53.68,0.96,0.31,876,2.3,281,4.7,2024.0,220.0,0.0
2024,3,25,18,0,25.7,1.23,0.076,0.63,75,749,368,0,0,9.4,75,749,0,368,0.235,35.78,66.96,0.96,0.31,876,2.3,280,4.2,2024.0,220.0,0.0
2024,3,25,19,0,23.4,1.24,0.074,0.63,45,489,125,0,0,9.7,45,489,0,125,0.235,41.91,80.6,0.96,0.31,877,2.2,278,2.8,2024.0,220.0,24.92
2024,3,25,20,0,20.9,1.24,0.075,0.63,0,0,0,0,0,10.4,0,0,0,0,0.236,51.04,94.53,0.96,0.31,877,2.3,276,2.0,2024.0,220.0,85.54
2024,3,25,21,0,19.4,1.23,0.077,0.63,0,0,0,0,0,10.9,0,0,0,0,0.236,57.92,108.4,0.96,0.31,878,2.3,283,1.3,2024.0,220.0,86.38
2024,3,25,22,0,18.6,1.22,0.08,0.63,0,0,0,0,0,11.1,0,0,0,0,0.237,61.75,122.12,0.97,0.31,878,2.3,330,0.9,2024.0,220.0,76.82
2024,3,25,23,0,18.3,1.22,0.081,0.63,0,0,0,0,0,11.2,0,0,0,0,0.239,63.15,135.45,0.96,0.31,878,2.3,19,1.0,2024.0,220.0,69.83
2024,3,25,24,0,18.0,1.22,0.081,0.63,0,0,0,0,0,11.2,0,0,0,0,0.24,64.38,147.79,0.96,0.31,878,2.3,24,1.0,2024.0,220.0,67.9
2024,3,26,1,0,17.6,1.22,0.081,0.63,0,0,0,0,0,11.2,0,0,0,0,0.241,66.17,157.35,0.96,0.31,878,2.3,5,1.0,2024.0,220.0,86.83
2024,3,26,2,0,17.0,1.21,0.083,0.63,0,0,0,0,0,11.3,0,0,0,0,0.242,69.19,159.69,0.96,0.31,878,2.3,345,1.0,2024.0,220.0,85.49
2024,3,26,3,0,16.4,1.19,0.088,0.63,0,0,0,0,0,11.4,0,0,0,0,0.243,72.53,152.86,0.96,0.31,878,2.3,344,0.9,2024.0,220.0,85.85
2024,3,26,4,0,15.9,1.18,0.093,0.63,0,0,0,0,0,11.6,0,0,0,0,0.244,75.43,141.48,0.96,0.31,878,2.3,353,0.8,2024.0,220.0,84.66
2024,3,26,5,0,15.7,1.18,0.093,0.63,0,0,0,0,0,11.6,0,0,0,0,0.244,76.44,128.51,0.96,0.31,878,2.3,5,0.9,2024.0,220.0,84.66
2024,3,26,6,0,15.6,1.19,0.093,0.63,0,0,0,0,0,11.4,0,0,0,0,0.244,76.28,114.94,0.96,0.31,879,2.3,21,1.1,2024.0,220.0,86.01
2024,3,26,7,0,15.6,1.19,0.091,0.63,0,0,0,0,0,11.2,0,0,0,0,0.245,75.15,101.13,0.96,0.31,879,2.3,41,1.4,2024.0,220.0,95.73
2024,3,26,8,0,17.8,1.2,0.09,0.63,21,177,30,0,0,10.9,21,177,0,30,0.244,64.1,87.06,0.96,0.31,879,2.3,44,2.0,2024.0,220.0,117.41
2024,3,26,9,0,20.9,1.21,0.089,0.63,67,632,247,0,1,10.4,67,632,0,247,0.245,51.08,73.45,0.96,0.31,880,2.3,348,2.5,2024.0,220.0,68.78
2024,3,26,10,0,23.6,1.22,0.089,0.63,91,801,491,0,0,9.8,91,801,0,491,0.245,41.62,59.98,0.96,0.31,880,2.3,316,1.5,2024.0,220.0,29.45
2024,3,26,11,0,26.0,1.23,0.09,0.63,106,882,707,0,0,9.0,106,882,0,707,0.245,34.08,47.1,0.96,0.31,880,2.3,301,2.8,2024.0,220.0,0.0
2024,3,26,12,0,27.7,1.25,0.071,0.63,106,945,874,0,0,8.2,106,945,0,874,0.245,29.36,35.54,0.96,0.31,880,2.2,291,4.3,2024.0,220.0,0.0
2024,3,26,13,0,28.5,1.24,0.074,0.63,112,962,968,0,0,7.8,112,962,0,968,0.244,27.22,27.12,0.96,0.31,879,2.2,286,5.3,2024.0,220.0,0.0
2024,3,26,14,0,28.6,1.22,0.077,0.63,115,963,986,1,0,7.6,115,963,1,986,0.244,26.75,25.23,0.96,0.31,879,2.2,285,5.7,2024.0,220.0,0.0
2024,3,26,15,0,28.1,1.2,0.082,0.63,115,947,925,0,0,7.6,115,947,0,925,0.243,27.52,31.09,0.96,0.31,878,2.2,285,5.8,2024.0,220.0,0.0
2024,3,26,16,0,27.3,1.19,0.084,0.63,108,914,792,0,0,7.6,108,914,0,792,0.242,28.88,41.53,0.96,0.31,878,2.2,285,5.5,2024.0,220.0,0.0
2024,3,26,17,0,26.0,1.18,0.085,0.63,97,855,600,0,0,7.7,97,855,0,600,0.242,31.34,53.94,0.96,0.31,878,2.1,286,4.9,2024.0,220.0,0.0
2024,3,26,18,0,24.3,1.18,0.086,0.63,78,733,363,0,0,7.9,78,733,0,363,0.242,35.21,67.2,0.96,0.31,878,2.2,288,4.2,2024.0,220.0,0.0
2024,3,26,19,0,21.9,1.18,0.089,0.63,47,452,119,0,0,8.5,47,452,0,119,0.243,42.21,80.82,0.96,0.31,879,2.2,289,2.7,2024.0,220.0,35.12
2024,3,26,20,0,19.7,1.19,0.092,0.63,0,0,0,0,0,9.3,0,0,0,0,0.244,51.2,94.75,0.97,0.31,879,2.2,293,1.6,2024.0,220.0,81.05
2024,3,26,21,0,18.5,1.19,0.096,0.63,0,0,0,0,0,9.9,0,0,0,0,0.245,57.28,108.62,0.97,0.31,880,2.2,311,0.8,2024.0,220.0,83.17
2024,3,26,22,0,17.9,1.19,0.101,0.63,0,0,0,0,0,10.1,0,0,0,0,0.247,60.13,122.36,0.97,0.31,880,2.3,356,0.5,2024.0,220.0,89.0
2024,3,26,23,0,17.6,1.2,0.106,0.63,0,0,0,0,0,10.0,0,0,0,0,0.248,61.14,135.71,0.97,0.31,880,2.3,30,0.9,2024.0,220.0,90.86
2024,3,26,24,0,17.5,1.2,0.11,0.63,0,0,0,0,0,9.9,0,0,0,0,0.25,61.1,148.1,0.97,0.31,880,2.3,46,1.1,2024.0,220.0,98.97
2024,3,27,1,0,17.4,1.2,0.113,0.63,0,0,0,0,0,9.9,0,0,0,0,0.252,61.25,157.73,0.97,0.31,880,2.3,51,1.1,2024.0,220.0,108.63
2024,3,27,2,0,17.1,1.21,0.114,0.63,0,0,0,0,0,9.9,0,0,0,0,0.253,62.5,160.06,0.97,0.31,880,2.3,42,1.1,2024.0,220.0,99.21
2024,3,27,3,0,16.7,1.21,0.114,0.63,0,0,0,0,0,9.9,0,0,0,0,0.254,64.33,153.1,0.97,0.31,879,2.3,19,1.0,2024.0,220.0,86.99
2024,3,27,4,0,16.4,1.21,0.112,0.63,0,0,0,0,0,10.0,0,0,0,0,0.254,65.92,141.64,0.97,0.31,879,2.3,2,1.0,2024.0,220.0,84.31
2024,3,27,5,0,16.2,1.21,0.109,0.63,0,0,0,0,0,10.1,0,0,0,0,0.254,66.98,128.62,0.97,0.31,879,2.3,20,1.0,2024.0,220.0,80.41
2024,3,27,6,0,16.0,1.2,0.107,0.63,0,0,0,0,0,10.0,0,0,0,0,0.255,67.72,115.03,0.97,0.31,880,2.3,80,1.0,2024.0,220.0,86.72
2024,3,27,7,0,15.9,1.2,0.105,0.63,0,0,0,0,0,9.9,0,0,0,0,0.255,67.36,101.2,0.97,0.31,880,2.2,100,1.1,2024.0,220.0,77.87
2024,3,27,8,0,18.2,1.21,0.104,0.63,21,156,29,7,3,9.6,2,0,7,2,0.255,57.12,87.14,0.97,0.31,880,2.2,98,1.5,2024.0,220.0,102.01
2024,3,27,9,0,21.7,1.22,0.106,0.63,71,611,244,0,0,9.3,71,611,0,244,0.255,45.09,73.54,0.97,0.31,880,2.1,133,2.3,2024.0,220.0,64.66
2024,3,27,10,0,24.9,1.23,0.11,0.63,99,781,488,0,0,8.6,99,781,0,488,0.255,35.44,60.1,0.97,0.31,880,2.1,239,3.1,2024.0,220.0,4.49
2024,3,27,11,0,27.3,1.24,0.116,0.63,118,861,703,0,0,7.8,118,861,0,703,0.254,29.1,47.26,0.98,0.31,880,2.1,250,3.9,2024.0,220.0,0.0
2024,3,27,12,0,28.9,1.25,0.113,0.63,128,912,868,0,0,7.3,128,912,0,868,0.254,25.74,35.77,0.98,0.31,880,2.0,256,4.6,2024.0,220.0,0.0
2024,3,27,13,0,29.6,1.26,0.119,0.63,137,930,962,0,0,7.4,137,930,0,962,0.254,24.87,27.45,0.98,0.31,879,2.0,260,5.1,2024.0,220.0,0.0
2024,3,27,14,0,29.5,1.26,0.125,0.63,141,927,976,0,0,7.8,141,927,0,976,0.253,25.7,25.63,0.98,0.31,879,2.1,262,5.3,2024.0,220.0,0.0
2024,3,27,15,0,28.9,1.24,0.126,0.63,138,912,916,0,0,8.3,138,912,0,916,0.253,27.57,31.45,0.98,0.31,878,2.1,262,5.3,2024.0,220.0,0.0
2024,3,27,16,0,27.8,1.22,0.131,0.63,131,873,781,0,0,8.9,131,873,0,781,0.253,30.5,41.84,0.98,0.31,878,2.1,261,5.0,2024.0,220.0,0.0
2024,3,27,17,0,26.4,1.21,0.134,0.63,117,800,585,0,0,9.4,117,800,0,585,0.253,34.19,54.2,0.98,0.31,878,2.2,259,4.6,2024.0,220.0,0.0
2024,3,27,18,0,24.6,1.19,0.118,0.63,89,689,353,0,0,9.7,89,689,0,353,0.254,39.05,67.43,0.97,0.31,879,2.2,256,4.1,2024.0,220.0,0.0
2024,3,27,19,0,22.3,1.18,0.115,0.63,50,405,113,0,0,10.1,50,405,0,113,0.255,46.07,81.04,0.97,0.31,879,2.1,254,2.9,2024.0,220.0,23.53
2024,3,27,20,0,20.4,1.18,0.112,0.63,0,0,0,0,0,10.8,0,0,0,0,0.256,54.06,94.97,0.97,0.31,880,2.1,255,2.1,2024.0,220.0,88.24
2024,3,27,21,0,19.2,1.17,0.109,0.63,0,0,0,0,0,11.2,0,0,0,0,0.257,59.76,108.84,0.97,0.31,880,2.1,249,1.0,2024.0,220.0,88.24
2024,3,27,22,0,18.4,1.17,0.107,0.63,0,0,0,0,0,11.3,0,0,0,0,0.257,63.21,122.59,0.97,0.31,881,2.0,231,0.5,2024.0,220.0,88.24
2024,3,27,23,0,18.0,1.17,0.105,0.63,0,0,0,0,0,11.1,0,0,0,0,0.258,64.13,135.97,0.97,0.31,881,2.0,156,0.8,2024.0,220.0,84.99
2024,3,27,24,0,17.9,1.17,0.102,0.63,0,0,0,0,0,10.8,0,0,0,0,0.258,63.26,148.4,0.97,0.31,881,2.0,113,1.0,2024.0,220.0,74.3
2024,3,28,1,0,17.9,1.17,0.101,0.63,0,0,0,0,0,10.5,0,0,0,0,0.257,61.85,158.11,0.96,0.31,881,2.0,106,1.0,2024.0,220.0,100.52
2024,3,28,2,0,18.0,1.17,0.101,0.63,0,0,0,0,0,10.2,0,0,0,0,0.257,60.33,160.42,0.96,0.31,880,1.9,103,0.9,2024.0,220.0,87.43
2024,3,28,3,0,17.9,1.17,0.104,0.63,0,0,0,0,0,10.1,0,0,0,0,0.256,60.17,153.34,0.96,0.31,880,2.0,78,1.0,2024.0,220.0,73.51
2024,3,28,4,0,17.6,1.17,0.107,0.63,0,0,0,0,0,10.0,0,0,0,0,0.256,60.99,141.79,0.97,0.31,879,2.0,27,1.1,2024.0,220.0,73.89
2024,3,28,5,0,17.2,1.18,0.11,0.63,0,0,0,0,0,9.9,0,0,0,0,0.256,62.13,128.73,0.97,0.31,879,2.0,61,1.2,2024.0,220.0,73.89
2024,3,28,6,0,16.8,1.18,0.113,0.63,0,0,0,0,0,9.7,0,0,0,0,0.255,63.06,115.11,0.97,0.31,879,2.0,105,1.2,2024.0,220.0,73.46
2024,3,28,7,0,16.4,1.19,0.117,0.63,0,0,0,0,0,9.5,0,0,0,0,0.255,63.71,101.28,0.97,0.31,879,2.0,107,1.2,2024.0,220.0,76.01
2024,3,28,8,0,18.4,1.19,0.123,0.63,21,131,27,0,0,9.2,21,131,0,27,0.254,55.1,87.21,0.97,0.31,880,2.1,108,1.2,2024.0,220.0,98.03
2024,3,28,9,0,21.8,1.21,0.133,0.63,78,572,239,0,0,8.7,78,572,0,239,0.254,43.06,73.63,0.97,0.31,880,2.1,149,1.5,2024.0,220.0,47.06
2024,3,28,10,0,24.8,1.22,0.147,0.63,112,737,479,0,0,7.8,112,737,0,479,0.254,33.76,60.21,0.97,0.31,880,2.2,262,2.4,2024.0,220.0,0.0
2024,3,28,11,0,27.0,1.24,0.165,0.63,140,814,690,0,0,7.3,140,814,0,690,0.253,28.78,47.42,0.98,0.31,880,2.2,270,3.7,2024.0,220.0,0.0
2024,3,28,12,0,28.5,1.23,0.144,0.63,143,879,853,0,0,7.2,143,879,0,853,0.253,26.12,36.0,0.98,0.31,879,2.3,269,4.7,2024.0,220.0,0.0
2024,3,28,13,0,29.4,1.24,0.153,0.63,153,895,946,0,0,7.1,153,895,0,946,0.252,24.64,27.79,0.98,0.31,879,2.3,264,5.4,2024.0,220.0,0.0
2024,3,28,14,0,29.8,1.24,0.158,0.63,157,896,962,0,0,7.1,157,896,0,962,0.251,23.98,26.02,0.98,0.31,878,2.3,258,5.7,2024.0,220.0,0.0
2024,3,28,15,0,29.7,1.22,0.151,0.63,150,886,903,0,3,7.0,518,259,0,738,0.25,24.04,31.81,0.98,0.31,878,2.3,253,5.6,2024.0,220.0,0.0
2024,3,28,16,0,29.1,1.19,0.148,0.63,138,849,768,0,0,7.0,138,849,0,768,0.248,24.8,42.14,0.97,0.31,877,2.4,249,5.1,2024.0,220.0,0.0
2024,3,28,17,0,28.0,1.17,0.145,0.63,121,782,576,0,0,7.0,121,782,0,576,0.247,26.44,54.46,0.97,0.31,878,2.4,245,4.5,2024.0,220.0,0.0
2024,3,28,18,0,26.3,1.15,0.144,0.63,96,649,343,0,8,7.0,197,73,0,224,0.246,29.35,67.67,0.97,0.31,878,2.4,241,3.7,2024.0,220.0,0.0
2024,3,28,19,0,24.0,1.12,0.149,0.63,54,340,105,7,8,7.4,79,34,7,84,0.247,34.62,81.26,0.97,0.31,878,2.5,238,2.4,2024.0,220.0,63.09
2024,3,28,20,0,21.9,1.11,0.157,0.63,0,0,0,0,8,8.3,0,0,0,0,0.248,41.7,95.18,0.97,0.31,879,2.5,232,1.6,2024.0,220.0,90.12
2024,3,28,21,0,20.8,1.1,0.167,0.63,0,0,0,0,5,8.8,0,0,0,0,0.249,46.19,109.06,0.97,0.31,880,2.6,215,0.8,2024.0,220.0,107.68
2024,3,28,22,0,20.2,1.1,0.174,0.63,0,0,0,0,0,8.9,0,0,0,0,0.25,48.36,122.82,0.97,0.31,880,2.6,165,0.6,2024.0,220.0,110.48
2024,3,28,23,0,19.8,1.1,0.182,0.63,0,0,0,0,3,8.8,0,0,0,0,0.251,49.12,136.23,0.97,0.31,880,2.6,89,1.0,2024.0,220.0,120.3
2024,3,28,24,0,19.6,1.1,0.188,0.63,0,0,0,0,0,8.6,0,0,0,0,0.252,48.94,148.71,0.98,0.31,880,2.6,57,1.1,2024.0,220.0,120.3
2024,3,29,1,0,19.5,1.1,0.195,0.63,0,0,0,0,0,8.5,0,0,0,0,0.253,48.93,158.49,0.98,0.31,880,2.7,35,1.0,2024.0,220.0,131.31
2024,3,29,2,0,19.1,1.1,0.2,0.63,0,0,0,0,0,8.6,0,0,0,0,0.254,50.72,160.79,0.98,0.31,880,2.7,18,1.0,2024.0,220.0,131.31
2024,3,29,3,0,18.7,1.1,0.203,0.63,0,0,0,0,0,8.9,0,0,0,0,0.255,52.98,153.58,0.98,0.31,879,2.7,11,0.9,2024.0,220.0,97.64
2024,3,29,4,0,18.5,1.11,0.199,0.63,0,0,0,0,0,9.1,0,0,0,0,0.255,54.21,141.93,0.98,0.31,879,2.7,14,1.0,2024.0,220.0,97.64
2024,3,29,5,0,18.6,1.12,0.19,0.63,0,0,0,0,0,9.0,0,0,0,0,0.256,53.73,128.83,0.98,0.31,879,2.7,25,1.1,2024.0,220.0,97.64
2024,3,29,6,0,18.8,1.14,0.177,0.63,0,0,0,0,0,9.0,0,0,0,0,0.256,52.85,115.19,0.98,0.31,879,2.7,37,1.1,2024.0,220.0,97.64
2024,3,29,7,0,18.9,1.15,0.166,0.63,0,0,0,0,0,9.0,0,0,0,0,0.255,52.52,101.36,0.98,0.31,880,2.6,40,1.2,2024.0,220.0,97.64
2024,3,29,8,0,20.5,1.16,0.16,0.63,20,90,24,0,0,9.1,20,90,0,24,0.255,47.83,87.29,0.97,0.31,880,2.6,25,1.2,2024.0,220.0,97.64
2024,3,29,9,0,23.6,1.17,0.157,0.63,83,527,231,0,0,9.0,83,527,0,231,0.255,39.51,73.72,0.97,0.31,880,2.6,328,1.9,2024.0,220.0,59.89
2024,3,29,10,0,26.2,1.18,0.155,0.63,115,719,471,0,0,9.0,115,719,0,471,0.256,33.72,60.33,0.97,0.31,881,2.5,307,2.8,2024.0,220.0,0.0
2024,3,29,11,0,27.9,1.19,0.155,0.63,135,813,684,0,0,9.2,135,813,0,684,0.256,31.03,47.58,0.97,0.31,881,2.5,298,3.7,2024.0,220.0,0.0
2024,3,29,12,0,29.0,1.18,0.129,0.63,135,886,850,0,0,9.5,135,886,0,850,0.256,29.69,36.24,0.97,0.31,881,2.4,291,4.4,2024.0,220.0,0.0
2024,3,29,13,0,29.6,1.18,0.126,0.63,140,911,943,0,0,9.7,140,911,0,943,0.255,28.97,28.12,0.97,0.31,880,2.4,284,4.9,2024.0,220.0,0.0
2024,3,29,14,0,29.8,1.18,0.122,0.63,139,920,963,0,0,9.7,139,920,0,963,0.254,28.63,26.42,0.97,0.31,880,2.3,279,5.1,2024.0,220.0,0.0
2024,3,29,15,0,29.6,1.17,0.119,0.63,133,909,903,0,0,9.5,133,909,0,903,0.252,28.64,32.18,0.97,0.31,879,2.3,276,5.1,2024.0,220.0,0.0
2024,3,29,16,0,29.0,1.16,0.116,0.63,124,879,772,0,0,9.3,124,879,0,772,0.251,29.32,42.45,0.97,0.31,879,2.2,275,4.8,2024.0,220.0,0.0
2024,3,29,17,0,27.9,1.15,0.113,0.63,108,815,579,0,0,9.2,108,815,0,579,0.25,31.01,54.73,0.97,0.31,879,2.2,275,4.4,2024.0,220.0,0.0
2024,3,29,18,0,26.3,1.14,0.107,0.63,84,697,346,0,0,9.2,84,697,0,346,0.249,33.97,67.91,0.97,0.31,879,2.1,274,3.8,2024.0,220.0,0.0
2024,3,29,19,0,23.9,1.13,0.105,0.63,47,403,107,0,0,9.5,47,403,0,107,0.249,39.92,81.48,0.97,0.31,879,2.1,271,2.4,2024.0,220.0,27.31
2024,3,29,20,0,21.7,1.13,0.102,0.63,0,0,0,0,0,10.1,0,0,0,0,0.249,47.78,95.4,0.97,0.31,880,2.1,267,1.5,2024.0,220.0,82.88
2024,3,29,21,0,20.2,1.13,0.101,0.63,0,0,0,0,0,10.6,0,0,0,0,0.249,53.86,109.28,0.97,0.31,881,2.1,260,0.8,2024.0,220.0,87.74
2024,3,29,22,0,19.6,1.13,0.1,0.63,0,0,0,0,0,10.6,0,0,0,0,0.249,56.06,123.05,0.97,0.31,881,2.1,243,0.9,2024.0,220.0,87.74
2024,3,29,23,0,19.3,1.14,0.098,0.63,0,0,0,0,0,10.5,0,0,0,0,0.249,56.63,136.48,0.96,0.31,881,2.1,80,1.0,2024.0,220.0,90.84
2024,3,29,24,0,19.1,1.14,0.097,0.63,0,0,0,0,0,10.3,0,0,0,0,0.248,56.7,149.01,0.96,0.31,881,2.0,71,1.0,2024.0,220.0,86.91
2024,3,30,1,0,18.8,1.14,0.096,0.63,0,0,0,0,0,10.2,0,0,0,0,0.248,57.37,158.87,0.96,0.31,880,2.0,63,1.0,2024.0,220.0,81.85
2024,3,30,2,0,18.3,1.15,0.095,0.63,0,0,0,0,0,10.3,0,0,0,0,0.249,59.42,161.15,0.96,0.31,880,1.9,54,0.8,2024.0,220.0,85.21
2024,3,30,3,0,17.9,1.15,0.095,0.63,0,0,0,0,0,10.4,0,0,0,0,0.249,61.44,153.81,0.96,0.31,879,1.9,42,0.7,2024.0,220.0,85.21
2024,3,30,4,0,17.4,1.15,0.096,0.63,0,0,0,0,0,10.5,0,0,0,0,0.249,64.05,142.08,0.96,0.31,879,1.8,31,0.7,2024.0,220.0,79.43
2024,3,30,5,0,17.0,1.15,0.096,0.63,0,0,0,0,0,10.6,0,0,0,0,0.249,66.18,128.93,0.96,0.31,879,1.8,27,0.7,2024.0,220.0,84.09
2024,3,30,6,0,16.7,1.16,0.095,0.63,0,0,0,0,0,10.7,0,0,0,0,0.25,67.5,115.28,0.96,0.31,879,1.8,36,0.9,2024.0,220.0,83.11
2024,3,30,7,0,16.6,1.17,0.094,0.63,0,0,0,0,0,10.5,0,0,0,0,0.25,67.37,101.43,0.96,0.31,879,1.7,50,1.1,2024.0,220.0,76.81
2024,3,30,8,0,18.6,1.17,0.092,0.63,20,163,27,0,0,10.3,20,163,0,27,0.25,58.67,87.37,0.96,0.31,880,1.7,60,1.0,2024.0,220.0,73.13
2024,3,30,9,0,22.1,1.19,0.09,0.63,67,638,244,0,0,9.7,67,638,0,244,0.25,45.16,73.82,0.96,0.31,880,1.7,14,1.3,2024.0,220.0,45.15
2024,3,30,10,0,25.3,1.21,0.087,0.63,90,816,492,0,0,8.6,90,816,0,492,0.25,34.58,60.45,0.96,0.31,880,1.6,286,2.4,2024.0,220.0,0.0
2024,3,30,11,0,27.5,1.22,0.084,0.63,103,904,712,0,0,7.8,103,904,0,712,0.25,28.9,47.74,0.96,0.31,880,1.5,279,3.3,2024.0,220.0,0.0
2024,3,30,12,0,29.0,1.23,0.078,0.63,110,953,876,0,0,7.2,110,953,0,876,0.248,25.41,36.47,0.96,0.31,879,1.5,277,4.0,2024.0,220.0,0.0
2024,3,30,13,0,29.6,1.22,0.077,0.63,114,973,969,0,0,6.8,114,973,0,969,0.247,23.89,28.45,0.96,0.31,879,1.5,276,4.6,2024.0,220.0,0.0
2024,3,30,14,0,29.8,1.21,0.076,0.63,114,980,989,0,0,6.5,114,980,0,989,0.245,23.08,26.82,0.96,0.31,879,1.4,277,5.0,2024.0,220.0,0.0
2024,3,30,15,0,29.6,1.21,0.07,0.63,108,973,928,0,0,6.3,108,973,0,928,0.243,22.96,32.54,0.96,0.31,878,1.4,278,5.3,2024.0,220.0,0.0
2024,3,30,16,0,29.0,1.19,0.068,0.63,100,944,793,0,0,6.1,100,944,0,793,0.242,23.54,42.75,0.96,0.31,878,1.4,279,5.3,2024.0,220.0,0.0
2024,3,30,17,0,28.0,1.18,0.066,0.63,88,887,597,0,0,6.1,88,887,0,597,0.241,24.85,54.99,0.96,0.31,878,1.4,278,4.9,2024.0,220.0,0.0
2024,3,30,18,0,26.5,1.17,0.065,0.63,70,772,358,0,0,6.2,70,772,0,358,0.241,27.36,68.14,0.96,0.31,878,1.4,276,4.2,2024.0,220.0,0.0
2024,3,30,19,0,23.7,1.17,0.064,0.63,41,488,111,0,0,6.8,41,488,0,111,0.242,33.85,81.7,0.96,0.31,879,1.4,272,2.7,2024.0,220.0,25.98
2024,3,30,20,0,21.1,1.17,0.063,0.63,0,0,0,0,0,8.2,0,0,0,0,0.243,43.38,95.61,0.96,0.31,879,1.4,266,1.7,2024.0,220.0,87.01
2024,3,30,21,0,19.9,1.17,0.063,0.63,0,0,0,0,0,9.0,0,0,0,0,0.244,49.27,109.49,0.96,0.31,880,1.4,260,0.9,2024.0,220.0,76.46
2024,3,30,22,0,19.4,1.18,0.063,0.63,0,0,0,0,0,9.1,0,0,0,0,0.244,51.19,123.27,0.96,0.31,880,1.4,113,0.9,2024.0,220.0,76.46
2024,3,30,23,0,19.0,1.18,0.063,0.63,0,0,0,0,0,8.7,0,0,0,0,0.245,51.34,136.73,0.96,0.31,880,1.4,76,1.0,2024.0,220.0,76.46
2024,3,30,24,0,18.8,1.19,0.062,0.63,0,0,0,0,0,8.2,0,0,0,0,0.246,50.22,149.31,0.96,0.31,880,1.3,70,1.0,2024.0,220.0,76.57
2024,3,31,1,0,18.6,1.19,0.062,0.63,0,0,0,0,0,7.8,0,0,0,0,0.248,49.51,159.24,0.96,0.31,880,1.3,64,0.9,2024.0,220.0,81.46
2024,3,31,2,0,18.2,1.19,0.062,0.63,0,0,0,0,0,7.6,0,0,0,0,0.249,50.12,161.52,0.96,0.31,880,1.3,56,0.8,2024.0,220.0,90.33
2024,3,31,3,0,17.8,1.19,0.063,0.63,0,0,0,0,0,7.5,0,0,0,0,0.25,51.0,154.03,0.96,0.31,879,1.3,48,0.9,2024.0,220.0,92.95
2024,3,31,4,0,17.5,1.2,0.063,0.63,0,0,0,0,0,7.4,0,0,0,0,0.251,51.51,142.22,0.96,0.31,879,1.3,41,1.0,2024.0,220.0,81.17
2024,3,31,5,0,17.3,1.2,0.062,0.63,0,0,0,0,0,7.2,0,0,0,0,0.253,51.65,129.03,0.96,0.31,879,1.3,39,1.0,2024.0,220.0,79.26
2024,3,31,6,0,17.0,1.21,0.061,0.63,0,0,0,0,0,7.0,0,0,0,0,0.253,51.81,115.36,0.96,0.31,879,1.3,47,1.0,2024.0,220.0,77.3
2024,3,31,7,0,16.7,1.21,0.06,0.63,0,0,0,0,0,6.6,0,0,0,0,0.253,51.47,101.51,0.96,0.31,880,1.2,60,1.2,2024.0,220.0,66.1
2024,3,31,8,0,18.7,1.22,0.059,0.63,18,228,29,0,0,6.1,18,228,0,29,0.253,43.81,87.44,0.96,0.31,880,1.2,70,1.3,2024.0,220.0,68.12
2024,3,31,9,0,22.4,1.24,0.058,0.63,58,704,253,0,0,6.3,58,704,0,253,0.254,35.34,73.91,0.96,0.31,880,1.2,75,1.7,2024.0,220.0,36.22
2024,3,31,10,0,25.7,1.25,0.057,0.63,77,865,502,0,0,5.0,77,865,0,502,0.254,26.45,60.57,0.96,0.31,880,1.2,245,1.9,2024.0,220.0,0.0
2024,3,31,11,0,28.2,1.26,0.056,0.63,90,945,723,0,0,4.0,90,945,0,723,0.254,21.27,47.91,0.96,0.31,880,1.1,258,3.1,2024.0,220.0,0.0
2024,3,31,12,0,29.8,1.14,0.067,0.63,104,973,885,0,0,3.7,104,973,0,885,0.254,18.97,36.71,0.95,0.31,879,1.1,258,4.2,2024.0,220.0,0.0
2024,3,31,13,0,30.7,1.15,0.069,0.63,110,991,978,0,0,3.7,110,991,0,978,0.253,18.0,28.79,0.95,0.31,879,1.1,256,5.0,2024.0,220.0,0.0
2024,3,31,14,0,30.9,1.14,0.072,0.63,112,988,991,0,0,3.9,112,988,0,991,0.252,18.14,27.21,0.95,0.31,878,1.2,252,5.3,2024.0,220.0,0.0
2024,3,31,15,0,30.6,1.14,0.076,0.63,111,972,928,0,0,4.4,111,972,0,928,0.251,19.05,32.9,0.95,0.31,878,1.2,248,5.3,2024.0,220.0,0.0
2024,3,31,16,0,30.0,1.12,0.081,0.63,107,932,788,0,0,4.8,107,932,0,788,0.251,20.35,43.06,0.96,0.31,878,1.3,243,5.1,2024.0,220.0,0.0
2024,3,31,17,0,28.9,1.11,0.084,0.63,96,867,590,0,0,5.4,96,867,0,590,0.25,22.49,55.25,0.96,0.31,878,1.3,238,4.6,2024.0,220.0,0.0
2024,3,31,18,0,27.3,1.11,0.086,0.63,77,737,349,0,0,6.0,77,737,0,349,0.251,25.84,68.38,0.96,0.31,878,1.4,233,4.0,2024.0,220.0,0.0
2024,3,31,19,0,24.2,1.1,0.087,0.63,44,433,104,0,0,7.1,44,433,0,104,0.251,33.38,81.92,0.96,0.31,878,1.4,232,2.7,2024.0,220.0,33.51
2024,3,31,20,0,21.5,1.1,0.087,0.63,0,0,0,0,0,8.6,0,0,0,0,0.251,43.56,95.83,0.96,0.31,879,1.4,230,1.4,2024.0,220.0,88.21
2024,3,31,21,0,20.0,1.16,0.092,0.62,0,0,0,0,0,9.4,0,0,0,0,0.251,50.44,109.71,0.96,0.31,879,1.5,215,0.7,2024.0,220.0,109.57
2024,3,31,22,0,19.3,1.16,0.094,0.62,0,0,0,0,0,9.6,0,0,0,0,0.252,53.42,123.5,0.96,0.31,880,1.5,170,0.8,2024.0,220.0,100.49
2024,3,31,23,0,18.8,1.17,0.095,0.62,0,0,0,0,0,9.4,0,0,0,0,0.252,54.49,136.98,0.96,0.31,880,1.5,96,0.9,2024.0,220.0,98.01
2024,3,31,24,0,18.6,1.17,0.096,0.62,0,0,0,0,0,9.1,0,0,0,0,0.252,53.99,149.61,0.96,0.31,880,1.5,71,1.0,2024.0,220.0,80.85
2024,4,1,1,0,18.4,1.17,0.098,0.62,0,0,0,0,0,9.0,0,0,0,0,0.252,54.22,159.62,0.96,0.31,880,1.6,50,0.9,2024.0,220.0,77.84
2024,4,1,2,0,18.0,1.17,0.1,0.62,0,0,0,0,0,9.1,0,0,0,0,0.252,55.9,161.88,0.96,0.31,879,1.6,23,0.9,2024.0,220.0,76.4
2024,4,1,3,0,17.3,1.16,0.11,0.62,0,0,0,0,0,9.2,0,0,0,0,0.252,59.05,154.25,0.96,0.31,879,1.6,3,0.9,2024.0,220.0,77.61
2024,4,1,4,0,16.9,1.17,0.115,0.62,0,0,0,0,0,9.2,0,0,0,0,0.252,60.57,142.36,0.96,0.31,879,1.6,3,1.0,2024.0,220.0,77.93
2024,4,1,5,0,16.6,1.18,0.111,0.62,0,0,0,0,0,9.0,0,0,0,0,0.253,60.75,129.13,0.96,0.31,879,1.6,21,1.2,2024.0,220.0,74.86
2024,4,1,6,0,16.3,1.19,0.106,0.62,0,0,0,0,0,8.5,0,0,0,0,0.253,59.9,115.44,0.96,0.31,879,1.6,48,1.2,2024.0,220.0,79.25
2024,4,1,7,0,16.2,1.21,0.099,0.62,0,0,0,0,0,7.7,0,0,0,0,0.254,57.12,101.58,0.96,0.31,879,1.5,65,1.2,2024.0,220.0,79.25
2024,4,1,8,0,18.9,1.22,0.094,0.62,19,158,26,1,0,6.8,19,158,1,26,0.253,45.22,87.52,0.96,0.31,879,1.5,72,1.2,2024.0,220.0,79.25
2024,4,1,9,0,22.8,1.23,0.091,0.62,67,642,243,0,0,6.8,67,642,0,243,0.253,35.55,74.01,0.96,0.31,879,1.4,75,1.4,2024.0,220.0,55.31
2024,4,1,10,0,26.0,1.24,0.089,0.62,90,818,490,0,0,6.6,90,818,0,490,0.253,28.96,60.69,0.96,0.31,879,1.4,93,2.0,2024.0,220.0,6.99
2024,4,1,11,0,28.4,1.25,0.089,0.62,105,900,707,0,0,6.0,105,900,0,707,0.253,24.24,48.07,0.95,0.31,879,1.4,255,3.0,2024.0,220.0,0.0
2024,4,1,12,0,30.0,1.26,0.089,0.62,115,944,869,0,0,5.9,115,944,0,869,0.252,21.85,36.95,0.96,0.31,878,1.4,256,4.2,2024.0,220.0,0.0
2024,4,1,13,0,30.7,1.26,0.092,0.62,122,962,962,1,0,6.1,122,962,1,962,0.251,21.3,29.12,0.96,0.31,878,1.4,256,5.1,2024.0,220.0,0.0
2024,4,1,14,0,30.7,1.25,0.097,0.62,125,961,977,0,0,6.5,125,961,0,977,0.25,21.95,27.6,0.96,0.31,877,1.4,254,5.7,2024.0,220.0,0.0
2024,4,1,15,0,30.3,1.24,0.1,0.62,123,945,913,0,0,7.0,123,945,0,913,0.249,23.15,33.26,0.96,0.31,877,1.4,252,5.8,2024.0,220.0,0.0
2024,4,1,16,0,29.4,1.21,0.105,0.62,118,906,777,0,0,7.3,118,906,0,777,0.248,24.89,43.36,0.96,0.31,877,1.4,250,5.5,2024.0,220.0,0.0
2024,4,1,17,0,28.1,1.2,0.107,0.62,105,838,579,0,0,7.5,105,838,0,579,0.247,27.19,55.52,0.96,0.31,877,1.4,247,4.8,2024.0,220.0,0.0
2024,4,1,18,0,26.3,1.19,0.108,0.62,84,705,341,0,0,7.7,84,705,0,341,0.247,30.73,68.62,0.96,0.31,878,1.4,245,4.0,2024.0,220.0,0.0
2024,4,1,19,0,23.5,1.19,0.106,0.62,45,396,99,0,0,8.3,45,396,0,99,0.247,37.93,82.14,0.96,0.31,878,1.4,249,2.4,2024.0,220.0,9.44
2024,4,1,20,0,20.9,1.18,0.105,0.62,0,0,0,0,0,9.4,0,0,0,0,0.247,47.81,96.04,0.96,0.31,878,1.4,259,1.5,2024.0,220.0,87.2
2024,4,1,21,0,19.4,1.17,0.106,0.62,0,0,0,0,0,10.2,0,0,0,0,0.246,55.12,109.92,0.96,0.3,879,1.4,276,0.8,2024.0,220.0,76.21
2024,4,1,22,0,18.7,1.16,0.11,0.62,0,0,0,0,0,10.5,0,0,0,0,0.246,58.75,123.72,0.96,0.3,879,1.4,336,0.9,2024.0,220.0,71.58
2024,4,1,23,0,18.2,1.16,0.112,0.62,0,0,0,0,0,10.5,0,0,0,0,0.247,60.67,137.23,0.96,0.3,880,1.4,24,1.1,2024.0,220.0,79.64
2024,4,1,24,0,17.9,1.17,0.114,0.62,0,0,0,0,0,10.3,0,0,0,0,0.247,61.23,149.9,0.96,0.3,879,1.4,31,1.2,2024.0,220.0,87.73
2024,4,2,1,0,17.8,1.17,0.116,0.62,0,0,0,0,0,10.3,0,0,0,0,0.248,61.51,159.99,0.96,0.3,879,1.4,22,1.2,2024.0,220.0,102.52
2024,4,2,2,0,17.4,1.17,0.119,0.62,0,0,0,0,0,10.5,0,0,0,0,0.248,63.81,162.23,0.97,0.3,879,1.4,2,1.1,2024.0,220.0,87.31
2024,4,2,3,0,16.8,1.16,0.125,0.62,0,0,0,0,0,10.7,0,0,0,0,0.248,67.37,154.47,0.97,0.3,879,1.4,346,1.1,2024.0,220.0,75.57
2024,4,2,4,0,16.3,1.16,0.129,0.62,0,0,0,0,0,10.9,0,0,0,0,0.249,70.37,142.49,0.97,0.3,879,1.4,344,1.1,2024.0,220.0,76.5
2024,4,2,5,0,16.1,1.17,0.127,0.62,0,0,0,0,0,10.9,0,0,0,0,0.249,71.33,129.23,0.97,0.3,879,1.4,358,1.1,2024.0,220.0,76.5
2024,4,2,6,0,16.0,1.18,0.128,0.62,0,0,0,0,0,10.7,0,0,0,0,0.249,70.88,115.52,0.97,0.3,879,1.4,35,1.3,2024.0,220.0,76.5
2024,4,2,7,0,16.0,1.19,0.126,0.62,0,0,0,0,0,10.3,0,0,0,0,0.249,68.91,101.66,0.96,0.3,879,1.3,61,1.4,2024.0,220.0,80.21
2024,4,2,8,0,17.9,1.2,0.123,0.62,19,121,24,0,0,9.7,19,121,0,24,0.249,58.69,87.59,0.96,0.3,879,1.3,67,1.3,2024.0,220.0,83.05
2024,4,2,9,0,21.2,1.2,0.125,0.62,75,593,238,0,0,9.0,75,593,0,238,0.248,45.53,74.1,0.96,0.3,879,1.3,41,1.8,2024.0,220.0,56.55
2024,4,2,10,0,24.3,1.2,0.128,0.62,106,774,483,0,0,7.8,106,774,0,483,0.248,34.74,60.81,0.97,0.3,879,1.3,302,2.3,2024.0,220.0,0.0
2024,4,2,11,0,26.4,1.19,0.132,0.62,126,860,699,0,0,7.1,126,860,0,699,0.247,29.29,48.24,0.97,0.3,879,1.3,286,3.7,2024.0,220.0,0.0
2024,4,2,12,0,27.8,1.21,0.088,0.62,114,946,868,0,0,6.8,114,946,0,868,0.246,26.52,37.19,0.97,0.3,879,1.3,282,4.7,2024.0,220.0,25.69
2024,4,2,13,0,28.6,1.21,0.089,0.62,120,966,960,0,0,6.7,120,966,0,960,0.244,25.1,29.46,0.96,0.3,879,1.3,278,5.0,2024.0,220.0,5.54
2024,4,2,14,0,28.9,1.21,0.09,0.62,121,968,976,0,0,6.6,121,968,0,976,0.243,24.4,27.99,0.96,0.3,878,1.3,274,5.0,2024.0,220.0,0.0
2024,4,2,15,0,28.9,1.22,0.079,0.62,112,968,918,0,0,6.4,112,968,0,918,0.242,24.1,33.62,0.97,0.3,877,1.2,272,5.0,2024.0,220.0,0.0
2024,4,2,16,0,28.4,1.22,0.078,0.62,104,937,782,0,0,6.1,104,937,0,782,0.242,24.43,43.66,0.97,0.3,877,1.2,273,4.8,2024.0,220.0,0.0
2024,4,2,17,0,27.2,1.2,0.08,0.62,93,872,583,0,0,6.0,93,872,0,583,0.241,26.0,55.78,0.97,0.3,877,1.2,275,4.4,2024.0,220.0,0.0
2024,4,2,18,0,25.3,1.19,0.084,0.62,76,742,343,0,0,6.4,76,742,0,343,0.242,29.8,68.85,0.97,0.3,877,1.2,277,3.8,2024.0,220.0,0.0
2024,4,2,19,0,22.3,1.19,0.084,0.62,41,428,98,0,0,7.5,41,428,0,98,0.242,38.53,82.36,0.97,0.3,877,1.3,278,2.2,2024.0,220.0,37.09
2024,4,2,20,0,19.6,1.18,0.084,0.62,0,0,0,0,0,9.0,0,0,0,0,0.244,50.33,96.25,0.96,0.3,878,1.3,277,1.6,2024.0,220.0,103.61
2024,4,2,21,0,18.0,1.17,0.085,0.62,0,0,0,0,0,9.8,0,0,0,0,0.244,58.65,110.13,0.96,0.3,878,1.3,280,0.8,2024.0,220.0,107.58
2024,4,2,22,0,17.4,1.18,0.085,0.62,0,0,0,0,0,10.0,0,0,0,0,0.245,61.64,123.94,0.96,0.3,879,1.3,317,0.6,2024.0,220.0,84.24
2024,4,2,23,0,17.3,1.2,0.085,0.62,0,0,0,0,0,9.8,0,0,0,0,0.246,61.28,137.47,0.96,0.3,879,1.3,46,1.1,2024.0,220.0,88.81
2024,4,2,24,0,17.2,1.2,0.089,0.62,0,0,0,0,0,9.5,0,0,0,0,0.247,60.4,150.19,0.96,0.3,879,1.3,53,1.2,2024.0,220.0,107.56
2024,4,3,1,0,17.0,1.2,0.092,0.62,0,0,0,0,0,9.3,0,0,0,0,0.248,60.51,160.36,0.96,0.3,879,1.3,25,1.2,2024.0,220.0,90.15
2024,4,3,2,0,16.5,1.2,0.094,0.62,0,0,0,0,0,9.4,0,0,0,0,0.25,62.96,162.59,0.96,0.3,879,1.4,343,1.2,2024.0,220.0,73.76
2024,4,3,3,0,15.7,1.2,0.095,0.62,0,0,0,0,0,9.7,0,0,0,0,0.252,67.33,154.69,0.96,0.3,879,1.4,329,1.1,2024.0,220.0,73.76
2024,4,3,4,0,15.3,1.22,0.091,0.62,0,0,0,0,0,9.8,0,0,0,0,0.254,69.68,142.62,0.96,0.3,879,1.4,340,1.2,2024.0,220.0,76.4
2024,4,3,5,0,15.2,1.23,0.087,0.62,0,0,0,0,0,9.7,0,0,0,0,0.255,69.49,129.32,0.96,0.3,879,1.4,29,1.2,2024.0,220.0,76.68
2024,4,3,6,0,15.0,1.24,0.082,0.62,0,0,0,0,0,9.2,0,0,0,0,0.256,68.28,115.59,0.96,0.3,879,1.3,68,1.2,2024.0,220.0,76.68
2024,4,3,7,0,14.9,1.25,0.077,0.62,0,0,0,0,0,8.5,0,0,0,0,0.257,65.45,101.73,0.96,0.3,879,1.3,76,1.2,2024.0,220.0,82.89
2024,4,3,8,0,17.4,1.27,0.073,0.62,18,187,25,0,0,7.6,18,187,0,25,0.257,52.63,87.67,0.95,0.3,879,1.3,75,1.0,2024.0,220.0,97.62
2024,4,3,9,0,21.0,1.28,0.071,0.62,61,676,245,0,0,7.2,61,676,0,245,0.258,40.94,74.2,0.95,0.3,880,1.2,61,1.1,2024.0,220.0,82.52
2024,4,3,10,0,24.1,1.3,0.069,0.62,81,846,492,0,0,6.0,81,846,0,492,0.259,31.1,60.94,0.95,0.3,880,1.2,321,1.6,2024.0,220.0,55.2
2024,4,3,11,0,26.1,1.31,0.068,0.62,94,925,709,0,0,5.4,94,925,0,709,0.26,26.46,48.41,0.95,0.3,880,1.2,299,2.8,2024.0,220.0,37.82
2024,4,3,12,0,27.3,1.32,0.066,0.62,102,968,870,0,0,5.3,102,968,0,870,0.26,24.49,37.43,0.95,0.3,879,1.2,294,4.4,2024.0,220.0,0.0
2024,4,3,13,0,28.0,1.31,0.066,0.62,106,987,963,0,0,5.3,106,987,0,963,0.26,23.53,29.79,0.95,0.3,879,1.2,290,5.8,2024.0,220.0,0.0
2024,4,3,14,0,28.3,1.29,0.066,0.62,107,990,978,0,0,5.3,107,990,0,978,0.259,23.11,28.38,0.95,0.3,878,1.2,286,6.1,2024.0,220.0,0.0
2024,4,3,15,0,28.1,1.29,0.065,0.62,103,978,915,0,0,5.3,103,978,0,915,0.258,23.41,33.97,0.95,0.3,878,1.2,282,5.7,2024.0,220.0,0.0
2024,4,3,16,0,27.4,1.27,0.066,0.62,97,946,778,0,0,5.2,97,946,0,778,0.257,24.31,43.97,0.95,0.3,877,1.2,278,5.2,2024.0,220.0,0.0
2024,4,3,17,0,26.3,1.26,0.068,0.62,87,883,580,0,0,5.3,87,883,0,580,0.256,26.03,56.04,0.95,0.3,877,1.2,273,4.5,2024.0,220.0,0.0
2024,4,3,18,0,24.7,1.28,0.063,0.62,68,769,342,0,0,5.5,68,769,0,342,0.255,29.03,69.09,0.96,0.3,877,1.2,269,3.8,2024.0,220.0,0.0
2024,4,3,19,0,21.9,1.27,0.064,0.62,37,464,97,0,0,6.3,37,464,0,97,0.255,36.31,82.57,0.96,0.3,878,1.2,264,2.5,2024.0,220.0,0.0
2024,4,3,20,0,19.4,1.26,0.066,0.62,0,0,0,0,0,7.7,0,0,0,0,0.255,46.64,96.46,0.96,0.3,878,1.2,259,2.1,2024.0,220.0,74.56
2024,4,3,21,0,18.0,1.24,0.067,0.62,0,0,0,0,0,8.6,0,0,0,0,0.255,53.99,110.34,0.96,0.3,879,1.2,246,1.0,2024.0,220.0,72.84
2024,4,3,22,0,17.5,1.24,0.068,0.62,0,0,0,0,0,8.7,0,0,0,0,0.254,56.43,124.16,0.96,0.3,879,1.2,160,0.5,2024.0,220.0,68.01
2024,4,3,23,0,17.2,1.25,0.069,0.62,0,0,0,0,0,8.5,0,0,0,0,0.254,56.59,137.71,0.96,0.3,879,1.2,102,0.7,2024.0,220.0,71.27
2024,4,3,24,0,17.2,1.26,0.071,0.62,0,0,0,0,0,8.2,0,0,0,0,0.253,55.47,150.48,0.96,0.3,879,1.2,79,0.7,2024.0,220.0,70.59
2024,4,4,1,0,16.8,1.26,0.073,0.62,0,0,0,0,0,8.1,0,0,0,0,0.252,56.6,160.72,0.96,0.3,879,1.2,24,0.6,2024.0,220.0,68.05
2024,4,4,2,0,16.0,1.26,0.074,0.62,0,0,0,0,0,8.2,0,0,0,0,0.252,59.97,162.94,0.96,0.3,879,1.2,351,0.7,2024.0,220.0,75.99
2024,4,4,3,0,15.5,1.26,0.076,0.62,0,0,0,0,0,8.3,0,0,0,0,0.251,62.06,154.89,0.96,0.3,879,1.2,353,0.7,2024.0,220.0,77.56
2024,4,4,4,0,15.2,1.27,0.076,0.62,0,0,0,0,0,8.0,0,0,0,0,0.252,62.33,142.75,0.96,0.3,878,1.2,32,0.8,2024.0,220.0,77.56
2024,4,4,5,0,15.0,1.28,0.076,0.62,0,0,0,0,0,7.6,0,0,0,0,0.252,61.09,129.41,0.96,0.3,878,1.2,79,0.9,2024.0,220.0,77.56
2024,4,4,6,0,14.8,1.29,0.075,0.62,0,0,0,0,0,6.9,0,0,0,0,0.252,59.02,115.67,0.96,0.3,878,1.2,94,1.0,2024.0,220.0,76.42
2024,4,4,7,0,14.9,1.29,0.075,0.62,0,0,0,0,0,6.1,0,0,0,0,0.252,55.63,101.81,0.96,0.3,878,1.2,100,1.2,2024.0,220.0,76.42
2024,4,4,8,0,17.2,1.3,0.076,0.62,17,180,24,0,0,5.4,17,180,0,24,0.251,45.78,87.75,0.96,0.3,879,1.2,101,1.5,2024.0,220.0,87.97
2024,4,4,9,0,20.7,1.31,0.08,0.62,63,664,243,0,0,5.2,63,664,0,243,0.25,36.35,74.29,0.96,0.3,879,1.1,115,1.9,2024.0,220.0,64.77
2024,4,4,10,0,23.8,1.32,0.085,0.62,88,826,487,0,0,4.4,88,826,0,487,0.249,28.5,61.06,0.96,0.3,879,1.2,263,2.9,2024.0,220.0,5.51
2024,4,4,11,0,26.0,1.33,0.09,0.62,105,903,702,0,0,3.7,105,903,0,702,0.249,23.79,48.58,0.97,0.3,879,1.2,274,4.0,2024.0,220.0,0.0
2024,4,4,12,0,27.3,1.35,0.092,0.62,115,941,860,0,0,3.3,115,941,0,860,0.248,21.35,37.67,0.97,0.3,879,1.3,274,4.9,2024.0,220.0,0.0
2024,4,4,13,0,28.0,1.36,0.097,0.62,123,954,948,0,0,3.1,123,954,0,948,0.246,20.25,30.13,0.97,0.3,879,1.4,271,5.6,2024.0,220.0,0.0
2024,4,4,14,0,28.3,1.36,0.101,0.62,125,951,959,0,0,3.0,125,951,0,959,0.244,19.66,28.77,0.97,0.3,878,1.5,269,6.1,2024.0,220.0,0.0
2024,4,4,15,0,28.1,1.34,0.076,0.62,109,955,898,0,0,3.0,109,955,0,898,0.243,19.98,34.33,0.97,0.3,878,1.6,268,6.2,2024.0,220.0,0.0
2024,4,4,16,0,27.3,1.32,0.08,0.62,103,916,759,0,0,3.3,103,916,0,759,0.243,21.33,44.27,0.97,0.3,878,1.7,268,5.8,2024.0,220.0,0.0
2024,4,4,17,0,25.9,1.3,0.085,0.62,93,844,562,0,0,3.8,93,844,0,562,0.243,23.99,56.3,0.97,0.3,878,1.8,268,4.9,2024.0,220.0,0.0
2024,4,4,18,0,24.3,1.28,0.085,0.62,74,716,327,0,0,4.5,74,716,0,327,0.243,27.7,69.32,0.97,0.3,878,1.8,268,3.7,2024.0,220.0,0.0
2024,4,4,19,0,22.0,1.27,0.084,0.62,39,401,89,0,0,5.8,39,401,0,89,0.244,34.82,82.79,0.97,0.3,878,1.8,267,2.4,2024.0,220.0,0.0
2024,4,4,20,0,20.0,1.26,0.083,0.62,0,0,0,0,0,7.3,0,0,0,0,0.245,43.82,96.67,0.97,0.3,879,1.8,265,1.5,2024.0,220.0,75.97
2024,4,4,21,0,18.9,1.26,0.083,0.62,0,0,0,0,0,8.2,0,0,0,0,0.246,49.81,110.54,0.97,0.3,880,1.8,272,1.0,2024.0,220.0,65.2
2024,4,4,22,0,18.4,1.26,0.08,0.62,0,0,0,0,0,8.4,0,0,0,0,0.246,52.19,124.37,0.96,0.3,880,1.8,316,0.7,2024.0,220.0,60.31
2024,4,4,23,0,18.1,1.27,0.077,0.62,0,0,0,0,0,8.3,0,0,0,0,0.247,52.8,137.94,0.96,0.3,880,1.8,6,0.7,2024.0,220.0,67.38
2024,4,4,24,0,17.9,1.29,0.073,0.62,0,0,0,0,0,8.1,0,0,0,0,0.248,52.73,150.76,0.96,0.3,880,1.8,8,0.7,2024.0,220.0,66.01
2024,4,5,1,0,17.5,1.29,0.071,0.62,0,0,0,0,0,8.1,0,0,0,0,0.249,53.86,161.09,0.96,0.3,880,1.8,349,0.7,2024.0,220.0,69.41
2024,4,5,2,0,16.9,1.29,0.071,0.62,0,0,0,0,0,8.2,0,0,0,0,0.249,56.47,163.29,0.96,0.3,880,1.8,335,1.0,2024.0,220.0,75.62
2024,4,5,3,0,16.3,1.29,0.071,0.62,0,0,0,0,3,8.4,0,0,0,0,0.249,59.48,155.1,0.96,0.3,880,1.8,334,1.3,2024.0,220.0,75.72
2024,4,5,4,0,15.7,1.29,0.072,0.62,0,0,0,0,0,8.5,0,0,0,0,0.249,62.38,142.87,0.96,0.3,880,1.9,345,1.5,2024.0,220.0,75.72
2024,4,5,5,0,15.5,1.29,0.073,0.62,0,0,0,0,0,8.5,0,0,0,0,0.249,62.94,129.5,0.96,0.3,880,1.9,12,1.6,2024.0,220.0,75.72
2024,4,5,6,0,15.2,1.3,0.071,0.62,0,0,0,0,0,8.1,0,0,0,0,0.248,62.41,115.74,0.96,0.3,880,1.9,70,1.6,2024.0,220.0,71.79
2024,4,5,7,0,14.9,1.32,0.069,0.62,0,0,0,0,0,7.2,0,0,0,0,0.247,59.98,101.88,0.96,0.3,880,1.8,89,1.5,2024.0,220.0,76.64
2024,4,5,8,0,17.5,1.34,0.066,0.62,16,184,23,0,0,6.0,16,184,0,23,0.246,46.82,87.82,0.96,0.3,881,1.8,90,1.8,2024.0,220.0,76.87
2024,4,5,9,0,21.7,1.35,0.066,0.62,58,663,237,0,0,4.9,58,663,0,237,0.244,33.48,74.39,0.96,0.3,881,1.8,90,2.7,2024.0,220.0,50.01
2024,4,5,10,0,25.1,1.37,0.066,0.62,79,829,478,0,0,3.5,79,829,0,478,0.242,24.71,61.19,0.96,0.3,881,1.8,309,3.2,2024.0,220.0,0.0
2024,4,5,11,0,27.3,1.36,0.069,0.62,94,904,690,0,0,3.2,94,904,0,690,0.24,21.17,48.75,0.96,0.3,881,1.8,289,3.8,2024.0,220.0,0.0
2024,4,5,12,0,28.7,1.38,0.072,0.62,104,943,848,0,0,3.1,104,943,0,848,0.239,19.44,37.91,0.97,0.3,880,1.8,284,4.5,2024.0,220.0,0.0
2024,4,5,13,0,29.7,1.33,0.081,0.62,113,955,936,0,0,3.0,113,955,0,936,0.238,18.25,30.46,0.97,0.3,880,1.8,279,5.0,2024.0,220.0,0.0
2024,4,5,14,0,30.0,1.27,0.093,0.62,121,947,948,0,0,3.0,121,947,0,948,0.238,17.9,29.15,0.97,0.3,879,1.8,276,5.5,2024.0,220.0,0.0
2024,4,5,15,0,29.7,1.15,0.134,0.62,139,896,876,0,0,3.1,139,896,0,876,0.237,18.32,34.69,0.97,0.3,879,1.9,274,5.6,2024.0,220.0,0.0
2024,4,5,16,0,28.9,1.14,0.156,0.62,140,839,737,0,0,3.3,140,839,0,737,0.238,19.49,44.57,0.97,0.3,879,1.9,274,5.5,2024.0,220.0,0.0
2024,4,5,17,0,27.6,1.16,0.159,0.62,124,760,543,0,0,3.7,124,760,0,543,0.238,21.58,56.57,0.98,0.3,879,1.9,274,4.9,2024.0,220.0,0.0
2024,4,5,18,0,25.8,1.19,0.145,0.62,92,630,312,0,0,4.3,92,630,0,312,0.238,24.97,69.55,0.97,0.3,879,1.9,274,3.8,2024.0,220.0,0.0
2024,4,5,19,0,22.7,1.21,0.137,0.62,44,307,82,0,0,5.5,44,307,0,82,0.238,32.74,83.0,0.97,0.3,880,1.9,276,2.0,2024.0,220.0,0.0
2024,4,5,20,0,20.2,1.21,0.14,0.62,0,0,0,0,0,7.2,0,0,0,0,0.237,42.88,96.88,0.97,0.3,880,1.9,280,1.3,2024.0,220.0,66.67
2024,4,5,21,0,18.8,1.22,0.142,0.62,0,0,0,0,0,8.2,0,0,0,0,0.237,50.01,110.75,0.97,0.31,880,1.9,299,0.7,2024.0,220.0,63.58
2024,4,5,22,0,18.5,1.23,0.143,0.62,0,0,0,1,0,8.3,0,0,1,0,0.236,51.48,124.58,0.97,0.31,881,1.9,19,0.9,2024.0,220.0,63.51
2024,4,5,23,0,18.4,1.24,0.143,0.62,0,0,0,0,0,7.9,0,0,0,0,0.235,50.39,138.18,0.97,0.31,880,1.9,59,1.1,2024.0,220.0,66.5
2024,4,5,24,0,18.5,1.23,0.143,0.62,0,0,0,0,7,7.4,0,0,0,0,0.235,48.41,151.04,0.97,0.31,880,1.9,48,1.2,2024.0,220.0,66.78
2024,4,6,1,0,18.2,1.23,0.143,0.62,0,0,0,0,7,7.3,0,0,0,0,0.235,48.83,161.45,0.97,0.31,881,1.9,10,1.1,2024.0,220.0,73.66
2024,4,6,2,0,17.4,1.21,0.141,0.62,0,0,0,0,7,7.5,0,0,0,0,0.236,52.27,163.63,0.97,0.31,880,1.9,332,1.0,2024.0,220.0,74.44
2024,4,6,3,0,16.6,1.19,0.139,0.62,0,0,0,0,7,8.0,0,0,0,0,0.236,56.72,155.3,0.97,0.31,880,2.0,322,0.9,2024.0,220.0,70.11
2024,4,6,4,0,15.8,1.18,0.138,0.62,0,0,0,0,0,8.3,0,0,0,0,0.237,61.23,143.0,0.97,0.31,880,2.0,338,0.8,2024.0,220.0,77.45
2024,4,6,5,0,15.5,1.19,0.135,0.62,0,0,0,0,7,8.5,0,0,0,0,0.238,62.9,129.59,0.97,0.31,880,2.0,11,0.8,2024.0,220.0,77.45
2024,4,6,6,0,15.5,1.21,0.13,0.62,0,0,0,0,8,8.1,0,0,0,0,0.239,61.4,115.82,0.97,0.31,880,2.0,59,0.8,2024.0,220.0,77.45
2024,4,6,7,0,15.5,1.23,0.123,0.62,0,0,0,0,8,7.3,0,0,0,0,0.24,58.11,101.95,0.96,0.31,880,1.9,77,0.9,2024.0,220.0,77.45
2024,4,6,8,0,18.1,1.24,0.115,0.62,17,109,21,0,1,6.3,17,109,0,21,0.241,45.93,87.9,0.96,0.31,880,1.8,80,1.0,2024.0,220.0,80.88
2024,4,6,9,0,22.6,1.26,0.107,0.62,69,597,228,0,0,5.7,69,597,0,228,0.242,33.39,74.49,0.96,0.31,880,1.8,79,1.2,2024.0,220.0,44.38
2024,4,6,10,0,26.0,1.27,0.1,0.62,93,789,471,0,0,4.6,93,789,0,471,0.243,25.26,61.32,0.96,0.31,880,1.7,345,1.2,2024.0,220.0,0.0
2024,4,6,11,0,28.3,1.28,0.094,0.62,106,880,684,0,0,3.4,106,880,0,684,0.244,20.26,48.93,0.95,0.31,879,1.7,271,2.4,2024.0,220.0,0.0
2024,4,6,12,0,29.9,1.28,0.091,0.62,114,927,843,0,0,2.9,114,927,0,843,0.243,17.85,38.16,0.95,0.31,879,1.7,268,3.5,2024.0,220.0,0.0
2024,4,6,13,0,30.8,1.27,0.091,0.62,119,947,933,0,0,2.9,119,947,0,933,0.242,16.93,30.8,0.95,0.31,878,1.7,266,4.3,2024.0,220.0,0.0
2024,4,6,14,0,31.0,1.25,0.093,0.62,121,949,946,0,0,3.2,121,949,0,946,0.24,17.1,29.54,0.95,0.31,878,1.7,263,4.9,2024.0,220.0,0.0
2024,4,6,15,0,30.7,1.24,0.089,0.62,116,938,884,0,0,3.6,116,938,0,884,0.239,17.96,35.04,0.96,0.31,877,1.7,259,5.2,2024.0,220.0,0.0
2024,4,6,16,0,29.8,1.2,0.092,0.62,109,898,745,0,0,4.2,109,898,0,745,0.238,19.7,44.88,0.96,0.31,877,1.8,255,5.0,2024.0,220.0,0.0
2024,4,6,17,0,28.3,1.16,0.094,0.62,97,828,550,0,0,4.9,97,828,0,550,0.238,22.56,56.83,0.96,0.31,877,1.8,251,4.6,2024.0,220.0,0.0
2024,4,6,18,0,26.4,1.14,0.095,0.62,77,692,316,0,0,5.8,77,692,0,316,0.238,26.77,69.79,0.96,0.31,877,1.8,250,4.1,2024.0,220.0,0.0
2024,4,6,19,0,23.6,1.13,0.094,0.62,39,361,82,0,0,7.1,39,361,0,82,0.24,34.66,83.21,0.96,0.31,877,1.8,253,2.9,2024.0,220.0,16.6
2024,4,6,20,0,21.2,1.12,0.092,0.62,0,0,0,0,0,8.6,0,0,0,0,0.242,44.33,97.08,0.96,0.31,878,1.8,256,2.3,2024.0,220.0,90.82
2024,4,6,21,0,20.0,1.12,0.089,0.62,0,0,0,0,0,9.3,0,0,0,0,0.244,49.97,110.95,0.95,0.3,878,1.8,256,1.3,2024.0,220.0,85.68
2024,4,6,22,0,19.5,1.12,0.086,0.62,0,0,0,0,0,9.3,0,0,0,0,0.245,51.71,124.79,0.95,0.3,878,1.8,44,0.7,2024.0,220.0,70.51
2024,4,6,23,0,18.8,1.13,0.087,0.62,0,0,0,0,0,9.1,0,0,0,0,0.247,53.25,138.4,0.95,0.3,879,1.8,43,0.7,2024.0,220.0,72.21
2024,4,6,24,0,18.4,1.12,0.088,0.62,0,0,0,0,0,8.9,0,0,0,0,0.249,53.82,151.31,0.95,0.3,879,1.8,33,0.9,2024.0,220.0,83.48
2024,4,7,1,0,18.2,1.12,0.088,0.62,0,0,0,0,0,8.7,0,0,0,0,0.25,54.01,161.8,0.95,0.3,878,1.7,26,0.8,2024.0,220.0,78.58
2024,4,7,2,0,18.0,1.12,0.09,0.62,0,0,0,1,0,8.7,0,0,1,0,0.251,54.39,163.97,0.95,0.3,878,1.7,28,0.8,2024.0,220.0,66.79
2024,4,7,3,0,17.8,1.12,0.093,0.62,0,0,0,0,0,8.5,0,0,0,0,0.253,54.4,155.49,0.95,0.3,877,1.7,46,0.8,2024.0,220.0,70.77
2024,4,7,4,0,17.7,1.12,0.093,0.62,0,0,0,0,0,8.1,0,0,0,0,0.254,53.44,143.12,0.95,0.3,877,1.6,75,0.7,2024.0,220.0,70.77
2024,4,7,5,0,17.7,1.14,0.089,0.62,0,0,0,0,0,7.6,0,0,0,0,0.256,51.46,129.67,0.95,0.3,876,1.6,90,0.8,2024.0,220.0,78.96
2024,4,7,6,0,17.6,1.16,0.085,0.62,0,0,0,0,0,7.0,0,0,0,0,0.257,49.73,115.89,0.95,0.3,876,1.6,94,0.9,2024.0,220.0,79.18
2024,4,7,7,0,17.6,1.17,0.085,0.62,0,0,0,0,0,6.4,0,0,0,0,0.257,47.91,102.03,0.95,0.3,877,1.6,89,1.0,2024.0,220.0,70.3
2024,4,7,8,0,19.0,1.18,0.085,0.62,16,140,21,0,0,6.0,16,140,0,21,0.257,42.59,87.98,0.95,0.3,877,1.5,77,1.2,2024.0,220.0,33.11
2024,4,7,9,0,22.4,1.21,0.084,0.62,63,635,232,0,0,6.8,63,635,0,232,0.257,36.58,74.59,0.95,0.3,878,1.5,37,0.9,2024.0,220.0,0.0
2024,4,7,10,0,25.5,1.24,0.08,0.62,85,816,475,0,0,6.5,85,816,0,475,0.256,29.7,61.45,0.95,0.3,878,1.5,257,1.2,2024.0,220.0,0.0
2024,4,7,11,0,28.1,1.25,0.077,0.62,97,904,689,0,0,5.3,97,904,0,689,0.256,23.41,49.1,0.94,0.3,877,1.4,254,2.6,2024.0,220.0,0.0
2024,4,7,12,0,29.9,1.3,0.072,0.62,104,951,849,0,0,4.6,104,951,0,849,0.256,20.12,38.41,0.95,0.3,877,1.4,252,3.6,2024.0,220.0,0.0
2024,4,7,13,0,30.9,1.29,0.073,0.62,109,970,939,0,0,4.2,109,970,0,939,0.255,18.5,31.13,0.95,0.3,876,1.4,250,4.5,2024.0,220.0,0.0
2024,4,7,14,0,31.3,1.27,0.075,0.62,111,971,952,0,0,4.2,111,971,0,952,0.255,18.05,29.92,0.95,0.3,876,1.4,249,5.2,2024.0,220.0,0.0
2024,4,7,15,0,31.0,1.2,0.082,0.62,111,951,886,0,0,4.3,111,951,0,886,0.255,18.48,35.39,0.95,0.3,875,1.4,248,5.6,2024.0,220.0,0.0
2024,4,7,16,0,30.2,1.17,0.084,0.62,105,914,750,0,0,4.5,105,914,0,750,0.255,19.65,45.18,0.95,0.3,875,1.4,248,5.6,2024.0,220.0,0.0
2024,4,7,17,0,28.9,1.15,0.086,0.62,93,846,553,0,0,4.8,93,846,0,553,0.255,21.63,57.09,0.95,0.3,875,1.4,247,5.3,2024.0,220.0,0.0
2024,4,7,18,0,26.9,1.13,0.088,0.62,74,709,316,0,0,5.3,74,709,0,316,0.256,25.18,70.02,0.95,0.3,876,1.4,248,4.8,2024.0,220.0,0.0
2024,4,7,19,0,23.3,1.11,0.088,0.62,38,370,80,0,0,6.5,38,370,0,80,0.257,33.83,83.42,0.95,0.3,876,1.4,254,3.7,2024.0,220.0,76.91
2024,4,7,20,0,20.6,1.1,0.088,0.62,0,0,0,0,0,8.0,0,0,0,0,0.257,44.34,97.28,0.95,0.3,877,1.4,260,2.6,2024.0,220.0,70.64
2024,4,7,21,0,19.3,1.09,0.089,0.62,0,0,0,0,0,8.7,0,0,0,0,0.258,50.42,111.15,0.95,0.3,877,1.4,271,1.0,2024.0,220.0,70.57
2024,4,7,22,0,18.9,1.1,0.089,0.62,0,0,0,0,0,8.7,0,0,0,0,0.258,51.57,125.0,0.95,0.3,877,1.4,56,0.4,2024.0,220.0,70.93
2024,4,7,23,0,18.6,1.11,0.089,0.62,0,0,0,0,0,8.3,0,0,0,0,0.258,51.11,138.63,0.95,0.3,877,1.4,65,0.7,2024.0,220.0,71.66
2024,4,7,24,0,18.5,1.11,0.09,0.62,0,0,0,0,0,7.9,0,0,0,0,0.258,50.03,151.58,0.95,0.3,877,1.4,65,0.9,2024.0,220.0,72.43
2024,4,8,1,0,18.4,1.12,0.091,0.62,0,0,0,0,0,7.8,0,0,0,0,0.259,49.9,162.16,0.95,0.3,877,1.4,60,0.9,2024.0,220.0,70.13
2024,4,8,2,0,18.2,1.12,0.094,0.62,0,0,0,1,0,7.9,0,0,1,0,0.259,50.91,164.31,0.95,0.3,877,1.3,37,0.9,2024.0,220.0,71.61
2024,4,8,3,0,17.7,1.12,0.095,0.62,0,0,0,0,0,8.0,0,0,0,0,0.259,52.89,155.68,0.95,0.3,877,1.3,11,0.9,2024.0,220.0,69.56
2024,4,8,4,0,17.4,1.13,0.094,0.62,0,0,0,0,0,7.8,0,0,0,0,0.259,53.23,143.23,0.95,0.3,876,1.3,91,0.9,2024.0,220.0,69.56
2024,4,8,5,0,17.2,1.14,0.091,0.62,0,0,0,0,0,7.3,0,0,0,0,0.26,52.16,129.76,0.95,0.3,876,1.2,100,1.1,2024.0,220.0,72.74
2024,4,8,6,0,17.1,1.15,0.088,0.62,0,0,0,0,0,6.5,0,0,0,0,0.261,49.85,115.97,0.95,0.3,876,1.2,99,1.1,2024.0,220.0,80.23
2024,4,8,7,0,17.1,1.16,0.084,0.62,0,0,0,0,0,5.8,0,0,0,0,0.261,47.23,102.1,0.94,0.3,877,1.1,102,1.2,2024.0,220.0,82.25
2024,4,8,8,0,18.9,1.17,0.083,0.62,16,144,21,7,7,5.2,16,144,5,21,0.26,40.54,88.05,0.94,0.3,877,1.1,104,1.0,2024.0,220.0,45.37
2024,4,8,9,0,22.7,1.18,0.083,0.62,63,647,233,0,0,5.6,63,647,0,233,0.26,32.96,74.69,0.94,0.3,877,1.1,123,1.2,2024.0,220.0,0.0
2024,4,8,10,0,25.4,1.19,0.084,0.62,86,822,477,0,8,5.6,178,500,0,416,0.26,27.98,61.58,0.94,0.3,878,1.1,246,1.3,2024.0,220.0,0.0
2024,4,8,11,0,27.4,1.2,0.086,0.62,102,903,691,0,0,5.2,102,903,0,691,0.259,24.27,49.28,0.94,0.3,878,1.1,260,2.5,2024.0,220.0,0.0
2024,4,8,12,0,28.7,1.2,0.089,0.62,113,944,850,0,0,5.4,113,944,0,850,0.258,22.72,38.65,0.94,0.3,878,1.1,262,3.9,2024.0,220.0,0.0
2024,4,8,13,0,29.4,1.2,0.092,0.62,120,961,940,0,0,5.7,120,961,0,940,0.257,22.32,31.47,0.95,0.3,878,1.1,259,5.1,2024.0,220.0,0.0
2024,4,8,14,0,29.7,1.2,0.095,0.62,122,962,953,0,0,6.0,122,962,0,953,0.256,22.39,30.3,0.95,0.3,877,1.1,256,5.9,2024.0,220.0,0.0
2024,4,8,15,0,29.4,1.19,0.098,0.62,120,941,884,0,0,6.3,120,941,0,884,0.255,23.31,35.74,0.95,0.3,877,1.2,253,6.2,2024.0,220.0,0.0
2024,4,8,16,0,28.6,1.18,0.099,0.62,112,905,747,0,0,6.7,112,905,0,747,0.254,25.02,45.48,0.95,0.3,877,1.2,251,6.0,2024.0,220.0,0.0
2024,4,8,17,0,27.4,1.17,0.1,0.62,99,835,550,0,0,6.9,99,835,0,550,0.254,27.31,57.34,0.95,0.3,877,1.2,250,5.3,2024.0,220.0,0.0
2024,4,8,18,0,25.5,1.17,0.099,0.62,77,693,311,0,0,7.2,77,693,0,311,0.255,31.21,70.25,0.95,0.3,877,1.3,251,4.2,2024.0,220.0,57.41
2024,4,8,19,0,22.4,1.16,0.097,0.62,38,350,77,0,0,8.1,38,350,0,77,0.256,39.82,83.63,0.95,0.3,878,1.3,258,3.1,2024.0,220.0,80.11
2024,4,8,20,0,19.9,1.14,0.096,0.62,0,0,0,0,0,9.3,0,0,0,0,0.257,50.48,97.48,0.95,0.3,878,1.3,268,2.1,2024.0,220.0,73.19
2024,4,8,21,0,18.7,1.13,0.096,0.62,0,0,0,0,0,9.9,0,0,0,0,0.257,56.63,111.35,0.95,0.3,879,1.3,279,0.8,2024.0,220.0,70.68
2024,4,8,22,0,18.3,1.14,0.096,0.62,0,0,0,0,0,9.8,0,0,0,0,0.257,57.78,125.2,0.95,0.3,879,1.3,55,0.4,2024.0,220.0,73.52
2024,4,8,23,0,17.8,1.15,0.094,0.62,0,0,0,0,0,9.4,0,0,0,0,0.258,57.8,138.85,0.95,0.3,879,1.3,64,0.6,2024.0,220.0,75.76
2024,4,8,24,0,17.6,1.15,0.092,0.62,0,0,0,0,0,8.8,0,0,0,0,0.258,56.16,151.85,0.95,0.3,879,1.2,65,0.7,2024.0,220.0,87.87
2024,4,9,1,0,17.6,1.15,0.091,0.62,0,0,0,0,0,8.2,0,0,0,0,0.257,54.1,162.51,0.95,0.3,879,1.2,63,0.8,2024.0,220.0,101.1
2024,4,9,2,0,17.6,1.14,0.092,0.62,0,0,0,1,0,7.9,0,0,1,0,0.256,52.88,164.65,0.95,0.3,879,1.2,53,0.7,2024.0,220.0,77.43
2024,4,9,3,0,17.3,1.13,0.097,0.62,0,0,0,0,0,7.8,0,0,0,0,0.255,53.5,155.87,0.95,0.3,878,1.2,21,0.7,2024.0,220.0,76.37
2024,4,9,4,0,16.5,1.12,0.105,0.62,0,0,0,0,0,7.9,0,0,0,0,0.255,56.75,143.34,0.95,0.3,878,1.2,347,0.7,2024.0,220.0,75.12
2024,4,9,5,0,15.8,1.12,0.11,0.62,0,0,0,0,0,8.1,0,0,0,0,0.254,60.38,129.84,0.95,0.3,878,1.2,341,0.7,2024.0,220.0,73.82
2024,4,9,6,0,15.3,1.13,0.118,0.62,0,0,0,0,0,8.3,0,0,0,0,0.254,62.92,116.04,0.96,0.3,879,1.2,357,0.9,2024.0,220.0,73.82
2024,4,9,7,0,15.1,1.16,0.112,0.62,0,0,0,0,0,7.9,0,0,0,0,0.254,62.16,102.17,0.96,0.3,879,1.2,38,1.1,2024.0,220.0,83.35
2024,4,9,8,0,16.9,1.19,0.096,0.62,16,122,20,0,0,7.0,16,122,0,20,0.254,52.01,88.13,0.95,0.3,879,1.1,81,1.4,2024.0,220.0,45.32
2024,4,9,9,0,21.1,1.2,0.081,0.62,62,652,233,0,0,6.0,62,652,0,233,0.254,37.4,74.79,0.94,0.3,879,1.0,111,1.3,2024.0,220.0,0.0
2024,4,9,10,0,25.2,1.22,0.071,0.62,81,846,482,0,0,4.3,81,846,0,482,0.254,26.01,61.71,0.94,0.3,878,0.9,160,1.6,2024.0,220.0,0.0
2024,4,9,11,0,28.3,1.24,0.065,0.62,91,932,697,0,0,2.4,91,932,0,697,0.254,18.87,49.46,0.93,0.3,878,0.9,207,2.8,2024.0,220.0,0.0
2024,4,9,12,0,30.3,1.22,0.066,0.62,101,972,857,0,0,1.1,101,972,0,857,0.252,15.33,38.9,0.94,0.3,877,0.9,229,3.9,2024.0,220.0,0.0
2024,4,9,13,0,31.3,1.2,0.068,0.62,106,993,951,0,0,0.7,106,993,0,951,0.25,14.11,31.8,0.94,0.3,876,0.8,241,4.7,2024.0,220.0,0.0
2024,4,9,14,0,31.6,1.18,0.072,0.62,109,988,959,0,0,1.0,109,988,0,959,0.249,14.14,30.67,0.94,0.3,876,0.9,247,5.1,2024.0,220.0,0.0
2024,4,9,15,0,31.1,1.16,0.072,0.62,106,974,893,0,0,1.6,106,974,0,893,0.247,15.17,36.09,0.94,0.3,875,0.9,250,5.0,2024.0,220.0,0.0
2024,4,9,16,0,30.1,1.13,0.077,0.62,102,936,754,1,0,2.3,102,936,1,754,0.245,16.95,45.77,0.94,0.3,875,0.9,250,4.6,2024.0,220.0,0.0
2024,4,9,17,0,28.5,1.1,0.081,0.62,92,865,555,0,0,3.1,92,865,0,555,0.244,19.67,57.6,0.95,0.3,875,0.9,250,4.0,2024.0,220.0,0.0
2024,4,9,18,0,26.2,1.08,0.084,0.62,73,725,315,0,0,4.1,73,725,0,315,0.243,24.06,70.47,0.95,0.3,876,0.9,248,3.4,2024.0,220.0,37.19
2024,4,9,19,0,22.3,1.07,0.088,0.62,37,365,76,0,0,5.7,37,365,0,76,0.243,34.1,83.84,0.95,0.3,876,0.9,251,2.2,2024.0,220.0,92.95
2024,4,9,20,0,19.5,1.06,0.091,0.62,0,0,0,0,0,7.5,0,0,0,0,0.243,45.69,97.68,0.95,0.3,877,0.9,251,1.6,2024.0,220.0,91.11
2024,4,9,21,0,18.1,1.05,0.094,0.62,0,0,0,0,0,8.2,0,0,0,0,0.243,52.53,111.54,0.95,0.3,877,1.0,245,0.8,2024.0,220.0,74.62
2024,4,9,22,0,17.6,1.06,0.092,0.62,0,0,0,0,0,8.2,0,0,0,0,0.244,54.11,125.4,0.95,0.3,878,1.0,78,0.5,2024.0,220.0,68.28
2024,4,9,23,0,17.3,1.08,0.089,0.62,0,0,0,0,0,7.7,0,0,0,0,0.244,53.23,139.07,0.95,0.3,878,1.0,65,0.6,2024.0,220.0,74.96
2024,4,9,24,0,17.4,1.1,0.085,0.62,0,0,0,0,0,7.0,0,0,0,0,0.244,50.49,152.11,0.95,0.3,877,1.0,60,0.7,2024.0,220.0,72.39
2024,4,10,1,0,17.5,1.11,0.084,0.62,0,0,0,0,0,6.5,0,0,0,0,0.244,48.49,162.86,0.94,0.3,877,0.9,50,0.7,2024.0,220.0,72.01
2024,4,10,2,0,17.3,1.11,0.085,0.62,0,0,0,1,0,6.4,0,0,1,0,0.244,48.63,164.98,0.94,0.3,877,0.9,34,0.7,2024.0,220.0,71.49
2024,4,10,3,0,16.9,1.12,0.086,0.62,0,0,0,0,0,6.4,0,0,0,0,0.244,49.87,156.05,0.94,0.3,876,0.9,27,0.6,2024.0,220.0,71.29
2024,4,10,4,0,16.6,1.13,0.084,0.62,0,0,0,0,0,6.2,0,0,0,0,0.244,50.23,143.45,0.94,0.3,876,0.9,47,0.6,2024.0,220.0,73.38
2024,4,10,5,0,16.3,1.15,0.079,0.62,0,0,0,0,0,5.6,0,0,0,0,0.244,49.23,129.92,0.94,0.3,876,0.9,70,0.5,2024.0,220.0,73.38
2024,4,10,6,0,16.1,1.17,0.075,0.62,0,0,0,0,0,4.7,0,0,0,0,0.244,46.68,116.11,0.94,0.3,876,0.9,79,0.5,2024.0,220.0,73.38
2024,4,10,7,0,16.2,1.18,0.071,0.62,0,0,0,0,0,3.5,0,0,0,0,0.244,42.61,102.25,0.94,0.3,876,0.9,81,0.5,2024.0,220.0,77.03
2024,4,10,8,0,17.9,1.2,0.071,0.62,15,158,20,0,0,2.4,15,158,0,20,0.244,35.48,88.21,0.94,0.3,877,0.9,74,1.0,2024.0,220.0,46.55
2024,4,10,9,0,21.7,1.21,0.073,0.62,60,668,234,0,0,3.0,60,668,0,234,0.245,29.3,74.89,0.94,0.3,877,0.9,39,1.0,2024.0,220.0,0.0
2024,4,10,10,0,24.4,1.22,0.076,0.62,83,838,479,0,0,4.0,83,838,0,479,0.245,26.67,61.84,0.94,0.3,877,0.9,288,0.8,2024.0,220.0,0.0
2024,4,10,11,0,26.4,1.23,0.079,0.62,98,917,692,0,0,4.4,98,917,0,692,0.246,24.3,49.64,0.94,0.3,877,0.9,277,2.3,2024.0,220.0,0.0
2024,4,10,12,0,27.8,1.25,0.077,0.62,107,957,848,0,0,4.8,107,957,0,848,0.246,23.09,39.15,0.95,0.3,877,1.0,273,3.6,2024.0,220.0,0.0
2024,4,10,13,0,28.4,1.24,0.081,0.62,113,973,937,0,0,5.3,113,973,0,937,0.246,23.11,32.13,0.95,0.3,877,1.0,271,4.7,2024.0,220.0,0.0
2024,4,10,14,0,28.4,1.23,0.085,0.62,116,968,946,0,0,6.0,116,968,0,946,0.246,24.14,31.05,0.96,0.3,876,1.1,272,5.2,2024.0,220.0,0.0
2024,4,10,15,0,27.8,1.22,0.088,0.62,114,948,877,0,0,6.8,114,948,0,877,0.246,26.38,36.44,0.96,0.3,876,1.2,274,5.3,2024.0,220.0,0.0
2024,4,10,16,0,27.0,1.21,0.09,0.62,107,911,739,0,0,7.2,107,911,0,739,0.246,28.58,46.07,0.96,0.3,876,1.2,279,5.0,2024.0,220.0,0.0
2024,4,10,17,0,25.7,1.2,0.092,0.62,95,836,540,0,0,7.6,95,836,0,540,0.246,31.61,57.86,0.96,0.3,877,1.3,283,4.4,2024.0,220.0,0.0
2024,4,10,18,0,23.7,1.15,0.107,0.62,79,674,302,0,0,8.0,79,674,0,302,0.246,36.73,70.7,0.96,0.3,877,1.3,284,3.5,2024.0,220.0,65.86
2024,4,10,19,0,21.3,1.15,0.11,0.62,38,311,70,0,0,8.9,38,311,0,70,0.246,44.94,84.04,0.97,0.3,877,1.3,287,1.9,2024.0,220.0,94.71
2024,4,10,20,0,19.5,1.15,0.107,0.62,0,0,0,0,0,10.0,0,0,0,0,0.246,54.03,97.88,0.96,0.3,878,1.3,295,1.3,2024.0,220.0,103.58
2024,4,10,21,0,18.1,1.15,0.104,0.62,0,0,0,0,0,10.7,0,0,0,0,0.246,61.77,111.73,0.96,0.3,879,1.3,322,0.7,2024.0,220.0,107.16
2024,4,10,22,0,17.1,1.15,0.102,0.62,0,0,0,0,0,10.9,0,0,0,0,0.246,67.07,125.6,0.96,0.3,879,1.3,1,0.6,2024.0,220.0,94.82
2024,4,10,23,0,16.7,1.15,0.098,0.62,0,0,0,0,0,10.9,0,0,0,0,0.245,68.5,139.28,0.96,0.3,879,1.3,25,0.7,2024.0,220.0,96.2
2024,4,10,24,0,16.6,1.16,0.092,0.62,0,0,0,0,0,10.5,0,0,0,0,0.246,67.4,152.36,0.96,0.3,879,1.2,39,0.6,2024.0,220.0,102.38
2024,4,11,1,0,16.8,1.16,0.087,0.62,0,0,0,0,0,10.0,0,0,0,0,0.246,64.33,163.2,0.96,0.3,879,1.2,47,0.7,2024.0,220.0,104.63
2024,4,11,2,0,17.0,1.17,0.085,0.62,0,0,0,1,0,9.6,0,0,1,0,0.246,61.56,165.31,0.96,0.3,878,1.1,44,0.7,2024.0,220.0,104.63
2024,4,11,3,0,16.9,1.17,0.084,0.62,0,0,0,0,8,9.4,0,0,0,0,0.246,61.11,156.23,0.96,0.3,878,1.1,28,0.7,2024.0,220.0,104.63
2024,4,11,4,0,16.5,1.17,0.083,0.62,0,0,0,0,0,9.3,0,0,0,0,0.246,62.55,143.56,0.96,0.3,877,1.1,16,0.7,2024.0,220.0,104.63
2024,4,11,5,0,16.2,1.19,0.079,0.62,0,0,0,0,0,9.3,0,0,0,0,0.247,63.57,130.0,0.95,0.3,877,1.1,25,0.9,2024.0,220.0,104.63
2024,4,11,6,0,15.8,1.21,0.073,0.62,0,0,0,0,0,9.1,0,0,0,0,0.247,64.24,116.18,0.95,0.3,878,1.1,48,1.1,2024.0,220.0,80.46
2024,4,11,7,0,15.2,1.24,0.068,0.62,0,0,0,0,0,8.5,0,0,0,0,0.247,64.32,102.32,0.95,0.3,878,1.0,71,1.2,2024.0,220.0,91.34
2024,4,11,8,0,17.0,1.26,0.069,0.62,15,158,20,0,0,7.5,15,158,0,20,0.247,53.41,88.28,0.95,0.3,878,1.0,81,1.2,2024.0,220.0,53.21
2024,4,11,9,0,21.5,1.23,0.081,0.62,62,649,230,0,0,6.0,62,649,0,230,0.248,36.42,74.99,0.95,0.3,878,1.0,75,1.2,2024.0,220.0,0.0
2024,4,11,10,0,24.4,1.18,0.097,0.62,92,805,470,0,0,3.6,92,805,0,470,0.248,25.91,61.97,0.96,0.3,879,1.0,18,0.9,2024.0,220.0,0.0
2024,4,11,11,0,26.3,1.18,0.101,0.62,110,888,682,0,0,2.2,110,888,0,682,0.248,20.91,49.82,0.97,0.3,879,1.0,311,2.4,2024.0,220.0,0.0
2024,4,11,12,0,27.9,1.24,0.079,0.62,108,953,844,0,0,1.9,108,953,0,844,0.247,18.7,39.4,0.96,0.3,879,1.0,293,3.6,2024.0,220.0,0.0
2024,4,11,13,0,28.6,1.25,0.073,0.62,109,978,934,0,0,2.4,109,978,0,934,0.245,18.58,32.46,0.95,0.3,878,1.0,282,4.6,2024.0,220.0,0.0
2024,4,11,14,0,28.6,1.22,0.072,0.62,109,977,943,0,0,3.1,109,977,0,943,0.245,19.48,31.42,0.95,0.3,878,1.1,274,5.2,2024.0,220.0,0.0
2024,4,11,15,0,27.8,1.2,0.073,0.62,106,963,877,0,0,3.6,106,963,0,877,0.244,21.23,36.78,0.95,0.3,878,1.1,268,5.3,2024.0,220.0,0.0
2024,4,11,16,0,26.3,1.18,0.078,0.62,102,924,739,0,0,4.1,102,924,0,739,0.243,23.89,46.37,0.96,0.3,878,1.1,263,4.9,2024.0,220.0,0.0
2024,4,11,17,0,24.7,1.17,0.081,0.62,90,849,539,0,0,4.6,90,849,0,539,0.242,27.3,58.11,0.96,0.3,878,1.2,260,4.3,2024.0,220.0,0.0
2024,4,11,18,0,23.0,1.16,0.086,0.62,72,704,302,0,0,5.5,72,704,0,302,0.242,32.13,70.92,0.96,0.3,878,1.2,260,3.5,2024.0,220.0,60.68
2024,4,11,19,0,20.8,1.16,0.092,0.62,35,334,68,0,0,6.7,35,334,0,68,0.243,39.97,84.24,0.96,0.3,879,1.2,264,1.9,2024.0,220.0,113.8
2024,4,11,20,0,19.3,1.17,0.093,0.62,0,0,0,0,0,7.8,0,0,0,0,0.244,47.24,98.07,0.96,0.3,879,1.3,274,1.3,2024.0,220.0,115.46
2024,4,11,21,0,18.6,1.19,0.091,0.62,0,0,0,0,0,8.3,0,0,0,0,0.244,51.05,111.92,0.96,0.3,880,1.3,298,0.6,2024.0,220.0,139.06
2024,4,11,22,0,18.3,1.2,0.089,0.62,0,0,0,0,0,8.1,0,0,0,0,0.245,51.54,125.79,0.96,0.3,880,1.3,72,0.7,2024.0,220.0,119.18
2024,4,11,23,0,18.3,1.22,0.085,0.62,0,0,0,0,0,7.5,0,0,0,0,0.245,49.5,139.49,0.96,0.3,879,1.2,80,0.8,2024.0,220.0,109.39
2024,4,11,24,0,18.2,1.24,0.082,0.62,0,0,0,0,0,7.0,0,0,0,0,0.246,47.91,152.62,0.96,0.3,879,1.2,72,0.8,2024.0,220.0,107.63
2024,4,12,1,0,17.9,1.25,0.082,0.62,0,0,0,0,0,6.9,0,0,0,0,0.248,48.51,163.54,0.96,0.3,879,1.2,44,0.8,2024.0,220.0,103.28
2024,4,12,2,0,16.9,1.26,0.083,0.62,0,0,0,1,0,7.4,0,0,1,0,0.25,53.6,165.63,0.95,0.3,879,1.2,350,0.8,2024.0,220.0,102.73
2024,4,12,3,0,15.7,1.26,0.088,0.62,0,0,0,0,0,8.1,0,0,0,0,0.251,60.51,156.4,0.95,0.3,879,1.2,330,0.8,2024.0,220.0,86.99
2024,4,12,4,0,15.4,1.27,0.093,0.62,0,0,0,0,0,8.3,0,0,0,0,0.252,62.72,143.66,0.96,0.3,879,1.2,343,0.8,2024.0,220.0,81.39
2024,4,12,5,0,15.5,1.3,0.091,0.62,0,0,0,0,0,8.0,0,0,0,0,0.253,60.94,130.08,0.96,0.3,878,1.3,43,0.9,2024.0,220.0,75.26
2024,4,12,6,0,15.3,1.32,0.089,0.62,0,0,0,0,0,7.2,0,0,0,0,0.254,58.47,116.25,0.96,0.3,878,1.3,90,1.0,2024.0,220.0,79.54
2024,4,12,7,0,15.3,1.35,0.087,0.62,0,0,0,0,0,6.1,0,0,0,0,0.254,54.08,102.39,0.96,0.3,878,1.3,96,1.1,2024.0,220.0,94.15
2024,4,12,8,0,17.5,1.37,0.087,0.62,14,126,18,7,7,4.7,11,0,7,11,0.255,42.91,88.36,0.96,0.3,879,1.4,86,0.9,2024.0,220.0,90.26
2024,4,12,9,0,21.9,1.37,0.087,0.62,62,622,222,0,8,4.1,130,229,0,189,0.255,31.16,75.1,0.96,0.3,879,1.5,63,1.2,2024.0,220.0,24.67
2024,4,12,10,0,24.7,1.38,0.085,0.62,85,803,461,0,0,3.1,85,803,0,461,0.255,24.61,62.11,0.96,0.3,879,1.5,356,1.2,2024.0,220.0,0.0
2024,4,12,11,0,26.8,1.38,0.082,0.62,98,890,670,0,0,2.2,98,890,0,670,0.256,20.35,50.0,0.96,0.3,879,1.5,302,2.7,2024.0,220.0,0.0
2024,4,12,12,0,28.0,1.37,0.074,0.62,103,940,827,0,0,2.3,103,940,0,827,0.256,19.15,39.65,0.96,0.3,878,1.5,294,3.9,2024.0,220.0,0.0
2024,4,12,13,0,28.5,1.34,0.077,0.62,109,957,914,0,0,2.9,109,957,0,914,0.256,19.3,32.79,0.96,0.3,878,1.5,292,4.5,2024.0,220.0,0.0
2024,4,12,14,0,28.5,1.32,0.079,0.62,111,957,925,0,0,3.5,111,957,0,925,0.256,20.17,31.79,0.96,0.3,878,1.5,292,4.7,2024.0,220.0,0.0
2024,4,12,15,0,28.1,1.28,0.103,0.62,120,919,853,0,0,4.0,120,919,0,853,0.256,21.47,37.12,0.96,0.3,877,1.6,293,4.7,2024.0,220.0,0.0
2024,4,12,16,0,27.4,1.29,0.106,0.62,113,880,717,0,0,4.5,113,880,0,717,0.255,23.16,46.66,0.96,0.3,877,1.6,295,4.5,2024.0,220.0,0.0
2024,4,12,17,0,26.3,1.29,0.11,0.62,100,803,522,0,0,5.1,100,803,0,522,0.254,25.74,58.36,0.96,0.3,877,1.6,296,4.0,2024.0,220.0,0.0
2024,4,12,18,0,24.4,1.29,0.121,0.62,80,640,287,0,0,5.9,80,640,0,287,0.254,30.32,71.15,0.96,0.3,877,1.7,294,3.4,2024.0,220.0,60.96
2024,4,12,19,0,21.5,1.27,0.135,0.62,36,253,61,0,0,7.0,36,253,0,61,0.253,39.02,84.44,0.97,0.3,877,1.9,288,1.8,2024.0,220.0,86.39
2024,4,12,20,0,19.9,1.27,0.138,0.62,0,0,0,0,0,8.1,0,0,0,0,0.253,46.45,98.26,0.97,0.3,877,1.9,286,0.9,2024.0,220.0,76.53
2024,4,12,21,0,19.1,1.29,0.135,0.62,0,0,0,0,0,8.5,0,0,0,0,0.252,50.35,112.11,0.97,0.3,878,2.0,314,0.5,2024.0,220.0,77.23
2024,4,12,22,0,18.6,1.29,0.134,0.62,0,0,0,0,0,8.5,0,0,0,0,0.251,51.98,125.98,0.97,0.3,878,2.0,39,1.0,2024.0,220.0,75.69
2024,4,12,23,0,18.2,1.3,0.135,0.62,0,0,0,0,0,8.6,0,0,0,0,0.25,53.43,139.7,0.97,0.3,878,2.0,41,1.1,2024.0,220.0,79.82
2024,4,12,24,0,17.5,1.29,0.137,0.62,0,0,0,0,0,8.8,0,0,0,0,0.25,56.57,152.86,0.97,0.3,878,2.1,30,1.1,2024.0,220.0,80.87
2024,4,13,1,0,17.0,1.28,0.137,0.62,0,0,0,0,0,9.0,0,0,0,0,0.25,59.25,163.88,0.97,0.3,878,2.0,19,1.1,2024.0,220.0,75.22
2024,4,13,2,0,16.6,1.27,0.132,0.62,0,0,0,1,0,9.2,0,0,1,0,0.249,61.45,165.95,0.97,0.3,878,2.0,15,1.0,2024.0,220.0,71.86
2024,4,13,3,0,16.3,1.27,0.131,0.62,0,0,0,0,0,9.1,0,0,0,0,0.249,62.6,156.57,0.97,0.3,877,2.0,18,1.0,2024.0,220.0,80.8
2024,4,13,4,0,16.1,1.26,0.132,0.62,0,0,0,0,8,9.0,0,0,0,0,0.249,62.63,143.76,0.97,0.3,877,1.9,21,1.0,2024.0,220.0,70.26
2024,4,13,5,0,15.9,1.25,0.13,0.62,0,0,0,0,1,8.7,0,0,0,0,0.25,62.43,130.15,0.97,0.3,876,1.9,14,1.1,2024.0,220.0,81.73
2024,4,13,6,0,15.6,1.24,0.141,0.62,0,0,0,0,0,8.8,0,0,0,0,0.25,63.78,116.32,0.97,0.3,877,1.9,356,1.2,2024.0,220.0,97.9
2024,4,13,7,0,15.1,1.25,0.147,0.62,0,0,0,0,0,9.1,0,0,0,0,0.25,67.41,102.46,0.97,0.3,877,1.9,345,1.4,2024.0,220.0,101.1
2024,4,13,8,0,16.0,1.27,0.143,0.62,13,63,15,0,0,9.4,13,63,0,15,0.25,65.1,88.44,0.97,0.3,878,1.9,355,1.3,2024.0,220.0,94.67
2024,4,13,9,0,18.8,1.29,0.137,0.62,73,537,210,0,0,9.7,73,537,0,210,0.251,55.6,75.2,0.97,0.3,878,1.9,350,1.6,2024.0,220.0,50.7
2024,4,13,10,0,21.8,1.31,0.132,0.62,102,736,445,0,0,9.5,102,736,0,445,0.251,45.47,62.24,0.97,0.3,878,1.9,337,0.8,2024.0,220.0,54.26
2024,4,13,11,0,24.0,1.32,0.13,0.62,119,831,651,0,0,9.1,119,831,0,651,0.251,38.85,50.18,0.97,0.3,878,1.9,327,2.7,2024.0,220.0,53.04
2024,4,13,12,0,25.4,1.31,0.134,0.62,132,876,804,0,0,9.1,132,876,0,804,0.25,35.56,39.9,0.97,0.3,878,1.9,324,4.1,2024.0,220.0,43.82
2024,4,13,13,0,25.9,1.28,0.149,0.62,146,884,886,0,0,9.3,146,884,0,886,0.248,35.02,33.12,0.98,0.3,877,2.0,321,4.8,2024.0,220.0,0.0
2024,4,13,14,0,25.7,1.23,0.17,0.62,157,868,892,0,0,9.7,157,868,0,892,0.246,36.56,32.16,0.98,0.3,877,2.1,318,5.1,2024.0,220.0,0.0
2024,4,13,15,0,25.1,1.17,0.16,0.62,148,855,826,0,0,10.3,148,855,0,826,0.244,39.3,37.46,0.98,0.3,877,2.2,316,5.1,2024.0,220.0,0.0
2024,4,13,16,0,24.0,1.11,0.169,0.62,141,801,688,0,0,10.8,141,801,0,688,0.241,43.54,46.95,0.98,0.3,877,2.3,316,4.8,2024.0,220.0,0.0
2024,4,13,17,0,22.5,1.08,0.172,0.62,124,713,495,0,0,11.3,124,713,0,495,0.239,49.11,58.61,0.98,0.3,877,2.4,319,4.4,2024.0,220.0,29.73
2024,4,13,18,0,20.6,1.06,0.181,0.62,96,539,269,0,0,11.7,96,539,0,269,0.239,56.59,71.37,0.98,0.3,877,2.4,324,3.7,2024.0,220.0,67.85
2024,4,13,19,0,18.7,1.05,0.177,0.62,38,177,54,0,0,12.1,38,177,0,54,0.24,65.32,84.64,0.98,0.3,877,2.5,327,1.8,2024.0,220.0,100.15
2024,4,13,20,0,17.4,1.04,0.173,0.62,0,0,0,0,0,12.4,0,0,0,0,0.241,72.47,98.45,0.98,0.3,877,2.5,333,1.0,2024.0,220.0,108.6
2024,4,13,21,0,16.8,1.03,0.189,0.62,0,0,0,0,0,12.6,0,0,0,0,0.241,76.42,112.29,0.98,0.3,878,2.5,343,0.6,2024.0,220.0,119.89
2024,4,13,22,0,16.3,1.02,0.195,0.62,0,0,0,0,0,12.7,0,0,0,0,0.242,79.5,126.16,0.98,0.3,878,2.5,348,1.1,2024.0,220.0,121.35
2024,4,13,23,0,15.9,1.0,0.189,0.62,0,0,0,0,0,12.8,0,0,0,0,0.243,81.82,139.9,0.98,0.3,878,2.4,347,1.3,2024.0,220.0,121.35
2024,4,13,24,0,15.5,1.0,0.211,0.62,0,0,0,0,0,12.8,0,0,0,0,0.244,83.71,153.1,0.99,0.3,878,2.4,343,1.3,2024.0,220.0,112.04
2024,4,14,1,0,15.2,0.99,0.214,0.62,0,0,0,0,0,12.6,0,0,0,0,0.245,84.65,164.21,0.99,0.3,877,2.4,338,1.2,2024.0,220.0,107.48
2024,4,14,2,0,14.9,0.99,0.187,0.62,0,0,0,1,0,12.5,0,0,1,0,0.247,85.62,166.26,0.99,0.3,877,2.3,339,1.1,2024.0,220.0,95.71
2024,4,14,3,0,14.8,1.0,0.205,0.62,0,0,0,1,0,12.4,0,0,1,0,0.249,85.5,156.73,0.99,0.3,876,2.3,341,1.1,2024.0,220.0,98.25
2024,4,14,4,0,14.6,1.0,0.189,0.62,0,0,0,0,0,12.3,0,0,0,0,0.251,86.05,143.86,0.99,0.3,876,2.3,340,1.1,2024.0,220.0,105.59
2024,4,14,5,0,14.4,0.99,0.148,0.62,0,0,0,0,1,12.2,0,0,0,0,0.252,86.56,130.23,0.99,0.3,876,2.3,339,1.2,2024.0,220.0,110.47
2024,4,14,6,0,14.3,1.01,0.161,0.62,0,0,0,0,0,12.0,0,0,0,0,0.253,86.34,116.39,0.99,0.3,876,2.3,343,1.3,2024.0,220.0,91.04
2024,4,14,7,0,14.2,1.02,0.144,0.62,0,0,0,0,1,11.9,0,0,0,0,0.253,86.18,102.53,0.99,0.3,877,2.3,346,1.3,2024.0,220.0,71.29
2024,4,14,8,0,14.6,1.02,0.116,0.62,13,61,15,7,3,11.8,9,0,7,9,0.253,83.05,88.52,0.99,0.3,877,2.3,347,1.2,2024.0,220.0,75.35
2024,4,14,9,0,15.9,1.02,0.146,0.62,76,502,203,0,3,11.5,16,0,0,16,0.255,75.17,75.3,0.99,0.3,878,2.3,344,1.8,2024.0,220.0,59.09
2024,4,14,10,0,17.2,1.01,0.162,0.62,114,687,432,0,3,11.4,68,0,0,68,0.256,68.69,62.38,0.99,0.3,878,2.2,338,2.0,2024.0,220.0,64.86
2024,4,14,11,0,18.5,1.0,0.152,0.62,131,795,638,0,3,11.4,153,0,0,153,0.258,63.48,50.37,0.99,0.3,878,2.2,333,2.9,2024.0,220.0,56.16
2024,4,14,12,0,19.8,0.99,0.146,0.62,140,852,791,0,3,11.5,275,1,0,276,0.258,58.86,40.15,0.98,0.3,877,2.2,329,3.8,2024.0,220.0,55.36
2024,4,14,13,0,20.9,0.98,0.13,0.62,138,890,881,0,3,11.4,193,0,0,194,0.257,54.65,33.45,0.98,0.3,877,2.1,327,4.6,2024.0,220.0,59.02
2024,4,14,14,0,21.5,0.96,0.111,0.62,129,908,895,0,3,11.3,144,0,0,145,0.256,52.26,32.52,0.98,0.3,876,2.1,326,5.1,2024.0,220.0,58.43
2024,4,14,15,0,21.4,0.99,0.079,0.62,108,923,838,0,3,11.3,457,302,0,696,0.256,52.68,37.8,0.98,0.3,876,2.0,324,5.2,2024.0,220.0,56.84
2024,4,14,16,0,20.7,0.95,0.09,0.62,106,876,701,0,3,11.5,253,1,0,253,0.256,55.5,47.24,0.98,0.3,876,2.0,321,4.8,2024.0,220.0,65.24
2024,4,14,17,0,19.2,0.92,0.096,0.62,96,796,507,0,5,11.6,83,0,0,83,0.255,61.57,58.86,0.98,0.3,876,2.0,320,4.1,2024.0,220.0,64.74
2024,4,14,18,0,17.2,0.91,0.115,0.62,79,620,275,0,5,11.9,28,0,0,28,0.255,70.79,71.59,0.98,0.3,876,2.0,319,3.3,2024.0,220.0,68.39
2024,4,14,19,0,15.4,0.91,0.14,0.62,36,203,54,7,3,12.0,36,203,5,54,0.256,79.91,84.83,0.98,0.3,877,2.1,317,1.7,2024.0,220.0,101.09
2024,4,14,20,0,14.7,0.9,0.142,0.62,0,0,0,0,0,11.8,0,0,0,0,0.256,82.75,98.64,0.98,0.3,877,2.1,315,1.2,2024.0,220.0,104.9
2024,4,14,21,0,14.3,0.91,0.162,0.62,0,0,0,0,0,11.5,0,0,0,0,0.257,83.06,112.47,0.99,0.3,878,2.1,314,0.8,2024.0,220.0,104.38
2024,4,14,22,0,14.0,0.91,0.171,0.62,0,0,0,0,3,11.1,0,0,0,0,0.258,82.67,126.35,0.99,0.3,878,2.1,319,1.0,2024.0,220.0,94.29
2024,4,14,23,0,13.7,0.9,0.157,0.62,0,0,0,0,1,10.8,0,0,0,0,0.259,82.86,140.09,0.99,0.3,878,2.1,327,1.2,2024.0,220.0,74.55
2024,4,14,24,0,13.5,0.91,0.169,0.62,0,0,0,0,4,10.7,0,0,0,0,0.261,83.19,153.34,0.99,0.3,878,2.1,329,1.2,2024.0,220.0,71.77
2024,4,15,1,0,13.2,0.92,0.179,0.62,0,0,0,0,0,10.6,0,0,0,0,0.263,84.04,164.53,0.99,0.3,878,2.1,326,1.2,2024.0,220.0,75.28
2024,4,15,2,0,12.9,0.9,0.163,0.62,0,0,0,1,0,10.4,0,0,1,0,0.265,84.55,166.57,0.99,0.3,878,2.0,322,1.2,2024.0,220.0,73.97
2024,4,15,3,0,12.6,0.91,0.192,0.62,0,0,0,0,0,10.1,0,0,0,0,0.266,84.52,156.89,0.99,0.3,878,2.0,319,1.1,2024.0,220.0,70.42
2024,4,15,4,0,12.5,0.92,0.208,0.62,0,0,0,0,3,9.7,0,0,0,0,0.267,83.13,143.96,0.99,0.3,878,1.9,320,1.1,2024.0,220.0,70.42
2024,4,15,5,0,12.4,0.91,0.187,0.62,0,0,0,0,3,9.4,0,0,0,0,0.268,82.19,130.3,0.99,0.3,878,1.9,327,1.1,2024.0,220.0,70.42
2024,4,15,6,0,12.5,0.93,0.199,0.62,0,0,0,0,3,9.3,0,0,0,0,0.268,80.68,116.45,0.99,0.3,878,1.8,334,1.2,2024.0,220.0,75.38
2024,4,15,7,0,12.6,0.95,0.2,0.62,0,0,0,0,3,9.1,0,0,0,0,0.268,79.18,102.61,0.99,0.3,878,1.8,341,1.2,2024.0,220.0,82.88
2024,4,15,8,0,13.3,0.96,0.172,0.62,12,29,13,1,3,8.9,6,0,1,6,0.267,74.64,88.59,0.99,0.3,879,1.7,345,1.2,2024.0,220.0,79.44
2024,4,15,9,0,15.0,0.97,0.151,0.62,78,504,205,0,3,8.9,77,0,0,78,0.267,66.91,75.41,0.99,0.3,879,1.7,339,2.2,2024.0,220.0,51.17
2024,4,15,10,0,16.8,0.98,0.123,0.62,101,739,442,0,3,9.0,238,22,0,249,0.267,60.11,62.52,0.99,0.3,879,1.7,330,2.8,2024.0,220.0,38.38
2024,4,15,11,0,19.1,1.0,0.093,0.62,105,866,655,0,3,9.4,335,377,0,575,0.267,53.22,50.55,0.98,0.3,879,1.6,325,3.7,2024.0,220.0,0.0
2024,4,15,12,0,21.1,1.0,0.081,0.62,108,926,813,0,3,9.0,435,316,0,676,0.267,45.76,40.4,0.97,0.3,879,1.5,323,4.5,2024.0,220.0,0.0
2024,4,15,13,0,22.3,0.99,0.06,0.62,101,967,905,0,0,8.6,101,967,0,905,0.267,41.53,33.77,0.96,0.3,879,1.4,320,5.0,2024.0,220.0,0.0
2024,4,15,14,0,22.8,0.97,0.05,0.62,96,978,917,0,0,8.4,96,978,0,917,0.267,39.8,32.88,0.95,0.3,879,1.4,317,5.3,2024.0,220.0,0.0
2024,4,15,15,0,22.7,0.96,0.046,0.62,90,972,855,0,0,8.1,90,972,0,855,0.266,39.28,38.13,0.94,0.3,878,1.3,314,5.4,2024.0,220.0,0.0
2024,4,15,16,0,22.3,0.95,0.043,0.62,82,943,719,0,0,7.8,82,943,0,719,0.267,39.36,47.52,0.94,0.3,878,1.3,312,5.3,2024.0,220.0,0.0
2024,4,15,17,0,21.5,0.96,0.04,0.62,71,887,526,0,0,7.5,71,887,0,526,0.267,40.43,59.11,0.94,0.3,879,1.2,314,4.5,2024.0,220.0,0.0
2024,4,15,18,0,20.2,0.96,0.039,0.62,55,764,293,0,0,7.3,55,764,0,293,0.268,43.1,71.8,0.93,0.3,879,1.1,318,3.5,2024.0,220.0,25.62
2024,4,15,19,0,17.8,0.98,0.036,0.62,25,413,61,0,0,7.3,25,413,0,61,0.268,50.14,85.03,0.93,0.3,879,1.1,320,1.8,2024.0,220.0,111.45
2024,4,15,20,0,16.3,1.0,0.033,0.62,0,0,0,0,0,7.4,0,0,0,0,0.269,55.72,98.82,0.93,0.3,879,1.0,329,1.1,2024.0,220.0,119.59
2024,4,15,21,0,15.6,1.02,0.03,0.62,0,0,0,0,0,7.4,0,0,0,0,0.269,57.95,112.65,0.93,0.3,880,0.9,31,0.3,2024.0,220.0,94.56
2024,4,15,22,0,14.9,1.03,0.028,0.62,0,0,0,0,0,7.2,0,0,0,0,0.269,59.79,126.52,0.93,0.3,880,0.9,52,0.9,2024.0,220.0,98.5
2024,4,15,23,0,14.7,1.04,0.026,0.62,0,0,0,0,0,6.8,0,0,0,0,0.269,59.24,140.29,0.92,0.3,880,0.8,50,1.2,2024.0,220.0,105.34
2024,4,15,24,0,14.7,1.05,0.025,0.62,0,0,0,0,0,6.4,0,0,0,0,0.269,57.34,153.57,0.92,0.3,879,0.8,46,1.3,2024.0,220.0,96.61
2024,4,16,1,0,14.6,1.06,0.026,0.62,0,0,0,0,0,5.8,0,0,0,0,0.269,55.57,164.86,0.92,0.3,879,0.8,46,1.3,2024.0,220.0,83.47
2024,4,16,2,0,14.6,1.06,0.026,0.62,0,0,0,0,0,5.2,0,0,0,0,0.268,53.16,166.88,0.92,0.3,879,0.8,49,1.2,2024.0,220.0,75.55
2024,4,16,3,0,14.6,1.06,0.027,0.62,0,0,0,0,0,4.5,0,0,0,0,0.266,50.81,157.04,0.92,0.3,879,0.8,52,1.0,2024.0,220.0,87.36
2024,4,16,4,0,14.6,1.07,0.027,0.62,0,0,0,0,0,3.9,0,0,0,0,0.264,48.52,144.05,0.92,0.3,879,0.8,53,0.8,2024.0,220.0,69.67
2024,4,16,5,0,14.7,1.07,0.028,0.62,0,0,0,0,0,3.2,0,0,0,0,0.262,46.07,130.37,0.92,0.3,879,0.8,53,0.7,2024.0,220.0,74.87
2024,4,16,6,0,14.7,1.08,0.028,0.62,0,0,0,0,0,2.7,0,0,0,0,0.261,44.37,116.52,0.92,0.3,879,0.8,55,0.7,2024.0,220.0,77.43
2024,4,16,7,0,14.5,1.08,0.028,0.62,0,0,0,0,0,2.2,0,0,0,0,0.26,43.39,102.68,0.92,0.3,879,0.8,69,0.9,2024.0,220.0,97.63
2024,4,16,8,0,15.3,1.09,0.027,0.62,12,228,17,0,1,1.6,12,228,0,17,0.259,39.4,88.67,0.92,0.3,880,0.8,79,0.9,2024.0,220.0,47.75
2024,4,16,9,0,19.2,1.11,0.026,0.62,45,750,232,0,0,1.5,45,750,0,232,0.258,30.62,75.52,0.92,0.3,880,0.7,74,1.3,2024.0,220.0,0.0
2024,4,16,10,0,22.7,1.14,0.025,0.62,60,906,476,0,0,0.7,60,906,0,476,0.257,23.34,62.66,0.92,0.3,880,0.7,17,2.0,2024.0,220.0,0.0
2024,4,16,11,0,25.7,1.16,0.025,0.62,69,976,686,0,0,-0.7,69,976,0,686,0.257,17.66,50.74,0.92,0.3,880,0.7,305,3.0,2024.0,220.0,0.0
2024,4,16,12,0,27.6,1.19,0.024,0.62,74,1018,847,0,0,-1.2,74,1018,0,847,0.256,15.23,40.65,0.93,0.3,880,0.6,276,4.0,2024.0,220.0,0.0
2024,4,16,13,0,28.7,1.18,0.025,0.62,78,1034,934,0,0,-1.3,78,1034,0,934,0.254,14.13,34.1,0.93,0.3,879,0.6,264,4.8,2024.0,220.0,0.0
2024,4,16,14,0,29.2,1.15,0.027,0.62,80,1033,945,0,0,-1.3,80,1033,0,945,0.251,13.78,33.24,0.93,0.3,879,0.6,259,5.1,2024.0,220.0,0.0
2024,4,16,15,0,29.1,1.11,0.03,0.62,80,1013,873,0,0,-1.1,80,1013,0,873,0.249,14.05,38.46,0.93,0.3,878,0.7,257,4.8,2024.0,220.0,0.0
2024,4,16,16,0,28.3,1.07,0.032,0.62,76,980,734,0,0,-0.7,76,980,0,734,0.246,15.14,47.81,0.93,0.3,878,0.7,255,4.3,2024.0,220.0,0.0
2024,4,16,17,0,27.0,1.04,0.034,0.62,68,918,536,0,0,-0.2,68,918,0,536,0.245,16.95,59.35,0.94,0.3,878,0.7,251,3.8,2024.0,220.0,0.0
2024,4,16,18,0,25.1,1.01,0.034,0.62,53,791,297,0,0,0.4,53,791,0,297,0.245,19.81,72.02,0.93,0.3,878,0.7,246,3.3,2024.0,220.0,34.87
2024,4,16,19,0,20.8,1.0,0.035,0.62,25,427,61,0,0,1.7,25,427,0,61,0.245,28.23,85.22,0.93,0.3,878,0.7,247,2.0,2024.0,220.0,101.09
2024,4,16,20,0,18.6,0.99,0.035,0.62,0,0,0,0,0,3.4,0,0,0,0,0.245,36.36,99.0,0.93,0.3,879,0.7,239,1.6,2024.0,220.0,77.19
2024,4,16,21,0,18.1,0.99,0.036,0.62,0,0,0,0,0,3.8,0,0,0,0,0.246,38.69,112.82,0.93,0.3,879,0.7,156,0.8,2024.0,220.0,79.26
2024,4,16,22,0,17.3,1.0,0.036,0.62,0,0,0,0,0,3.1,0,0,0,0,0.246,38.65,126.7,0.93,0.3,879,0.7,101,0.9,2024.0,220.0,87.6
2024,4,16,23,0,17.2,1.01,0.035,0.62,0,0,0,0,0,1.7,0,0,0,0,0.246,35.26,140.47,0.92,0.3,879,0.6,91,1.1,2024.0,220.0,103.37
2024,4,16,24,0,17.7,1.02,0.034,0.62,0,0,0,0,0,0.4,0,0,0,0,0.247,31.01,153.79,0.92,0.3,879,0.6,89,1.1,2024.0,220.0,85.39
2024,4,17,1,0,18.1,1.03,0.033,0.62,0,0,0,0,0,-0.5,0,0,0,0,0.247,28.52,165.17,0.92,0.3,879,0.6,88,1.1,2024.0,220.0,81.54
2024,4,17,2,0,18.3,1.03,0.033,0.62,0,0,0,0,0,-0.7,0,0,0,0,0.247,27.6,167.18,0.92,0.3,878,0.6,83,1.0,2024.0,220.0,75.42
2024,4,17,3,0,18.2,1.03,0.034,0.62,0,0,0,0,0,-0.8,0,0,0,0,0.248,27.6,157.19,0.92,0.3,878,0.6,68,0.9,2024.0,220.0,75.73
2024,4,17,4,0,18.0,1.03,0.034,0.62,0,0,0,0,0,-1.0,0,0,0,0,0.248,27.57,144.14,0.92,0.3,878,0.6,44,1.0,2024.0,220.0,74.19
2024,4,17,5,0,17.6,1.04,0.033,0.62,0,0,0,0,0,-1.5,0,0,0,0,0.249,27.31,130.44,0.92,0.3,878,0.6,51,1.1,2024.0,220.0,77.5
2024,4,17,6,0,17.2,1.05,0.032,0.62,0,0,0,0,0,-2.3,0,0,0,0,0.25,26.32,116.59,0.92,0.3,878,0.6,69,1.0,2024.0,220.0,84.43
2024,4,17,7,0,16.7,1.06,0.03,0.62,0,0,0,0,0,-3.5,0,0,0,0,0.25,24.85,102.75,0.92,0.3,878,0.6,76,1.0,2024.0,220.0,95.89
2024,4,17,8,0,17.7,1.08,0.029,0.62,12,229,17,0,0,-4.9,12,229,0,17,0.249,20.98,88.75,0.91,0.3,878,0.5,80,0.9,2024.0,220.0,56.46
2024,4,17,9,0,22.2,1.11,0.028,0.62,45,760,234,0,0,-5.2,45,760,0,234,0.249,15.61,75.62,0.91,0.3,878,0.5,88,1.3,2024.0,220.0,0.0
2024,4,17,10,0,25.7,1.13,0.029,0.62,62,913,479,0,0,-3.2,62,913,0,479,0.25,14.64,62.79,0.91,0.3,879,0.5,202,1.7,2024.0,220.0,0.0
2024,4,17,11,0,28.1,1.15,0.031,0.62,73,981,692,0,0,-2.8,73,981,0,692,0.249,13.1,50.92,0.92,0.3,879,0.5,237,2.8,2024.0,220.0,0.0
2024,4,17,12,0,29.7,1.15,0.032,0.62,80,1016,848,0,0,-2.6,80,1016,0,848,0.249,12.1,40.9,0.92,0.3,878,0.5,240,3.8,2024.0,220.0,0.0
2024,4,17,13,0,30.8,1.13,0.034,0.62,85,1024,929,0,0,-2.7,85,1024,0,929,0.249,11.32,34.42,0.92,0.3,878,0.6,245,4.7,2024.0,220.0,0.0
2024,4,17,14,0,31.1,1.1,0.036,0.62,86,1024,939,0,0,-2.2,86,1024,0,939,0.249,11.57,33.59,0.92,0.3,877,0.6,248,5.1,2024.0,220.0,0.0
2024,4,17,15,0,30.8,0.93,0.044,0.62,89,1002,870,0,0,-1.3,89,1002,0,870,0.249,12.53,38.79,0.92,0.3,877,0.6,249,5.0,2024.0,220.0,0.0
2024,4,17,16,0,29.8,0.9,0.047,0.62,85,961,726,0,0,-0.3,85,961,0,726,0.249,14.23,48.09,0.92,0.3,877,0.7,251,4.8,2024.0,220.0,0.0
2024,4,17,17,0,28.2,0.88,0.049,0.62,75,894,528,0,0,0.7,75,894,0,528,0.25,16.77,59.59,0.93,0.3,877,0.7,251,4.5,2024.0,220.0,0.0
2024,4,17,18,0,25.8,0.87,0.05,0.62,59,756,289,0,0,1.9,59,756,0,289,0.251,21.11,72.23,0.93,0.3,877,0.7,251,4.0,2024.0,220.0,23.82
2024,4,17,19,0,21.4,0.87,0.05,0.62,26,368,56,0,0,3.7,26,368,0,56,0.252,31.38,85.41,0.93,0.3,877,0.7,252,2.2,2024.0,220.0,98.94
2024,4,17,20,0,19.1,0.87,0.049,0.62,0,0,0,0,0,5.4,0,0,0,0,0.252,40.58,99.18,0.93,0.3,877,0.7,240,1.2,2024.0,220.0,89.7
2024,4,17,21,0,18.4,0.86,0.048,0.62,0,0,0,0,0,5.6,0,0,0,0,0.253,43.01,112.99,0.94,0.3,878,0.7,148,0.5,2024.0,220.0,82.65
2024,4,17,22,0,17.5,0.86,0.047,0.62,0,0,0,0,0,4.6,0,0,0,0,0.253,42.58,126.87,0.94,0.3,878,0.7,102,1.2,2024.0,220.0,81.14
2024,4,17,23,0,17.7,0.86,0.046,0.62,0,0,0,0,0,3.1,0,0,0,0,0.253,37.65,140.66,0.93,0.3,878,0.7,91,1.4,2024.0,220.0,100.8
2024,4,17,24,0,18.3,0.87,0.046,0.62,0,0,0,0,0,1.7,0,0,0,0,0.252,32.78,154.01,0.93,0.3,877,0.7,86,1.4,2024.0,220.0,103.96
2024,4,18,1,0,18.7,0.87,0.047,0.62,0,0,0,0,0,1.0,0,0,0,0,0.252,30.48,165.49,0.93,0.3,877,0.7,74,1.2,2024.0,220.0,83.96
2024,4,18,2,0,18.3,0.88,0.048,0.62,0,0,0,0,0,1.1,0,0,0,0,0.252,31.54,167.48,0.93,0.3,877,0.7,41,1.1,2024.0,220.0,76.92
2024,4,18,3,0,17.2,0.89,0.05,0.62,0,0,0,0,0,1.7,0,0,0,0,0.251,35.16,157.33,0.94,0.3,877,0.7,12,0.9,2024.0,220.0,79.67
2024,4,18,4,0,16.4,0.9,0.051,0.62,0,0,0,0,0,2.0,0,0,0,0,0.251,37.84,144.23,0.94,0.3,877,0.7,15,1.0,2024.0,220.0,75.42
2024,4,18,5,0,16.0,0.92,0.05,0.62,0,0,0,0,0,1.6,0,0,0,0,0.251,37.9,130.51,0.94,0.3,877,0.7,35,1.1,2024.0,220.0,85.24
2024,4,18,6,0,15.9,0.93,0.048,0.62,0,0,0,0,0,0.8,0,0,0,0,0.252,35.96,116.65,0.94,0.3,877,0.7,50,1.1,2024.0,220.0,86.38
2024,4,18,7,0,15.9,0.95,0.047,0.62,0,0,0,0,1,-0.2,0,0,0,0,0.252,33.47,102.82,0.94,0.3,877,0.7,59,1.0,2024.0,220.0,86.38
2024,4,18,8,0,17.5,0.96,0.046,0.62,12,158,15,0,1,-1.2,12,158,0,15,0.252,27.98,88.83,0.94,0.3,877,0.6,55,1.0,2024.0,220.0,48.14
2024,4,18,9,0,21.9,0.98,0.046,0.62,51,710,226,0,0,-0.8,51,710,0,226,0.252,22.03,75.73,0.94,0.3,878,0.6,27,1.4,2024.0,220.0,0.0
2024,4,18,10,0,24.9,1.0,0.047,0.62,71,877,470,0,0,1.1,71,877,0,470,0.252,21.03,62.93,0.94,0.3,878,0.6,322,1.2,2024.0,220.0,0.0
2024,4,18,11,0,27.0,1.02,0.049,0.62,83,951,681,0,0,1.3,83,951,0,681,0.251,18.92,51.11,0.94,0.3,878,0.6,294,2.2,2024.0,220.0,0.0
2024,4,18,12,0,28.4,1.04,0.051,0.62,92,982,832,0,0,1.8,92,982,0,832,0.251,18.04,41.16,0.95,0.3,878,0.7,284,3.2,2024.0,220.0,0.0
2024,4,18,13,0,29.1,1.06,0.054,0.62,98,998,918,0,0,2.3,98,998,0,918,0.249,17.86,34.74,0.95,0.3,878,0.7,278,4.2,2024.0,220.0,0.0
2024,4,18,14,0,29.4,1.08,0.056,0.62,99,998,927,0,0,2.3,99,998,0,927,0.247,17.59,33.95,0.95,0.3,877,0.7,273,4.8,2024.0,220.0,0.0
2024,4,18,15,0,29.5,1.09,0.056,0.62,96,985,860,0,0,2.0,96,985,0,860,0.245,17.12,39.12,0.96,0.3,877,0.7,269,5.2,2024.0,220.0,0.0
2024,4,18,16,0,29.0,1.1,0.056,0.62,89,951,721,0,0,1.8,89,951,0,721,0.243,17.41,48.37,0.96,0.3,877,0.7,267,5.1,2024.0,220.0,0.0
2024,4,18,17,0,27.9,1.11,0.056,0.62,78,885,523,0,0,1.9,78,885,0,523,0.243,18.61,59.83,0.96,0.3,877,0.7,268,4.7,2024.0,220.0,0.0
2024,4,18,18,0,25.8,1.12,0.057,0.62,61,745,285,0,0,2.5,61,745,0,285,0.243,22.01,72.44,0.96,0.3,877,0.7,270,3.9,2024.0,220.0,64.2
2024,4,18,19,0,21.3,1.12,0.057,0.62,27,353,54,0,0,4.2,27,353,0,54,0.243,32.62,85.59,0.96,0.3,877,0.7,275,2.1,2024.0,220.0,127.23
2024,4,18,20,0,18.6,1.12,0.058,0.62,0,0,0,0,0,6.1,0,0,0,0,0.243,44.0,99.36,0.96,0.3,878,0.8,283,1.4,2024.0,220.0,104.71
2024,4,18,21,0,17.5,1.12,0.058,0.62,0,0,0,0,0,6.9,0,0,0,0,0.242,49.71,113.16,0.96,0.3,879,0.8,322,0.6,2024.0,220.0,108.39
2024,4,18,22,0,17.1,1.12,0.058,0.62,0,0,0,0,0,6.7,0,0,0,0,0.242,50.37,127.04,0.96,0.3,879,0.8,46,1.1,2024.0,220.0,97.85
2024,4,18,23,0,16.8,1.13,0.057,0.62,0,0,0,0,0,6.0,0,0,0,0,0.241,49.01,140.83,0.96,0.3,879,0.8,60,1.3,2024.0,220.0,101.88
2024,4,18,24,0,16.8,1.14,0.056,0.62,0,0,0,0,0,5.2,0,0,0,0,0.242,46.29,154.23,0.96,0.3,879,0.8,63,1.3,2024.0,220.0,122.42
2024,4,19,1,0,16.9,1.14,0.054,0.62,0,0,0,0,0,4.5,0,0,0,0,0.242,43.82,165.79,0.96,0.3,879,0.7,62,1.2,2024.0,220.0,111.49
2024,4,19,2,0,16.9,1.14,0.053,0.62,0,0,0,0,0,4.1,0,0,0,0,0.242,42.69,167.77,0.95,0.3,878,0.7,53,1.1,2024.0,220.0,111.49
2024,4,19,3,0,16.6,1.13,0.053,0.62,0,0,0,0,0,4.1,0,0,0,0,0.243,43.29,157.47,0.95,0.3,878,0.7,35,1.1,2024.0,220.0,89.36
2024,4,19,4,0,16.3,1.13,0.055,0.62,0,0,0,0,0,4.2,0,0,0,0,0.244,44.58,144.31,0.95,0.3,878,0.8,9,0.9,2024.0,220.0,89.36
2024,4,19,5,0,15.8,1.12,0.057,0.62,0,0,0,0,0,4.4,0,0,0,0,0.245,46.77,130.58,0.95,0.3,878,0.8,344,0.7,2024.0,220.0,89.36
2024,4,19,6,0,15.2,1.12,0.059,0.62,0,0,0,0,1,4.6,0,0,0,0,0.245,49.1,116.72,0.96,0.3,878,0.8,335,0.6,2024.0,220.0,94.15
2024,4,19,7,0,14.5,1.13,0.06,0.62,0,0,0,0,1,4.5,0,0,0,0,0.246,50.9,102.89,0.96,0.3,878,0.8,358,0.9,2024.0,220.0,111.45
2024,4,19,8,0,15.6,1.14,0.058,0.62,12,129,14,7,8,4.0,11,82,7,13,0.245,45.88,88.91,0.96,0.3,879,0.8,34,1.0,2024.0,220.0,60.73
2024,4,19,9,0,19.3,1.16,0.056,0.62,54,685,221,0,0,4.1,54,685,0,221,0.245,36.61,75.84,0.96,0.3,879,0.7,44,1.6,2024.0,220.0,0.0
2024,4,19,10,0,22.7,1.17,0.053,0.62,73,863,463,0,0,3.6,73,863,0,463,0.245,28.6,63.07,0.96,0.3,879,0.7,354,2.0,2024.0,220.0,23.96
2024,4,19,11,0,25.4,1.19,0.05,0.62,83,944,674,0,0,2.1,83,944,0,674,0.245,21.91,51.3,0.95,0.3,879,0.7,305,2.7,2024.0,220.0,47.91
2024,4,19,12,0,27.2,1.17,0.05,0.62,91,983,828,0,0,1.5,91,983,0,828,0.245,18.84,41.41,0.95,0.3,879,0.7,293,3.6,2024.0,220.0,38.62
2024,4,19,13,0,28.2,1.18,0.048,0.62,93,1003,914,0,0,1.1,93,1003,0,914,0.246,17.35,35.06,0.95,0.3,878,0.7,290,4.4,2024.0,220.0,0.0
2024,4,19,14,0,28.6,1.18,0.047,0.62,93,1006,924,0,0,0.9,93,1006,0,924,0.247,16.63,34.29,0.95,0.3,878,0.7,289,5.1,2024.0,220.0,0.0
2024,4,19,15,0,28.6,1.16,0.05,0.62,92,989,856,0,0,0.6,92,989,0,856,0.247,16.3,39.44,0.95,0.3,877,0.7,291,5.3,2024.0,220.0,0.0
2024,4,19,16,0,28.0,1.17,0.052,0.62,86,949,713,0,0,0.6,86,949,0,713,0.248,16.9,48.65,0.94,0.3,877,0.8,291,5.0,2024.0,220.0,0.0
2024,4,19,17,0,26.8,1.18,0.054,0.62,76,880,515,0,0,0.8,76,880,0,515,0.25,18.44,60.07,0.94,0.3,877,0.8,292,4.4,2024.0,220.0,0.0
2024,4,19,18,0,24.8,1.19,0.057,0.62,59,736,279,0,0,1.5,59,736,0,279,0.25,21.8,72.65,0.94,0.3,878,0.8,294,3.6,2024.0,220.0,83.36
2024,4,19,19,0,20.5,1.2,0.061,0.62,25,329,50,0,0,3.2,25,329,0,50,0.251,31.9,85.77,0.94,0.3,878,0.9,294,1.8,2024.0,220.0,118.0
2024,4,19,20,0,18.0,1.2,0.063,0.62,0,0,0,0,0,4.9,0,0,0,0,0.251,42.12,99.53,0.94,0.3,879,0.9,303,1.2,2024.0,220.0,95.34
2024,4,19,21,0,17.1,1.21,0.064,0.62,0,0,0,0,0,5.4,0,0,0,0,0.25,46.18,113.33,0.94,0.3,879,0.9,349,0.5,2024.0,220.0,93.09
2024,4,19,22,0,16.6,1.22,0.065,0.62,0,0,0,0,0,5.0,0,0,0,0,0.249,46.28,127.2,0.94,0.3,879,0.9,49,0.9,2024.0,220.0,101.52
2024,4,19,23,0,16.3,1.22,0.066,0.62,0,0,0,0,0,4.2,0,0,0,0,0.248,44.66,141.01,0.95,0.3,879,0.9,60,1.1,2024.0,220.0,117.81
2024,4,19,24,0,16.4,1.23,0.067,0.62,0,0,0,0,0,3.6,0,0,0,0,0.247,42.58,154.43,0.95,0.3,879,0.9,57,1.0,2024.0,220.0,133.95
2024,4,20,1,0,16.4,1.23,0.068,0.62,0,0,0,0,0,3.5,0,0,0,0,0.246,42.06,166.09,0.95,0.3,879,1.0,33,0.8,2024.0,220.0,129.34
2024,4,20,2,0,15.9,1.23,0.07,0.62,0,0,0,0,0,3.7,0,0,0,0,0.246,44.0,168.06,0.95,0.3,879,1.0,351,0.7,2024.0,220.0,98.41
2024,4,20,3,0,15.2,1.23,0.073,0.62,0,0,0,0,0,4.0,0,0,0,0,0.245,47.0,157.61,0.95,0.3,879,1.0,332,0.7,2024.0,220.0,92.82
2024,4,20,4,0,14.7,1.24,0.076,0.62,0,0,0,0,0,4.0,0,0,0,0,0.245,48.81,144.4,0.95,0.3,879,1.0,344,0.8,2024.0,220.0,105.53
2024,4,20,5,0,14.4,1.25,0.079,0.62,0,0,0,0,0,3.7,0,0,0,0,0.245,48.76,130.65,0.95,0.3,879,1.0,13,0.9,2024.0,220.0,116.36
2024,4,20,6,0,14.3,1.26,0.081,0.62,0,0,0,0,0,3.1,0,0,0,0,0.245,46.82,116.78,0.95,0.3,879,1.0,39,0.9,2024.0,220.0,106.56
2024,4,20,7,0,14.4,1.28,0.082,0.62,0,0,0,0,0,2.1,0,0,0,0,0.246,43.46,102.97,0.95,0.3,879,1.0,53,1.2,2024.0,220.0,104.42
2024,4,20,8,0,16.0,1.3,0.082,0.62,11,96,13,0,0,1.0,11,96,0,13,0.245,36.3,88.98,0.96,0.3,879,0.9,57,1.3,2024.0,220.0,58.15
2024,4,20,9,0,20.4,1.32,0.08,0.62,59,633,213,0,0,0.6,59,633,0,213,0.246,26.65,75.95,0.96,0.3,880,0.9,50,1.9,2024.0,220.0,0.0
2024,4,20,10,0,23.9,1.34,0.079,0.62,82,818,451,0,0,-0.5,82,818,0,451,0.246,19.97,63.22,0.96,0.3,880,0.9,5,1.1,2024.0,220.0,0.0
2024,4,20,11,0,26.6,1.35,0.077,0.62,95,905,659,0,0,-2.4,95,905,0,659,0.246,14.79,51.48,0.96,0.3,880,0.9,323,2.3,2024.0,220.0,14.59
2024,4,20,12,0,28.2,1.38,0.064,0.62,97,960,814,0,0,-2.9,97,960,0,814,0.245,12.91,41.66,0.96,0.3,880,0.9,302,3.7,2024.0,220.0,0.0
2024,4,20,13,0,28.9,1.36,0.062,0.62,100,976,896,0,0,-2.3,100,976,0,896,0.243,12.96,35.37,0.95,0.3,879,1.0,291,4.8,2024.0,220.0,0.0
2024,4,20,14,0,28.8,1.34,0.063,0.62,101,973,902,0,0,-1.3,101,973,0,902,0.242,14.09,34.64,0.95,0.3,878,1.1,285,5.6,2024.0,220.0,0.0
2024,4,20,15,0,28.3,1.32,0.067,0.62,100,955,834,0,0,-0.2,100,955,0,834,0.24,15.67,39.76,0.95,0.3,878,1.1,283,5.6,2024.0,220.0,0.0
2024,4,20,16,0,27.4,1.3,0.072,0.62,95,911,694,0,0,0.8,95,911,0,694,0.238,17.79,48.92,0.95,0.3,878,1.2,282,5.2,2024.0,220.0,0.0
2024,4,20,17,0,25.9,1.3,0.077,0.62,85,831,497,0,0,1.8,85,831,0,497,0.237,20.84,60.3,0.96,0.3,878,1.3,283,4.6,2024.0,220.0,12.15
2024,4,20,18,0,23.9,1.29,0.078,0.62,65,678,265,0,0,2.9,65,678,0,265,0.237,25.49,72.85,0.96,0.3,878,1.4,285,3.9,2024.0,220.0,71.67
2024,4,20,19,0,20.2,1.28,0.084,0.62,26,262,45,0,0,4.9,26,262,0,45,0.238,36.65,85.95,0.96,0.3,879,1.5,285,2.1,2024.0,220.0,129.52
2024,4,20,20,0,17.9,1.26,0.092,0.62,0,0,0,0,0,6.8,0,0,0,0,0.238,48.3,99.7,0.97,0.3,879,1.5,292,1.2,2024.0,220.0,139.46
2024,4,20,21,0,16.9,1.25,0.097,0.62,0,0,0,0,3,7.7,0,0,0,0,0.238,54.44,113.49,0.97,0.3,880,1.5,329,0.4,2024.0,220.0,108.4
2024,4,20,22,0,16.4,1.25,0.099,0.62,0,0,0,0,0,7.6,0,0,0,0,0.237,56.05,127.36,0.97,0.3,880,1.6,24,0.9,2024.0,220.0,99.85
2024,4,20,23,0,16.3,1.26,0.096,0.62,0,0,0,0,0,7.3,0,0,0,0,0.237,55.06,141.18,0.97,0.3,880,1.6,30,1.0,2024.0,220.0,94.33
2024,4,20,24,0,16.0,1.27,0.09,0.62,0,0,0,0,0,7.1,0,0,0,0,0.238,55.5,154.64,0.97,0.3,880,1.6,16,1.0,2024.0,220.0,92.27
2024,4,21,1,0,15.5,1.27,0.085,0.62,0,0,0,1,0,7.2,0,0,1,0,0.239,57.74,166.39,0.96,0.3,880,1.6,359,1.0,2024.0,220.0,91.33
2024,4,21,2,0,14.9,1.28,0.084,0.62,0,0,0,0,0,7.5,0,0,0,0,0.24,61.23,168.34,0.96,0.3,880,1.6,352,1.1,2024.0,220.0,93.9
2024,4,21,3,0,14.5,1.28,0.087,0.62,0,0,0,0,0,7.8,0,0,0,0,0.241,64.34,157.74,0.96,0.3,880,1.6,358,1.1,2024.0,220.0,93.04
2024,4,21,4,0,14.5,1.28,0.092,0.62,0,0,0,0,0,8.0,0,0,0,0,0.242,65.14,144.48,0.96,0.3,880,1.5,17,1.1,2024.0,220.0,89.45
2024,4,21,5,0,14.6,1.28,0.1,0.62,0,0,0,0,0,7.7,0,0,0,0,0.243,63.42,130.71,0.97,0.3,880,1.5,41,1.1,2024.0,220.0,78.11
2024,4,21,6,0,14.7,1.27,0.108,0.62,0,0,0,0,0,6.8,0,0,0,0,0.243,59.19,116.85,0.97,0.3,880,1.4,56,1.1,2024.0,220.0,80.01
2024,4,21,7,0,15.1,1.27,0.115,0.62,0,0,0,0,0,5.5,0,0,0,0,0.243,52.65,103.04,0.97,0.3,880,1.4,62,1.2,2024.0,220.0,83.79
2024,4,21,8,0,16.9,1.27,0.12,0.62,0,0,0,0,0,4.2,0,0,0,0,0.243,42.86,89.06,0.97,0.3,880,1.4,63,1.1,2024.0,220.0,39.26
2024,4,21,9,0,21.1,1.28,0.124,0.62,68,546,200,0,0,3.9,68,546,0,200,0.243,32.41,76.05,0.97,0.3,881,1.4,38,1.3,2024.0,220.0,0.0
2024,4,21,10,0,23.6,1.28,0.128,0.62,99,739,431,0,0,4.3,99,739,0,431,0.243,28.55,63.36,0.97,0.3,881,1.4,325,1.0,2024.0,220.0,0.0
2024,4,21,11,0,25.4,1.3,0.127,0.62,117,835,635,0,3,4.1,328,380,0,563,0.243,25.19,51.67,0.97,0.3,881,1.4,307,2.6,2024.0,220.0,0.0
2024,4,21,12,0,26.8,1.32,0.093,0.62,111,911,789,0,0,4.2,111,911,0,789,0.242,23.4,41.9,0.97,0.3,880,1.5,299,3.9,2024.0,220.0,0.0
2024,4,21,13,0,27.6,1.31,0.089,0.62,114,934,873,0,0,4.4,114,934,0,873,0.242,22.73,35.69,0.96,0.3,880,1.5,292,4.8,2024.0,220.0,0.0
2024,4,21,14,0,27.7,1.3,0.088,0.62,114,934,879,0,8,5.0,257,676,0,811,0.242,23.56,34.98,0.96,0.3,879,1.6,286,5.2,2024.0,220.0,0.0
2024,4,21,15,0,27.2,1.28,0.093,0.62,112,911,810,0,0,5.6,112,911,0,810,0.242,25.31,40.07,0.96,0.3,879,1.7,281,5.2,2024.0,220.0,0.0
2024,4,21,16,0,26.4,1.27,0.095,0.62,105,871,674,0,0,6.1,105,871,0,674,0.241,27.46,49.19,0.96,0.3,879,1.7,276,4.9,2024.0,220.0,0.0
2024,4,21,17,0,25.1,1.27,0.098,0.62,92,791,481,0,0,6.6,92,791,0,481,0.242,30.52,60.54,0.96,0.3,879,1.7,271,4.4,2024.0,220.0,0.0
2024,4,21,18,0,23.3,1.27,0.101,0.62,70,630,254,1,0,7.0,70,630,1,254,0.242,35.02,73.05,0.96,0.3,879,1.7,264,3.5,2024.0,220.0,45.86
2024,4,21,19,0,20.3,1.28,0.103,0.62,26,220,41,0,0,7.8,26,220,0,41,0.243,44.57,86.12,0.96,0.3,879,1.7,257,1.8,2024.0,220.0,128.49
2024,4,21,20,0,18.5,1.29,0.104,0.62,0,0,0,0,0,8.8,0,0,0,0,0.243,53.11,99.86,0.96,0.3,879,1.7,250,1.3,2024.0,220.0,139.14
2024,4,21,21,0,17.8,1.29,0.104,0.62,0,0,0,0,0,9.1,0,0,0,0,0.242,56.72,113.64,0.96,0.3,880,1.6,159,0.7,2024.0,220.0,130.95
2024,4,21,22,0,17.2,1.29,0.104,0.62,0,0,0,0,0,8.9,0,0,0,0,0.242,58.12,127.51,0.96,0.3,880,1.6,96,0.7,2024.0,220.0,140.09
2024,4,21,23,0,17.0,1.29,0.104,0.62,0,0,0,0,0,8.3,0,0,0,0,0.241,56.62,141.34,0.96,0.3,880,1.7,82,0.9,2024.0,220.0,140.09
2024,4,21,24,0,17.3,1.29,0.103,0.62,0,0,0,0,0,7.8,0,0,0,0,0.242,53.51,154.83,0.96,0.3,880,1.7,68,0.9,2024.0,220.0,140.09
2024,4,22,1,0,17.2,1.29,0.103,0.62,0,0,0,0,0,7.6,0,0,0,0,0.242,53.31,166.68,0.96,0.3,880,1.7,29,1.0,2024.0,220.0,135.63
2024,4,22,2,0,16.3,1.27,0.103,0.62,0,0,0,0,0,7.9,0,0,0,0,0.242,57.47,168.61,0.96,0.3,880,1.7,345,1.0,2024.0,220.0,132.31
2024,4,22,3,0,15.4,1.26,0.105,0.62,0,0,0,0,0,8.3,0,0,0,0,0.242,62.7,157.86,0.96,0.3,880,1.7,326,0.9,2024.0,220.0,108.76
2024,4,22,4,0,15.1,1.25,0.106,0.62,0,0,0,0,0,8.5,0,0,0,0,0.242,64.9,144.56,0.96,0.3,879,1.7,334,0.8,2024.0,220.0,108.4
2024,4,22,5,0,15.1,1.25,0.106,0.62,0,0,0,0,0,8.4,0,0,0,0,0.242,64.27,130.78,0.96,0.3,879,1.7,11,0.8,2024.0,220.0,104.12
2024,4,22,6,0,15.0,1.25,0.107,0.62,0,0,0,0,0,8.0,0,0,0,0,0.243,62.85,116.91,0.96,0.3,879,1.7,56,1.0,2024.0,220.0,104.12
2024,4,22,7,0,15.0,1.25,0.107,0.62,0,0,0,0,0,7.3,0,0,0,0,0.243,60.12,103.11,0.96,0.3,879,1.7,76,1.2,2024.0,220.0,125.27
2024,4,22,8,0,16.3,1.25,0.107,0.62,0,0,0,0,0,6.5,0,0,0,0,0.243,52.42,89.14,0.96,0.3,879,1.6,80,1.2,2024.0,220.0,108.4
2024,4,22,9,0,19.9,1.26,0.106,0.62,64,563,198,0,0,6.5,64,563,0,198,0.243,41.57,76.16,0.96,0.3,880,1.6,75,1.9,2024.0,220.0,21.75
2024,4,22,10,0,22.9,1.27,0.104,0.62,90,759,429,0,0,6.3,90,759,0,429,0.243,34.25,63.5,0.96,0.3,880,1.6,323,2.6,2024.0,220.0,14.57
2024,4,22,11,0,25.4,1.28,0.1,0.62,105,856,633,0,0,5.5,105,856,0,633,0.243,27.78,51.86,0.96,0.3,880,1.5,276,3.8,2024.0,220.0,30.62
2024,4,22,12,0,27.3,1.32,0.07,0.62,99,930,789,0,0,4.8,99,930,0,789,0.243,23.73,42.15,0.95,0.3,879,1.5,271,4.7,2024.0,220.0,0.0
2024,4,22,13,0,28.5,1.31,0.069,0.62,103,950,872,0,0,4.3,103,950,0,872,0.243,21.3,36.0,0.95,0.3,879,1.5,269,5.4,2024.0,220.0,0.0
2024,4,22,14,0,29.0,1.31,0.069,0.62,103,952,880,0,0,4.0,103,952,0,880,0.243,20.3,35.32,0.95,0.3,878,1.5,266,5.8,2024.0,220.0,0.0
2024,4,22,15,0,28.8,1.3,0.071,0.62,101,935,813,0,0,4.1,101,935,0,813,0.243,20.67,40.38,0.95,0.3,878,1.5,262,5.7,2024.0,220.0,0.0
2024,4,22,16,0,28.0,1.28,0.074,0.62,95,895,677,0,0,4.4,95,895,0,677,0.243,22.12,49.46,0.95,0.3,878,1.5,257,5.5,2024.0,220.0,0.0
2024,4,22,17,0,26.7,1.27,0.077,0.62,84,819,484,0,0,4.8,84,819,0,484,0.243,24.6,60.76,0.95,0.3,878,1.5,252,4.9,2024.0,220.0,0.0
2024,4,22,18,0,24.7,1.25,0.078,0.62,64,666,256,0,0,5.5,64,666,0,256,0.243,29.06,73.25,0.95,0.3,878,1.5,247,4.1,2024.0,220.0,66.3
2024,4,22,19,0,21.0,1.24,0.079,0.62,24,250,40,0,0,6.9,24,250,0,40,0.243,40.01,86.3,0.95,0.3,878,1.5,243,2.2,2024.0,220.0,125.59
2024,4,22,20,0,18.8,1.22,0.079,0.62,0,0,0,0,0,8.3,0,0,0,0,0.243,50.35,100.03,0.95,0.3,878,1.5,230,1.3,2024.0,220.0,145.96
2024,4,22,21,0,17.9,1.21,0.081,0.62,0,0,0,0,0,8.8,0,0,0,0,0.243,55.11,113.8,0.95,0.3,879,1.6,187,0.7,2024.0,220.0,161.53
2024,4,22,22,0,17.5,1.22,0.082,0.62,0,0,0,0,0,8.6,0,0,0,0,0.243,55.73,127.67,0.95,0.3,879,1.6,105,0.9,2024.0,220.0,161.53
2024,4,22,23,0,17.4,1.22,0.082,0.62,0,0,0,0,0,8.1,0,0,0,0,0.242,54.44,141.5,0.95,0.3,879,1.6,71,0.9,2024.0,220.0,161.53
2024,4,22,24,0,17.4,1.22,0.082,0.62,0,0,0,0,0,7.9,0,0,0,0,0.242,53.56,155.02,0.95,0.3,880,1.6,41,1.0,2024.0,220.0,181.41
2024,4,23,1,0,16.9,1.22,0.084,0.62,0,0,0,0,0,8.0,0,0,0,0,0.241,55.6,166.96,0.95,0.3,880,1.6,8,1.0,2024.0,220.0,151.32
2024,4,23,2,0,16.2,1.2,0.088,0.62,0,0,0,0,0,8.2,0,0,0,0,0.241,59.26,168.89,0.95,0.3,879,1.6,347,0.9,2024.0,220.0,89.85
2024,4,23,3,0,15.7,1.2,0.097,0.62,0,0,0,0,0,8.5,0,0,0,0,0.241,62.13,157.99,0.95,0.3,879,1.6,342,0.8,2024.0,220.0,88.8
2024,4,23,4,0,15.4,1.21,0.1,0.62,0,0,0,0,0,8.5,0,0,0,0,0.241,63.36,144.63,0.95,0.3,879,1.6,352,0.8,2024.0,220.0,95.29
2024,4,23,5,0,15.3,1.22,0.096,0.62,0,0,0,0,0,8.2,0,0,0,0,0.242,62.72,130.84,0.95,0.3,879,1.6,18,0.9,2024.0,220.0,88.8
2024,4,23,6,0,15.3,1.23,0.091,0.62,0,0,0,0,0,7.7,0,0,0,0,0.242,60.5,116.97,0.95,0.3,879,1.5,59,1.0,2024.0,220.0,114.97
2024,4,23,7,0,15.4,1.24,0.086,0.62,0,0,0,0,0,6.9,0,0,0,0,0.243,57.04,103.18,0.95,0.3,879,1.5,80,1.0,2024.0,220.0,182.18
2024,4,23,8,0,16.7,1.26,0.08,0.62,0,0,0,0,0,6.0,0,0,0,0,0.242,49.34,89.22,0.95,0.3,880,1.4,87,1.1,2024.0,220.0,137.04
2024,4,23,9,0,20.4,1.28,0.076,0.62,57,613,202,0,0,5.5,57,613,0,202,0.242,37.66,76.27,0.95,0.3,880,1.4,91,2.2,2024.0,220.0,39.14
2024,4,23,10,0,24.0,1.29,0.073,0.62,78,805,436,0,0,5.0,78,805,0,436,0.242,29.28,63.64,0.95,0.3,880,1.3,187,3.8,2024.0,220.0,0.0
2024,4,23,11,0,26.6,1.31,0.073,0.62,92,889,638,0,0,4.3,92,889,0,638,0.242,23.95,52.05,0.94,0.3,880,1.3,252,4.7,2024.0,220.0,0.0
2024,4,23,12,0,28.1,1.34,0.062,0.62,95,943,791,0,0,4.3,95,943,0,791,0.242,21.92,42.4,0.94,0.3,880,1.3,256,5.4,2024.0,220.0,0.0
2024,4,23,13,0,29.1,1.34,0.063,0.62,100,961,874,0,0,4.4,100,961,0,874,0.241,20.72,36.31,0.95,0.3,879,1.3,255,5.7,2024.0,220.0,0.0
2024,4,23,14,0,29.6,1.33,0.065,0.62,101,961,882,0,0,4.4,101,961,0,882,0.239,20.18,35.65,0.95,0.3,878,1.3,252,5.8,2024.0,220.0,0.0
2024,4,23,15,0,29.5,1.31,0.064,0.62,97,947,815,0,0,4.6,97,947,0,815,0.238,20.53,40.69,0.95,0.3,878,1.3,249,5.8,2024.0,220.0,0.0
2024,4,23,16,0,28.9,1.29,0.066,0.62,91,909,679,0,0,4.7,91,909,0,679,0.237,21.52,49.72,0.95,0.3,877,1.3,243,5.6,2024.0,220.0,0.0
2024,4,23,17,0,27.8,1.27,0.066,0.62,79,837,485,0,0,4.9,79,837,0,485,0.236,23.18,60.99,0.95,0.3,877,1.3,238,5.2,2024.0,220.0,7.29
2024,4,23,18,0,25.9,1.24,0.065,0.62,60,689,256,0,0,5.3,60,689,0,256,0.236,26.62,73.45,0.95,0.3,877,1.3,233,4.4,2024.0,220.0,114.16
2024,4,23,19,0,21.7,1.22,0.065,0.62,23,270,39,0,0,6.6,23,270,0,39,0.236,37.62,86.47,0.95,0.3,877,1.3,236,2.8,2024.0,220.0,224.35
2024,4,23,20,0,19.2,1.2,0.066,0.62,0,0,0,0,0,8.0,0,0,0,0,0.236,48.21,100.18,0.94,0.3,878,1.3,232,1.9,2024.0,220.0,224.35
2024,4,23,21,0,18.4,1.18,0.069,0.62,0,0,0,0,0,8.5,0,0,0,0,0.236,52.52,113.95,0.94,0.3,879,1.3,213,1.1,2024.0,220.0,224.35
2024,4,23,22,0,17.9,1.17,0.071,0.62,0,0,0,0,0,8.4,0,0,0,0,0.236,53.72,127.81,0.94,0.3,879,1.3,72,0.8,2024.0,220.0,224.35
2024,4,23,23,0,17.6,1.18,0.07,0.62,0,0,0,0,0,7.9,0,0,0,0,0.236,53.14,141.65,0.94,0.3,879,1.3,60,0.9,2024.0,220.0,224.35
2024,4,23,24,0,17.6,1.18,0.069,0.62,0,0,0,0,0,7.5,0,0,0,0,0.235,51.47,155.2,0.94,0.3,879,1.2,59,1.1,2024.0,220.0,159.77
2024,4,24,1,0,17.6,1.18,0.069,0.62,0,0,0,0,0,7.1,0,0,0,0,0.235,50.23,167.24,0.94,0.3,879,1.2,58,1.2,2024.0,220.0,103.41
2024,4,24,2,0,17.4,1.18,0.069,0.62,0,0,0,0,0,6.9,0,0,0,0,0.235,50.2,169.15,0.94,0.3,879,1.2,46,1.2,2024.0,220.0,103.41
2024,4,24,3,0,16.9,1.19,0.074,0.62,0,0,0,0,0,6.8,0,0,0,0,0.235,51.51,158.1,0.94,0.3,878,1.2,25,1.1,2024.0,220.0,107.33
2024,4,24,4,0,16.3,1.21,0.078,0.62,0,0,0,0,0,6.8,0,0,0,0,0.236,53.37,144.71,0.94,0.3,878,1.1,18,1.0,2024.0,220.0,107.98
2024,4,24,5,0,15.8,1.22,0.077,0.62,0,0,0,0,0,6.7,0,0,0,0,0.236,54.67,130.9,0.94,0.3,878,1.1,19,1.0,2024.0,220.0,103.41
2024,4,24,6,0,15.7,1.23,0.078,0.62,0,0,0,0,0,6.5,0,0,0,0,0.237,54.15,117.04,0.94,0.3,878,1.1,25,1.0,2024.0,220.0,103.41
2024,4,24,7,0,15.6,1.24,0.076,0.62,0,0,0,0,0,6.1,0,0,0,0,0.237,53.14,103.26,0.94,0.3,878,1.1,42,1.1,2024.0,220.0,141.34
2024,4,24,8,0,16.6,1.25,0.071,0.62,0,0,0,0,0,5.5,0,0,0,0,0.237,47.86,89.3,0.94,0.3,879,1.0,60,1.8,2024.0,220.0,99.93
2024,4,24,9,0,20.2,1.27,0.066,0.62,54,641,205,0,0,4.8,54,641,0,205,0.237,36.3,76.38,0.94,0.3,879,1.0,67,3.4,2024.0,220.0,0.0
2024,4,24,10,0,23.9,1.29,0.062,0.62,74,829,440,0,0,4.3,74,829,0,440,0.237,27.94,63.79,0.94,0.3,879,1.0,53,4.9,2024.0,220.0,0.0
2024,4,24,11,0,26.8,1.3,0.061,0.62,87,916,647,0,0,3.5,87,916,0,647,0.237,22.24,52.24,0.94,0.3,879,0.9,246,5.7,2024.0,220.0,0.0
2024,4,24,12,0,28.7,1.35,0.053,0.62,90,965,800,0,0,3.3,90,965,0,800,0.237,19.63,42.65,0.94,0.3,879,0.9,244,6.1,2024.0,220.0,0.0
2024,4,24,13,0,29.6,1.34,0.056,0.62,96,980,883,0,0,3.6,96,980,0,883,0.238,19.13,36.62,0.94,0.3,879,0.9,246,6.4,2024.0,220.0,0.0
2024,4,24,14,0,29.8,1.31,0.06,0.62,98,974,887,0,0,4.1,98,974,0,887,0.24,19.58,35.98,0.94,0.3,878,1.0,245,6.5,2024.0,220.0,0.0
2024,4,24,15,0,29.4,1.22,0.074,0.62,103,946,816,0,0,4.7,103,946,0,816,0.241,20.88,41.0,0.94,0.3,878,1.0,243,6.4,2024.0,220.0,0.0
2024,4,24,16,0,28.6,1.19,0.077,0.62,96,905,678,0,0,5.2,96,905,0,678,0.242,22.65,49.99,0.94,0.3,877,1.0,239,6.1,2024.0,220.0,0.0
2024,4,24,17,0,27.4,1.17,0.079,0.62,84,825,481,0,0,5.7,84,825,0,481,0.244,25.09,61.21,0.94,0.3,877,1.1,236,5.4,2024.0,220.0,0.0
2024,4,24,18,0,25.4,1.16,0.08,0.62,64,666,251,0,0,6.3,64,666,0,251,0.245,29.41,73.64,0.94,0.3,878,1.1,233,4.5,2024.0,220.0,45.88
2024,4,24,19,0,21.3,1.15,0.08,0.62,23,233,37,0,0,7.6,23,233,0,37,0.246,41.28,86.63,0.95,0.3,878,1.1,236,2.3,2024.0,220.0,96.31
2024,4,24,20,0,19.3,1.13,0.082,0.62,0,0,0,0,0,8.8,0,0,0,0,0.247,50.57,100.34,0.95,0.3,878,1.2,228,1.4,2024.0,220.0,109.02
2024,4,24,21,0,18.7,1.13,0.084,0.62,0,0,0,0,0,9.0,0,0,0,0,0.247,53.2,114.09,0.95,0.3,879,1.2,168,0.8,2024.0,220.0,108.39
2024,4,24,22,0,18.3,1.15,0.083,0.62,0,0,0,0,0,8.4,0,0,0,0,0.247,52.51,127.95,0.95,0.3,879,1.3,96,0.9,2024.0,220.0,92.19
2024,4,24,23,0,18.3,1.17,0.079,0.62,0,0,0,0,0,7.5,0,0,0,0,0.247,49.18,141.8,0.95,0.3,879,1.3,81,1.1,2024.0,220.0,91.09
2024,4,24,24,0,18.6,1.19,0.076,0.62,0,0,0,0,0,6.5,0,0,0,0,0.248,45.22,155.38,0.95,0.3,879,1.3,78,1.2,2024.0,220.0,94.73
2024,4,25,1,0,18.7,1.21,0.075,0.62,0,0,0,0,0,5.8,0,0,0,0,0.248,42.81,167.51,0.95,0.3,878,1.3,83,1.2,2024.0,220.0,86.27
2024,4,25,2,0,18.5,1.23,0.075,0.62,0,0,0,0,0,5.3,0,0,0,0,0.248,41.86,169.41,0.95,0.3,878,1.3,94,1.1,2024.0,220.0,86.38
2024,4,25,3,0,18.2,1.24,0.076,0.62,0,0,0,0,0,4.8,0,0,0,0,0.249,41.3,158.22,0.95,0.3,878,1.3,104,1.1,2024.0,220.0,83.47
2024,4,25,4,0,17.9,1.25,0.077,0.62,0,0,0,0,0,4.3,0,0,0,0,0.249,40.65,144.78,0.95,0.3,877,1.2,105,1.0,2024.0,220.0,82.04
2024,4,25,5,0,17.7,1.25,0.078,0.62,0,0,0,0,0,3.9,0,0,0,0,0.25,39.79,130.96,0.95,0.3,877,1.2,95,0.9,2024.0,220.0,84.5
2024,4,25,6,0,17.4,1.26,0.08,0.62,0,0,0,0,0,3.5,0,0,0,0,0.25,39.56,117.1,0.95,0.3,877,1.2,73,0.9,2024.0,220.0,92.94
2024,4,25,7,0,17.0,1.26,0.081,0.62,0,0,0,0,0,3.2,0,0,0,0,0.251,39.72,103.33,0.95,0.3,878,1.2,55,1.0,2024.0,220.0,108.62
2024,4,25,8,0,17.4,1.27,0.077,0.62,0,0,0,0,0,2.8,0,0,0,0,0.25,37.52,89.38,0.94,0.3,878,1.1,50,1.0,2024.0,220.0,61.32
2024,4,25,9,0,20.8,1.29,0.074,0.62,55,621,200,0,0,2.3,55,621,0,200,0.251,29.43,76.5,0.94,0.3,878,1.1,44,2.0,2024.0,220.0,0.0
2024,4,25,10,0,24.3,1.31,0.071,0.62,77,811,433,0,0,2.5,77,811,0,433,0.251,24.17,63.93,0.94,0.3,878,1.1,11,3.7,2024.0,220.0,0.0
2024,4,25,11,0,27.0,1.33,0.069,0.62,90,901,639,0,0,2.3,90,901,0,639,0.251,20.27,52.43,0.94,0.3,878,1.0,258,5.2,2024.0,220.0,0.0
2024,4,25,12,0,29.0,1.35,0.063,0.62,95,946,788,0,0,2.4,95,946,0,788,0.25,18.15,42.9,0.94,0.3,878,1.1,257,5.9,2024.0,220.0,0.0
2024,4,25,13,0,30.0,1.34,0.065,0.62,100,963,870,0,0,2.8,100,963,0,870,0.248,17.65,36.92,0.94,0.3,877,1.1,258,6.0,2024.0,220.0,0.0
2024,4,25,14,0,30.2,1.3,0.07,0.62,103,957,874,0,0,3.4,103,957,0,874,0.246,18.24,36.31,0.95,0.3,877,1.2,256,6.1,2024.0,220.0,0.0
2024,4,25,15,0,29.7,1.27,0.072,0.62,101,939,807,0,0,4.2,101,939,0,807,0.243,19.78,41.3,0.95,0.3,877,1.2,252,6.0,2024.0,220.0,0.0
2024,4,25,16,0,28.9,1.23,0.076,0.62,95,894,667,0,0,4.7,95,894,0,667,0.241,21.43,50.24,0.95,0.3,876,1.3,246,5.7,2024.0,220.0,0.0
2024,4,25,17,0,27.6,1.19,0.077,0.62,83,815,473,0,0,4.9,83,815,0,473,0.24,23.56,61.43,0.95,0.3,876,1.4,239,5.2,2024.0,220.0,0.0
2024,4,25,18,0,25.6,1.16,0.076,0.62,62,659,246,0,0,5.3,62,659,0,246,0.239,27.13,73.83,0.95,0.3,876,1.4,233,4.3,2024.0,220.0,0.0
2024,4,25,19,0,21.7,1.14,0.074,0.62,22,227,34,0,1,6.4,22,227,0,34,0.24,37.1,86.79,0.95,0.3,877,1.4,232,1.9,2024.0,220.0,45.99
2024,4,25,20,0,19.9,1.13,0.072,0.62,0,0,0,0,0,7.4,0,0,0,0,0.24,44.3,100.49,0.95,0.3,877,1.4,220,1.2,2024.0,220.0,58.57
2024,4,25,21,0,19.3,1.13,0.072,0.62,0,0,0,0,0,7.6,0,0,0,0,0.24,46.61,114.23,0.94,0.3,878,1.4,146,0.8,2024.0,220.0,66.25
2024,4,25,22,0,18.5,1.13,0.074,0.62,0,0,0,0,0,7.4,0,0,0,0,0.239,48.35,128.09,0.94,0.3,879,1.4,62,1.0,2024.0,220.0,63.42
2024,4,25,23,0,17.7,1.14,0.078,0.62,0,0,0,0,0,7.3,0,0,0,0,0.239,50.37,141.95,0.95,0.3,879,1.4,37,1.2,2024.0,220.0,78.19
2024,4,25,24,0,17.3,1.14,0.083,0.62,0,0,0,0,0,7.4,0,0,0,0,0.239,52.24,155.55,0.95,0.3,879,1.5,19,1.3,2024.0,220.0,78.49
2024,4,26,1,0,16.9,1.15,0.09,0.62,0,0,0,0,0,7.8,0,0,0,0,0.24,55.04,167.77,0.95,0.3,879,1.5,2,1.2,2024.0,220.0,81.38
2024,4,26,2,0,16.5,1.16,0.096,0.62,0,0,0,0,0,8.2,0,0,0,0,0.241,58.06,169.66,0.96,0.3,879,1.5,355,1.2,2024.0,220.0,84.14
2024,4,26,3,0,16.2,1.17,0.101,0.62,0,0,0,0,0,8.4,0,0,0,0,0.242,59.7,158.33,0.96,0.3,878,1.6,8,1.3,2024.0,220.0,71.98
2024,4,26,4,0,16.2,1.2,0.1,0.62,0,0,0,0,0,8.1,0,0,0,0,0.243,58.55,144.85,0.96,0.3,878,1.6,38,1.4,2024.0,220.0,67.12
2024,4,26,5,0,16.4,1.21,0.095,0.62,0,0,0,0,0,7.4,0,0,0,0,0.245,55.43,131.03,0.96,0.3,877,1.5,63,1.4,2024.0,220.0,84.79
2024,4,26,6,0,16.7,1.23,0.093,0.62,0,0,0,0,0,6.7,0,0,0,0,0.246,51.71,117.17,0.96,0.3,877,1.5,79,1.4,2024.0,220.0,79.99
2024,4,26,7,0,16.9,1.23,0.09,0.62,0,0,0,0,0,6.0,0,0,0,0,0.247,48.46,103.4,0.96,0.3,878,1.4,86,1.5,2024.0,220.0,101.09
2024,4,26,8,0,17.6,1.24,0.088,0.62,0,0,0,0,0,5.1,0,0,0,0,0.247,43.77,89.46,0.96,0.3,878,1.3,83,1.4,2024.0,220.0,72.87
2024,4,26,9,0,20.1,1.25,0.085,0.62,58,592,195,0,0,4.5,58,592,0,195,0.248,35.73,76.61,0.95,0.3,878,1.3,80,1.8,2024.0,220.0,0.0
2024,4,26,10,0,22.8,1.27,0.083,0.62,82,790,427,0,0,4.3,82,790,0,427,0.248,29.96,64.07,0.95,0.3,878,1.2,167,3.1,2024.0,220.0,0.0
2024,4,26,11,0,25.2,1.28,0.082,0.62,96,882,631,1,0,3.7,96,882,1,631,0.249,24.95,52.61,0.96,0.3,878,1.1,224,4.5,2024.0,220.0,0.0
2024,4,26,12,0,27.0,1.29,0.073,0.62,100,935,782,0,0,3.5,100,935,0,782,0.249,21.99,43.14,0.96,0.3,878,1.1,239,5.3,2024.0,220.0,0.0
2024,4,26,13,0,28.0,1.3,0.076,0.62,106,952,864,0,0,3.5,106,952,0,864,0.249,20.79,37.22,0.96,0.3,878,1.1,247,5.7,2024.0,220.0,0.0
2024,4,26,14,0,28.3,1.29,0.08,0.62,109,950,871,0,0,3.7,109,950,0,871,0.248,20.76,36.63,0.96,0.3,877,1.1,250,5.9,2024.0,220.0,0.0
2024,4,26,15,0,27.7,1.26,0.083,0.62,107,931,803,0,0,4.2,107,931,0,803,0.248,22.23,41.59,0.96,0.3,877,1.1,249,5.9,2024.0,220.0,0.0
2024,4,26,16,0,26.6,1.25,0.086,0.62,100,886,663,0,0,4.8,100,886,0,663,0.247,24.65,50.5,0.96,0.3,877,1.2,246,5.6,2024.0,220.0,0.0
2024,4,26,17,0,25.2,1.24,0.086,0.62,86,809,470,0,0,5.2,86,809,0,470,0.248,27.65,61.65,0.96,0.3,877,1.2,241,5.0,2024.0,220.0,0.0
2024,4,26,18,0,23.5,1.24,0.085,0.62,64,649,243,0,0,5.8,64,649,0,243,0.248,31.82,74.02,0.96,0.3,877,1.2,235,3.6,2024.0,220.0,34.03
2024,4,26,19,0,20.7,1.24,0.083,0.62,21,212,33,0,0,6.8,21,212,0,33,0.248,40.63,86.95,0.96,0.3,877,1.2,234,1.4,2024.0,220.0,77.77
2024,4,26,20,0,19.2,1.23,0.081,0.62,0,0,0,0,0,7.7,0,0,0,0,0.247,47.16,100.64,0.96,0.3,878,1.3,217,0.9,2024.0,220.0,71.73
2024,4,26,21,0,18.6,1.22,0.08,0.62,0,0,0,0,0,7.8,0,0,0,0,0.247,49.4,114.37,0.96,0.3,878,1.3,149,0.9,2024.0,220.0,79.32
2024,4,26,22,0,18.1,1.22,0.081,0.62,0,0,0,0,0,7.5,0,0,0,0,0.247,50.05,128.23,0.96,0.3,879,1.4,93,1.3,2024.0,220.0,79.73
2024,4,26,23,0,18.1,1.22,0.082,0.62,0,0,0,0,0,7.2,0,0,0,0,0.247,48.89,142.09,0.96,0.3,879,1.5,63,1.5,2024.0,220.0,80.66
2024,4,26,24,0,17.9,1.21,0.085,0.62,0,0,0,0,0,7.2,0,0,0,0,0.248,49.49,155.72,0.96,0.3,879,1.5,11,1.5,2024.0,220.0,81.99
2024,4,27,1,0,17.0,1.2,0.092,0.62,0,0,0,0,0,7.6,0,0,0,0,0.248,53.93,168.03,0.96,0.3,879,1.6,320,1.5,2024.0,220.0,79.34
2024,4,27,2,0,16.1,1.2,0.103,0.62,0,0,0,0,0,8.1,0,0,0,0,0.248,59.17,169.91,0.96,0.3,879,1.7,308,1.5,2024.0,220.0,81.15
2024,4,27,3,0,15.6,1.21,0.12,0.62,0,0,0,0,0,8.4,0,0,0,0,0.249,62.43,158.43,0.97,0.3,879,1.8,328,1.5,2024.0,220.0,78.94
2024,4,27,4,0,15.3,1.23,0.132,0.62,0,0,0,0,0,8.4,0,0,0,0,0.249,63.64,144.92,0.97,0.3,879,1.9,19,1.4,2024.0,220.0,82.37
2024,4,27,5,0,15.3,1.25,0.132,0.62,0,0,0,0,0,8.1,0,0,0,0,0.249,62.0,131.09,0.97,0.3,879,1.9,49,1.4,2024.0,220.0,82.94
2024,4,27,6,0,15.3,1.28,0.129,0.62,0,0,0,0,0,7.4,0,0,0,0,0.249,59.32,117.23,0.97,0.3,879,1.9,60,1.3,2024.0,220.0,77.43
2024,4,27,7,0,15.5,1.29,0.127,0.62,0,0,0,0,0,6.7,0,0,0,0,0.249,55.8,103.48,0.97,0.3,879,1.9,64,1.3,2024.0,220.0,76.58
2024,4,27,8,0,16.7,1.29,0.127,0.62,0,0,0,0,0,6.2,0,0,0,0,0.249,49.87,89.54,0.97,0.3,879,1.9,69,1.3,2024.0,220.0,50.82
2024,4,27,9,0,19.6,1.29,0.128,0.62,66,513,184,0,0,6.1,66,513,0,184,0.249,41.22,76.72,0.97,0.3,880,1.8,105,2.4,2024.0,220.0,0.0
2024,4,27,10,0,22.4,1.31,0.123,0.62,95,722,409,0,0,6.4,95,722,0,409,0.249,35.44,64.22,0.97,0.3,880,1.8,196,4.0,2024.0,220.0,0.0
2024,4,27,11,0,25.2,1.32,0.115,0.62,109,828,610,0,0,6.0,109,828,0,610,0.249,29.16,52.8,0.97,0.3,879,1.7,203,5.3,2024.0,220.0,0.0
2024,4,27,12,0,27.7,1.32,0.075,0.62,100,912,763,0,0,5.4,100,912,0,763,0.249,24.23,43.39,0.96,0.3,879,1.7,209,6.2,2024.0,220.0,0.0
2024,4,27,13,0,29.2,1.32,0.076,0.62,105,931,844,0,0,5.3,105,931,0,844,0.249,22.01,37.52,0.96,0.3,878,1.7,215,6.7,2024.0,220.0,0.0
2024,4,27,14,0,29.8,1.3,0.078,0.62,106,931,851,0,0,5.4,106,931,0,851,0.249,21.36,36.95,0.96,0.3,877,1.7,219,6.9,2024.0,220.0,0.0
2024,4,27,15,0,29.5,1.27,0.078,0.62,103,915,784,0,0,5.7,103,915,0,784,0.249,22.17,41.89,0.96,0.3,876,1.7,222,6.7,2024.0,220.0,0.0
2024,4,27,16,0,28.3,1.22,0.08,0.62,96,874,649,0,0,6.2,96,874,0,649,0.248,24.66,50.75,0.96,0.3,876,1.7,223,6.2,2024.0,220.0,0.0
2024,4,27,17,0,26.6,1.18,0.079,0.62,83,798,459,0,0,6.8,83,798,0,459,0.248,28.35,61.86,0.96,0.3,876,1.7,223,5.5,2024.0,220.0,0.0
2024,4,27,18,0,24.2,1.1,0.08,0.62,62,634,235,0,0,7.4,62,634,0,235,0.248,34.16,74.2,0.95,0.3,876,1.7,223,4.4,2024.0,220.0,53.94
2024,4,27,19,0,20.8,1.07,0.078,0.62,20,191,30,0,0,8.4,20,191,0,30,0.248,44.87,87.11,0.95,0.3,877,1.7,224,2.1,2024.0,220.0,82.4
2024,4,27,20,0,18.7,1.05,0.078,0.62,0,0,0,0,0,9.1,0,0,0,0,0.248,53.56,100.79,0.96,0.3,877,1.7,209,1.1,2024.0,220.0,82.4
2024,4,27,21,0,17.8,1.05,0.077,0.62,0,0,0,0,0,9.1,0,0,0,0,0.249,56.67,114.51,0.96,0.3,878,1.7,156,0.7,2024.0,220.0,89.49
2024,4,27,22,0,17.5,1.05,0.075,0.62,0,0,0,0,0,8.6,0,0,0,0,0.249,55.92,128.36,0.95,0.3,878,1.7,111,0.9,2024.0,220.0,114.87
2024,4,27,23,0,17.5,1.05,0.075,0.62,0,0,0,0,0,8.0,0,0,0,0,0.249,53.62,142.22,0.95,0.3,878,1.7,97,1.1,2024.0,220.0,90.78
2024,4,27,24,0,17.5,1.05,0.077,0.62,0,0,0,0,0,7.5,0,0,0,0,0.249,51.86,155.88,0.95,0.3,878,1.7,90,1.1,2024.0,220.0,105.52
2024,4,28,1,0,17.4,1.05,0.079,0.62,0,0,0,0,0,7.3,0,0,0,0,0.249,51.43,168.27,0.95,0.3,878,1.7,78,1.1,2024.0,220.0,102.66
2024,4,28,2,0,17.0,1.06,0.08,0.62,0,0,0,0,0,7.3,0,0,0,0,0.249,52.7,170.15,0.95,0.3,877,1.7,49,1.1,2024.0,220.0,82.77
2024,4,28,3,0,16.5,1.08,0.087,0.62,0,0,0,0,0,7.3,0,0,0,0,0.249,54.65,158.54,0.95,0.3,877,1.7,25,1.1,2024.0,220.0,82.68
2024,4,28,4,0,16.2,1.09,0.091,0.62,0,0,0,0,0,7.3,0,0,0,0,0.25,55.6,144.99,0.95,0.3,877,1.7,22,1.1,2024.0,220.0,84.55
2024,4,28,5,0,16.1,1.11,0.088,0.62,0,0,0,0,0,7.1,0,0,0,0,0.251,55.05,131.15,0.95,0.3,877,1.7,34,1.2,2024.0,220.0,83.68
2024,4,28,6,0,16.3,1.12,0.087,0.62,0,0,0,0,0,6.6,0,0,0,0,0.252,52.79,117.29,0.95,0.3,876,1.7,48,1.2,2024.0,220.0,79.23
2024,4,28,7,0,16.6,1.14,0.085,0.62,0,0,0,0,0,6.2,0,0,0,0,0.252,50.25,103.55,0.95,0.3,877,1.6,58,1.3,2024.0,220.0,72.56
2024,4,28,8,0,17.4,1.15,0.083,0.62,0,0,0,0,0,5.8,0,0,0,0,0.252,46.61,89.62,0.95,0.3,877,1.6,60,1.3,2024.0,220.0,60.32
2024,4,28,9,0,20.2,1.16,0.082,0.62,56,580,189,0,0,5.9,56,580,0,189,0.251,39.32,76.83,0.95,0.3,877,1.6,76,2.6,2024.0,220.0,0.0
2024,4,28,10,0,23.2,1.18,0.081,0.62,80,774,415,0,0,6.2,80,774,0,415,0.251,33.34,64.36,0.95,0.3,878,1.6,216,3.9,2024.0,220.0,0.0
2024,4,28,11,0,25.8,1.19,0.082,0.62,95,861,613,0,0,6.0,95,861,0,613,0.25,28.15,52.99,0.95,0.3,878,1.6,225,4.8,2024.0,220.0,0.0
2024,4,28,12,0,27.4,1.19,0.081,0.62,103,907,760,0,0,6.1,103,907,0,760,0.25,25.73,43.63,0.95,0.3,877,1.6,234,5.4,2024.0,220.0,0.0
2024,4,28,13,0,28.0,1.17,0.085,0.62,110,921,837,0,0,6.4,110,921,0,837,0.249,25.47,37.82,0.95,0.3,877,1.7,240,5.6,2024.0,220.0,0.0
2024,4,28,14,0,28.1,1.16,0.091,0.62,114,918,844,0,0,6.9,114,918,0,844,0.249,26.14,37.26,0.96,0.3,877,1.7,242,5.5,2024.0,220.0,0.0
2024,4,28,15,0,27.6,1.13,0.1,0.62,114,890,773,0,0,7.2,114,890,0,773,0.248,27.59,42.18,0.96,0.3,876,1.8,242,5.5,2024.0,220.0,0.0
2024,4,28,16,0,26.8,1.12,0.103,0.62,107,845,639,0,0,7.5,107,845,0,639,0.247,29.45,51.0,0.96,0.3,876,1.8,240,5.3,2024.0,220.0,0.0
2024,4,28,17,0,25.4,1.11,0.105,0.62,93,761,449,0,0,7.8,93,761,0,449,0.247,32.64,62.07,0.96,0.3,876,1.8,239,4.9,2024.0,220.0,0.0
2024,4,28,18,0,23.4,1.09,0.106,0.62,69,588,227,0,0,8.2,69,588,0,227,0.247,37.88,74.38,0.96,0.3,876,1.8,238,4.1,2024.0,220.0,77.04
2024,4,28,19,0,20.2,1.06,0.107,0.62,20,139,27,0,0,9.1,20,139,0,27,0.247,48.92,87.26,0.96,0.3,877,1.8,246,2.1,2024.0,220.0,165.14
2024,4,28,20,0,18.2,1.04,0.108,0.62,0,0,0,0,0,10.0,0,0,0,0,0.247,58.71,100.93,0.96,0.3,877,1.8,251,1.2,2024.0,220.0,126.8
2024,4,28,21,0,17.4,1.04,0.114,0.62,0,0,0,0,0,10.3,0,0,0,0,0.246,62.96,114.64,0.96,0.3,878,1.9,265,0.4,2024.0,220.0,101.66
2024,4,28,22,0,17.1,1.04,0.117,0.62,0,0,0,0,0,10.2,0,0,0,0,0.245,63.74,128.48,0.96,0.3,878,1.9,34,1.0,2024.0,220.0,139.58
2024,4,28,23,0,16.8,1.05,0.115,0.62,0,0,0,0,0,9.9,0,0,0,0,0.245,63.92,142.35,0.96,0.3,879,1.9,47,1.2,2024.0,220.0,177.04
2024,4,28,24,0,16.6,1.06,0.116,0.62,0,0,0,0,0,9.6,0,0,0,0,0.246,63.44,156.03,0.96,0.3,879,2.0,46,1.2,2024.0,220.0,178.36
2024,4,29,1,0,16.7,1.08,0.117,0.62,0,0,0,0,0,9.4,0,0,0,0,0.246,61.99,168.51,0.96,0.3,878,2.0,39,1.1,2024.0,220.0,114.63
2024,4,29,2,0,16.5,1.09,0.116,0.62,0,0,0,0,0,9.3,0,0,0,0,0.246,62.32,170.39,0.96,0.3,878,2.0,29,1.1,2024.0,220.0,110.77
2024,4,29,3,0,16.2,1.1,0.118,0.62,0,0,0,0,0,9.2,0,0,0,0,0.247,63.26,158.63,0.96,0.3,878,2.1,23,1.0,2024.0,220.0,111.63
2024,4,29,4,0,16.1,1.11,0.119,0.62,0,0,0,0,0,9.1,0,0,0,0,0.247,63.2,145.05,0.96,0.3,878,2.1,23,1.0,2024.0,220.0,110.18
2024,4,29,5,0,16.1,1.13,0.116,0.62,0,0,0,0,0,8.9,0,0,0,0,0.248,62.37,131.21,0.97,0.3,878,2.1,39,1.1,2024.0,220.0,109.78
2024,4,29,6,0,15.8,1.14,0.109,0.62,0,0,0,0,0,8.6,0,0,0,0,0.248,62.16,117.36,0.97,0.3,878,2.1,94,1.2,2024.0,220.0,125.0
2024,4,29,7,0,15.5,1.16,0.1,0.62,0,0,0,0,0,8.0,0,0,0,0,0.249,60.94,103.63,0.96,0.3,878,2.0,108,1.4,2024.0,220.0,220.64
2024,4,29,8,0,16.5,1.17,0.09,0.62,0,0,0,0,0,7.1,0,0,0,0,0.248,53.61,89.7,0.96,0.3,879,1.9,102,1.4,2024.0,220.0,145.31
2024,4,29,9,0,20.9,1.18,0.082,0.62,56,572,185,0,0,6.0,56,572,0,185,0.248,37.97,76.95,0.96,0.3,879,1.8,101,2.0,2024.0,220.0,54.49
2024,4,29,10,0,24.8,1.19,0.074,0.62,77,775,411,0,0,5.5,77,775,0,411,0.248,28.79,64.51,0.95,0.3,879,1.8,126,1.4,2024.0,220.0,38.56
2024,4,29,11,0,27.6,1.21,0.069,0.62,89,871,611,0,0,4.4,89,871,0,611,0.247,22.69,53.18,0.95,0.3,879,1.7,189,2.3,2024.0,220.0,44.64
2024,4,29,12,0,29.3,1.27,0.059,0.62,92,927,760,0,0,4.1,92,927,0,760,0.247,20.11,43.87,0.95,0.3,879,1.6,227,3.1,2024.0,220.0,34.46
2024,4,29,13,0,30.1,1.26,0.059,0.62,96,946,840,0,0,4.2,96,946,0,840,0.248,19.33,38.11,0.95,0.3,878,1.6,239,3.8,2024.0,220.0,4.0
2024,4,29,14,0,30.2,1.24,0.061,0.62,97,949,849,0,0,4.5,97,949,0,849,0.248,19.71,37.57,0.95,0.3,877,1.5,242,4.4,2024.0,220.0,39.98
2024,4,29,15,0,29.7,1.16,0.074,0.62,101,921,780,0,0,5.0,101,921,0,780,0.249,20.99,42.46,0.96,0.3,877,1.5,241,4.8,2024.0,220.0,0.0
2024,4,29,16,0,28.7,1.14,0.076,0.62,94,879,645,0,0,5.5,94,879,0,645,0.25,22.97,51.24,0.96,0.3,877,1.5,237,4.8,2024.0,220.0,0.0
2024,4,29,17,0,27.4,1.12,0.076,0.62,82,802,455,0,0,5.9,82,802,0,455,0.25,25.4,62.28,0.96,0.3,877,1.5,229,4.6,2024.0,220.0,12.58
2024,4,29,18,0,25.4,1.11,0.074,0.62,60,642,231,0,0,6.3,60,642,0,231,0.251,29.42,74.55,0.96,0.3,877,1.5,223,3.8,2024.0,220.0,55.86
2024,4,29,19,0,21.6,1.1,0.071,0.62,19,191,27,0,0,7.2,19,191,0,27,0.252,39.51,87.4,0.96,0.3,878,1.5,220,2.1,2024.0,220.0,105.15
2024,4,29,20,0,19.5,1.11,0.068,0.62,0,0,0,0,0,8.0,0,0,0,0,0.252,47.31,101.06,0.95,0.3,878,1.5,204,1.4,2024.0,220.0,106.23
2024,4,29,21,0,18.7,1.13,0.063,0.62,0,0,0,0,0,8.0,0,0,0,0,0.251,49.92,114.76,0.95,0.3,879,1.5,165,0.6,2024.0,220.0,105.15
2024,4,29,22,0,18.3,1.15,0.058,0.62,0,0,0,0,0,7.6,0,0,0,0,0.251,49.62,128.6,0.95,0.3,879,1.5,123,1.0,2024.0,220.0,86.78
2024,4,29,23,0,18.2,1.17,0.055,0.62,0,0,0,0,0,6.9,0,0,0,0,0.251,47.67,142.47,0.94,0.3,879,1.4,98,1.0,2024.0,220.0,84.11
2024,4,29,24,0,18.3,1.19,0.053,0.62,0,0,0,0,0,6.3,0,0,0,0,0.251,45.39,156.17,0.94,0.3,879,1.4,91,1.1,2024.0,220.0,85.22
2024,4,30,1,0,18.3,1.2,0.052,0.62,0,0,0,0,0,5.9,0,0,0,0,0.251,44.24,168.75,0.94,0.3,879,1.4,91,1.1,2024.0,220.0,73.49
2024,4,30,2,0,18.2,1.21,0.052,0.62,0,0,0,0,0,5.7,0,0,0,0,0.251,43.98,170.61,0.94,0.3,879,1.5,95,1.1,2024.0,220.0,65.05
2024,4,30,3,0,18.0,1.22,0.053,0.62,0,0,0,0,0,5.6,0,0,0,0,0.251,44.18,158.73,0.94,0.3,878,1.5,103,1.1,2024.0,220.0,64.68
2024,4,30,4,0,17.5,1.22,0.054,0.62,0,0,0,0,0,5.5,0,0,0,0,0.251,45.18,145.12,0.94,0.3,878,1.5,102,1.0,2024.0,220.0,60.7
2024,4,30,5,0,17.0,1.22,0.054,0.62,0,0,0,0,0,5.3,0,0,0,0,0.251,45.93,131.27,0.94,0.3,878,1.5,96,1.0,2024.0,220.0,61.77
2024,4,30,6,0,16.7,1.23,0.055,0.62,0,0,0,0,0,4.9,0,0,0,0,0.251,45.76,117.42,0.94,0.3,878,1.5,97,1.1,2024.0,220.0,64.47
2024,4,30,7,0,16.3,1.25,0.053,0.62,0,0,0,0,0,4.4,0,0,0,0,0.251,45.07,103.7,0.94,0.3,879,1.5,100,1.3,2024.0,220.0,74.44
2024,4,30,8,0,17.2,1.28,0.051,0.62,0,0,0,0,0,3.4,0,0,0,0,0.251,39.79,89.78,0.94,0.3,879,1.5,99,1.3,2024.0,220.0,59.15
2024,4,30,9,0,22.3,1.31,0.049,0.62,48,640,191,0,0,2.4,48,640,0,191,0.251,27.11,77.06,0.94,0.3,879,1.4,102,2.2,2024.0,220.0,9.01
2024,4,30,10,0,26.1,1.32,0.049,0.62,67,820,418,0,0,2.7,67,820,0,418,0.252,21.93,64.66,0.94,0.3,879,1.4,133,2.5,2024.0,220.0,0.0
2024,4,30,11,0,28.2,1.33,0.051,0.62,80,899,616,0,0,2.6,80,899,0,616,0.252,19.34,53.37,0.95,0.3,879,1.4,167,3.4,2024.0,220.0,0.0
2024,4,30,12,0,29.6,1.34,0.047,0.62,85,947,765,0,0,2.6,85,947,0,765,0.252,17.74,44.11,0.95,0.3,879,1.3,206,4.4,2024.0,220.0,0.0
2024,4,30,13,0,30.5,1.31,0.047,0.62,89,965,845,0,0,2.6,89,965,0,845,0.251,16.88,38.4,0.94,0.3,878,1.3,226,4.8,2024.0,220.0,0.0
2024,4,30,14,0,30.7,1.26,0.047,0.62,89,967,852,0,0,2.8,89,967,0,852,0.249,16.97,37.88,0.94,0.3,877,1.3,236,4.9,2024.0,220.0,0.0
2024,4,30,15,0,30.3,1.18,0.052,0.62,89,946,784,0,0,3.3,89,946,0,784,0.247,17.89,42.74,0.94,0.3,877,1.3,240,5.3,2024.0,220.0,0.0
2024,4,30,16,0,29.3,1.11,0.054,0.62,84,907,649,0,0,3.7,84,907,0,649,0.246,19.6,51.48,0.94,0.3,877,1.3,239,5.7,2024.0,220.0,0.0
2024,4,30,17,0,27.9,1.07,0.056,0.62,74,832,458,0,0,4.1,74,832,0,458,0.244,21.83,62.48,0.95,0.3,876,1.3,235,4.9,2024.0,220.0,0.0
2024,4,30,18,0,25.6,1.05,0.059,0.62,56,669,232,0,0,4.7,56,669,0,232,0.243,26.02,74.73,0.95,0.3,876,1.3,232,3.5,2024.0,220.0,30.54
2024,4,30,19,0,21.5,1.05,0.062,0.62,18,198,26,0,0,5.9,18,198,0,26,0.242,36.34,87.55,0.95,0.3,877,1.4,233,1.5,2024.0,220.0,80.19
2024,4,30,20,0,19.2,1.07,0.063,0.62,0,0,0,0,0,6.9,0,0,0,0,0.241,44.86,101.2,0.95,0.3,877,1.4,220,0.9,2024.0,220.0,79.64
2024,4,30,21,0,18.3,1.11,0.06,0.62,0,0,0,0,0,7.1,0,0,0,0,0.24,47.95,114.89,0.95,0.3,878,1.4,180,1.0,2024.0,220.0,70.13
2024,4,30,22,0,18.1,1.13,0.059,0.62,0,0,0,0,0,6.6,0,0,0,0,0.239,47.02,128.72,0.95,0.3,878,1.4,123,1.4,2024.0,220.0,69.27
2024,4,30,23,0,18.1,1.16,0.058,0.62,0,0,0,0,0,5.9,0,0,0,0,0.238,44.63,142.59,0.95,0.3,878,1.4,96,1.7,2024.0,220.0,85.19
2024,4,30,24,0,18.3,1.18,0.057,0.62,0,0,0,0,0,5.2,0,0,0,0,0.238,42.22,156.31,0.95,0.3,878,1.4,82,1.6,2024.0,220.0,80.3
2024,5,1,1,0,18.3,1.2,0.057,0.62,0,0,0,0,0,5.1,0,0,0,0,0.238,41.79,168.97,0.95,0.3,878,1.5,67,1.5,2024.0,220.0,71.77
2024,5,1,2,0,17.6,1.2,0.06,0.62,0,0,0,0,0,5.5,0,0,0,0,0.238,44.84,170.84,0.95,0.3,878,1.5,41,1.4,2024.0,220.0,64.7
2024,5,1,3,0,16.9,1.21,0.065,0.62,0,0,0,0,0,6.0,0,0,0,0,0.237,48.78,158.82,0.95,0.3,878,1.6,15,1.2,2024.0,220.0,65.05
2024,5,1,4,0,16.6,1.21,0.069,0.62,0,0,0,0,0,6.4,0,0,0,0,0.237,51.03,145.18,0.96,0.3,878,1.6,8,1.0,2024.0,220.0,73.28
2024,5,1,5,0,16.3,1.23,0.073,0.62,0,0,0,0,0,6.5,0,0,0,0,0.237,52.1,131.32,0.96,0.3,878,1.6,21,1.1,2024.0,220.0,76.65
2024,5,1,6,0,15.8,1.25,0.077,0.62,0,0,0,0,0,6.2,0,0,0,0,0.237,52.92,117.49,0.96,0.3,878,1.7,31,1.3,2024.0,220.0,76.06
2024,5,1,7,0,15.6,1.26,0.078,0.62,0,0,0,0,0,5.9,0,0,0,0,0.237,52.27,103.78,0.96,0.3,878,1.7,39,1.4,2024.0,220.0,75.8
2024,5,1,8,0,16.7,1.27,0.075,0.62,0,0,0,0,0,5.4,0,0,0,0,0.237,47.1,89.86,0.96,0.3,878,1.7,48,1.3,2024.0,220.0,54.64
2024,5,1,9,0,21.0,1.29,0.072,0.62,53,591,184,0,0,5.1,53,591,0,184,0.237,35.41,77.18,0.96,0.3,878,1.6,49,1.3,2024.0,220.0,0.0
2024,5,1,10,0,24.1,1.31,0.07,0.62,75,785,409,0,0,4.9,75,785,0,409,0.238,28.89,64.8,0.96,0.3,879,1.6,357,2.2,2024.0,220.0,1.26
2024,5,1,11,0,26.6,1.32,0.069,0.62,88,872,606,0,0,4.1,88,872,0,606,0.238,23.52,53.56,0.96,0.3,879,1.6,274,3.3,2024.0,220.0,35.77
2024,5,1,12,0,28.0,1.32,0.072,0.62,98,913,751,0,0,4.0,98,913,0,751,0.239,21.61,44.35,0.96,0.3,878,1.6,275,3.9,2024.0,220.0,0.0
2024,5,1,13,0,28.6,1.31,0.076,0.62,104,929,829,0,0,4.5,104,929,0,829,0.239,21.48,38.68,0.96,0.3,878,1.6,276,4.4,2024.0,220.0,0.0
2024,5,1,14,0,28.5,1.28,0.082,0.62,108,925,835,0,0,5.0,108,925,0,835,0.24,22.51,38.18,0.97,0.3,877,1.6,276,4.7,2024.0,220.0,0.0
2024,5,1,15,0,28.0,1.22,0.101,0.62,114,888,763,0,0,5.6,114,888,0,763,0.24,24.08,43.02,0.97,0.3,877,1.7,276,4.6,2024.0,220.0,0.0
2024,5,1,16,0,27.1,1.21,0.108,0.62,108,839,628,0,0,6.0,108,839,0,628,0.239,26.01,51.71,0.97,0.3,877,1.7,276,4.3,2024.0,220.0,0.0
2024,5,1,17,0,25.8,1.2,0.112,0.62,94,748,437,0,0,6.2,94,748,0,437,0.239,28.52,62.67,0.97,0.3,877,1.8,277,3.8,2024.0,220.0,0.0
2024,5,1,18,0,24.0,1.2,0.114,0.62,69,569,217,0,0,6.4,69,569,0,217,0.239,32.25,74.89,0.97,0.3,877,1.8,275,2.8,2024.0,220.0,25.65
2024,5,1,19,0,20.8,1.2,0.113,0.62,18,118,23,1,0,6.9,18,118,1,23,0.239,40.62,87.69,0.97,0.3,877,1.8,270,1.3,2024.0,220.0,80.28
2024,5,1,20,0,19.1,1.2,0.109,0.62,0,0,0,0,0,7.5,0,0,0,0,0.239,46.97,101.33,0.97,0.3,877,1.8,263,0.9,2024.0,220.0,81.4
2024,5,1,21,0,18.7,1.21,0.105,0.62,0,0,0,0,0,7.6,0,0,0,0,0.239,48.5,115.0,0.97,0.3,878,1.8,122,0.5,2024.0,220.0,89.72
2024,5,1,22,0,18.2,1.21,0.103,0.62,0,0,0,0,0,7.4,0,0,0,0,0.239,49.24,128.83,0.97,0.3,878,1.8,79,1.1,2024.0,220.0,108.75
2024,5,1,23,0,17.8,1.21,0.102,0.62,0,0,0,0,0,7.1,0,0,0,0,0.239,49.66,142.7,0.97,0.3,878,1.8,67,1.3,2024.0,220.0,91.81
2024,5,1,24,0,17.5,1.21,0.103,0.62,0,0,0,0,0,7.1,0,0,0,0,0.238,50.57,156.44,0.97,0.3,878,1.8,51,1.4,2024.0,220.0,84.29
2024,5,2,1,0,17.0,1.21,0.104,0.62,0,0,0,0,0,7.4,0,0,0,0,0.238,53.04,169.19,0.97,0.3,878,1.8,31,1.5,2024.0,220.0,75.76
2024,5,2,2,0,16.3,1.2,0.105,0.62,0,0,0,0,0,7.7,0,0,0,0,0.238,56.6,171.05,0.97,0.3,877,1.8,14,1.5,2024.0,220.0,71.09
2024,5,2,3,0,15.8,1.19,0.106,0.62,0,0,0,0,0,7.9,0,0,0,0,0.238,59.46,158.91,0.97,0.3,877,1.8,5,1.4,2024.0,220.0,71.09
2024,5,2,4,0,15.5,1.2,0.105,0.62,0,0,0,0,0,8.0,0,0,0,0,0.238,61.14,145.24,0.97,0.3,877,1.8,9,1.3,2024.0,220.0,69.21
2024,5,2,5,0,15.3,1.22,0.103,0.62,0,0,0,0,0,7.9,0,0,0,0,0.239,61.41,131.38,0.97,0.3,876,1.8,23,1.3,2024.0,220.0,70.78
2024,5,2,6,0,15.3,1.23,0.1,0.62,0,0,0,0,0,7.6,0,0,0,0,0.239,60.0,117.55,0.97,0.3,876,1.8,34,1.3,2024.0,220.0,79.14
2024,5,2,7,0,15.2,1.25,0.097,0.62,0,0,0,0,0,7.1,0,0,0,0,0.239,58.35,103.85,0.97,0.3,876,1.8,42,1.4,2024.0,220.0,103.64
2024,5,2,8,0,16.1,1.27,0.092,0.62,0,0,0,0,0,6.4,0,0,0,0,0.239,52.66,89.94,0.97,0.3,876,1.7,48,1.5,2024.0,220.0,96.49
2024,5,2,9,0,20.4,1.3,0.087,0.62,56,561,180,0,0,6.0,56,561,0,180,0.238,39.04,77.29,0.97,0.3,876,1.7,41,2.2,2024.0,220.0,10.21
2024,5,2,10,0,23.7,1.32,0.082,0.62,79,765,403,0,0,5.5,79,765,0,403,0.239,30.89,64.95,0.97,0.3,876,1.7,359,2.8,2024.0,220.0,0.0
2024,5,2,11,0,26.1,1.33,0.078,0.62,92,862,601,0,0,5.0,92,862,0,601,0.238,25.83,53.74,0.97,0.3,876,1.6,319,3.6,2024.0,220.0,0.0
2024,5,2,12,0,27.4,1.37,0.071,0.62,97,913,747,0,0,5.0,97,913,0,747,0.237,23.97,44.59,0.97,0.3,876,1.6,303,4.7,2024.0,220.0,0.0
2024,5,2,13,0,28.0,1.34,0.07,0.62,101,934,827,0,0,5.3,101,934,0,827,0.234,23.53,38.97,0.97,0.3,875,1.6,297,5.5,2024.0,220.0,0.0
2024,5,2,14,0,28.1,1.29,0.07,0.62,101,935,833,0,0,5.7,101,935,0,833,0.232,24.04,38.48,0.97,0.3,875,1.6,292,5.9,2024.0,220.0,0.0
2024,5,2,15,0,27.7,1.24,0.072,0.62,99,917,766,0,0,6.1,99,917,0,766,0.23,25.31,43.29,0.97,0.3,875,1.6,289,6.0,2024.0,220.0,0.0
2024,5,2,16,0,26.8,1.2,0.074,0.62,93,875,632,0,0,6.4,93,875,0,632,0.227,27.22,51.94,0.97,0.3,874,1.6,286,5.7,2024.0,220.0,0.0
2024,5,2,17,0,25.5,1.16,0.075,0.62,80,796,443,0,0,6.6,80,796,0,443,0.225,29.95,62.87,0.97,0.3,874,1.6,284,4.9,2024.0,220.0,0.0
2024,5,2,18,0,23.5,1.13,0.077,0.62,60,623,220,0,0,7.0,60,623,0,220,0.225,34.72,75.06,0.97,0.3,875,1.7,282,3.5,2024.0,220.0,11.83
2024,5,2,19,0,20.2,1.11,0.079,0.62,17,150,23,0,0,7.8,17,150,0,23,0.226,44.83,87.82,0.97,0.3,875,1.7,281,1.5,2024.0,220.0,111.7
2024,5,2,20,0,18.2,1.09,0.081,0.62,0,0,0,0,0,8.6,0,0,0,0,0.227,53.4,101.45,0.97,0.3,876,1.8,291,1.0,2024.0,220.0,111.7
2024,5,2,21,0,17.2,1.09,0.081,0.62,0,0,0,0,0,8.9,0,0,0,0,0.227,57.98,115.12,0.97,0.3,876,1.8,334,0.9,2024.0,220.0,111.7
2024,5,2,22,0,16.7,1.11,0.079,0.62,0,0,0,0,0,8.8,0,0,0,0,0.227,59.65,128.94,0.97,0.3,876,1.8,27,1.2,2024.0,220.0,111.7
2024,5,2,23,0,16.5,1.12,0.077,0.62,0,0,0,0,0,8.7,0,0,0,0,0.227,59.98,142.81,0.97,0.3,876,1.8,32,1.4,2024.0,220.0,111.7
2024,5,2,24,0,16.1,1.13,0.078,0.62,0,0,0,0,0,8.8,0,0,0,0,0.229,61.74,156.57,0.97,0.3,877,1.8,18,1.5,2024.0,220.0,111.7
2024,5,3,1,0,15.3,1.12,0.083,0.62,0,0,0,0,0,9.0,0,0,0,0,0.232,66.16,169.4,0.97,0.3,877,1.8,0,1.5,2024.0,220.0,82.45
2024,5,3,2,0,14.6,1.09,0.093,0.62,0,0,0,0,0,9.4,0,0,0,0,0.234,71.14,171.26,0.97,0.3,877,1.9,350,1.5,2024.0,220.0,82.45
2024,5,3,3,0,13.9,1.05,0.108,0.62,0,0,0,0,0,9.8,0,0,0,0,0.236,76.41,159.0,0.97,0.3,877,1.9,348,1.4,2024.0,220.0,82.45
2024,5,3,4,0,13.6,1.03,0.122,0.62,0,0,0,0,0,10.1,0,0,0,0,0.239,79.26,145.3,0.98,0.3,877,2.0,352,1.4,2024.0,220.0,82.45
2024,5,3,5,0,13.4,1.03,0.133,0.62,0,0,0,0,0,10.2,0,0,0,0,0.24,80.87,131.44,0.98,0.3,877,2.0,1,1.4,2024.0,220.0,91.65
2024,5,3,6,0,13.5,1.05,0.152,0.62,0,0,0,0,0,10.2,0,0,0,0,0.241,80.56,117.61,0.98,0.3,877,2.0,11,1.5,2024.0,220.0,91.76
2024,5,3,7,0,13.7,1.07,0.16,0.62,0,0,0,0,0,10.2,0,0,0,0,0.241,79.64,103.93,0.99,0.3,878,2.0,21,1.7,2024.0,220.0,118.78
2024,5,3,8,0,14.6,1.08,0.15,0.62,0,0,0,0,0,10.3,0,0,0,0,0.24,75.17,90.01,0.98,0.3,878,1.9,23,1.7,2024.0,220.0,123.04
2024,5,3,9,0,17.5,1.1,0.141,0.62,67,467,169,0,0,10.5,67,467,0,169,0.24,63.69,77.41,0.98,0.3,879,1.9,356,2.5,2024.0,220.0,56.52
2024,5,3,10,0,20.2,1.12,0.133,0.62,97,692,389,0,0,10.7,97,692,0,389,0.24,54.48,65.09,0.98,0.3,879,1.9,338,3.1,2024.0,220.0,22.04
2024,5,3,11,0,22.1,1.12,0.126,0.62,113,802,586,0,0,10.8,113,802,0,586,0.239,48.86,53.93,0.98,0.3,879,1.8,328,4.1,2024.0,220.0,0.0
2024,5,3,12,0,23.5,1.13,0.115,0.62,119,863,731,0,0,10.8,119,863,0,731,0.239,44.68,44.82,0.98,0.3,879,1.8,321,4.8,2024.0,220.0,0.0
2024,5,3,13,0,24.3,1.12,0.11,0.62,122,892,813,0,0,10.5,122,892,0,813,0.239,41.91,39.25,0.98,0.3,879,1.7,316,5.1,2024.0,220.0,0.0
2024,5,3,14,0,24.6,1.11,0.105,0.62,120,901,822,0,0,10.2,120,901,0,822,0.239,40.17,38.77,0.98,0.3,878,1.6,311,5.3,2024.0,220.0,0.0
2024,5,3,15,0,24.5,1.1,0.067,0.62,97,918,762,0,0,9.7,97,918,0,762,0.239,39.27,43.55,0.97,0.3,877,1.6,308,5.1,2024.0,220.0,0.0
2024,5,3,16,0,24.0,1.08,0.062,0.62,87,887,631,0,0,9.4,87,887,0,631,0.24,39.54,52.17,0.97,0.3,877,1.5,307,4.7,2024.0,220.0,0.0
2024,5,3,17,0,23.2,1.08,0.057,0.62,73,821,445,0,0,9.1,73,821,0,445,0.24,40.66,63.06,0.96,0.3,877,1.4,309,4.2,2024.0,220.0,0.0
2024,5,3,18,0,21.6,1.07,0.055,0.62,54,663,223,0,0,9.0,54,663,0,223,0.241,44.45,75.22,0.96,0.3,877,1.4,311,3.4,2024.0,220.0,39.96
2024,5,3,19,0,18.8,1.07,0.053,0.62,16,191,23,0,0,9.2,16,191,0,23,0.242,53.66,87.95,0.96,0.3,877,1.4,305,2.1,2024.0,220.0,91.11
2024,5,3,20,0,17.4,1.08,0.051,0.62,0,0,0,0,0,9.5,0,0,0,0,0.242,59.83,101.58,0.96,0.3,878,1.4,299,1.6,2024.0,220.0,91.11
2024,5,3,21,0,16.7,1.09,0.05,0.62,0,0,0,0,0,9.6,0,0,0,0,0.242,62.75,115.23,0.96,0.3,878,1.4,51,0.8,2024.0,220.0,91.11
2024,5,3,22,0,16.0,1.1,0.05,0.62,0,0,0,0,0,9.5,0,0,0,0,0.241,65.28,129.04,0.96,0.3,878,1.4,72,0.6,2024.0,220.0,92.58
2024,5,3,23,0,16.0,1.11,0.049,0.62,0,0,0,0,0,9.4,0,0,0,0,0.24,64.89,142.91,0.96,0.3,878,1.4,69,0.6,2024.0,220.0,108.74
2024,5,3,24,0,16.0,1.12,0.049,0.62,0,0,0,0,0,9.3,0,0,0,0,0.24,64.31,156.68,0.96,0.3,878,1.4,62,0.8,2024.0,220.0,108.74
2024,5,4,1,0,15.9,1.13,0.047,0.62,0,0,0,0,0,9.1,0,0,0,0,0.24,63.82,169.6,0.96,0.3,878,1.3,54,1.0,2024.0,220.0,83.27
2024,5,4,2,0,15.8,1.14,0.045,0.62,0,0,0,0,0,8.7,0,0,0,0,0.241,62.86,171.46,0.95,0.3,878,1.3,50,0.9,2024.0,220.0,76.87
2024,5,4,3,0,15.6,1.16,0.043,0.62,0,0,0,0,0,8.3,0,0,0,0,0.242,61.89,159.08,0.95,0.3,877,1.3,47,0.8,2024.0,220.0,80.12
2024,5,4,4,0,15.5,1.17,0.042,0.62,0,0,0,0,0,7.8,0,0,0,0,0.242,60.31,145.36,0.95,0.3,877,1.3,46,0.8,2024.0,220.0,102.96
2024,5,4,5,0,15.3,1.17,0.042,0.62,0,0,0,0,0,7.3,0,0,0,0,0.242,58.82,131.5,0.95,0.3,877,1.3,46,0.9,2024.0,220.0,106.75
2024,5,4,6,0,15.2,1.17,0.041,0.62,0,0,0,0,0,6.8,0,0,0,0,0.241,57.06,117.68,0.95,0.3,877,1.3,49,0.9,2024.0,220.0,96.75
2024,5,4,7,0,14.8,1.18,0.04,0.62,0,0,0,0,0,6.0,0,0,0,0,0.24,55.43,104.0,0.95,0.3,878,1.3,55,1.0,2024.0,220.0,92.87
2024,5,4,8,0,15.7,1.18,0.04,0.62,0,0,0,0,1,4.8,0,0,0,0,0.239,48.33,90.09,0.94,0.3,878,1.3,58,1.0,2024.0,220.0,73.59
2024,5,4,9,0,20.2,1.2,0.039,0.62,45,654,186,0,0,4.7,45,654,0,186,0.238,36.17,77.52,0.94,0.3,879,1.2,54,2.0,2024.0,220.0,0.0
2024,5,4,10,0,23.3,1.21,0.037,0.62,62,836,412,0,0,6.4,62,836,0,412,0.237,33.69,65.24,0.94,0.3,879,1.2,23,2.8,2024.0,220.0,0.0
2024,5,4,11,0,25.8,1.23,0.034,0.62,71,923,612,0,0,6.2,71,923,0,612,0.237,28.62,54.11,0.94,0.3,878,1.1,351,3.9,2024.0,220.0,0.0
2024,5,4,12,0,27.5,1.22,0.033,0.62,77,963,757,0,0,5.6,77,963,0,757,0.236,24.76,45.05,0.93,0.3,878,1.1,324,4.5,2024.0,220.0,0.0
2024,5,4,13,0,28.4,1.21,0.033,0.62,80,984,839,0,0,4.9,80,984,0,839,0.236,22.38,39.52,0.93,0.3,877,1.0,303,4.9,2024.0,220.0,0.0
2024,5,4,14,0,28.6,1.18,0.034,0.62,81,985,846,0,0,4.7,81,985,0,846,0.235,21.86,39.05,0.93,0.3,877,1.0,294,4.9,2024.0,220.0,0.0
2024,5,4,15,0,28.1,1.13,0.037,0.62,81,967,778,0,0,5.0,81,967,0,778,0.235,22.9,43.81,0.94,0.3,877,1.0,292,4.5,2024.0,220.0,0.0
2024,5,4,16,0,27.0,1.09,0.04,0.62,76,928,643,0,0,5.4,76,928,0,643,0.235,25.13,52.39,0.94,0.3,877,1.0,292,4.0,2024.0,220.0,0.0
2024,5,4,17,0,25.4,1.06,0.042,0.62,67,854,452,0,0,5.8,67,854,0,452,0.235,28.42,63.24,0.95,0.3,877,1.0,293,3.4,2024.0,220.0,0.0
2024,5,4,18,0,23.2,1.01,0.048,0.62,52,687,225,0,0,6.4,52,687,0,225,0.235,33.73,75.37,0.95,0.3,877,1.0,296,2.7,2024.0,220.0,46.88
2024,5,4,19,0,19.6,1.0,0.048,0.62,15,199,22,0,0,7.4,15,199,0,22,0.236,45.3,88.08,0.95,0.3,878,1.0,296,1.5,2024.0,220.0,109.0
2024,5,4,20,0,17.6,1.0,0.047,0.62,0,0,0,0,0,8.1,0,0,0,0,0.236,53.85,101.69,0.95,0.3,878,1.0,299,1.0,2024.0,220.0,87.82
2024,5,4,21,0,17.0,1.01,0.046,0.62,0,0,0,0,0,8.1,0,0,0,0,0.236,55.95,115.33,0.95,0.3,878,1.0,349,0.6,2024.0,220.0,83.3
2024,5,4,22,0,16.7,1.02,0.044,0.62,0,0,0,0,0,7.8,0,0,0,0,0.235,55.66,129.14,0.95,0.3,878,1.0,49,0.8,2024.0,220.0,106.27
2024,5,4,23,0,16.5,1.03,0.044,0.62,0,0,0,0,0,7.4,0,0,0,0,0.235,55.06,143.01,0.95,0.3,879,1.0,41,1.0,2024.0,220.0,91.02
2024,5,4,24,0,15.9,1.04,0.045,0.62,0,0,0,0,0,7.3,0,0,0,0,0.235,56.82,156.8,0.95,0.3,879,1.1,15,1.0,2024.0,220.0,107.0
2024,5,5,1,0,15.0,1.05,0.046,0.62,0,0,0,0,0,7.6,0,0,0,0,0.236,61.1,169.79,0.95,0.3,879,1.1,358,1.0,2024.0,220.0,91.25
2024,5,5,2,0,14.5,1.06,0.046,0.62,0,0,0,0,0,7.8,0,0,0,0,0.237,64.25,171.66,0.95,0.3,879,1.1,360,0.9,2024.0,220.0,91.25
2024,5,5,3,0,14.5,1.08,0.045,0.62,0,0,0,0,0,7.8,0,0,0,0,0.237,63.93,159.16,0.95,0.3,879,1.1,17,0.9,2024.0,220.0,91.25
2024,5,5,4,0,14.6,1.1,0.042,0.62,0,0,0,0,0,7.2,0,0,0,0,0.237,61.32,145.42,0.95,0.3,878,1.0,45,1.1,2024.0,220.0,91.25
2024,5,5,5,0,14.6,1.13,0.038,0.62,0,0,0,0,0,6.3,0,0,0,0,0.239,57.53,131.56,0.94,0.3,878,1.0,64,1.1,2024.0,220.0,91.25
2024,5,5,6,0,14.7,1.15,0.035,0.62,0,0,0,0,0,4.9,0,0,0,0,0.239,51.92,117.74,0.93,0.3,878,0.9,70,1.1,2024.0,220.0,91.25
2024,5,5,7,0,14.8,1.17,0.032,0.62,0,0,0,0,0,3.2,0,0,0,0,0.239,45.78,104.08,0.93,0.3,878,0.8,68,1.1,2024.0,220.0,91.25
2024,5,5,8,0,15.8,1.18,0.03,0.62,0,0,0,0,1,1.5,0,0,0,0,0.239,38.01,90.17,0.92,0.3,879,0.8,61,1.1,2024.0,220.0,81.03
2024,5,5,9,0,19.9,1.2,0.028,0.62,41,698,191,0,0,0.9,41,698,0,191,0.239,28.11,77.64,0.92,0.3,879,0.7,45,1.2,2024.0,220.0,46.71
2024,5,5,10,0,23.1,1.22,0.027,0.62,57,873,421,0,0,1.4,57,873,0,421,0.239,24.02,65.39,0.91,0.3,879,0.7,355,2.4,2024.0,220.0,47.01
2024,5,5,11,0,25.5,1.22,0.026,0.62,66,949,620,0,0,0.2,66,949,0,620,0.239,19.07,54.3,0.91,0.3,879,0.7,335,3.5,2024.0,220.0,54.19
2024,5,5,12,0,27.0,1.15,0.027,0.62,73,986,767,0,0,-0.6,73,986,0,767,0.239,16.46,45.28,0.92,0.3,879,0.7,328,4.1,2024.0,220.0,55.87
2024,5,5,13,0,27.9,1.12,0.027,0.62,76,997,842,0,0,-0.8,76,997,0,842,0.239,15.4,39.79,0.92,0.3,878,0.8,323,4.6,2024.0,220.0,32.82
2024,5,5,14,0,28.3,1.1,0.028,0.62,77,997,849,0,0,-0.5,77,997,0,849,0.238,15.31,39.34,0.93,0.3,878,0.8,318,5.0,2024.0,220.0,6.01
2024,5,5,15,0,28.0,0.88,0.037,0.62,81,968,777,0,0,0.2,81,968,0,777,0.238,16.39,44.07,0.93,0.3,877,0.9,310,5.0,2024.0,220.0,0.0
2024,5,5,16,0,27.2,0.89,0.036,0.62,74,934,642,0,0,0.8,74,934,0,642,0.238,18.0,52.61,0.93,0.3,877,0.9,307,4.7,2024.0,220.0,0.0
2024,5,5,17,0,25.9,0.91,0.035,0.62,64,865,451,0,0,1.4,64,865,0,451,0.238,20.25,63.43,0.93,0.3,877,0.9,307,4.2,2024.0,220.0,32.76
2024,5,5,18,0,23.7,0.94,0.034,0.62,47,714,226,0,0,2.1,47,714,0,226,0.238,24.37,75.53,0.93,0.3,877,0.9,306,3.0,2024.0,220.0,83.34
2024,5,5,19,0,19.4,0.97,0.033,0.62,14,230,21,0,0,3.3,14,230,0,21,0.239,34.37,88.2,0.93,0.3,877,1.0,303,1.5,2024.0,220.0,104.67
2024,5,5,20,0,17.9,0.99,0.033,0.62,0,0,0,0,0,4.5,0,0,0,0,0.239,40.99,101.81,0.93,0.3,878,1.0,325,0.8,2024.0,220.0,106.28
2024,5,5,21,0,16.9,1.01,0.034,0.62,0,0,0,0,0,4.8,0,0,0,0,0.238,44.88,115.43,0.94,0.3,878,1.0,22,0.8,2024.0,220.0,98.73
2024,5,5,22,0,16.2,1.02,0.034,0.62,0,0,0,0,0,4.8,0,0,0,0,0.238,46.86,129.23,0.94,0.3,879,1.1,32,1.1,2024.0,220.0,91.84
2024,5,5,23,0,15.7,1.04,0.035,0.62,0,0,0,0,0,4.8,0,0,0,0,0.237,48.27,143.1,0.94,0.3,879,1.1,28,1.3,2024.0,220.0,99.89
2024,5,5,24,0,15.1,1.05,0.036,0.62,0,0,0,0,0,5.1,0,0,0,0,0.237,51.18,156.9,0.94,0.3,879,1.2,19,1.4,2024.0,220.0,117.93
2024,5,6,1,0,14.6,1.06,0.036,0.62,0,0,0,0,0,5.4,0,0,0,0,0.238,54.17,169.97,0.94,0.3,879,1.2,14,1.3,2024.0,220.0,91.12
2024,5,6,2,0,14.3,1.07,0.036,0.62,0,0,0,0,0,5.6,0,0,0,0,0.238,55.99,171.85,0.94,0.3,879,1.2,15,1.3,2024.0,220.0,88.87
2024,5,6,3,0,14.0,1.08,0.036,0.62,0,0,0,0,0,5.6,0,0,0,0,0.238,56.93,159.24,0.94,0.3,878,1.2,19,1.3,2024.0,220.0,86.67
2024,5,6,4,0,13.9,1.08,0.036,0.62,0,0,0,0,0,5.4,0,0,0,0,0.237,56.48,145.48,0.94,0.3,878,1.2,21,1.4,2024.0,220.0,86.84
2024,5,6,5,0,13.7,1.09,0.035,0.62,0,0,0,0,0,5.1,0,0,0,0,0.237,55.97,131.62,0.94,0.3,878,1.2,21,1.5,2024.0,220.0,86.67
2024,5,6,6,0,13.6,1.1,0.034,0.62,0,0,0,0,0,4.6,0,0,0,0,0.238,54.65,117.81,0.93,0.3,878,1.2,25,1.5,2024.0,220.0,86.67
2024,5,6,7,0,13.5,1.11,0.033,0.62,0,0,0,0,0,4.0,0,0,0,0,0.237,52.63,104.16,0.93,0.3,878,1.1,30,1.5,2024.0,220.0,116.55
2024,5,6,8,0,14.8,1.11,0.033,0.62,0,0,0,0,0,3.2,0,0,0,0,0.237,45.88,90.25,0.93,0.3,878,1.1,32,1.4,2024.0,220.0,118.19
2024,5,6,9,0,19.2,1.11,0.033,0.62,42,664,183,0,0,3.2,42,664,0,183,0.237,34.5,77.75,0.93,0.3,878,1.1,22,1.5,2024.0,220.0,30.1
2024,5,6,10,0,22.2,1.12,0.032,0.62,59,844,409,0,0,3.8,59,844,0,409,0.238,30.0,65.53,0.93,0.3,878,1.1,341,2.1,2024.0,220.0,0.0
2024,5,6,11,0,24.9,1.12,0.031,0.62,69,919,603,0,0,4.0,69,919,0,603,0.238,25.82,54.48,0.93,0.3,878,1.2,329,3.3,2024.0,220.0,0.0
2024,5,6,12,0,26.5,1.03,0.037,0.62,79,952,746,0,0,4.0,79,952,0,746,0.239,23.57,45.51,0.93,0.3,878,1.2,319,4.1,2024.0,220.0,0.0
2024,5,6,13,0,27.0,1.03,0.041,0.62,85,962,821,0,0,4.4,85,962,0,821,0.24,23.55,40.06,0.93,0.3,878,1.3,312,4.7,2024.0,220.0,0.0
2024,5,6,14,0,26.9,1.03,0.043,0.62,86,958,825,0,0,4.9,86,958,0,825,0.24,24.38,39.61,0.94,0.3,877,1.4,308,4.9,2024.0,220.0,0.0
2024,5,6,15,0,26.5,1.0,0.047,0.62,86,936,755,0,0,5.2,86,936,0,755,0.24,25.52,44.32,0.94,0.3,877,1.5,306,4.7,2024.0,220.0,0.0
2024,5,6,16,0,25.6,1.0,0.046,0.62,78,900,622,0,0,5.5,78,900,0,622,0.239,27.6,52.82,0.94,0.3,877,1.5,303,4.4,2024.0,220.0,0.0
2024,5,6,17,0,24.1,1.01,0.046,0.62,68,823,433,0,0,6.0,68,823,0,433,0.239,31.19,63.6,0.94,0.3,877,1.6,304,4.1,2024.0,220.0,0.0
2024,5,6,18,0,21.9,1.01,0.046,0.62,50,663,214,0,0,6.6,50,663,0,214,0.239,37.2,75.68,0.94,0.3,877,1.6,307,3.5,2024.0,220.0,61.92
2024,5,6,19,0,18.5,1.02,0.048,0.62,14,171,19,0,0,7.6,14,171,0,19,0.24,49.07,88.32,0.94,0.3,877,1.6,301,2.0,2024.0,220.0,129.88
2024,5,6,20,0,16.7,1.01,0.05,0.62,0,0,0,0,0,8.4,0,0,0,0,0.24,57.98,101.92,0.95,0.3,877,1.6,310,1.4,2024.0,220.0,136.61
2024,5,6,21,0,16.0,1.01,0.052,0.62,0,0,0,0,0,8.6,0,0,0,0,0.24,61.47,115.53,0.94,0.3,878,1.6,15,0.8,2024.0,220.0,136.61
2024,5,6,22,0,15.6,1.02,0.052,0.62,0,0,0,0,0,8.4,0,0,0,0,0.239,62.23,129.32,0.94,0.3,878,1.6,40,0.8,2024.0,220.0,136.61
2024,5,6,23,0,15.4,1.03,0.051,0.62,0,0,0,0,0,8.2,0,0,0,0,0.239,62.01,143.19,0.94,0.3,878,1.5,34,1.1,2024.0,220.0,125.77
2024,5,6,24,0,15.1,1.03,0.052,0.62,0,0,0,0,0,8.1,0,0,0,0,0.24,62.91,157.0,0.94,0.3,878,1.5,15,1.3,2024.0,220.0,117.28
2024,5,7,1,0,14.6,1.03,0.053,0.62,0,0,0,0,0,8.3,0,0,0,0,0.24,65.73,170.14,0.95,0.3,878,1.5,350,1.4,2024.0,220.0,105.4
2024,5,7,2,0,13.9,1.03,0.053,0.62,0,0,0,0,0,8.5,0,0,0,0,0.241,70.01,172.03,0.95,0.3,878,1.5,337,1.4,2024.0,220.0,105.4
2024,5,7,3,0,13.4,1.05,0.055,0.62,0,0,0,0,0,8.7,0,0,0,0,0.242,73.13,159.31,0.95,0.3,878,1.5,352,1.4,2024.0,220.0,109.98
2024,5,7,4,0,13.2,1.07,0.055,0.62,0,0,0,0,0,8.6,0,0,0,0,0.242,73.51,145.54,0.95,0.3,878,1.4,34,1.3,2024.0,220.0,113.98
2024,5,7,5,0,13.3,1.09,0.051,0.62,0,0,0,0,0,8.1,0,0,0,0,0.243,70.61,131.67,0.95,0.3,878,1.4,50,1.2,2024.0,220.0,113.98
2024,5,7,6,0,13.6,1.11,0.049,0.62,0,0,0,0,0,7.3,0,0,0,0,0.243,65.81,117.87,0.94,0.3,878,1.4,52,1.2,2024.0,220.0,114.3
2024,5,7,7,0,14.0,1.11,0.047,0.62,0,0,0,0,0,6.6,0,0,0,0,0.243,61.03,104.24,0.94,0.3,878,1.3,49,1.2,2024.0,220.0,128.94
2024,5,7,8,0,14.7,1.12,0.045,0.62,0,0,0,0,0,6.1,0,0,0,0,0.243,56.46,90.87,0.94,0.3,878,1.3,40,1.2,2024.0,220.0,131.85
2024,5,7,9,0,18.0,1.13,0.043,0.62,45,636,178,0,0,6.0,45,636,0,178,0.243,45.22,77.87,0.94,0.3,878,1.2,25,1.9,2024.0,220.0,73.66
2024,5,7,10,0,20.8,1.13,0.042,0.62,64,823,402,0,0,5.7,64,823,0,402,0.243,37.28,65.68,0.94,0.3,879,1.2,350,2.9,2024.0,220.0,58.21
2024,5,7,11,0,23.0,1.13,0.041,0.62,74,906,598,0,0,5.1,74,906,0,598,0.243,31.3,54.67,0.94,0.3,879,1.2,335,3.5,2024.0,220.0,24.9
2024,5,7,12,0,24.5,1.2,0.037,0.62,79,951,743,0,0,4.9,79,951,0,743,0.242,28.26,45.74,0.94,0.3,879,1.2,323,4.1,2024.0,220.0,0.0
2024,5,7,13,0,25.3,1.2,0.038,0.62,83,968,821,0,0,4.8,83,968,0,821,0.241,26.62,40.33,0.94,0.3,879,1.2,311,5.1,2024.0,220.0,0.0
2024,5,7,14,0,25.3,1.18,0.04,0.62,84,967,826,1,0,4.9,84,967,1,826,0.24,26.92,39.89,0.94,0.3,879,1.2,303,5.8,2024.0,220.0,0.0
2024,5,7,15,0,24.6,1.19,0.042,0.62,83,947,757,0,0,5.3,83,947,0,757,0.239,28.78,44.57,0.95,0.3,879,1.3,297,5.6,2024.0,220.0,0.0
2024,5,7,16,0,23.5,1.17,0.043,0.62,77,909,624,0,0,5.6,77,909,0,624,0.237,31.39,53.03,0.95,0.3,879,1.3,293,4.5,2024.0,220.0,0.0
2024,5,7,17,0,22.2,1.15,0.043,0.62,66,836,436,0,0,5.7,66,836,0,436,0.237,34.34,63.78,0.95,0.3,879,1.3,292,3.5,2024.0,220.0,48.98
2024,5,7,18,0,20.4,1.14,0.043,0.62,49,680,216,0,0,5.9,49,680,0,216,0.237,38.87,75.82,0.95,0.3,879,1.2,289,2.6,2024.0,220.0,145.97
2024,5,7,19,0,17.5,1.13,0.042,0.62,13,190,19,0,0,6.5,13,190,0,19,0.237,48.46,88.43,0.95,0.3,879,1.2,280,1.4,2024.0,220.0,154.15
2024,5,7,20,0,16.2,1.12,0.043,0.62,0,0,0,0,0,7.0,0,0,0,0,0.237,54.63,102.02,0.95,0.3,879,1.2,267,1.1,2024.0,220.0,154.11
2024,5,7,21,0,15.5,1.12,0.043,0.62,0,0,0,0,0,7.2,0,0,0,0,0.237,57.53,115.62,0.95,0.3,880,1.2,336,0.8,2024.0,220.0,172.14
2024,5,7,22,0,15.0,1.12,0.044,0.62,0,0,0,0,0,6.9,0,0,0,0,0.236,58.33,129.4,0.95,0.3,880,1.1,57,0.9,2024.0,220.0,147.38
2024,5,7,23,0,14.7,1.13,0.045,0.62,0,0,0,0,0,6.5,0,0,0,0,0.237,57.9,143.27,0.95,0.3,880,1.1,40,1.0,2024.0,220.0,98.36
2024,5,7,24,0,14.7,1.13,0.046,0.62,0,0,0,0,0,6.2,0,0,0,0,0.237,56.84,157.09,0.95,0.3,880,1.1,23,1.0,2024.0,220.0,88.33
2024,5,8,1,0,14.7,1.14,0.046,0.62,0,0,0,0,0,6.1,0,0,0,0,0.237,56.3,170.3,0.95,0.3,880,1.0,24,1.0,2024.0,220.0,89.0
2024,5,8,2,0,14.6,1.15,0.043,0.62,0,0,0,0,0,5.8,0,0,0,0,0.237,55.73,172.21,0.95,0.3,880,1.0,55,1.0,2024.0,220.0,76.98
2024,5,8,3,0,14.1,1.18,0.039,0.62,0,0,0,0,0,5.3,0,0,0,0,0.237,55.27,159.38,0.94,0.3,879,0.9,79,1.1,2024.0,220.0,74.17
2024,5,8,4,0,14.0,1.2,0.035,0.62,0,0,0,0,0,4.2,0,0,0,0,0.238,51.67,145.6,0.94,0.3,878,0.8,82,1.1,2024.0,220.0,72.53
2024,5,8,5,0,14.2,1.22,0.031,0.62,0,0,0,0,0,2.7,0,0,0,0,0.239,46.01,131.73,0.93,0.3,877,0.8,80,1.1,2024.0,220.0,72.45
2024,5,8,6,0,14.5,1.25,0.028,0.62,0,0,0,0,0,1.1,0,0,0,0,0.24,40.04,117.94,0.92,0.3,877,0.7,75,1.1,2024.0,220.0,72.45
2024,5,8,7,0,14.6,1.28,0.024,0.62,0,0,0,0,0,-0.7,0,0,0,0,0.241,35.02,104.31,0.91,0.3,877,0.7,67,1.2,2024.0,220.0,73.55
2024,5,8,8,0,15.7,1.3,0.023,0.62,0,0,0,0,1,-2.2,0,0,0,0,0.24,29.16,90.96,0.91,0.3,877,0.7,56,1.2,2024.0,220.0,69.43
2024,5,8,9,0,20.5,1.31,0.024,0.62,39,700,185,0,0,-3.0,39,700,0,185,0.241,20.3,77.99,0.91,0.3,878,0.7,39,1.7,2024.0,220.0,7.49
2024,5,8,10,0,24.0,1.3,0.026,0.62,56,869,412,0,0,-2.2,56,869,0,412,0.242,17.49,65.82,0.92,0.3,878,0.7,356,2.4,2024.0,220.0,0.0
2024,5,8,11,0,26.1,1.28,0.028,0.62,67,943,610,0,0,-1.9,67,943,0,610,0.243,15.75,54.85,0.92,0.3,878,0.7,325,3.3,2024.0,220.0,0.0
2024,5,8,12,0,27.5,1.25,0.031,0.62,75,978,755,0,0,-1.8,75,978,0,755,0.244,14.57,45.96,0.93,0.3,877,0.7,312,3.7,2024.0,220.0,0.0
2024,5,8,13,0,28.2,1.23,0.033,0.62,80,993,834,0,0,-1.3,80,993,0,834,0.246,14.55,40.59,0.93,0.3,877,0.7,302,4.0,2024.0,220.0,0.0
2024,5,8,14,0,28.4,1.21,0.035,0.62,81,987,836,0,0,-0.8,81,987,0,836,0.247,14.95,40.15,0.94,0.3,877,0.8,294,4.5,2024.0,220.0,0.0
2024,5,8,15,0,28.1,1.07,0.042,0.62,83,965,767,0,8,-0.2,276,516,0,641,0.247,15.92,44.81,0.94,0.3,876,0.8,288,4.9,2024.0,220.0,0.0
2024,5,8,16,0,27.3,1.07,0.046,0.62,79,924,631,0,8,0.3,251,410,0,497,0.248,17.29,53.24,0.94,0.3,876,0.8,284,4.7,2024.0,220.0,0.0
2024,5,8,17,0,26.0,1.06,0.049,0.62,69,840,438,0,8,0.8,196,357,0,353,0.248,19.35,63.95,0.94,0.3,876,0.9,280,3.9,2024.0,220.0,0.0
2024,5,8,18,0,23.5,1.06,0.051,0.62,51,673,214,0,0,1.7,51,673,0,214,0.248,23.84,75.96,0.94,0.3,876,0.9,275,2.9,2024.0,220.0,69.88
2024,5,8,19,0,19.8,1.04,0.051,0.62,13,162,17,0,0,3.2,13,162,0,17,0.249,33.4,88.54,0.94,0.3,876,0.9,269,1.5,2024.0,220.0,96.3
2024,5,8,20,0,18.7,1.03,0.05,0.62,0,0,0,0,0,4.2,0,0,0,0,0.249,38.3,102.13,0.94,0.3,877,0.9,272,0.9,2024.0,220.0,102.38
2024,5,8,21,0,18.1,1.04,0.049,0.62,0,0,0,0,0,4.2,0,0,0,0,0.248,39.65,115.71,0.94,0.3,877,0.9,64,0.7,2024.0,220.0,102.38
2024,5,8,22,0,17.8,1.04,0.049,0.62,0,0,0,0,0,3.6,0,0,0,0,0.248,38.86,129.48,0.94,0.3,878,0.9,64,1.1,2024.0,220.0,102.38
2024,5,8,23,0,17.7,1.05,0.048,0.62,0,0,0,0,0,3.1,0,0,0,0,0.248,37.62,143.35,0.94,0.3,878,0.9,57,1.1,2024.0,220.0,102.38
2024,5,8,24,0,17.5,1.06,0.046,0.62,0,0,0,0,0,2.9,0,0,0,0,0.248,37.78,157.18,0.93,0.3,878,1.0,43,1.1,2024.0,220.0,89.82
2024,5,9,1,0,17.0,1.06,0.046,0.62,0,0,0,0,0,3.2,0,0,0,0,0.248,39.7,170.46,0.93,0.3,877,1.0,21,1.0,2024.0,220.0,72.19
2024,5,9,2,0,16.4,1.05,0.046,0.62,0,0,0,0,0,3.6,0,0,0,0,0.247,42.42,172.37,0.93,0.3,877,1.0,4,0.9,2024.0,220.0,85.66
2024,5,9,3,0,16.0,1.06,0.046,0.62,0,0,0,0,0,3.7,0,0,0,0,0.247,43.88,159.45,0.93,0.3,877,1.0,15,0.9,2024.0,220.0,89.45
2024,5,9,4,0,15.7,1.07,0.044,0.62,0,0,0,0,0,3.4,0,0,0,0,0.246,43.8,145.65,0.93,0.3,877,1.0,36,1.1,2024.0,220.0,87.69
2024,5,9,5,0,15.5,1.08,0.044,0.62,0,0,0,0,0,3.0,0,0,0,0,0.246,43.2,131.79,0.93,0.3,877,1.1,37,1.2,2024.0,220.0,86.6
2024,5,9,6,0,15.1,1.09,0.044,0.62,0,0,0,0,0,2.9,0,0,0,0,0.246,43.95,118.01,0.93,0.3,877,1.1,33,1.3,2024.0,220.0,88.22
2024,5,9,7,0,14.6,1.11,0.044,0.62,0,0,0,0,0,2.8,0,0,0,0,0.246,44.87,104.39,0.93,0.3,877,1.1,36,1.3,2024.0,220.0,88.12
2024,5,9,8,0,15.3,1.13,0.043,0.62,0,0,0,0,0,2.3,0,0,0,0,0.246,41.44,91.06,0.93,0.3,878,1.1,41,1.2,2024.0,220.0,94.69
2024,5,9,9,0,19.9,1.15,0.043,0.62,44,630,174,0,8,2.0,102,184,0,140,0.247,30.39,78.1,0.93,0.3,878,1.2,35,1.3,2024.0,220.0,19.84
2024,5,9,10,0,23.3,1.16,0.043,0.62,63,818,396,0,0,2.3,63,818,0,396,0.247,25.18,65.97,0.93,0.3,878,1.2,346,1.4,2024.0,220.0,0.0
2024,5,9,11,0,25.1,1.16,0.045,0.62,76,898,590,0,0,2.6,76,898,0,590,0.247,23.15,55.03,0.93,0.3,879,1.2,319,2.6,2024.0,220.0,0.0
2024,5,9,12,0,25.8,1.18,0.047,0.62,84,935,731,0,0,3.4,84,935,0,731,0.245,23.47,46.19,0.94,0.3,879,1.3,309,3.5,2024.0,220.0,0.0
2024,5,9,13,0,26.1,1.15,0.049,0.62,89,951,808,0,0,3.9,89,951,0,808,0.243,23.9,40.84,0.94,0.3,879,1.3,304,4.2,2024.0,220.0,0.0
2024,5,9,14,0,26.1,1.12,0.05,0.62,90,951,814,0,0,4.4,90,951,0,814,0.24,24.74,40.42,0.94,0.3,879,1.3,303,4.7,2024.0,220.0,0.0
2024,5,9,15,0,25.6,1.16,0.05,0.62,87,936,748,0,3,4.8,378,352,0,626,0.237,26.27,45.05,0.95,0.3,879,1.3,304,4.8,2024.0,220.0,0.0
2024,5,9,16,0,24.9,1.12,0.052,0.62,81,896,615,0,8,5.0,244,495,0,539,0.235,27.82,53.44,0.95,0.3,879,1.3,305,4.4,2024.0,220.0,0.0
2024,5,9,17,0,23.6,1.1,0.055,0.62,71,815,427,0,3,5.3,258,72,0,289,0.233,30.52,64.11,0.95,0.3,879,1.3,303,3.6,2024.0,220.0,29.06
2024,5,9,18,0,21.6,1.07,0.059,0.62,53,640,207,0,3,5.8,133,30,0,141,0.233,35.71,76.1,0.96,0.3,879,1.3,297,2.6,2024.0,220.0,69.87
2024,5,9,19,0,18.6,1.06,0.062,0.62,13,124,16,0,1,6.9,13,124,0,16,0.233,46.51,88.65,0.96,0.3,880,1.4,290,1.4,2024.0,220.0,112.65
2024,5,9,20,0,17.3,1.05,0.064,0.62,0,0,0,0,8,7.8,0,0,0,0,0.233,53.63,102.22,0.96,0.3,880,1.4,306,1.1,2024.0,220.0,122.03
2024,5,9,21,0,16.8,1.05,0.065,0.62,0,0,0,0,0,8.0,0,0,0,0,0.233,56.22,115.8,0.96,0.3,881,1.4,18,0.7,2024.0,220.0,127.36
2024,5,9,22,0,16.9,1.05,0.065,0.62,0,0,0,0,0,7.8,0,0,0,0,0.233,55.06,129.56,0.96,0.3,881,1.4,43,1.0,2024.0,220.0,127.36
2024,5,9,23,0,17.2,1.05,0.064,0.62,0,0,0,0,0,7.5,0,0,0,0,0.233,52.98,143.42,0.96,0.3,881,1.4,41,1.1,2024.0,220.0,124.91
2024,5,9,24,0,17.3,1.06,0.061,0.62,0,0,0,0,8,7.3,0,0,0,0,0.234,52.0,157.26,0.96,0.3,881,1.4,42,1.0,2024.0,220.0,107.21
2024,5,10,1,0,17.2,1.08,0.057,0.62,0,0,0,0,8,7.2,0,0,0,0,0.236,51.68,170.6,0.95,0.3,880,1.4,59,1.0,2024.0,220.0,98.78
2024,5,10,2,0,17.2,1.09,0.053,0.62,0,0,0,0,7,6.9,0,0,0,0,0.239,50.62,172.53,0.95,0.3,880,1.3,75,1.0,2024.0,220.0,93.02
2024,5,10,3,0,17.2,1.1,0.05,0.62,0,0,0,0,7,6.3,0,0,0,0,0.241,48.73,159.52,0.95,0.3,879,1.3,75,0.9,2024.0,220.0,81.48
2024,5,10,4,0,17.3,1.09,0.05,0.62,0,0,0,0,7,5.8,0,0,0,0,0.243,46.74,145.71,0.95,0.3,879,1.3,70,1.1,2024.0,220.0,81.48
2024,5,10,5,0,17.6,1.09,0.051,0.62,0,0,0,0,7,5.6,0,0,0,0,0.245,45.17,131.85,0.95,0.3,878,1.3,56,1.3,2024.0,220.0,81.48
2024,5,10,6,0,17.3,1.09,0.051,0.62,0,0,0,0,7,5.5,0,0,0,0,0.246,45.94,118.07,0.95,0.3,878,1.2,65,1.4,2024.0,220.0,89.17
2024,5,10,7,0,16.9,1.1,0.049,0.62,0,0,0,0,7,5.2,0,0,0,0,0.246,45.98,104.47,0.95,0.3,878,1.2,85,1.3,2024.0,220.0,98.78
2024,5,10,8,0,17.5,1.11,0.048,0.62,0,0,0,0,7,4.5,0,0,0,0,0.246,42.18,91.15,0.95,0.3,879,1.2,80,1.3,2024.0,220.0,92.04
2024,5,10,9,0,20.3,1.13,0.049,0.62,46,614,171,0,7,3.8,107,50,0,117,0.246,33.61,78.22,0.95,0.3,879,1.2,71,1.9,2024.0,220.0,54.4
2024,5,10,10,0,23.4,1.15,0.048,0.62,65,809,393,0,7,4.1,182,373,0,333,0.246,28.4,66.11,0.95,0.3,879,1.2,9,2.1,2024.0,220.0,40.85
2024,5,10,11,0,25.6,1.16,0.048,0.62,77,893,587,0,8,4.1,191,527,0,491,0.246,24.98,55.21,0.95,0.3,879,1.2,308,1.7,2024.0,220.0,29.68
2024,5,10,12,0,26.7,1.15,0.052,0.62,87,931,729,0,8,4.2,246,549,0,625,0.246,23.56,46.4,0.95,0.3,879,1.2,292,2.7,2024.0,220.0,32.3
2024,5,10,13,0,27.0,1.13,0.056,0.62,93,943,803,0,8,4.4,319,421,0,636,0.245,23.56,41.09,0.95,0.3,878,1.3,282,3.5,2024.0,220.0,0.0
2024,5,10,14,0,27.1,1.11,0.06,0.62,95,941,809,0,0,4.6,95,941,0,809,0.244,23.65,40.67,0.95,0.3,878,1.3,280,4.1,2024.0,220.0,0.0
2024,5,10,15,0,26.8,1.08,0.065,0.62,95,919,741,0,1,4.7,95,919,0,741,0.242,24.28,45.28,0.96,0.3,877,1.3,278,4.3,2024.0,220.0,0.0
2024,5,10,16,0,25.8,1.07,0.069,0.62,89,872,606,0,0,4.8,89,872,0,606,0.241,25.89,53.63,0.96,0.3,877,1.4,277,4.0,2024.0,220.0,2.45
2024,5,10,17,0,24.4,1.05,0.071,0.62,77,788,419,0,0,5.0,77,788,0,419,0.239,28.53,64.27,0.96,0.3,878,1.4,276,3.5,2024.0,220.0,73.41
2024,5,10,18,0,22.4,1.04,0.072,0.62,56,609,201,0,0,5.5,56,609,0,201,0.239,33.48,76.23,0.96,0.3,878,1.4,276,2.7,2024.0,220.0,95.87
2024,5,10,19,0,19.3,1.03,0.071,0.62,12,103,15,0,0,6.6,12,103,0,15,0.239,43.5,88.75,0.96,0.3,879,1.3,274,1.7,2024.0,220.0,150.36
2024,5,10,20,0,17.5,1.02,0.071,0.62,0,0,0,0,0,7.3,0,0,0,0,0.239,51.23,102.32,0.96,0.3,879,1.3,276,1.3,2024.0,220.0,144.26
2024,5,10,21,0,16.8,1.03,0.068,0.62,0,0,0,0,0,7.4,0,0,0,0,0.239,53.98,115.88,0.96,0.3,880,1.3,16,1.0,2024.0,220.0,141.0
2024,5,10,22,0,16.4,1.04,0.065,0.62,0,0,0,0,0,7.1,0,0,0,0,0.238,54.08,129.63,0.95,0.3,880,1.2,58,0.9,2024.0,220.0,136.4
2024,5,10,23,0,16.3,1.06,0.061,0.62,0,0,0,0,0,6.6,0,0,0,0,0.239,52.71,143.49,0.95,0.3,880,1.2,57,0.5,2024.0,220.0,123.72
2024,5,10,24,0,16.2,1.07,0.058,0.62,0,0,0,0,0,6.2,0,0,0,0,0.239,51.61,157.34,0.95,0.3,879,1.1,54,0.4,2024.0,220.0,123.72
2024,5,11,1,0,16.0,1.07,0.056,0.62,0,0,0,0,0,6.0,0,0,0,0,0.239,51.39,170.73,0.95,0.3,879,1.1,50,0.7,2024.0,220.0,116.34
2024,5,11,2,0,15.6,1.07,0.057,0.62,0,0,0,0,0,5.8,0,0,0,0,0.239,52.17,172.69,0.95,0.3,879,1.1,43,0.8,2024.0,220.0,83.59
2024,5,11,3,0,15.3,1.05,0.06,0.62,0,0,0,0,0,5.8,0,0,0,0,0.239,52.94,159.59,0.95,0.3,878,1.1,28,0.8,2024.0,220.0,80.45
2024,5,11,4,0,15.1,1.04,0.063,0.62,0,0,0,0,0,5.8,0,0,0,0,0.24,53.7,145.76,0.95,0.3,878,1.1,7,0.8,2024.0,220.0,82.58
2024,5,11,5,0,14.8,1.04,0.064,0.62,0,0,0,0,0,5.8,0,0,0,0,0.241,54.66,131.9,0.95,0.3,878,1.1,353,0.8,2024.0,220.0,77.34
2024,5,11,6,0,14.5,1.06,0.064,0.62,0,0,0,0,0,5.6,0,0,0,0,0.241,55.17,118.14,0.95,0.3,878,1.1,15,0.9,2024.0,220.0,79.53
2024,5,11,7,0,14.3,1.08,0.061,0.62,0,0,0,0,8,5.2,0,0,0,0,0.242,54.48,104.55,0.95,0.3,878,1.0,39,1.1,2024.0,220.0,79.83
2024,5,11,8,0,15.0,1.09,0.059,0.62,0,0,0,0,8,4.6,0,0,0,0,0.242,49.92,91.25,0.95,0.3,878,1.0,49,1.1,2024.0,220.0,77.34
2024,5,11,9,0,18.4,1.1,0.056,0.62,48,609,171,0,0,3.9,48,609,0,171,0.242,38.22,78.33,0.95,0.3,878,0.9,58,1.2,2024.0,220.0,21.3
2024,5,11,10,0,21.4,1.11,0.057,0.62,69,806,394,0,0,3.7,69,806,0,394,0.242,31.23,66.25,0.95,0.3,878,0.9,39,1.7,2024.0,220.0,38.19
2024,5,11,11,0,23.6,1.11,0.058,0.62,82,892,589,0,0,3.2,82,892,0,589,0.242,26.43,55.38,0.95,0.3,878,0.9,346,2.1,2024.0,220.0,0.0
2024,5,11,12,0,25.2,1.08,0.063,0.62,93,930,732,0,0,2.9,93,930,0,732,0.242,23.43,46.62,0.95,0.3,878,0.9,307,2.1,2024.0,220.0,0.0
2024,5,11,13,0,25.8,1.08,0.064,0.62,98,949,810,0,0,2.8,98,949,0,810,0.242,22.52,41.34,0.95,0.3,878,0.9,295,2.2,2024.0,220.0,0.0
2024,5,11,14,0,25.7,1.08,0.066,0.62,99,944,812,0,0,2.8,99,944,0,812,0.242,22.68,40.93,0.95,0.3,877,1.0,289,3.4,2024.0,220.0,0.0
2024,5,11,15,0,25.2,1.07,0.068,0.62,96,926,745,0,8,2.9,355,269,0,543,0.243,23.56,45.51,0.95,0.3,877,1.0,285,4.2,2024.0,220.0,0.0
2024,5,11,16,0,24.6,1.08,0.068,0.62,89,885,611,0,0,2.9,89,885,0,611,0.243,24.45,53.82,0.95,0.3,877,1.0,281,4.3,2024.0,220.0,0.0
2024,5,11,17,0,23.6,1.08,0.067,0.62,75,806,423,0,8,2.9,220,175,0,296,0.243,25.78,64.43,0.95,0.3,877,1.0,278,4.0,2024.0,220.0,53.71
2024,5,11,18,0,21.9,1.08,0.067,0.62,55,630,203,0,8,3.0,66,3,0,67,0.243,28.93,76.36,0.95,0.3,877,1.0,281,3.0,2024.0,220.0,83.68
2024,5,11,19,0,19.7,1.09,0.066,0.62,12,111,14,7,7,3.7,6,0,7,6,0.243,34.64,88.85,0.95,0.3,877,1.0,301,1.6,2024.0,220.0,103.28
2024,5,11,20,0,18.7,1.1,0.065,0.62,0,0,0,0,8,3.9,0,0,0,0,0.243,37.53,102.41,0.95,0.3,877,1.0,27,1.1,2024.0,220.0,103.28
2024,5,11,21,0,17.7,1.1,0.064,0.62,0,0,0,0,8,3.7,0,0,0,0,0.242,39.34,115.96,0.95,0.3,877,1.0,42,0.8,2024.0,220.0,103.28
2024,5,11,22,0,17.1,1.1,0.064,0.62,0,0,0,0,0,3.5,0,0,0,0,0.241,40.44,129.7,0.95,0.3,878,1.0,29,0.8,2024.0,220.0,103.28
2024,5,11,23,0,16.4,1.08,0.066,0.62,0,0,0,0,0,3.9,0,0,0,0,0.241,43.36,143.55,0.95,0.3,878,1.0,358,0.8,2024.0,220.0,103.28
2024,5,11,24,0,15.4,1.06,0.067,0.62,0,0,0,0,0,4.7,0,0,0,0,0.24,48.78,157.4,0.95,0.3,878,0.9,332,0.7,2024.0,220.0,96.21
2024,5,12,1,0,14.7,1.06,0.065,0.62,0,0,0,0,0,5.3,0,0,0,0,0.24,53.21,170.86,0.95,0.3,878,0.9,324,0.8,2024.0,220.0,84.58
2024,5,12,2,0,14.2,1.07,0.062,0.62,0,0,0,0,0,5.6,0,0,0,0,0.24,56.23,172.84,0.95,0.3,878,0.9,343,1.0,2024.0,220.0,83.68
2024,5,12,3,0,13.8,1.08,0.062,0.62,0,0,0,0,0,5.7,0,0,0,0,0.241,58.26,159.65,0.95,0.3,878,0.9,11,1.1,2024.0,220.0,77.85
2024,5,12,4,0,13.8,1.09,0.064,0.62,0,0,0,0,0,5.8,0,0,0,0,0.241,58.33,145.82,0.95,0.3,878,0.9,23,1.1,2024.0,220.0,76.09
2024,5,12,5,0,13.8,1.09,0.067,0.62,0,0,0,0,0,5.8,0,0,0,0,0.241,58.49,131.96,0.95,0.3,878,0.9,21,1.1,2024.0,220.0,77.85
2024,5,12,6,0,13.7,1.09,0.067,0.62,0,0,0,0,0,5.8,0,0,0,0,0.241,58.77,118.2,0.95,0.3,878,0.9,22,1.1,2024.0,220.0,77.85
2024,5,12,7,0,13.7,1.09,0.066,0.62,0,0,0,0,0,5.5,0,0,0,0,0.241,57.84,104.63,0.95,0.3,878,0.8,32,1.3,2024.0,220.0,77.85
2024,5,12,8,0,14.2,1.1,0.064,0.62,0,0,0,0,3,5.0,0,0,0,0,0.241,53.83,91.34,0.95,0.3,878,0.8,44,1.3,2024.0,220.0,61.41
2024,5,12,9,0,17.5,1.11,0.063,0.62,49,597,169,0,0,4.2,49,597,0,169,0.241,41.15,78.45,0.95,0.3,879,0.8,44,1.4,2024.0,220.0,0.0
2024,5,12,10,0,20.8,1.12,0.06,0.62,70,805,392,0,0,3.6,70,805,0,392,0.241,32.27,66.4,0.94,0.3,879,0.8,4,1.8,2024.0,220.0,0.0
2024,5,12,11,0,23.3,1.14,0.058,0.62,82,896,588,0,0,2.9,82,896,0,588,0.241,26.35,55.56,0.94,0.3,879,0.8,324,1.2,2024.0,220.0,0.0
2024,5,12,12,0,24.8,1.14,0.057,0.62,89,940,733,0,0,2.7,89,940,0,733,0.241,23.69,46.83,0.94,0.3,878,0.8,310,1.4,2024.0,220.0,0.0
2024,5,12,13,0,25.5,1.14,0.057,0.62,94,960,811,0,0,2.8,94,960,0,811,0.24,23.0,41.58,0.95,0.3,878,0.8,302,2.5,2024.0,220.0,0.0
2024,5,12,14,0,25.6,1.12,0.058,0.62,94,960,817,0,0,3.1,94,960,0,817,0.24,23.21,41.17,0.95,0.3,878,0.8,300,3.5,2024.0,220.0,0.0
2024,5,12,15,0,25.2,1.15,0.056,0.62,90,946,750,0,0,3.4,90,946,0,750,0.24,24.29,45.73,0.95,0.3,877,0.8,300,4.0,2024.0,220.0,0.0
2024,5,12,16,0,24.3,1.14,0.056,0.62,83,902,613,0,0,3.6,83,902,0,613,0.24,26.1,54.0,0.95,0.3,877,0.9,300,3.8,2024.0,220.0,0.0
2024,5,12,17,0,22.9,1.11,0.056,0.62,71,824,425,0,0,4.0,71,824,0,425,0.24,29.16,64.58,0.95,0.3,877,0.9,298,3.3,2024.0,220.0,0.0
2024,5,12,18,0,20.9,1.09,0.054,0.62,51,656,204,0,0,4.6,51,656,0,204,0.241,34.46,76.48,0.95,0.3,878,0.9,293,2.5,2024.0,220.0,56.66
2024,5,12,19,0,17.3,1.09,0.053,0.62,12,130,14,0,0,5.7,12,130,0,14,0.241,46.58,88.94,0.95,0.3,878,0.9,281,1.4,2024.0,220.0,105.32
2024,5,12,20,0,16.1,1.09,0.051,0.62,0,0,0,0,0,6.4,0,0,0,0,0.241,52.64,102.49,0.95,0.3,878,0.9,291,0.5,2024.0,220.0,103.03
2024,5,12,21,0,15.5,1.09,0.05,0.62,0,0,0,0,0,6.3,0,0,0,0,0.24,54.29,116.03,0.94,0.3,878,0.9,62,0.8,2024.0,220.0,91.57
2024,5,12,22,0,15.1,1.11,0.05,0.62,0,0,0,1,0,5.7,0,0,1,0,0.24,53.58,129.76,0.94,0.3,878,0.9,61,1.2,2024.0,220.0,91.57
2024,5,12,23,0,15.1,1.11,0.051,0.62,0,0,0,0,0,5.3,0,0,0,0,0.241,51.81,143.61,0.94,0.3,878,0.9,41,1.6,2024.0,220.0,90.92
2024,5,12,24,0,14.4,1.1,0.051,0.62,0,0,0,0,0,5.4,0,0,0,0,0.241,54.61,157.47,0.94,0.3,879,0.9,1,2.1,2024.0,220.0,82.71
2024,5,13,1,0,13.5,1.09,0.053,0.62,0,0,0,0,0,5.8,0,0,0,0,0.242,59.78,170.97,0.94,0.3,879,0.9,343,2.0,2024.0,220.0,78.94
2024,5,13,2,0,13.0,1.09,0.054,0.62,0,0,0,0,0,6.1,0,0,0,0,0.242,62.83,172.98,0.94,0.3,878,0.9,3,1.7,2024.0,220.0,75.73
2024,5,13,3,0,12.9,1.1,0.054,0.62,0,0,0,0,7,5.8,0,0,0,0,0.243,62.17,159.71,0.94,0.3,878,0.9,39,1.4,2024.0,220.0,74.91
2024,5,13,4,0,13.1,1.11,0.053,0.62,0,0,0,0,0,5.1,0,0,0,0,0.243,58.14,145.87,0.94,0.3,878,0.8,51,1.3,2024.0,220.0,76.31
2024,5,13,5,0,13.4,1.11,0.053,0.62,0,0,0,0,1,4.2,0,0,0,0,0.244,53.59,132.02,0.94,0.3,878,0.8,45,1.2,2024.0,220.0,77.95
2024,5,13,6,0,13.5,1.11,0.055,0.62,0,0,0,0,1,3.6,0,0,0,0,0.244,51.2,118.27,0.94,0.3,877,0.8,30,1.1,2024.0,220.0,79.17
2024,5,13,7,0,13.5,1.11,0.055,0.62,0,0,0,0,3,3.4,0,0,0,0,0.244,50.33,104.71,0.94,0.3,878,0.8,19,1.0,2024.0,220.0,87.53
2024,5,13,8,0,13.9,1.12,0.053,0.62,0,0,0,0,4,3.1,0,0,0,0,0.243,48.26,91.44,0.94,0.3,878,0.8,15,0.9,2024.0,220.0,92.4
2024,5,13,9,0,16.4,1.15,0.05,0.62,45,621,169,0,0,3.0,45,621,0,169,0.242,40.6,78.56,0.94,0.3,879,0.8,26,1.3,2024.0,220.0,35.67
2024,5,13,10,0,19.4,1.18,0.046,0.62,64,824,392,0,0,2.9,64,824,0,392,0.242,33.4,66.54,0.94,0.3,879,0.8,353,1.3,2024.0,220.0,0.0
2024,5,13,11,0,22.0,1.2,0.042,0.62,74,913,588,0,0,1.9,74,913,0,588,0.241,26.61,55.73,0.93,0.3,879,0.8,334,2.2,2024.0,220.0,0.0
2024,5,13,12,0,23.9,1.21,0.041,0.62,80,956,732,0,0,1.1,80,956,0,732,0.241,22.35,47.04,0.93,0.3,879,0.8,320,3.1,2024.0,220.0,0.0
2024,5,13,13,0,24.9,1.21,0.041,0.62,84,974,810,0,0,1.0,84,974,0,810,0.242,20.88,41.82,0.93,0.3,878,0.8,307,3.5,2024.0,220.0,0.0
2024,5,13,14,0,25.2,1.19,0.042,0.62,84,974,815,0,0,1.3,84,974,0,815,0.243,20.96,41.41,0.93,0.3,878,0.8,299,3.9,2024.0,220.0,0.0
2024,5,13,15,0,25.2,1.1,0.044,0.62,83,956,748,0,0,1.5,83,956,0,748,0.244,21.31,45.94,0.93,0.3,877,0.8,293,4.1,2024.0,220.0,0.0
2024,5,13,16,0,24.8,1.09,0.044,0.62,77,919,614,0,0,1.7,77,919,0,614,0.245,22.04,54.18,0.94,0.3,877,0.8,289,4.1,2024.0,220.0,0.0
2024,5,13,17,0,23.7,1.09,0.043,0.62,65,845,426,0,0,1.8,65,845,0,426,0.246,23.8,64.72,0.94,0.3,877,0.8,285,3.8,2024.0,220.0,18.03
2024,5,13,18,0,21.4,1.08,0.043,0.62,48,679,205,0,0,2.4,48,679,0,205,0.247,28.52,76.6,0.94,0.3,877,0.8,277,2.7,2024.0,220.0,102.98
2024,5,13,19,0,17.1,1.07,0.044,0.62,0,0,0,0,0,3.8,0,0,0,0,0.247,41.12,89.03,0.94,0.3,877,0.8,262,1.3,2024.0,220.0,99.09
2024,5,13,20,0,16.2,1.06,0.044,0.62,0,0,0,0,0,4.6,0,0,0,0,0.247,46.06,102.57,0.94,0.3,878,0.8,228,0.9,2024.0,220.0,108.99
2024,5,13,21,0,15.2,1.08,0.044,0.62,0,0,0,0,0,4.2,0,0,0,0,0.247,47.96,116.1,0.94,0.3,878,0.7,92,0.5,2024.0,220.0,138.55
2024,5,13,22,0,14.9,1.1,0.044,0.62,0,0,0,0,0,3.2,0,0,0,0,0.246,45.44,129.82,0.94,0.3,878,0.7,75,0.9,2024.0,220.0,129.83
2024,5,13,23,0,15.1,1.11,0.045,0.62,0,0,0,0,0,2.3,0,0,0,0,0.247,42.14,143.66,0.93,0.3,878,0.7,57,1.2,2024.0,220.0,99.94
2024,5,13,24,0,14.7,1.1,0.048,0.62,0,0,0,0,0,2.4,0,0,0,0,0.247,43.33,157.52,0.94,0.3,878,0.8,19,1.3,2024.0,220.0,102.88
2024,5,14,1,0,13.9,1.08,0.054,0.62,0,0,0,0,0,2.9,0,0,0,0,0.246,47.54,171.08,0.94,0.3,878,0.8,347,1.3,2024.0,220.0,108.18
2024,5,14,2,0,13.6,1.08,0.056,0.62,0,0,0,0,7,3.2,0,0,0,0,0.246,49.33,173.11,0.95,0.3,878,0.8,355,1.3,2024.0,220.0,104.17
2024,5,14,3,0,13.9,1.11,0.053,0.62,0,0,0,0,0,2.9,0,0,0,0,0.245,47.36,159.77,0.95,0.3,878,0.8,21,1.4,2024.0,220.0,104.17
2024,5,14,4,0,14.2,1.14,0.05,0.62,0,0,0,0,0,2.2,0,0,0,0,0.245,44.3,145.92,0.94,0.3,878,0.9,36,1.4,2024.0,220.0,103.44
2024,5,14,5,0,14.4,1.15,0.049,0.62,0,0,0,0,0,1.4,0,0,0,0,0.245,41.35,132.08,0.94,0.3,877,0.9,38,1.4,2024.0,220.0,97.07
2024,5,14,6,0,14.5,1.16,0.048,0.62,0,0,0,0,0,0.8,0,0,0,0,0.244,39.37,118.34,0.94,0.3,877,0.9,33,1.4,2024.0,220.0,90.04
2024,5,14,7,0,14.5,1.16,0.048,0.62,0,0,0,0,4,0.4,0,0,0,0,0.243,38.13,104.79,0.94,0.3,877,1.0,36,1.5,2024.0,220.0,96.29
2024,5,14,8,0,15.0,1.18,0.045,0.62,0,0,0,0,7,-0.3,0,0,0,0,0.242,35.14,91.53,0.94,0.3,877,1.0,45,1.6,2024.0,220.0,98.56
2024,5,14,9,0,18.2,1.2,0.043,0.62,43,619,164,0,8,-1.2,101,88,0,118,0.242,26.75,78.68,0.93,0.3,878,1.1,53,2.8,2024.0,220.0,56.62
2024,5,14,10,0,21.6,1.21,0.043,0.62,62,810,383,0,0,-1.1,62,810,0,383,0.242,21.82,66.68,0.94,0.3,878,1.2,10,2.1,2024.0,220.0,63.37
2024,5,14,11,0,23.9,1.19,0.048,0.62,76,885,572,0,8,-0.8,198,503,0,480,0.242,19.53,55.9,0.94,0.3,878,1.3,342,0.8,2024.0,220.0,62.27
2024,5,14,12,0,24.9,1.22,0.05,0.62,84,922,711,0,0,-0.1,84,922,0,711,0.241,19.33,47.25,0.95,0.3,878,1.4,329,0.9,2024.0,220.0,58.63
2024,5,14,13,0,25.1,1.2,0.052,0.62,89,940,787,0,0,0.8,89,940,0,787,0.239,20.39,42.06,0.95,0.3,877,1.4,322,2.3,2024.0,220.0,18.76
2024,5,14,14,0,25.3,1.19,0.055,0.62,91,935,790,0,0,1.2,91,935,0,790,0.237,20.68,41.65,0.95,0.3,877,1.5,322,3.4,2024.0,220.0,0.0
2024,5,14,15,0,24.8,1.18,0.061,0.62,91,910,721,0,8,1.4,178,680,0,649,0.235,21.6,46.15,0.96,0.3,876,1.6,320,4.0,2024.0,220.0,0.0
2024,5,14,16,0,23.5,1.15,0.068,0.62,87,862,589,0,8,1.6,243,347,0,445,0.233,23.74,54.36,0.96,0.3,876,1.6,317,4.2,2024.0,220.0,28.38
2024,5,14,17,0,22.0,1.14,0.071,0.62,75,776,405,0,0,2.0,75,776,0,405,0.232,26.73,64.87,0.96,0.3,876,1.6,319,3.9,2024.0,220.0,63.22
2024,5,14,18,0,20.1,1.15,0.067,0.62,53,604,192,0,0,2.7,53,604,0,192,0.233,31.68,76.72,0.96,0.3,876,1.6,323,2.8,2024.0,220.0,129.87
2024,5,14,19,0,17.9,1.15,0.063,0.62,0,0,0,7,8,3.7,0,0,7,0,0.234,38.77,89.11,0.96,0.3,876,1.6,335,1.5,2024.0,220.0,194.96
2024,5,14,20,0,16.9,1.16,0.059,0.62,0,0,0,0,0,4.2,0,0,0,0,0.235,42.92,102.65,0.96,0.3,877,1.5,5,0.9,2024.0,220.0,207.78
2024,5,14,21,0,16.4,1.16,0.054,0.62,0,0,0,0,0,4.3,0,0,0,0,0.235,44.61,116.16,0.95,0.3,877,1.5,23,0.7,2024.0,220.0,207.78
2024,5,14,22,0,15.9,1.16,0.052,0.62,0,0,0,0,0,4.3,0,0,0,0,0.235,46.01,129.87,0.95,0.3,877,1.5,19,1.0,2024.0,220.0,241.89
2024,5,14,23,0,15.4,1.15,0.053,0.62,0,0,0,0,0,4.5,0,0,0,0,0.235,48.31,143.71,0.95,0.3,878,1.5,4,1.1,2024.0,220.0,241.75
2024,5,14,24,0,14.8,1.13,0.056,0.62,0,0,0,0,0,5.0,0,0,0,0,0.235,51.76,157.57,0.95,0.3,878,1.6,353,1.1,2024.0,220.0,206.52
2024,5,15,1,0,14.6,1.12,0.059,0.62,0,0,0,0,5,5.2,0,0,0,0,0.236,53.26,171.18,0.95,0.3,878,1.6,358,1.1,2024.0,220.0,112.25
2024,5,15,2,0,14.7,1.13,0.059,0.62,0,0,0,0,8,5.0,0,0,0,0,0.236,52.24,173.23,0.95,0.3,878,1.6,14,1.0,2024.0,220.0,112.25
2024,5,15,3,0,15.0,1.15,0.058,0.62,0,0,0,0,8,4.6,0,0,0,0,0.237,49.75,159.83,0.95,0.3,877,1.6,25,1.0,2024.0,220.0,102.44
2024,5,15,4,0,15.2,1.16,0.056,0.62,0,0,0,0,0,4.1,0,0,0,0,0.237,47.63,145.97,0.95,0.3,877,1.6,29,0.9,2024.0,220.0,102.44
2024,5,15,5,0,15.2,1.16,0.055,0.62,0,0,0,0,7,3.9,0,0,0,0,0.237,46.79,132.13,0.95,0.3,877,1.6,23,1.0,2024.0,220.0,102.44
2024,5,15,6,0,15.0,1.16,0.054,0.62,0,0,0,0,7,4.0,0,0,0,0,0.238,47.64,118.4,0.95,0.3,877,1.6,12,1.3,2024.0,220.0,103.12
2024,5,15,7,0,14.5,1.16,0.056,0.62,0,0,0,0,7,4.2,0,0,0,0,0.237,49.87,104.87,0.95,0.3,877,1.7,5,1.5,2024.0,220.0,158.56
2024,5,15,8,0,14.8,1.15,0.059,0.62,0,0,0,0,8,4.3,0,0,0,0,0.237,49.36,91.63,0.95,0.3,878,1.7,7,1.6,2024.0,220.0,186.83
2024,5,15,9,0,17.1,1.15,0.062,0.62,47,556,155,0,8,4.5,99,35,0,106,0.236,43.38,78.79,0.95,0.3,879,1.8,1,2.2,2024.0,220.0,79.98
2024,5,15,10,0,19.1,1.14,0.066,0.62,70,753,367,0,8,5.2,196,166,0,261,0.237,39.96,66.82,0.95,0.3,879,1.9,341,1.3,2024.0,220.0,87.07
2024,5,15,11,0,21.0,1.13,0.07,0.62,86,837,553,0,8,5.7,209,530,0,505,0.237,36.9,56.07,0.96,0.3,879,2.0,332,1.2,2024.0,220.0,82.73
2024,5,15,12,0,22.6,1.12,0.076,0.62,97,875,689,0,0,6.3,97,875,0,689,0.237,34.94,47.45,0.96,0.3,879,2.1,325,2.4,2024.0,220.0,66.23
2024,5,15,13,0,23.3,1.1,0.08,0.62,103,892,763,0,0,7.1,103,892,0,763,0.238,35.24,42.29,0.96,0.3,879,2.1,321,3.3,2024.0,220.0,61.61
2024,5,15,14,0,23.3,1.09,0.083,0.62,105,888,766,0,0,7.7,105,888,0,766,0.239,36.71,41.88,0.96,0.3,879,2.2,320,4.0,2024.0,220.0,61.99
2024,5,15,15,0,22.8,1.06,0.089,0.62,104,864,701,0,8,8.1,328,296,0,532,0.24,38.91,46.36,0.96,0.3,879,2.2,320,4.6,2024.0,220.0,61.5
2024,5,15,16,0,21.7,1.06,0.088,0.62,95,822,572,0,3,8.4,286,380,0,506,0.241,42.57,54.53,0.96,0.3,878,2.2,321,4.8,2024.0,220.0,61.57
2024,5,15,17,0,20.3,1.05,0.088,0.62,81,734,391,0,3,8.8,202,16,0,208,0.241,47.51,65.0,0.96,0.3,878,2.2,322,4.5,2024.0,220.0,86.44
2024,5,15,18,0,18.7,1.04,0.085,0.62,57,554,183,0,8,9.2,118,164,0,155,0.242,53.82,76.83,0.96,0.3,878,2.1,321,3.3,2024.0,220.0,137.58
2024,5,15,19,0,16.8,1.04,0.085,0.62,0,0,0,7,8,9.6,0,0,7,0,0.242,62.5,89.19,0.96,0.3,879,2.1,315,1.5,2024.0,220.0,216.17
2024,5,15,20,0,15.7,1.02,0.086,0.62,0,0,0,0,0,9.9,0,0,0,0,0.242,68.37,102.73,0.96,0.3,879,2.0,321,1.1,2024.0,220.0,229.66
2024,5,15,21,0,15.1,1.02,0.086,0.62,0,0,0,0,1,10.0,0,0,0,0,0.241,71.42,116.22,0.96,0.3,879,1.9,347,0.9,2024.0,220.0,230.83
2024,5,15,22,0,14.8,1.04,0.083,0.62,0,0,0,0,1,9.9,0,0,0,0,0.242,72.7,129.92,0.96,0.3,879,1.8,20,1.2,2024.0,220.0,230.3
2024,5,15,23,0,14.7,1.05,0.08,0.62,0,0,0,0,7,9.9,0,0,0,0,0.242,73.16,143.75,0.96,0.3,879,1.7,26,1.5,2024.0,220.0,213.42
2024,5,15,24,0,14.6,1.06,0.078,0.62,0,0,0,0,0,10.0,0,0,0,0,0.244,73.74,157.62,0.96,0.3,879,1.7,26,1.8,2024.0,220.0,128.47
2024,5,16,1,0,14.3,1.07,0.075,0.62,0,0,0,0,8,10.0,0,0,0,0,0.245,75.19,171.26,0.96,0.3,879,1.7,31,2.1,2024.0,220.0,105.82
2024,5,16,2,0,13.9,1.08,0.073,0.62,0,0,0,0,8,10.0,0,0,0,0,0.245,77.13,173.35,0.96,0.3,879,1.7,34,2.1,2024.0,220.0,99.01
2024,5,16,3,0,13.5,1.09,0.071,0.62,0,0,0,0,7,10.0,0,0,0,0,0.245,79.21,159.89,0.96,0.3,879,1.7,37,2.0,2024.0,220.0,98.64
2024,5,16,4,0,13.2,1.1,0.069,0.62,0,0,0,0,8,9.9,0,0,0,0,0.245,80.43,146.03,0.96,0.3,878,1.7,43,1.9,2024.0,220.0,94.76
2024,5,16,5,0,13.0,1.11,0.067,0.62,0,0,0,0,8,9.8,0,0,0,0,0.245,80.72,132.19,0.96,0.3,878,1.7,46,1.7,2024.0,220.0,87.28
2024,5,16,6,0,12.8,1.12,0.065,0.62,0,0,0,0,7,9.6,0,0,0,0,0.244,80.66,118.47,0.96,0.3,878,1.7,47,1.6,2024.0,220.0,87.28
2024,5,16,7,0,12.7,1.12,0.064,0.62,0,0,0,0,0,9.3,0,0,0,0,0.244,79.86,104.95,0.96,0.3,878,1.7,43,1.5,2024.0,220.0,120.92
2024,5,16,8,0,13.2,1.13,0.064,0.62,0,0,0,0,8,9.1,0,0,0,0,0.243,76.32,91.72,0.96,0.3,879,1.7,35,1.4,2024.0,220.0,167.49
2024,5,16,9,0,16.5,1.14,0.064,0.62,47,551,153,0,8,9.0,97,40,0,104,0.243,61.07,78.91,0.96,0.3,879,1.7,4,1.6,2024.0,220.0,54.25
2024,5,16,10,0,19.1,1.15,0.064,0.62,70,759,367,0,3,8.6,223,49,0,242,0.243,50.48,66.96,0.96,0.3,879,1.7,340,0.8,2024.0,220.0,0.0
2024,5,16,11,0,21.4,1.16,0.062,0.62,82,853,556,0,1,8.2,82,853,0,556,0.244,42.79,56.24,0.95,0.3,879,1.7,333,2.2,2024.0,220.0,0.0
2024,5,16,12,0,22.9,1.17,0.057,0.62,87,903,696,0,8,8.0,224,572,0,609,0.244,38.33,47.65,0.95,0.3,879,1.7,327,3.2,2024.0,220.0,0.0
2024,5,16,13,0,23.9,1.15,0.055,0.62,90,928,775,0,8,7.6,262,537,0,659,0.242,35.32,42.51,0.95,0.3,878,1.6,322,3.8,2024.0,220.0,0.0
2024,5,16,14,0,24.1,1.12,0.055,0.62,91,929,780,0,0,7.5,91,929,0,780,0.24,34.62,42.1,0.95,0.3,878,1.6,317,4.3,2024.0,220.0,0.0
2024,5,16,15,0,23.7,1.09,0.057,0.62,89,911,715,0,0,7.5,89,911,0,715,0.238,35.39,46.56,0.95,0.3,877,1.6,314,4.6,2024.0,220.0,0.0
2024,5,16,16,0,22.7,1.06,0.058,0.62,82,869,585,0,0,7.5,82,869,0,585,0.236,37.62,54.69,0.95,0.3,877,1.6,314,4.7,2024.0,220.0,0.0
2024,5,16,17,0,21.3,1.03,0.059,0.62,71,787,402,0,0,7.7,71,787,0,402,0.235,41.43,65.14,0.95,0.3,878,1.6,316,4.5,2024.0,220.0,30.82
2024,5,16,18,0,19.1,1.01,0.064,0.62,52,600,188,0,0,8.1,52,600,0,188,0.235,48.92,76.93,0.95,0.3,878,1.6,320,3.3,2024.0,220.0,81.73
2024,5,16,19,0,16.2,1.01,0.067,0.62,0,0,0,0,0,8.8,0,0,0,0,0.236,61.66,89.27,0.95,0.3,879,1.6,321,1.6,2024.0,220.0,119.52
2024,5,16,20,0,14.6,1.0,0.071,0.62,0,0,0,0,0,9.4,0,0,0,0,0.236,70.81,102.8,0.96,0.3,879,1.7,334,0.9,2024.0,220.0,121.4
2024,5,16,21,0,13.8,1.0,0.073,0.62,0,0,0,0,0,9.6,0,0,0,0,0.237,75.62,116.28,0.96,0.29,879,1.7,3,0.9,2024.0,220.0,118.47
2024,5,16,22,0,13.4,1.0,0.075,0.62,0,0,0,0,0,9.7,0,0,0,0,0.237,78.11,129.97,0.96,0.29,880,1.7,14,1.5,2024.0,220.0,96.31
2024,5,16,23,0,13.2,1.0,0.08,0.62,0,0,0,0,0,9.8,0,0,0,0,0.238,79.95,143.79,0.96,0.29,879,1.7,11,1.7,2024.0,220.0,99.06
2024,5,16,24,0,12.9,1.0,0.093,0.62,0,0,0,0,0,10.1,0,0,0,0,0.239,83.02,157.66,0.97,0.29,879,1.7,9,1.7,2024.0,220.0,101.25
2024,5,17,1,0,12.8,1.0,0.109,0.62,0,0,0,0,0,10.3,0,0,0,0,0.239,84.88,171.34,0.97,0.29,879,1.7,10,1.6,2024.0,220.0,89.73
2024,5,17,2,0,12.7,1.0,0.116,0.62,0,0,0,0,0,10.4,0,0,0,0,0.24,86.07,173.47,0.98,0.29,879,1.7,13,1.4,2024.0,220.0,82.28
2024,5,17,3,0,12.6,1.02,0.14,0.62,0,0,0,0,0,10.4,0,0,0,0,0.241,86.68,159.94,0.98,0.29,879,1.7,19,1.2,2024.0,220.0,82.28
2024,5,17,4,0,12.5,1.04,0.153,0.62,0,0,0,0,0,10.4,0,0,0,0,0.242,86.8,146.08,0.98,0.29,879,1.8,25,0.9,2024.0,220.0,82.44
2024,5,17,5,0,12.4,1.05,0.139,0.62,0,0,0,0,0,10.2,0,0,0,0,0.242,86.46,132.25,0.98,0.29,879,1.8,26,0.8,2024.0,220.0,85.29
2024,5,17,6,0,12.3,1.06,0.147,0.62,0,0,0,0,0,10.0,0,0,0,0,0.243,85.65,118.54,0.98,0.29,879,1.8,24,0.7,2024.0,220.0,96.47
2024,5,17,7,0,12.1,1.07,0.146,0.62,0,0,0,0,0,9.6,0,0,0,0,0.243,84.79,105.03,0.98,0.29,879,1.8,23,1.0,2024.0,220.0,106.12
2024,5,17,8,0,12.8,1.07,0.127,0.62,0,0,0,0,0,9.1,0,0,0,0,0.243,78.41,91.82,0.98,0.29,880,1.8,24,1.3,2024.0,220.0,115.26
2024,5,17,9,0,15.7,1.09,0.118,0.62,57,454,144,0,0,8.6,57,454,0,144,0.243,62.68,79.02,0.97,0.29,880,1.8,6,1.7,2024.0,220.0,80.01
2024,5,17,10,0,18.6,1.1,0.107,0.62,84,697,355,0,0,8.6,84,697,0,355,0.243,52.32,67.09,0.97,0.29,880,1.8,346,0.9,2024.0,220.0,47.4
2024,5,17,11,0,20.7,1.09,0.095,0.62,96,811,545,0,0,8.9,96,811,0,545,0.243,46.69,56.41,0.97,0.29,880,1.8,337,1.5,2024.0,220.0,41.0
2024,5,17,12,0,22.1,1.09,0.074,0.62,96,882,687,0,0,9.0,96,882,0,687,0.243,43.13,47.85,0.96,0.29,880,1.8,331,2.7,2024.0,220.0,52.33
2024,5,17,13,0,22.9,1.08,0.071,0.62,98,905,763,0,0,9.0,98,905,0,763,0.244,41.07,42.73,0.96,0.29,880,1.8,325,3.4,2024.0,220.0,28.59
2024,5,17,14,0,23.1,1.07,0.071,0.62,99,907,769,0,3,8.9,350,457,0,688,0.244,40.36,42.32,0.96,0.29,879,1.8,322,4.0,2024.0,220.0,0.0
2024,5,17,15,0,22.8,1.06,0.07,0.62,95,890,705,0,0,8.9,95,890,0,705,0.244,41.06,46.75,0.96,0.29,879,1.8,320,4.3,2024.0,220.0,0.0
2024,5,17,16,0,22.0,1.06,0.071,0.62,87,847,575,0,3,8.9,252,501,0,540,0.245,43.14,54.85,0.96,0.29,879,1.8,319,4.0,2024.0,220.0,0.0
2024,5,17,17,0,20.9,1.06,0.071,0.62,75,763,394,0,5,8.9,187,8,0,190,0.245,46.22,65.26,0.96,0.29,879,1.8,320,3.5,2024.0,220.0,61.17
2024,5,17,18,0,19.1,1.06,0.071,0.62,53,580,183,0,8,9.1,114,200,0,159,0.246,52.43,77.03,0.96,0.29,880,1.8,321,2.3,2024.0,220.0,90.98
2024,5,17,19,0,16.3,1.07,0.071,0.62,0,0,0,7,8,9.7,0,0,7,0,0.247,64.86,89.34,0.96,0.29,880,1.8,316,1.4,2024.0,220.0,98.31
2024,5,17,20,0,14.9,1.08,0.071,0.62,0,0,0,0,5,10.1,0,0,0,0,0.248,72.86,102.86,0.96,0.29,881,1.8,323,0.8,2024.0,220.0,79.68
2024,5,17,21,0,14.1,1.08,0.07,0.62,0,0,0,0,5,10.1,0,0,0,0,0.248,76.92,116.33,0.96,0.29,881,1.8,348,0.5,2024.0,220.0,88.71
2024,5,17,22,0,13.7,1.09,0.07,0.62,0,0,0,0,3,10.0,0,0,0,0,0.249,78.25,130.01,0.96,0.29,881,1.8,8,1.1,2024.0,220.0,135.18
2024,5,17,23,0,13.3,1.08,0.072,0.62,0,0,0,0,3,9.9,0,0,0,0,0.249,79.67,143.83,0.96,0.29,881,1.8,10,1.3,2024.0,220.0,135.18
2024,5,17,24,0,13.0,1.08,0.081,0.62,0,0,0,0,3,9.8,0,0,0,0,0.249,80.8,157.69,0.97,0.29,881,1.8,6,1.2,2024.0,220.0,135.18
2024,5,18,1,0,12.9,1.08,0.089,0.62,0,0,0,0,5,9.6,0,0,0,0,0.249,80.58,171.41,0.97,0.29,881,1.8,8,1.1,2024.0,220.0,112.06
2024,5,18,2,0,12.8,1.08,0.085,0.62,0,0,0,0,8,9.4,0,0,0,0,0.25,79.64,173.57,0.97,0.29,881,1.7,11,1.0,2024.0,220.0,106.79
2024,5,18,3,0,12.6,1.11,0.093,0.62,0,0,0,0,5,9.0,0,0,0,0,0.25,78.78,159.99,0.97,0.29,881,1.7,14,1.0,2024.0,220.0,84.08
2024,5,18,4,0,12.3,1.13,0.091,0.62,0,0,0,0,5,8.6,0,0,0,0,0.25,78.06,146.13,0.97,0.29,881,1.6,20,0.7,2024.0,220.0,84.08
2024,5,18,5,0,12.1,1.15,0.077,0.62,0,0,0,0,5,8.1,0,0,0,0,0.25,76.42,132.31,0.96,0.29,881,1.5,20,0.7,2024.0,220.0,84.08
2024,5,18,6,0,11.9,1.17,0.068,0.62,0,0,0,0,3,7.5,0,0,0,0,0.251,74.37,118.61,0.95,0.29,881,1.4,19,1.1,2024.0,220.0,91.57
2024,5,18,7,0,11.8,1.18,0.06,0.62,0,0,0,0,1,6.8,0,0,0,0,0.25,71.63,105.1,0.95,0.29,881,1.3,19,1.3,2024.0,220.0,88.56
2024,5,18,8,0,12.5,1.19,0.053,0.62,0,0,0,0,0,6.2,0,0,0,0,0.25,65.3,91.91,0.94,0.29,881,1.2,21,1.4,2024.0,220.0,88.26
2024,5,18,9,0,16.9,1.19,0.047,0.62,43,594,155,0,0,5.7,43,594,0,155,0.249,47.48,79.13,0.94,0.29,882,1.2,16,2.2,2024.0,220.0,0.0
2024,5,18,10,0,20.2,1.19,0.041,0.62,61,808,374,0,0,5.3,61,808,0,374,0.249,37.8,67.23,0.94,0.29,882,1.1,356,2.9,2024.0,220.0,0.0
2024,5,18,11,0,22.7,1.17,0.038,0.62,71,901,567,0,0,4.3,71,901,0,567,0.249,30.23,56.57,0.93,0.29,882,1.0,343,3.7,2024.0,220.0,0.0
2024,5,18,12,0,24.3,1.15,0.038,0.62,77,943,708,0,0,3.6,77,943,0,708,0.249,25.97,48.04,0.93,0.29,882,1.0,331,4.7,2024.0,220.0,0.0
2024,5,18,13,0,25.3,1.14,0.037,0.62,80,963,785,0,0,3.0,80,963,0,785,0.249,23.61,42.94,0.94,0.29,882,1.0,324,5.5,2024.0,220.0,0.0
2024,5,18,14,0,25.7,1.14,0.037,0.62,81,968,794,0,0,2.7,81,968,0,794,0.248,22.56,42.54,0.94,0.29,881,0.9,318,5.6,2024.0,220.0,0.0
2024,5,18,15,0,25.5,1.17,0.036,0.62,77,954,729,0,0,2.7,77,954,0,729,0.248,22.71,46.94,0.94,0.29,881,0.9,313,5.1,2024.0,220.0,0.0
2024,5,18,16,0,24.9,1.17,0.035,0.62,71,918,598,0,0,2.6,71,918,0,598,0.247,23.5,55.01,0.95,0.29,880,0.9,310,4.6,2024.0,220.0,0.0
2024,5,18,17,0,23.8,1.17,0.034,0.62,60,846,413,0,0,2.7,60,846,0,413,0.248,25.24,65.39,0.95,0.29,880,0.9,307,4.0,2024.0,220.0,0.0
2024,5,18,18,0,21.8,1.17,0.033,0.62,44,687,197,0,0,3.0,44,687,0,197,0.248,29.03,77.13,0.95,0.29,880,0.8,302,2.8,2024.0,220.0,74.72
2024,5,18,19,0,18.3,1.18,0.031,0.62,0,0,0,0,0,3.6,0,0,0,0,0.248,37.6,89.41,0.95,0.29,880,0.8,277,1.5,2024.0,220.0,125.5
2024,5,18,20,0,17.9,1.18,0.03,0.62,0,0,0,0,0,3.8,0,0,0,0,0.248,39.12,102.92,0.94,0.29,880,0.8,153,0.8,2024.0,220.0,120.85
2024,5,18,21,0,16.5,1.19,0.028,0.62,0,0,0,0,0,3.4,0,0,0,0,0.249,41.45,116.38,0.94,0.29,880,0.7,93,1.0,2024.0,220.0,120.05
2024,5,18,22,0,16.0,1.2,0.026,0.62,0,0,0,0,0,2.3,0,0,0,0,0.249,39.82,130.05,0.93,0.29,880,0.7,81,1.2,2024.0,220.0,118.63
2024,5,18,23,0,16.1,1.2,0.025,0.62,0,0,0,0,0,1.0,0,0,0,0,0.249,35.98,143.86,0.92,0.29,880,0.7,74,1.3,2024.0,220.0,116.78
2024,5,18,24,0,16.1,1.2,0.024,0.62,0,0,0,0,0,-0.2,0,0,0,0,0.249,32.91,157.72,0.92,0.29,880,0.6,70,1.1,2024.0,220.0,105.22
2024,5,19,1,0,15.9,1.2,0.024,0.62,0,0,0,0,0,-1.1,0,0,0,0,0.249,31.22,171.47,0.92,0.29,880,0.6,66,1.0,2024.0,220.0,79.76
2024,5,19,2,0,15.9,1.21,0.024,0.62,0,0,0,0,0,-2.1,0,0,0,0,0.249,29.04,173.67,0.92,0.29,879,0.6,58,1.1,2024.0,220.0,79.68
2024,5,19,3,0,15.7,1.22,0.024,0.62,0,0,0,0,0,-2.9,0,0,0,0,0.248,27.66,160.05,0.92,0.29,879,0.6,52,1.2,2024.0,220.0,79.68
2024,5,19,4,0,15.4,1.23,0.024,0.62,0,0,0,0,0,-3.7,0,0,0,0,0.248,26.62,146.18,0.92,0.29,879,0.6,51,1.2,2024.0,220.0,77.62
2024,5,19,5,0,15.1,1.24,0.023,0.62,0,0,0,0,0,-4.5,0,0,0,0,0.249,25.58,132.36,0.92,0.29,879,0.6,58,1.2,2024.0,220.0,68.62
2024,5,19,6,0,14.6,1.25,0.023,0.62,0,0,0,0,0,-5.4,0,0,0,0,0.249,24.59,118.67,0.92,0.29,879,0.6,69,1.2,2024.0,220.0,78.87
2024,5,19,7,0,14.0,1.26,0.022,0.62,0,0,0,0,0,-6.6,0,0,0,0,0.25,23.36,105.18,0.91,0.29,879,0.6,76,1.2,2024.0,220.0,74.95
2024,5,19,8,0,14.4,1.26,0.021,0.62,0,0,0,0,0,-8.1,0,0,0,0,0.25,20.29,92.01,0.91,0.29,879,0.5,78,1.2,2024.0,220.0,54.96
2024,5,19,9,0,19.2,1.28,0.021,0.62,36,689,165,0,0,-9.4,36,689,0,165,0.25,13.51,79.24,0.91,0.29,879,0.5,77,1.8,2024.0,220.0,0.0
2024,5,19,10,0,23.4,1.29,0.02,0.62,51,874,387,0,0,-7.1,51,874,0,387,0.251,12.56,67.36,0.9,0.29,879,0.5,79,2.2,2024.0,220.0,0.0
2024,5,19,11,0,25.9,1.3,0.02,0.62,59,952,581,0,0,-5.9,59,952,0,581,0.251,11.78,56.73,0.9,0.29,879,0.5,286,2.6,2024.0,220.0,0.0
2024,5,19,12,0,27.6,1.2,0.024,0.62,68,985,725,0,0,-6.1,68,985,0,725,0.251,10.57,48.23,0.91,0.29,879,0.5,279,3.5,2024.0,220.0,0.0
2024,5,19,13,0,28.5,1.21,0.024,0.62,71,1002,803,0,0,-5.8,71,1002,0,803,0.25,10.24,43.15,0.91,0.29,878,0.5,279,4.1,2024.0,220.0,0.0
2024,5,19,14,0,28.7,1.2,0.025,0.62,73,1003,809,0,0,-5.1,73,1003,0,809,0.25,10.61,42.74,0.92,0.29,878,0.5,278,4.3,2024.0,220.0,0.0
2024,5,19,15,0,28.3,1.18,0.028,0.62,72,985,742,0,0,-4.3,72,985,0,742,0.249,11.6,47.12,0.92,0.29,877,0.5,279,4.4,2024.0,220.0,0.0
2024,5,19,16,0,27.2,1.15,0.03,0.62,68,947,609,0,0,-3.3,68,947,0,609,0.248,13.36,55.16,0.93,0.29,877,0.5,279,4.3,2024.0,220.0,0.0
2024,5,19,17,0,25.6,1.13,0.032,0.62,59,864,418,0,0,-2.3,59,864,0,418,0.248,15.75,65.51,0.93,0.29,877,0.6,280,4.1,2024.0,220.0,0.0
2024,5,19,18,0,22.8,1.12,0.033,0.62,44,698,198,0,0,-1.1,44,698,0,198,0.249,20.41,77.23,0.93,0.29,877,0.6,281,2.8,2024.0,220.0,65.36
2024,5,19,19,0,18.4,1.11,0.033,0.62,0,0,0,0,0,0.7,0,0,0,0,0.25,30.5,89.48,0.94,0.29,878,0.6,280,1.4,2024.0,220.0,124.24
2024,5,19,20,0,17.7,1.11,0.033,0.62,0,0,0,0,0,1.5,0,0,0,0,0.25,33.7,102.98,0.94,0.29,878,0.6,279,0.8,2024.0,220.0,127.15
2024,5,19,21,0,16.8,1.13,0.031,0.62,0,0,0,0,0,0.7,0,0,0,0,0.25,33.64,116.42,0.94,0.29,878,0.6,90,0.9,2024.0,220.0,140.5
2024,5,19,22,0,16.3,1.15,0.029,0.62,0,0,0,0,0,-1.1,0,0,0,0,0.251,30.59,130.08,0.93,0.29,878,0.6,84,1.2,2024.0,220.0,113.79
2024,5,19,23,0,16.6,1.16,0.028,0.62,0,0,0,0,0,-2.8,0,0,0,0,0.251,26.38,143.88,0.93,0.29,878,0.6,76,1.2,2024.0,220.0,115.23
2024,5,19,24,0,16.4,1.16,0.029,0.62,0,0,0,0,0,-3.7,0,0,0,0,0.251,25.06,157.75,0.93,0.29,878,0.6,63,1.3,2024.0,220.0,94.28
2024,5,20,1,0,16.0,1.15,0.03,0.62,0,0,0,0,0,-3.3,0,0,0,0,0.251,26.35,171.52,0.93,0.29,878,0.7,42,1.3,2024.0,220.0,91.88
2024,5,20,2,0,15.5,1.14,0.032,0.62,0,0,0,0,0,-2.8,0,0,0,0,0.251,28.36,173.77,0.93,0.29,878,0.7,21,1.3,2024.0,220.0,91.88
2024,5,20,3,0,14.8,1.15,0.032,0.62,0,0,0,0,0,-2.5,0,0,0,0,0.251,30.29,160.1,0.93,0.29,878,0.7,16,1.2,2024.0,220.0,87.65
2024,5,20,4,0,14.3,1.17,0.03,0.62,0,0,0,0,0,-2.8,0,0,0,0,0.251,30.65,146.23,0.93,0.29,878,0.7,29,1.2,2024.0,220.0,83.41
2024,5,20,5,0,14.1,1.18,0.028,0.62,0,0,0,0,0,-3.6,0,0,0,0,0.251,29.28,132.42,0.93,0.29,877,0.7,48,1.2,2024.0,220.0,83.41
2024,5,20,6,0,14.2,1.2,0.027,0.62,0,0,0,0,0,-4.7,0,0,0,0,0.251,26.74,118.74,0.92,0.29,877,0.6,62,1.2,2024.0,220.0,83.41
2024,5,20,7,0,14.3,1.2,0.026,0.62,0,0,0,0,1,-6.1,0,0,0,0,0.251,23.92,105.26,0.92,0.29,877,0.6,67,1.2,2024.0,220.0,86.33
2024,5,20,8,0,15.1,1.2,0.026,0.62,0,0,0,0,1,-7.2,0,0,0,0,0.251,20.8,92.1,0.92,0.29,878,0.6,65,1.2,2024.0,220.0,82.2
2024,5,20,9,0,19.0,1.21,0.025,0.62,37,667,160,0,0,-7.8,37,667,0,160,0.251,15.54,79.35,0.91,0.29,878,0.6,58,2.0,2024.0,220.0,53.85
2024,5,20,10,0,22.8,1.22,0.023,0.62,52,859,381,0,0,-5.0,52,859,0,381,0.251,15.26,67.5,0.91,0.29,878,0.6,27,3.2,2024.0,220.0,9.36
2024,5,20,11,0,25.6,1.23,0.021,0.62,60,942,575,0,0,-4.8,60,942,0,575,0.25,13.02,56.89,0.91,0.29,878,0.6,340,4.5,2024.0,220.0,39.85
2024,5,20,12,0,27.8,1.23,0.02,0.62,65,989,721,0,0,-5.8,65,989,0,721,0.249,10.68,48.42,0.91,0.29,878,0.5,321,5.1,2024.0,220.0,55.03
2024,5,20,13,0,28.6,1.21,0.021,0.62,69,1005,799,0,0,-5.6,69,1005,0,799,0.249,10.32,43.36,0.91,0.29,877,0.5,311,5.5,2024.0,220.0,0.0
2024,5,20,14,0,28.8,1.18,0.022,0.62,70,1005,805,0,0,-5.2,70,1005,0,805,0.249,10.55,42.94,0.91,0.29,876,0.5,303,5.8,2024.0,220.0,0.0
2024,5,20,15,0,28.5,1.11,0.026,0.62,71,979,735,0,0,-4.6,71,979,0,735,0.249,11.16,47.3,0.92,0.29,876,0.6,298,5.9,2024.0,220.0,0.0
2024,5,20,16,0,27.7,1.1,0.027,0.62,66,942,602,0,0,-4.0,66,942,0,602,0.249,12.23,55.3,0.92,0.29,876,0.6,294,5.4,2024.0,220.0,0.0
2024,5,20,17,0,26.3,1.1,0.028,0.62,57,869,416,0,0,-3.3,57,869,0,416,0.249,14.04,65.62,0.92,0.29,876,0.6,293,4.6,2024.0,220.0,77.04
2024,5,20,18,0,23.2,1.1,0.029,0.62,42,704,197,0,0,-2.0,42,704,0,197,0.249,18.61,77.31,0.92,0.29,876,0.6,291,3.3,2024.0,220.0,110.41
2024,5,20,19,0,18.7,1.1,0.029,0.62,0,0,0,0,0,-0.1,0,0,0,0,0.249,28.09,89.54,0.93,0.29,876,0.6,288,1.4,2024.0,220.0,103.94
2024,5,20,20,0,18.0,1.1,0.03,0.62,0,0,0,0,0,0.9,0,0,0,0,0.248,31.66,103.03,0.93,0.29,877,0.7,315,1.1,2024.0,220.0,87.23
2024,5,20,21,0,17.2,1.11,0.031,0.62,0,0,0,0,0,0.6,0,0,0,0,0.248,32.48,116.46,0.93,0.29,877,0.7,46,0.9,2024.0,220.0,80.81
2024,5,20,22,0,16.9,1.13,0.03,0.62,0,0,0,0,0,-0.6,0,0,0,0,0.248,30.48,130.12,0.93,0.29,878,0.7,51,1.0,2024.0,220.0,80.81
2024,5,20,23,0,16.8,1.15,0.029,0.62,0,0,0,0,0,-1.7,0,0,0,0,0.248,28.28,143.91,0.93,0.29,878,0.7,50,1.1,2024.0,220.0,86.14
2024,5,20,24,0,16.6,1.16,0.029,0.62,0,0,0,0,0,-2.4,0,0,0,0,0.248,27.15,157.77,0.92,0.29,878,0.7,45,1.2,2024.0,220.0,91.35
2024,5,21,1,0,16.1,1.17,0.029,0.62,0,0,0,0,0,-2.8,0,0,0,0,0.248,27.14,171.56,0.93,0.29,878,0.8,43,1.2,2024.0,220.0,87.01
2024,5,21,2,0,15.7,1.19,0.028,0.62,0,0,0,0,0,-3.2,0,0,0,0,0.248,27.08,173.86,0.93,0.29,877,0.8,45,1.1,2024.0,220.0,85.55
2024,5,21,3,0,15.6,1.2,0.028,0.62,0,0,0,0,0,-3.8,0,0,0,0,0.248,26.06,160.15,0.93,0.29,877,0.8,48,1.2,2024.0,220.0,82.37
2024,5,21,4,0,15.6,1.21,0.028,0.62,0,0,0,0,0,-4.5,0,0,0,0,0.248,24.8,146.28,0.93,0.29,877,0.8,51,1.2,2024.0,220.0,84.05
2024,5,21,5,0,15.3,1.21,0.029,0.62,0,0,0,0,0,-5.1,0,0,0,0,0.248,24.21,132.48,0.93,0.29,877,0.8,50,1.2,2024.0,220.0,80.19
2024,5,21,6,0,15.1,1.2,0.03,0.62,0,0,0,0,0,-5.4,0,0,0,0,0.249,23.83,118.81,0.93,0.29,877,0.8,43,1.1,2024.0,220.0,80.19
2024,5,21,7,0,14.8,1.21,0.03,0.62,0,0,0,0,0,-5.8,0,0,0,0,0.25,23.64,105.34,0.93,0.29,877,0.8,36,1.1,2024.0,220.0,82.03
2024,5,21,8,0,14.6,1.22,0.029,0.62,0,0,0,0,0,-6.4,0,0,0,0,0.249,22.95,92.19,0.93,0.29,877,0.8,34,1.3,2024.0,220.0,76.97
2024,5,21,9,0,18.5,1.22,0.028,0.62,38,644,155,0,0,-6.9,38,644,0,155,0.249,17.17,79.46,0.93,0.29,878,0.8,35,2.7,2024.0,220.0,38.74
2024,5,21,10,0,22.5,1.23,0.027,0.62,54,839,374,0,0,-5.7,54,839,0,374,0.248,14.73,67.63,0.92,0.29,878,0.8,13,2.7,2024.0,220.0,18.97
2024,5,21,11,0,24.9,1.23,0.028,0.62,65,920,565,0,0,-4.6,65,920,0,565,0.248,13.79,57.05,0.92,0.29,878,0.8,330,2.5,2024.0,220.0,44.83
2024,5,21,12,0,26.0,1.21,0.031,0.62,73,957,706,0,0,-3.6,73,957,0,706,0.248,13.97,48.6,0.93,0.29,878,0.8,309,3.0,2024.0,220.0,49.81
2024,5,21,13,0,26.5,1.18,0.034,0.62,78,967,779,0,0,-2.8,78,967,0,779,0.247,14.38,43.56,0.93,0.29,878,0.9,303,3.4,2024.0,220.0,48.78
2024,5,21,14,0,26.7,1.16,0.036,0.62,79,967,785,0,0,-2.2,79,967,0,785,0.247,14.82,43.14,0.93,0.29,877,0.9,302,3.9,2024.0,220.0,0.0
2024,5,21,15,0,26.5,1.14,0.039,0.62,78,948,719,0,0,-1.7,78,948,0,719,0.245,15.63,47.47,0.94,0.29,877,0.9,300,4.4,2024.0,220.0,0.0
2024,5,21,16,0,25.7,1.14,0.04,0.62,73,909,589,0,0,-1.2,73,909,0,589,0.243,16.97,55.44,0.94,0.29,877,0.9,299,4.3,2024.0,220.0,0.0
2024,5,21,17,0,24.5,1.14,0.041,0.62,63,832,405,0,0,-0.9,63,832,0,405,0.241,18.58,65.73,0.94,0.29,877,0.9,302,3.6,2024.0,220.0,17.19
2024,5,21,18,0,22.1,1.14,0.042,0.62,45,658,189,0,0,-0.5,45,658,0,189,0.241,22.19,77.4,0.94,0.29,877,0.9,311,2.5,2024.0,220.0,89.68
2024,5,21,19,0,18.2,1.15,0.041,0.62,0,0,0,0,0,0.5,0,0,0,0,0.243,30.37,89.6,0.94,0.29,877,0.9,328,1.6,2024.0,220.0,172.23
2024,5,21,20,0,17.1,1.16,0.04,0.62,0,0,0,0,0,1.1,0,0,0,0,0.242,34.02,103.08,0.94,0.29,878,0.9,351,1.0,2024.0,220.0,209.11
2024,5,21,21,0,16.4,1.15,0.039,0.62,0,0,0,0,0,0.8,0,0,0,0,0.242,34.68,116.5,0.94,0.29,878,0.9,31,1.1,2024.0,220.0,144.24
2024,5,21,22,0,16.0,1.14,0.04,0.62,0,0,0,0,0,-0.2,0,0,0,0,0.242,33.28,130.14,0.94,0.29,878,0.9,42,1.5,2024.0,220.0,125.55
2024,5,21,23,0,15.9,1.13,0.041,0.62,0,0,0,0,0,-0.8,0,0,0,0,0.242,31.93,143.92,0.94,0.29,878,0.9,34,1.7,2024.0,220.0,99.63
2024,5,21,24,0,15.6,1.13,0.043,0.62,0,0,0,0,0,-0.4,0,0,0,0,0.242,33.5,157.78,0.94,0.29,878,1.0,14,1.5,2024.0,220.0,95.38
2024,5,22,1,0,14.9,1.15,0.042,0.62,0,0,0,0,0,0.3,0,0,0,0,0.244,37.05,171.6,0.93,0.29,879,1.0,356,1.4,2024.0,220.0,96.34
2024,5,22,2,0,14.0,1.16,0.041,0.62,0,0,0,0,0,0.6,0,0,0,0,0.245,39.94,173.94,0.93,0.29,878,1.0,11,1.6,2024.0,220.0,83.41
2024,5,22,3,0,13.7,1.17,0.04,0.62,0,0,0,0,0,0.2,0,0,0,0,0.244,39.56,160.2,0.93,0.29,878,1.0,36,1.7,2024.0,220.0,84.92
2024,5,22,4,0,13.9,1.17,0.039,0.62,0,0,0,0,0,-0.7,0,0,0,0,0.245,36.68,146.33,0.93,0.29,878,1.0,61,1.6,2024.0,220.0,84.11
2024,5,22,5,0,13.9,1.18,0.037,0.62,0,0,0,0,0,-1.7,0,0,0,0,0.245,34.02,132.54,0.93,0.29,877,0.9,77,1.6,2024.0,220.0,82.71
2024,5,22,6,0,13.8,1.19,0.035,0.62,0,0,0,0,0,-2.8,0,0,0,0,0.243,31.54,118.88,0.93,0.29,877,0.9,77,1.6,2024.0,220.0,84.45
2024,5,22,7,0,13.5,1.19,0.034,0.62,0,0,0,0,0,-3.9,0,0,0,0,0.243,29.75,105.42,0.93,0.29,878,0.8,71,1.7,2024.0,220.0,94.75
2024,5,22,8,0,13.9,1.2,0.032,0.62,0,0,0,0,1,-4.9,0,0,0,0,0.243,26.81,92.29,0.92,0.29,878,0.8,57,1.7,2024.0,220.0,92.55
2024,5,22,9,0,18.4,1.21,0.032,0.62,38,632,153,0,0,-5.7,38,632,0,153,0.243,18.89,79.57,0.92,0.29,879,0.8,38,1.6,2024.0,220.0,38.43
2024,5,22,10,0,21.9,1.2,0.033,0.62,57,828,370,0,0,-4.3,57,828,0,370,0.245,16.96,67.76,0.92,0.29,879,0.8,342,1.9,2024.0,220.0,43.89
2024,5,22,11,0,23.7,1.18,0.034,0.62,68,911,561,0,0,-3.3,68,911,0,561,0.246,16.33,57.2,0.93,0.29,880,0.8,321,2.3,2024.0,220.0,60.57
2024,5,22,12,0,24.8,1.16,0.036,0.62,76,945,699,0,0,-2.5,76,945,0,699,0.247,16.27,48.78,0.93,0.29,880,0.9,312,3.0,2024.0,220.0,22.44
2024,5,22,13,0,25.3,1.14,0.038,0.62,80,962,775,0,0,-1.8,80,962,0,775,0.248,16.63,43.75,0.94,0.29,880,0.9,306,3.7,2024.0,220.0,43.8
2024,5,22,14,0,25.5,1.14,0.04,0.62,82,962,781,0,0,-1.3,82,962,0,781,0.248,17.1,43.33,0.94,0.29,879,0.9,304,4.1,2024.0,220.0,0.0
2024,5,22,15,0,25.3,1.12,0.042,0.62,80,939,713,0,0,-0.9,80,939,0,713,0.25,17.84,47.63,0.94,0.29,879,1.0,306,4.2,2024.0,220.0,0.0
2024,5,22,16,0,24.6,1.12,0.042,0.62,74,901,583,0,0,-0.4,74,901,0,583,0.25,19.23,55.57,0.94,0.29,879,1.0,304,3.8,2024.0,220.0,0.0
2024,5,22,17,0,23.2,1.11,0.044,0.62,64,821,400,0,0,0.1,64,821,0,400,0.25,21.65,65.83,0.95,0.29,878,1.0,309,3.3,2024.0,220.0,118.98
2024,5,22,18,0,20.8,1.11,0.044,0.62,46,646,186,0,0,0.9,46,646,0,186,0.25,26.51,77.48,0.95,0.29,878,1.0,314,2.0,2024.0,220.0,214.68
2024,5,22,19,0,17.3,1.13,0.043,0.62,0,0,0,0,0,2.3,0,0,0,0,0.25,36.65,89.65,0.95,0.29,879,1.0,301,1.3,2024.0,220.0,347.93
2024,5,22,20,0,16.1,1.13,0.044,0.62,0,0,0,0,0,3.5,0,0,0,0,0.25,42.98,103.13,0.95,0.29,880,1.0,302,0.6,2024.0,220.0,300.33
2024,5,22,21,0,15.5,1.14,0.043,0.62,0,0,0,0,0,3.8,0,0,0,0,0.25,45.47,116.53,0.95,0.29,880,1.1,359,0.9,2024.0,220.0,289.42
2024,5,22,22,0,14.9,1.15,0.042,0.62,0,0,0,0,0,3.5,0,0,0,0,0.25,46.45,130.16,0.95,0.29,880,1.1,22,1.4,2024.0,220.0,274.75
2024,5,22,23,0,14.6,1.16,0.041,0.62,0,0,0,0,0,3.2,0,0,0,0,0.251,46.32,143.94,0.95,0.29,880,1.1,19,1.5,2024.0,220.0,271.17
2024,5,22,24,0,14.1,1.17,0.04,0.62,0,0,0,0,0,3.1,0,0,0,0,0.252,47.63,157.8,0.95,0.29,881,1.1,14,1.4,2024.0,220.0,271.17
2024,5,23,1,0,13.4,1.18,0.04,0.62,0,0,0,0,0,3.3,0,0,0,0,0.252,50.28,171.62,0.95,0.29,880,1.1,12,1.4,2024.0,220.0,198.68
2024,5,23,2,0,13.0,1.18,0.04,0.62,0,0,0,0,0,3.4,0,0,0,0,0.252,51.95,174.02,0.95,0.29,880,1.1,16,1.3,2024.0,220.0,118.17
2024,5,23,3,0,12.6,1.19,0.039,0.62,0,0,0,0,0,3.2,0,0,0,0,0.252,52.91,160.25,0.95,0.29,880,1.1,20,1.3,2024.0,220.0,113.0
2024,5,23,4,0,12.4,1.19,0.038,0.62,0,0,0,0,0,2.9,0,0,0,0,0.252,52.15,146.39,0.94,0.29,880,1.1,21,1.3,2024.0,220.0,112.59
2024,5,23,5,0,12.3,1.19,0.037,0.62,0,0,0,0,0,2.4,0,0,0,0,0.252,50.93,132.6,0.94,0.29,880,1.0,14,1.3,2024.0,220.0,85.46
2024,5,23,6,0,12.2,1.2,0.037,0.62,0,0,0,1,0,2.1,0,0,1,0,0.252,50.19,118.94,0.94,0.29,880,1.0,12,1.4,2024.0,220.0,88.54
2024,5,23,7,0,12.2,1.2,0.036,0.62,0,0,0,0,1,1.9,0,0,0,0,0.253,49.5,105.5,0.94,0.29,881,1.0,13,1.6,2024.0,220.0,104.06
2024,5,23,8,0,12.5,1.21,0.035,0.62,0,0,0,0,0,1.6,0,0,0,0,0.253,47.5,92.38,0.94,0.29,881,0.9,23,1.7,2024.0,220.0,88.57
2024,5,23,9,0,16.3,1.22,0.033,0.62,38,620,150,0,0,1.2,38,620,0,150,0.253,35.94,79.68,0.94,0.29,882,0.9,31,1.5,2024.0,220.0,57.09
2024,5,23,10,0,19.7,1.23,0.03,0.62,55,825,366,0,0,-0.2,55,825,0,366,0.253,26.23,67.88,0.93,0.29,882,0.9,357,1.7,2024.0,220.0,53.43
2024,5,23,11,0,22.3,1.23,0.028,0.62,65,916,559,0,0,-2.0,65,916,0,559,0.255,19.67,57.35,0.93,0.29,882,0.8,339,2.0,2024.0,220.0,34.21
2024,5,23,12,0,23.9,1.22,0.029,0.62,71,956,699,0,0,-2.6,71,956,0,699,0.255,17.09,48.95,0.93,0.29,882,0.8,322,3.3,2024.0,220.0,27.14
2024,5,23,13,0,24.5,1.2,0.03,0.62,75,974,776,0,0,-2.3,75,974,0,776,0.253,16.81,43.94,0.93,0.29,882,0.8,305,4.2,2024.0,220.0,0.0
2024,5,23,14,0,24.7,1.19,0.032,0.62,77,973,783,0,0,-1.8,77,973,0,783,0.251,17.26,43.51,0.94,0.29,881,0.8,294,4.5,2024.0,220.0,0.0
2024,5,23,15,0,24.6,1.1,0.042,0.62,80,947,716,0,0,-1.4,80,947,0,716,0.249,17.84,47.79,0.93,0.29,881,0.8,292,4.5,2024.0,220.0,0.0
2024,5,23,16,0,24.2,1.1,0.04,0.62,73,911,586,0,0,-1.3,73,911,0,586,0.247,18.5,55.7,0.93,0.29,880,0.8,292,4.2,2024.0,220.0,0.0
2024,5,23,17,0,23.3,1.1,0.039,0.62,62,836,403,0,0,-1.0,62,836,0,403,0.245,19.84,65.93,0.93,0.29,880,0.8,291,3.7,2024.0,220.0,20.07
2024,5,23,18,0,21.1,1.11,0.038,0.62,44,666,188,0,0,-0.5,44,666,0,188,0.244,23.61,77.55,0.93,0.29,880,0.8,279,2.0,2024.0,220.0,199.68
2024,5,23,19,0,17.2,1.11,0.036,0.62,0,0,0,0,0,0.3,0,0,0,0,0.245,31.88,89.7,0.93,0.29,880,0.7,262,1.2,2024.0,220.0,291.41
2024,5,23,20,0,16.9,1.12,0.034,0.62,0,0,0,0,0,0.6,0,0,0,0,0.246,33.11,103.17,0.93,0.29,881,0.7,214,0.4,2024.0,220.0,283.18
2024,5,23,21,0,15.7,1.13,0.032,0.62,0,0,0,0,0,0.0,0,0,0,0,0.247,34.21,116.56,0.93,0.29,881,0.7,103,1.0,2024.0,220.0,245.55
2024,5,23,22,0,14.6,1.14,0.03,0.62,0,0,0,0,0,-1.2,0,0,0,0,0.248,33.86,130.18,0.92,0.29,881,0.6,82,1.4,2024.0,220.0,209.56
2024,5,23,23,0,14.4,1.14,0.027,0.62,0,0,0,0,0,-2.8,0,0,0,0,0.248,30.47,143.95,0.92,0.29,881,0.6,72,1.5,2024.0,220.0,181.82
2024,5,23,24,0,14.7,1.15,0.026,0.62,0,0,0,0,0,-4.7,0,0,0,0,0.249,25.94,157.8,0.91,0.29,880,0.5,61,1.4,2024.0,220.0,97.19
2024,5,24,1,0,15.0,1.16,0.026,0.62,0,0,0,0,0,-6.0,0,0,0,0,0.249,23.05,171.64,0.91,0.29,880,0.5,47,1.3,2024.0,220.0,100.02
2024,5,24,2,0,15.0,1.17,0.026,0.62,0,0,0,0,0,-6.2,0,0,0,0,0.25,22.6,174.09,0.91,0.29,880,0.5,33,1.3,2024.0,220.0,100.02
2024,5,24,3,0,14.5,1.18,0.026,0.62,0,0,0,0,0,-6.2,0,0,0,0,0.25,23.33,160.29,0.91,0.29,879,0.6,23,1.3,2024.0,220.0,87.3
2024,5,24,4,0,14.7,1.18,0.027,0.62,0,0,0,0,0,-6.4,0,0,0,0,0.251,22.77,146.44,0.91,0.29,879,0.6,20,1.4,2024.0,220.0,96.19
2024,5,24,5,0,15.0,1.19,0.027,0.62,0,0,0,0,0,-6.7,0,0,0,0,0.252,21.8,132.66,0.92,0.29,879,0.6,42,1.4,2024.0,220.0,99.45
2024,5,24,6,0,14.1,1.2,0.027,0.62,0,0,0,0,0,-7.3,0,0,0,0,0.252,22.06,119.01,0.92,0.29,878,0.6,85,1.6,2024.0,220.0,94.93
2024,5,24,7,0,13.0,1.21,0.026,0.62,0,0,0,0,1,-8.5,0,0,0,0,0.252,21.55,105.58,0.91,0.29,878,0.6,87,1.5,2024.0,220.0,100.02
2024,5,24,8,0,13.2,1.22,0.024,0.62,0,0,0,0,0,-10.3,0,0,0,0,0.252,18.52,92.47,0.91,0.29,879,0.6,82,1.3,2024.0,220.0,95.84
2024,5,24,9,0,17.6,1.23,0.024,0.62,36,658,152,0,0,-11.7,36,658,0,152,0.251,12.47,79.79,0.91,0.29,879,0.6,77,1.0,2024.0,220.0,31.11
2024,5,24,10,0,21.6,1.24,0.024,0.62,52,851,371,0,0,-9.0,52,851,0,371,0.25,12.01,68.01,0.91,0.29,880,0.6,42,1.4,2024.0,220.0,0.0
2024,5,24,11,0,23.6,1.25,0.026,0.62,63,930,563,0,0,-7.2,63,930,0,563,0.25,12.27,57.5,0.91,0.29,880,0.6,305,2.0,2024.0,220.0,40.27
2024,5,24,12,0,24.8,1.16,0.032,0.62,73,964,704,0,0,-6.1,73,964,0,704,0.249,12.44,49.12,0.92,0.29,880,0.6,302,2.6,2024.0,220.0,53.9
2024,5,24,13,0,25.4,1.16,0.035,0.62,78,973,777,0,0,-4.9,78,973,0,777,0.248,13.15,44.12,0.93,0.29,880,0.7,301,3.0,2024.0,220.0,17.65
2024,5,24,14,0,25.5,1.15,0.037,0.62,80,973,783,0,0,-3.8,80,973,0,783,0.246,14.14,43.69,0.93,0.29,879,0.7,304,3.3,2024.0,220.0,0.0
2024,5,24,15,0,25.1,1.13,0.046,0.62,82,942,713,0,0,-2.8,82,942,0,713,0.245,15.6,47.94,0.93,0.29,879,0.8,308,3.4,2024.0,220.0,0.0
2024,5,24,16,0,24.2,1.13,0.048,0.62,76,901,582,0,0,-1.9,76,901,0,582,0.244,17.59,55.82,0.93,0.29,878,0.8,310,3.4,2024.0,220.0,0.0
2024,5,24,17,0,22.7,1.13,0.05,0.62,66,819,399,0,0,-1.0,66,819,0,399,0.243,20.58,66.03,0.93,0.29,878,0.8,309,3.5,2024.0,220.0,64.33
2024,5,24,18,0,20.1,1.14,0.051,0.62,47,639,184,0,0,0.3,47,639,0,184,0.243,26.52,77.62,0.94,0.29,878,0.8,306,2.2,2024.0,220.0,199.93
2024,5,24,19,0,16.0,1.14,0.052,0.62,0,0,0,0,0,2.3,0,0,0,0,0.243,39.71,89.74,0.94,0.29,879,0.8,300,1.5,2024.0,220.0,275.63
2024,5,24,20,0,14.9,1.14,0.053,0.62,0,0,0,0,0,3.7,0,0,0,0,0.243,47.06,103.21,0.94,0.29,879,0.9,306,0.7,2024.0,220.0,247.86
2024,5,24,21,0,14.3,1.15,0.054,0.62,0,0,0,0,0,3.9,0,0,0,0,0.243,49.75,116.59,0.95,0.29,880,0.9,24,1.0,2024.0,220.0,239.67
2024,5,24,22,0,13.8,1.16,0.054,0.62,0,0,0,0,0,3.4,0,0,0,0,0.242,49.39,130.2,0.95,0.29,881,0.9,44,1.4,2024.0,220.0,256.84
2024,5,24,23,0,13.9,1.17,0.053,0.62,0,0,0,0,0,2.6,0,0,0,0,0.242,46.43,143.96,0.95,0.29,881,0.9,39,1.2,2024.0,220.0,250.28
2024,5,24,24,0,13.9,1.18,0.051,0.62,0,0,0,0,0,2.0,0,0,0,0,0.242,44.4,157.8,0.95,0.29,881,0.9,32,0.9,2024.0,220.0,225.77
2024,5,25,1,0,13.3,1.2,0.047,0.62,0,0,0,0,0,1.6,0,0,0,0,0.242,44.87,171.66,0.95,0.29,881,0.8,29,0.8,2024.0,220.0,226.56
2024,5,25,2,0,12.9,1.21,0.045,0.62,0,0,0,0,0,1.3,0,0,0,0,0.242,45.09,174.16,0.94,0.29,881,0.8,27,1.0,2024.0,220.0,263.51
2024,5,25,3,0,12.7,1.21,0.044,0.62,0,0,0,0,0,1.0,0,0,0,0,0.242,44.66,160.34,0.94,0.29,880,0.8,25,1.3,2024.0,220.0,242.15
2024,5,25,4,0,12.5,1.22,0.042,0.62,0,0,0,0,0,0.7,0,0,0,0,0.243,44.39,146.49,0.94,0.29,880,0.8,24,1.3,2024.0,220.0,150.94
2024,5,25,5,0,12.3,1.23,0.041,0.62,0,0,0,0,0,0.5,0,0,0,0,0.244,44.22,132.71,0.94,0.29,880,0.8,25,1.4,2024.0,220.0,85.05
2024,5,25,6,0,12.0,1.23,0.039,0.62,0,0,0,0,1,0.1,0,0,0,0,0.244,43.96,119.08,0.94,0.29,880,0.8,30,1.6,2024.0,220.0,78.03
2024,5,25,7,0,11.7,1.23,0.038,0.62,0,0,0,0,1,-0.5,0,0,0,0,0.244,42.87,105.66,0.93,0.29,880,0.7,36,1.7,2024.0,220.0,83.22
2024,5,25,8,0,12.1,1.23,0.036,0.62,0,0,0,0,0,-1.4,0,0,0,0,0.244,39.28,92.56,0.93,0.29,880,0.7,37,1.7,2024.0,220.0,98.63
2024,5,25,9,0,16.8,1.24,0.034,0.62,38,625,148,0,0,-2.0,38,625,0,148,0.244,27.67,79.89,0.93,0.29,880,0.7,33,1.8,2024.0,220.0,4.17
2024,5,25,10,0,20.4,1.23,0.033,0.62,56,829,365,0,0,-1.5,56,829,0,365,0.244,22.93,68.13,0.93,0.29,880,0.7,357,2.3,2024.0,220.0,0.0
2024,5,25,11,0,22.9,1.22,0.032,0.62,67,915,557,0,0,-2.0,67,915,0,557,0.243,19.0,57.64,0.93,0.29,881,0.7,339,1.2,2024.0,220.0,0.0
2024,5,25,12,0,24.5,1.2,0.032,0.62,73,957,697,0,0,-2.5,73,957,0,697,0.242,16.58,49.29,0.93,0.29,880,0.7,327,2.5,2024.0,220.0,0.0
2024,5,25,13,0,25.1,1.18,0.033,0.62,77,974,774,0,0,-2.5,77,974,0,774,0.242,16.05,44.3,0.93,0.29,880,0.7,319,3.2,2024.0,220.0,0.0
2024,5,25,14,0,25.2,1.17,0.034,0.62,78,975,781,0,0,-2.2,78,975,0,781,0.242,16.23,43.86,0.93,0.29,879,0.7,314,3.8,2024.0,220.0,0.0
2024,5,25,15,0,24.9,1.11,0.038,0.62,78,955,716,0,0,-2.0,78,955,0,716,0.241,16.78,48.09,0.93,0.29,879,0.7,311,4.8,2024.0,220.0,0.0
2024,5,25,16,0,24.2,1.12,0.038,0.62,71,918,585,0,0,-1.8,71,918,0,585,0.241,17.71,55.94,0.93,0.29,878,0.7,309,5.0,2024.0,220.0,0.0
2024,5,25,17,0,23.0,1.12,0.036,0.62,60,845,402,0,0,-1.6,60,845,0,402,0.24,19.39,66.11,0.93,0.29,878,0.7,310,4.1,2024.0,220.0,0.0
2024,5,25,18,0,20.5,1.14,0.034,0.62,43,678,187,0,0,-1.1,43,678,0,187,0.241,23.42,77.69,0.93,0.29,878,0.7,313,2.1,2024.0,220.0,156.36
2024,5,25,19,0,17.0,1.15,0.032,0.62,0,0,0,0,0,0.2,0,0,0,0,0.242,31.98,89.79,0.93,0.29,878,0.7,324,0.8,2024.0,220.0,287.91
2024,5,25,20,0,16.0,1.16,0.03,0.62,0,0,0,0,0,0.6,0,0,0,0,0.243,35.27,103.24,0.93,0.29,878,0.7,20,0.4,2024.0,220.0,272.15
2024,5,25,21,0,14.8,1.17,0.028,0.62,0,0,0,0,0,0.1,0,0,0,0,0.243,36.65,116.61,0.92,0.29,878,0.7,44,1.1,2024.0,220.0,265.23
2024,5,25,22,0,14.4,1.18,0.028,0.62,0,0,0,0,0,-0.8,0,0,0,0,0.244,35.23,130.21,0.92,0.29,879,0.7,39,1.3,2024.0,220.0,265.23
2024,5,25,23,0,14.1,1.18,0.028,0.62,0,0,0,0,0,-1.4,0,0,0,0,0.244,34.44,143.96,0.92,0.29,879,0.7,27,1.1,2024.0,220.0,267.26
2024,5,25,24,0,13.7,1.19,0.028,0.62,0,0,0,0,0,-1.7,0,0,0,0,0.244,34.6,157.8,0.92,0.29,879,0.7,19,1.0,2024.0,220.0,249.35
2024,5,26,1,0,13.3,1.19,0.028,0.62,0,0,0,0,0,-1.8,0,0,0,0,0.244,35.19,171.66,0.92,0.29,879,0.7,14,1.1,2024.0,220.0,202.09
2024,5,26,2,0,12.7,1.19,0.029,0.62,0,0,0,0,0,-1.6,0,0,0,0,0.244,37.1,174.22,0.92,0.29,879,0.7,13,1.1,2024.0,220.0,148.85
2024,5,26,3,0,12.3,1.19,0.03,0.62,0,0,0,0,0,-1.2,0,0,0,0,0.243,39.26,160.39,0.92,0.29,879,0.8,12,1.0,2024.0,220.0,91.46
2024,5,26,4,0,12.1,1.19,0.031,0.62,0,0,0,0,0,-0.8,0,0,0,0,0.243,40.94,146.54,0.92,0.29,879,0.8,12,1.0,2024.0,220.0,85.55
2024,5,26,5,0,12.0,1.19,0.031,0.62,0,0,0,0,4,-0.5,0,0,0,0,0.243,42.02,132.77,0.92,0.29,879,0.8,13,1.1,2024.0,220.0,84.01
2024,5,26,6,0,11.8,1.19,0.03,0.62,0,0,0,0,1,-0.4,0,0,0,0,0.243,42.86,119.15,0.92,0.29,879,0.8,16,1.3,2024.0,220.0,87.73
2024,5,26,7,0,11.8,1.2,0.029,0.62,0,0,0,0,1,-0.7,0,0,0,0,0.243,42.17,105.74,0.92,0.29,879,0.8,20,1.3,2024.0,220.0,94.47
2024,5,26,8,0,12.4,1.2,0.029,0.62,0,0,0,0,1,-1.0,0,0,0,0,0.243,39.53,92.65,0.92,0.29,880,0.8,21,1.2,2024.0,220.0,98.49
2024,5,26,9,0,16.4,1.21,0.03,0.62,37,624,145,0,0,-1.0,37,624,0,145,0.242,30.57,80.0,0.92,0.29,880,0.8,15,0.9,2024.0,220.0,4.7
2024,5,26,10,0,19.7,1.2,0.032,0.62,56,823,361,0,0,0.3,56,823,0,361,0.242,27.26,68.26,0.93,0.29,881,0.8,343,0.8,2024.0,220.0,0.0
2024,5,26,11,0,21.6,1.2,0.033,0.62,67,907,551,0,0,0.4,67,907,0,551,0.241,24.41,57.78,0.93,0.29,881,0.8,329,1.0,2024.0,220.0,0.0
2024,5,26,12,0,23.0,1.19,0.035,0.62,75,947,691,0,0,0.2,75,947,0,691,0.241,22.16,49.45,0.93,0.29,881,0.8,319,2.0,2024.0,220.0,0.0
2024,5,26,13,0,23.9,1.19,0.036,0.62,79,965,768,0,0,0.1,79,965,0,768,0.241,20.85,44.47,0.94,0.29,880,0.8,311,2.7,2024.0,220.0,0.0
2024,5,26,14,0,24.3,1.19,0.037,0.62,80,966,774,0,0,0.1,80,966,0,774,0.241,20.3,44.02,0.94,0.29,880,0.8,304,3.2,2024.0,220.0,0.0
2024,5,26,15,0,24.3,1.18,0.037,0.62,77,950,710,0,0,0.0,77,950,0,710,0.242,20.13,48.23,0.94,0.29,880,0.8,300,3.6,2024.0,220.0,0.0
2024,5,26,16,0,23.9,1.18,0.036,0.62,70,914,581,0,0,-0.2,70,914,0,581,0.242,20.32,56.05,0.94,0.29,880,0.8,301,3.6,2024.0,220.0,0.0
2024,5,26,17,0,22.9,1.18,0.036,0.62,60,838,398,0,0,-0.2,60,838,0,398,0.243,21.55,66.2,0.94,0.29,879,0.8,304,3.5,2024.0,220.0,1.96
2024,5,26,18,0,20.5,1.18,0.035,0.62,43,668,185,0,0,0.3,43,668,0,185,0.245,25.89,77.75,0.94,0.29,879,0.8,307,2.2,2024.0,220.0,90.1
2024,5,26,19,0,16.6,1.19,0.035,0.62,0,0,0,0,0,1.4,0,0,0,0,0.246,35.86,89.83,0.94,0.29,880,0.8,312,1.3,2024.0,220.0,128.94
2024,5,26,20,0,15.8,1.19,0.034,0.62,0,0,0,0,0,2.1,0,0,0,0,0.247,39.73,103.27,0.94,0.29,880,0.8,352,0.9,2024.0,220.0,169.25
2024,5,26,21,0,14.9,1.2,0.033,0.62,0,0,0,0,0,2.0,0,0,0,0,0.247,41.61,116.63,0.94,0.29,880,0.8,41,0.8,2024.0,220.0,191.41
2024,5,26,22,0,14.3,1.21,0.032,0.62,0,0,0,0,0,1.2,0,0,0,0,0.246,40.97,130.22,0.93,0.29,881,0.8,52,1.0,2024.0,220.0,155.31
2024,5,26,23,0,14.3,1.22,0.031,0.62,0,0,0,0,0,0.3,0,0,0,0,0.246,38.31,143.96,0.93,0.29,881,0.8,53,1.3,2024.0,220.0,164.24
2024,5,26,24,0,14.4,1.23,0.031,0.62,0,0,0,0,0,-0.5,0,0,0,0,0.247,35.86,157.8,0.93,0.29,881,0.7,53,1.4,2024.0,220.0,111.79
2024,5,27,1,0,14.5,1.23,0.03,0.62,0,0,0,0,0,-1.3,0,0,0,0,0.248,33.75,171.66,0.93,0.29,880,0.7,55,1.3,2024.0,220.0,115.81
2024,5,27,2,0,14.5,1.23,0.03,0.62,0,0,0,0,0,-2.0,0,0,0,0,0.249,32.05,174.28,0.93,0.29,880,0.7,57,1.3,2024.0,220.0,115.81
2024,5,27,3,0,14.4,1.23,0.029,0.62,0,0,0,0,0,-2.8,0,0,0,0,0.249,30.36,160.44,0.92,0.29,880,0.7,60,1.4,2024.0,220.0,115.81
2024,5,27,4,0,14.1,1.24,0.029,0.62,0,0,0,0,0,-3.8,0,0,0,0,0.25,28.73,146.59,0.92,0.29,879,0.7,65,1.4,2024.0,220.0,115.81
2024,5,27,5,0,13.9,1.25,0.028,0.62,0,0,0,0,1,-4.8,0,0,0,0,0.251,27.02,132.83,0.92,0.29,879,0.7,61,1.4,2024.0,220.0,95.5
2024,5,27,6,0,13.6,1.26,0.027,0.62,0,0,0,0,4,-5.8,0,0,0,0,0.251,25.45,119.21,0.92,0.29,879,0.6,62,1.4,2024.0,220.0,103.38
2024,5,27,7,0,13.3,1.27,0.026,0.62,0,0,0,0,4,-7.2,0,0,0,0,0.252,23.38,105.81,0.92,0.29,879,0.6,64,1.4,2024.0,220.0,134.61
2024,5,27,8,0,13.8,1.27,0.025,0.62,0,0,0,0,4,-8.9,0,0,0,0,0.253,19.92,92.74,0.91,0.29,880,0.6,65,1.4,2024.0,220.0,202.6
2024,5,27,9,0,17.9,1.28,0.024,0.62,35,649,147,0,0,-10.5,35,649,0,147,0.254,13.43,80.1,0.91,0.29,880,0.6,64,1.4,2024.0,220.0,28.7
2024,5,27,10,0,22.3,1.29,0.024,0.62,52,846,364,0,0,-8.7,52,846,0,364,0.254,11.8,68.38,0.91,0.29,880,0.6,48,2.1,2024.0,220.0,0.0
2024,5,27,11,0,24.9,1.3,0.024,0.62,61,929,555,0,0,-6.5,61,929,0,555,0.255,12.0,57.92,0.91,0.29,880,0.6,308,2.0,2024.0,220.0,0.0
2024,5,27,12,0,26.4,1.27,0.027,0.62,69,966,696,0,0,-5.6,69,966,0,696,0.255,11.77,49.6,0.91,0.29,880,0.6,281,2.7,2024.0,220.0,0.0
2024,5,27,13,0,26.9,1.26,0.029,0.62,74,982,773,0,0,-4.7,74,982,0,773,0.256,12.18,44.64,0.92,0.29,879,0.6,276,3.6,2024.0,220.0,0.0
2024,5,27,14,0,27.0,1.23,0.031,0.62,75,976,775,0,0,-4.5,75,976,0,775,0.256,12.36,44.18,0.92,0.29,879,0.7,275,3.9,2024.0,220.0,0.0
2024,5,27,15,0,26.6,1.16,0.036,0.62,76,955,711,0,0,-4.0,76,955,0,711,0.256,13.05,48.36,0.93,0.29,879,0.7,275,3.8,2024.0,220.0,0.0
2024,5,27,16,0,25.8,1.14,0.037,0.62,70,917,581,0,0,-3.5,70,917,0,581,0.255,14.24,56.15,0.93,0.29,878,0.7,278,3.7,2024.0,220.0,0.0
2024,5,27,17,0,24.5,1.13,0.038,0.62,61,838,398,0,0,-2.8,61,838,0,398,0.254,16.16,66.28,0.93,0.29,879,0.7,280,3.5,2024.0,220.0,0.0
2024,5,27,18,0,21.6,1.13,0.038,0.62,44,665,184,0,0,-2.0,44,665,0,184,0.254,20.49,77.81,0.93,0.29,879,0.7,278,2.4,2024.0,220.0,213.67
2024,5,27,19,0,17.9,1.13,0.038,0.62,0,0,0,0,0,-0.6,0,0,0,0,0.254,28.48,89.86,0.93,0.29,879,0.7,272,1.3,2024.0,220.0,270.91
2024,5,27,20,0,17.5,1.13,0.037,0.62,0,0,0,0,0,-0.2,0,0,0,0,0.253,30.27,103.3,0.93,0.29,879,0.7,123,0.8,2024.0,220.0,270.91
2024,5,27,21,0,16.1,1.15,0.035,0.62,0,0,0,0,0,-0.9,0,0,0,0,0.252,31.31,116.65,0.93,0.29,879,0.6,87,0.6,2024.0,220.0,270.91
2024,5,27,22,0,15.4,1.17,0.034,0.62,0,0,0,0,0,-2.3,0,0,0,0,0.252,29.5,130.23,0.93,0.29,880,0.6,83,0.9,2024.0,220.0,247.74
2024,5,27,23,0,15.6,1.18,0.033,0.62,0,0,0,0,0,-3.8,0,0,0,0,0.251,26.09,143.96,0.92,0.29,880,0.6,80,1.2,2024.0,220.0,247.74
2024,5,27,24,0,15.8,1.19,0.031,0.62,0,0,0,0,0,-5.1,0,0,0,0,0.252,23.37,157.79,0.92,0.29,880,0.6,78,1.6,2024.0,220.0,238.91
2024,5,28,1,0,15.9,1.2,0.03,0.62,0,0,0,0,0,-6.3,0,0,0,0,0.252,21.18,171.66,0.92,0.29,879,0.5,74,1.9,2024.0,220.0,248.86
2024,5,28,2,0,16.1,1.21,0.028,0.62,0,0,0,0,0,-7.4,0,0,0,0,0.253,19.2,174.34,0.92,0.29,879,0.5,69,1.7,2024.0,220.0,219.48
2024,5,28,3,0,16.2,1.22,0.028,0.62,0,0,0,0,0,-8.1,0,0,0,0,0.253,18.11,160.48,0.91,0.29,879,0.5,65,1.3,2024.0,220.0,163.68
2024,5,28,4,0,16.2,1.22,0.028,0.62,0,0,0,0,0,-8.2,0,0,0,0,0.254,17.91,146.64,0.91,0.29,879,0.5,64,1.1,2024.0,220.0,133.53
2024,5,28,5,0,16.1,1.23,0.028,0.62,0,0,0,0,1,-8.4,0,0,0,0,0.254,17.84,132.89,0.92,0.29,879,0.6,70,0.9,2024.0,220.0,98.36
2024,5,28,6,0,15.7,1.24,0.028,0.62,0,0,0,0,0,-9.0,0,0,0,0,0.254,17.4,119.28,0.92,0.29,879,0.6,77,0.6,2024.0,220.0,134.2
2024,5,28,7,0,14.7,1.25,0.027,0.62,0,0,0,0,3,-10.4,0,0,0,0,0.254,16.69,105.89,0.92,0.29,879,0.6,81,0.6,2024.0,220.0,176.81
2024,5,28,8,0,14.2,1.25,0.025,0.62,0,0,0,0,0,-12.1,0,0,0,0,0.253,15.04,92.83,0.91,0.29,880,0.6,81,1.2,2024.0,220.0,200.15
2024,5,28,9,0,18.7,1.26,0.024,0.62,35,646,145,0,0,-13.5,35,646,0,145,0.253,10.08,80.2,0.91,0.29,880,0.6,78,3.5,2024.0,220.0,19.77
2024,5,28,10,0,23.7,1.27,0.024,0.62,52,845,361,0,0,-12.6,52,845,0,361,0.252,7.97,68.49,0.91,0.29,880,0.6,84,3.8,2024.0,220.0,0.0
2024,5,28,11,0,26.3,1.29,0.024,0.62,61,928,552,0,0,-10.6,61,928,0,552,0.252,8.03,58.06,0.91,0.29,880,0.6,115,1.9,2024.0,220.0,0.0
2024,5,28,12,0,27.9,1.3,0.025,0.62,68,968,693,0,0,-9.3,68,968,0,693,0.25,8.07,49.76,0.91,0.29,880,0.6,227,2.9,2024.0,220.0,29.72
2024,5,28,13,0,28.7,1.29,0.026,0.62,71,985,770,0,0,-8.0,71,985,0,770,0.248,8.53,44.8,0.91,0.29,880,0.6,246,3.6,2024.0,220.0,54.89
2024,5,28,14,0,29.0,1.26,0.028,0.62,73,985,777,0,0,-6.8,73,985,0,777,0.246,9.17,44.34,0.92,0.29,879,0.6,251,3.3,2024.0,220.0,45.54
2024,5,28,15,0,28.7,1.23,0.03,0.62,72,968,713,0,0,-5.9,72,968,0,713,0.243,10.06,48.49,0.92,0.29,879,0.6,253,3.2,2024.0,220.0,31.04
2024,5,28,16,0,27.9,1.21,0.031,0.62,67,930,584,0,0,-5.0,67,930,0,584,0.241,11.23,56.25,0.93,0.29,879,0.6,254,3.1,2024.0,220.0,0.0
2024,5,28,17,0,26.5,1.19,0.031,0.62,58,856,401,0,0,-4.2,58,856,0,401,0.24,12.96,66.35,0.92,0.29,878,0.6,260,2.9,2024.0,220.0,23.27
2024,5,28,18,0,22.6,1.17,0.033,0.62,42,683,186,0,0,-2.4,42,683,0,186,0.24,18.66,77.86,0.93,0.29,878,0.6,268,2.1,2024.0,220.0,108.08
2024,5,28,19,0,17.7,1.15,0.036,0.62,0,0,0,0,0,0.5,0,0,0,0,0.241,31.45,89.89,0.93,0.29,879,0.7,270,1.6,2024.0,220.0,96.32
2024,5,28,20,0,16.1,1.13,0.038,0.62,0,0,0,0,0,2.3,0,0,0,0,0.241,39.4,103.32,0.93,0.29,880,0.7,265,1.1,2024.0,220.0,101.45
2024,5,28,21,0,15.8,1.13,0.039,0.62,0,0,0,0,0,2.3,0,0,0,0,0.241,40.16,116.66,0.94,0.28,881,0.7,198,0.5,2024.0,220.0,119.47
2024,5,28,22,0,15.5,1.15,0.04,0.62,0,0,0,0,0,1.2,0,0,0,0,0.241,37.85,130.23,0.94,0.28,881,0.7,127,0.7,2024.0,220.0,86.57
2024,5,28,23,0,15.5,1.16,0.04,0.62,0,0,0,0,0,-0.2,0,0,0,0,0.241,34.21,143.95,0.94,0.28,882,0.7,111,0.9,2024.0,220.0,86.57
2024,5,28,24,0,15.5,1.17,0.04,0.62,0,0,0,0,0,-1.5,0,0,0,0,0.242,31.26,157.78,0.94,0.28,882,0.7,101,1.0,2024.0,220.0,119.47
2024,5,29,1,0,15.1,1.17,0.039,0.62,0,0,0,0,0,-2.5,0,0,0,0,0.242,29.71,171.64,0.94,0.28,882,0.7,96,1.1,2024.0,220.0,104.23
2024,5,29,2,0,14.5,1.16,0.041,0.62,0,0,0,0,0,-3.5,0,0,0,0,0.243,28.63,174.39,0.94,0.28,881,0.7,93,1.1,2024.0,220.0,79.19
2024,5,29,3,0,14.4,1.15,0.04,0.62,0,0,0,0,0,-4.7,0,0,0,0,0.245,26.4,160.53,0.94,0.28,881,0.6,92,1.1,2024.0,220.0,80.18
2024,5,29,4,0,14.6,1.15,0.037,0.62,0,0,0,0,0,-6.1,0,0,0,0,0.246,23.39,146.7,0.94,0.28,880,0.6,92,1.0,2024.0,220.0,75.64
2024,5,29,5,0,14.8,1.14,0.034,0.62,0,0,0,0,0,-7.5,0,0,0,0,0.247,20.76,132.95,0.93,0.28,880,0.6,94,1.0,2024.0,220.0,82.27
2024,5,29,6,0,15.0,1.14,0.032,0.62,0,0,0,0,1,-8.3,0,0,0,0,0.247,19.22,119.35,0.93,0.28,879,0.6,96,1.0,2024.0,220.0,89.5
2024,5,29,7,0,14.9,1.15,0.03,0.62,0,0,0,0,0,-8.5,0,0,0,0,0.247,19.06,105.97,0.93,0.28,880,0.6,95,1.2,2024.0,220.0,175.53
2024,5,29,8,0,15.2,1.16,0.028,0.62,0,0,0,0,0,-8.7,0,0,0,0,0.247,18.42,92.92,0.92,0.28,880,0.6,91,1.2,2024.0,220.0,216.72
2024,5,29,9,0,18.8,1.19,0.027,0.62,36,644,144,0,0,-9.1,36,644,0,144,0.248,14.17,80.3,0.92,0.28,880,0.5,88,2.1,2024.0,220.0,37.34
2024,5,29,10,0,23.0,1.22,0.026,0.62,53,848,362,0,0,-8.8,53,848,0,362,0.248,11.24,68.61,0.91,0.28,881,0.5,107,1.4,2024.0,220.0,0.0
2024,5,29,11,0,25.8,1.25,0.026,0.62,62,932,554,0,0,-7.5,62,932,0,554,0.248,10.5,58.19,0.91,0.28,881,0.5,186,1.9,2024.0,220.0,56.53
2024,5,29,12,0,27.7,1.25,0.028,0.62,70,971,695,0,0,-6.5,70,971,0,695,0.248,10.15,49.9,0.91,0.28,880,0.5,212,3.0,2024.0,220.0,0.0
2024,5,29,13,0,28.6,1.25,0.031,0.62,75,986,773,0,0,-5.6,75,986,0,773,0.247,10.35,44.95,0.92,0.28,879,0.5,222,3.8,2024.0,220.0,0.0
2024,5,29,14,0,28.9,1.23,0.033,0.62,76,985,779,0,0,-4.8,76,985,0,779,0.247,10.73,44.48,0.92,0.28,879,0.5,228,4.3,2024.0,220.0,0.0
2024,5,29,15,0,28.6,1.11,0.045,0.62,81,957,713,0,0,-4.2,81,957,0,713,0.248,11.5,48.61,0.92,0.28,878,0.5,233,4.4,2024.0,220.0,0.0
2024,5,29,16,0,27.6,1.06,0.047,0.62,75,916,583,0,0,-3.3,75,916,0,583,0.248,12.96,56.34,0.92,0.28,878,0.5,237,4.2,2024.0,220.0,0.0
2024,5,29,17,0,25.8,1.02,0.05,0.62,66,832,398,0,0,-2.4,66,832,0,398,0.249,15.42,66.42,0.92,0.28,878,0.5,239,4.1,2024.0,220.0,43.08
2024,5,29,18,0,22.3,1.0,0.051,0.62,47,640,181,1,0,-1.1,47,640,1,181,0.25,21.01,77.91,0.93,0.28,878,0.6,242,3.3,2024.0,220.0,131.42
2024,5,29,19,0,17.7,0.99,0.051,0.62,0,0,0,1,0,0.9,0,0,1,0,0.251,32.18,89.92,0.93,0.28,879,0.6,238,1.8,2024.0,220.0,255.74
2024,5,29,20,0,17.0,1.0,0.051,0.62,0,0,0,0,0,1.4,0,0,0,0,0.251,35.0,103.34,0.93,0.28,879,0.6,194,1.1,2024.0,220.0,226.97
2024,5,29,21,0,16.4,1.0,0.049,0.62,0,0,0,0,0,0.5,0,0,0,0,0.251,33.93,116.66,0.93,0.28,879,0.5,112,0.4,2024.0,220.0,140.93
2024,5,29,22,0,16.1,1.0,0.046,0.62,0,0,0,0,0,-1.3,0,0,0,0,0.251,30.33,130.23,0.93,0.28,880,0.5,94,1.0,2024.0,220.0,125.31
2024,5,29,23,0,16.3,1.01,0.044,0.62,0,0,0,0,0,-3.3,0,0,0,0,0.251,25.96,143.94,0.92,0.28,880,0.5,86,1.2,2024.0,220.0,125.31
2024,5,29,24,0,16.8,1.02,0.043,0.62,0,0,0,0,0,-4.7,0,0,0,0,0.25,22.64,157.76,0.92,0.28,880,0.5,79,1.1,2024.0,220.0,125.31
2024,5,30,1,0,17.1,1.03,0.042,0.62,0,0,0,0,0,-5.1,0,0,0,0,0.249,21.49,171.63,0.92,0.28,879,0.5,71,1.1,2024.0,220.0,78.15
2024,5,30,2,0,17.2,1.04,0.044,0.62,0,0,0,0,0,-4.7,0,0,0,0,0.249,21.99,174.44,0.92,0.28,879,0.5,60,1.3,2024.0,220.0,77.95
2024,5,30,3,0,16.9,1.05,0.045,0.62,0,0,0,0,0,-4.4,0,0,0,0,0.249,22.98,160.58,0.92,0.28,879,0.5,55,1.4,2024.0,220.0,67.45
2024,5,30,4,0,16.4,1.06,0.045,0.62,0,0,0,0,0,-4.6,0,0,0,0,0.249,23.33,146.75,0.92,0.28,878,0.5,68,1.5,2024.0,220.0,65.06
2024,5,30,5,0,15.9,1.08,0.043,0.62,0,0,0,0,0,-5.5,0,0,0,0,0.248,22.52,133.01,0.92,0.28,878,0.5,80,1.5,2024.0,220.0,65.5
2024,5,30,6,0,15.6,1.09,0.041,0.62,0,0,0,0,0,-6.7,0,0,0,0,0.248,20.96,119.42,0.92,0.28,878,0.5,80,1.5,2024.0,220.0,73.72
2024,5,30,7,0,15.6,1.11,0.04,0.62,0,0,0,0,0,-7.7,0,0,0,0,0.248,19.35,106.04,0.92,0.28,878,0.5,78,1.5,2024.0,220.0,95.42
2024,5,30,8,0,16.1,1.13,0.039,0.62,0,0,0,0,3,-8.5,0,0,0,0,0.248,17.7,93.01,0.92,0.28,879,0.5,74,1.5,2024.0,220.0,108.39
2024,5,30,9,0,18.8,1.15,0.039,0.62,39,621,142,0,0,-8.9,39,621,0,142,0.248,14.42,80.4,0.92,0.28,879,0.4,66,2.2,2024.0,220.0,17.65
2024,5,30,10,0,22.7,1.16,0.041,0.62,59,831,361,0,0,-8.2,59,831,0,361,0.248,11.95,68.72,0.93,0.28,879,0.4,39,2.0,2024.0,220.0,4.41
2024,5,30,11,0,25.4,1.16,0.045,0.62,73,915,553,0,0,-6.4,73,915,0,553,0.248,11.69,58.32,0.94,0.28,879,0.4,305,2.7,2024.0,220.0,26.47
2024,5,30,12,0,27.1,1.16,0.05,0.62,83,954,695,0,0,-5.2,83,954,0,695,0.246,11.63,50.05,0.94,0.28,879,0.4,282,3.5,2024.0,220.0,26.47
2024,5,30,13,0,28.0,1.18,0.051,0.62,87,973,773,0,0,-4.7,87,973,0,773,0.244,11.48,45.1,0.94,0.28,879,0.4,279,3.9,2024.0,220.0,16.32
2024,5,30,14,0,28.3,1.2,0.053,0.62,88,973,781,0,0,-4.1,88,973,0,781,0.243,11.76,44.62,0.94,0.28,878,0.4,278,4.0,2024.0,220.0,0.0
2024,5,30,15,0,27.8,1.18,0.079,0.62,98,921,705,0,0,-3.0,98,921,0,705,0.241,13.17,48.73,0.94,0.28,878,0.5,278,4.0,2024.0,220.0,0.0
2024,5,30,16,0,26.8,1.17,0.086,0.62,93,871,575,0,0,-1.9,93,871,0,575,0.24,15.14,56.43,0.95,0.28,878,0.5,277,3.8,2024.0,220.0,0.0
2024,5,30,17,0,25.3,1.16,0.09,0.62,81,777,391,0,0,-1.0,81,777,0,391,0.24,17.63,66.48,0.96,0.28,878,0.5,277,3.4,2024.0,220.0,0.0
2024,5,30,18,0,22.0,1.16,0.092,0.62,57,567,175,0,0,0.0,57,567,0,175,0.24,23.13,77.96,0.96,0.28,878,0.6,277,2.1,2024.0,220.0,87.29
2024,5,30,19,0,18.7,1.17,0.091,0.62,0,0,0,0,0,1.4,0,0,0,0,0.24,31.43,89.95,0.96,0.28,879,0.5,276,1.3,2024.0,220.0,124.6
2024,5,30,20,0,18.2,1.17,0.088,0.62,0,0,0,0,0,1.9,0,0,0,0,0.24,33.49,103.36,0.96,0.28,879,0.5,282,0.9,2024.0,220.0,124.6
2024,5,30,21,0,17.6,1.18,0.085,0.62,0,0,0,0,0,1.1,0,0,0,0,0.24,32.82,116.67,0.96,0.28,880,0.5,84,1.0,2024.0,220.0,124.6
2024,5,30,22,0,17.1,1.19,0.08,0.62,0,0,0,0,0,-0.5,0,0,0,0,0.241,30.21,130.22,0.96,0.28,880,0.5,78,1.4,2024.0,220.0,117.84
2024,5,30,23,0,17.0,1.2,0.074,0.62,0,0,0,0,0,-2.1,0,0,0,0,0.242,27.09,143.93,0.96,0.28,880,0.5,74,1.6,2024.0,220.0,98.66
2024,5,30,24,0,17.1,1.22,0.068,0.62,0,0,0,0,0,-3.9,0,0,0,0,0.242,23.55,157.74,0.95,0.28,880,0.4,72,1.7,2024.0,220.0,116.55
2024,5,31,1,0,17.1,1.23,0.064,0.62,0,0,0,0,0,-5.2,0,0,0,0,0.243,21.29,171.6,0.95,0.28,880,0.4,68,1.6,2024.0,220.0,112.51
2024,5,31,2,0,16.9,1.23,0.062,0.62,0,0,0,0,0,-6.5,0,0,0,0,0.244,19.58,174.49,0.95,0.28,879,0.4,63,1.6,2024.0,220.0,69.61
2024,5,31,3,0,16.6,1.23,0.06,0.62,0,0,0,0,0,-7.7,0,0,0,0,0.245,18.25,160.62,0.95,0.28,879,0.4,60,1.5,2024.0,220.0,70.05
2024,5,31,4,0,16.4,1.23,0.057,0.62,0,0,0,0,1,-8.8,0,0,0,0,0.247,16.87,146.8,0.94,0.28,878,0.4,59,1.4,2024.0,220.0,84.71
2024,5,31,5,0,16.3,1.23,0.057,0.62,0,0,0,0,1,-9.8,0,0,0,0,0.248,15.79,133.07,0.94,0.28,878,0.4,59,1.4,2024.0,220.0,102.31
2024,5,31,6,0,16.3,1.23,0.057,0.62,0,0,0,0,1,-10.4,0,0,0,0,0.25,15.0,119.48,0.94,0.28,878,0.4,60,1.5,2024.0,220.0,102.31
2024,5,31,7,0,15.9,1.22,0.055,0.62,0,0,0,0,1,-11.5,0,0,0,0,0.251,14.1,106.12,0.94,0.28,879,0.4,61,1.7,2024.0,220.0,108.74
2024,5,31,8,0,15.9,1.22,0.052,0.62,0,0,0,0,4,-13.2,0,0,0,0,0.252,12.28,93.09,0.94,0.28,879,0.4,60,1.8,2024.0,220.0,92.13
2024,5,31,9,0,18.9,1.23,0.049,0.62,41,597,139,0,0,-14.5,41,597,0,139,0.253,9.16,80.5,0.94,0.28,879,0.4,56,2.5,2024.0,220.0,50.44
2024,5,31,10,0,23.7,1.23,0.049,0.62,62,817,357,0,0,-13.3,62,817,0,357,0.253,7.52,68.83,0.94,0.28,879,0.4,34,2.5,2024.0,220.0,29.41
2024,5,31,11,0,26.2,1.23,0.049,0.62,74,909,550,0,0,-10.0,74,909,0,550,0.253,8.43,58.45,0.94,0.28,880,0.4,328,0.8,2024.0,220.0,51.77
2024,5,31,12,0,27.7,1.23,0.047,0.62,81,956,693,0,0,-9.7,81,956,0,693,0.251,7.91,50.18,0.94,0.28,879,0.4,308,2.4,2024.0,220.0,58.88
2024,5,31,13,0,28.8,1.24,0.046,0.62,84,977,772,0,0,-10.1,84,977,0,772,0.25,7.22,45.25,0.94,0.28,879,0.4,299,3.7,2024.0,220.0,58.78
2024,5,31,14,0,29.1,1.24,0.046,0.62,84,979,779,0,0,-9.0,84,979,0,779,0.248,7.68,44.75,0.94,0.28,878,0.4,293,4.2,2024.0,220.0,15.43
2024,5,31,15,0,28.8,1.24,0.047,0.62,82,954,709,0,0,-7.8,82,954,0,709,0.247,8.61,48.84,0.94,0.28,878,0.5,287,4.3,2024.0,220.0,0.0
2024,5,31,16,0,28.1,1.24,0.047,0.62,75,916,580,0,0,-6.9,75,916,0,580,0.246,9.64,56.52,0.95,0.28,878,0.5,282,4.2,2024.0,220.0,0.0
2024,5,31,17,0,26.8,1.24,0.046,0.62,64,831,395,0,0,-6.1,64,831,0,395,0.247,11.01,66.54,0.95,0.28,878,0.6,282,3.9,2024.0,220.0,35.89
2024,5,31,18,0,23.1,1.24,0.047,0.62,46,651,181,0,0,-4.3,46,651,0,181,0.248,15.73,78.0,0.95,0.28,878,0.6,283,1.9,2024.0,220.0,84.47
2024,5,31,19,0,19.6,1.25,0.046,0.62,0,0,0,0,0,-2.4,0,0,0,0,0.25,22.53,89.97,0.95,0.28,878,0.6,282,1.4,2024.0,220.0,108.02
2024,5,31,20,0,19.2,1.26,0.045,0.62,0,0,0,0,0,-1.7,0,0,0,0,0.25,24.34,103.37,0.94,0.28,878,0.6,8,1.1,2024.0,220.0,108.02
2024,5,31,21,0,18.3,1.29,0.044,0.62,0,0,0,0,0,-2.3,0,0,0,0,0.25,24.56,116.67,0.95,0.28,879,0.6,72,1.4,2024.0,220.0,108.02
2024,5,31,22,0,18.2,1.3,0.046,0.62,0,0,0,0,0,-3.6,0,0,0,0,0.25,22.53,130.21,0.95,0.28,879,0.7,75,1.6,2024.0,220.0,111.73
2024,5,31,23,0,18.5,1.3,0.046,0.62,0,0,0,0,0,-5.1,0,0,0,0,0.251,19.71,143.91,0.95,0.28,879,0.7,77,1.7,2024.0,220.0,112.47
2024,5,31,24,0,17.7,1.31,0.043,0.62,0,0,0,0,0,-6.7,0,0,0,0,0.252,18.32,157.72,0.94,0.28,879,0.6,78,1.6,2024.0,220.0,112.47
2024,6,1,1,0,16.8,1.32,0.04,0.62,0,0,0,0,7,-8.7,0,0,0,0,0.253,16.7,171.58,0.94,0.28,879,0.6,77,1.5,2024.0,220.0,75.21
2024,6,1,2,0,16.3,1.32,0.038,0.62,0,0,0,0,0,-10.5,0,0,0,0,0.254,14.93,174.53,0.94,0.28,879,0.6,76,1.4,2024.0,220.0,69.1
2024,6,1,3,0,16.0,1.32,0.037,0.62,0,0,0,0,0,-12.4,0,0,0,0,0.255,13.04,160.67,0.94,0.28,878,0.6,78,1.4,2024.0,220.0,65.87
2024,6,1,4,0,15.7,1.31,0.036,0.62,0,0,0,0,0,-14.4,0,0,0,0,0.257,11.31,146.85,0.94,0.28,878,0.6,77,1.4,2024.0,220.0,64.35
2024,6,1,5,0,15.4,1.28,0.037,0.62,0,0,0,0,0,-15.4,0,0,0,0,0.258,10.58,133.13,0.94,0.28,878,0.6,70,1.4,2024.0,220.0,60.6
2024,6,1,6,0,15.0,1.26,0.039,0.62,0,0,0,0,0,-15.2,0,0,0,0,0.259,11.11,119.55,0.94,0.28,877,0.5,65,1.5,2024.0,220.0,63.86
2024,6,1,7,0,15.2,1.25,0.04,0.62,0,0,0,0,0,-15.2,0,0,0,0,0.26,10.95,106.2,0.94,0.28,878,0.5,61,1.6,2024.0,220.0,63.63
2024,6,1,8,0,15.9,1.23,0.041,0.62,0,0,0,0,0,-16.0,0,0,0,0,0.259,9.78,93.18,0.95,0.28,878,0.5,55,1.6,2024.0,220.0,57.77
2024,6,1,9,0,19.5,1.24,0.04,0.62,38,604,137,0,0,-15.7,38,604,0,137,0.259,8.0,80.59,0.94,0.28,879,0.5,46,1.4,2024.0,220.0,12.59
2024,6,1,10,0,24.3,1.25,0.041,0.62,59,819,353,0,0,-14.5,59,819,0,353,0.259,6.59,68.94,0.95,0.28,879,0.5,25,1.6,2024.0,220.0,0.0
2024,6,1,11,0,27.2,1.26,0.041,0.62,70,909,545,0,0,-13.1,70,909,0,545,0.259,6.2,58.57,0.95,0.28,879,0.5,303,0.9,2024.0,220.0,0.0
2024,6,1,12,0,29.0,1.27,0.043,0.62,78,951,686,0,0,-11.5,78,951,0,686,0.259,6.37,50.32,0.95,0.28,878,0.5,268,2.4,2024.0,220.0,0.0
2024,6,1,13,0,29.5,1.28,0.046,0.62,83,961,758,0,0,-9.3,83,961,0,758,0.258,7.38,45.39,0.95,0.28,878,0.6,262,3.4,2024.0,220.0,0.0
2024,6,1,14,0,29.5,1.28,0.049,0.62,85,960,766,0,0,-7.9,85,960,0,766,0.257,8.22,44.88,0.95,0.28,877,0.6,258,4.1,2024.0,220.0,0.0
2024,6,1,15,0,29.2,1.26,0.065,0.62,90,928,700,0,0,-7.1,90,928,0,700,0.256,8.91,48.94,0.95,0.28,877,0.6,254,4.6,2024.0,220.0,0.0
2024,6,1,16,0,28.7,1.26,0.065,0.62,83,881,568,0,0,-6.6,83,881,0,568,0.255,9.48,56.59,0.95,0.28,876,0.7,251,4.7,2024.0,220.0,0.0
2024,6,1,17,0,27.4,1.26,0.064,0.62,70,798,387,0,0,-6.0,70,798,0,387,0.254,10.76,66.6,0.95,0.28,877,0.7,248,4.4,2024.0,220.0,0.0
2024,6,1,18,0,23.4,1.25,0.065,0.62,50,609,176,0,0,-4.1,50,609,0,176,0.254,15.77,78.03,0.95,0.28,877,0.7,248,2.7,2024.0,220.0,59.61
2024,6,1,19,0,19.6,1.24,0.065,0.62,0,0,0,0,0,-2.2,0,0,0,0,0.254,22.79,89.99,0.95,0.28,878,0.7,235,1.2,2024.0,220.0,102.72
2024,6,1,20,0,19.1,1.24,0.062,0.62,0,0,0,0,0,-2.3,0,0,0,0,0.253,23.35,103.38,0.95,0.28,878,0.7,180,0.6,2024.0,220.0,105.56
2024,6,1,21,0,18.0,1.24,0.058,0.62,0,0,0,0,0,-4.1,0,0,0,0,0.253,21.94,116.67,0.95,0.28,878,0.7,118,1.3,2024.0,220.0,105.56
2024,6,1,22,0,17.2,1.25,0.053,0.62,0,0,0,0,0,-6.3,0,0,0,0,0.252,19.55,130.2,0.94,0.28,878,0.7,96,1.7,2024.0,220.0,105.56
2024,6,1,23,0,16.9,1.25,0.048,0.62,0,0,0,0,0,-8.3,0,0,0,0,0.253,17.09,143.9,0.94,0.28,878,0.6,83,1.9,2024.0,220.0,98.63
2024,6,1,24,0,17.0,1.26,0.044,0.62,0,0,0,0,0,-10.0,0,0,0,0,0.253,14.8,157.69,0.94,0.28,878,0.7,75,1.7,2024.0,220.0,91.18
2024,6,2,1,0,17.2,1.27,0.043,0.62,0,0,0,0,0,-11.4,0,0,0,0,0.253,13.08,171.55,0.93,0.28,878,0.7,69,1.4,2024.0,220.0,78.3
2024,6,2,2,0,17.0,1.27,0.043,0.62,0,0,0,0,0,-11.4,0,0,0,0,0.253,13.29,174.58,0.93,0.28,878,0.7,62,1.2,2024.0,220.0,81.08
2024,6,2,3,0,16.5,1.27,0.044,0.62,0,0,0,0,0,-11.0,0,0,0,0,0.254,14.15,160.72,0.93,0.28,878,0.8,57,1.0,2024.0,220.0,69.57
2024,6,2,4,0,16.6,1.27,0.045,0.62,0,0,0,0,0,-11.2,0,0,0,0,0.254,13.83,146.91,0.93,0.28,878,0.7,53,1.0,2024.0,220.0,68.89
2024,6,2,5,0,16.9,1.27,0.044,0.62,0,0,0,0,0,-11.8,0,0,0,0,0.254,12.92,133.19,0.93,0.28,878,0.7,51,1.1,2024.0,220.0,69.66
2024,6,2,6,0,16.7,1.28,0.043,0.62,0,0,0,0,0,-12.4,0,0,0,0,0.253,12.43,119.62,0.93,0.28,878,0.7,53,1.3,2024.0,220.0,66.88
2024,6,2,7,0,15.9,1.29,0.042,0.62,0,0,0,0,0,-12.9,0,0,0,0,0.253,12.62,106.27,0.93,0.28,878,0.8,56,1.5,2024.0,220.0,60.85
2024,6,2,8,0,15.7,1.29,0.041,0.62,0,0,0,0,0,-13.3,0,0,0,0,0.252,12.36,93.26,0.93,0.28,878,0.8,58,1.6,2024.0,220.0,58.47
2024,6,2,9,0,19.8,1.29,0.041,0.62,38,579,131,0,0,-13.2,38,579,0,131,0.251,9.6,80.69,0.93,0.28,879,0.8,60,1.5,2024.0,220.0,0.0
2024,6,2,10,0,24.6,1.29,0.041,0.62,58,804,345,0,0,-12.5,58,804,0,345,0.251,7.63,69.05,0.93,0.28,879,0.7,59,1.6,2024.0,220.0,0.0
2024,6,2,11,0,27.2,1.28,0.042,0.62,70,894,535,0,0,-10.5,70,894,0,535,0.251,7.67,58.69,0.94,0.28,879,0.7,122,1.2,2024.0,220.0,0.0
2024,6,2,12,0,29.2,1.28,0.048,0.62,80,932,674,0,0,-9.4,80,932,0,674,0.25,7.4,50.45,0.94,0.28,879,0.7,227,2.9,2024.0,220.0,0.0
2024,6,2,13,0,30.5,1.28,0.05,0.62,85,951,751,0,0,-9.0,85,951,0,751,0.25,7.09,45.52,0.94,0.28,878,0.7,233,3.9,2024.0,220.0,16.41
2024,6,2,14,0,31.2,1.27,0.052,0.62,86,951,759,0,0,-9.0,86,951,0,759,0.249,6.83,45.0,0.94,0.28,877,0.7,238,4.4,2024.0,220.0,40.45
2024,6,2,15,0,30.9,1.26,0.053,0.62,84,934,696,0,0,-8.1,84,934,0,696,0.249,7.47,49.04,0.94,0.28,877,0.7,244,4.6,2024.0,220.0,0.0
2024,6,2,16,0,29.8,1.25,0.055,0.62,78,891,568,0,0,-6.5,78,891,0,568,0.249,8.99,56.66,0.94,0.28,877,0.7,252,4.4,2024.0,220.0,0.0
2024,6,2,17,0,27.5,1.24,0.058,0.62,67,800,385,0,0,-4.2,67,800,0,385,0.249,12.2,66.64,0.94,0.28,877,0.8,260,4.0,2024.0,220.0,22.11
2024,6,2,18,0,23.4,1.23,0.061,0.62,48,609,174,0,0,-1.5,48,609,0,174,0.249,19.1,78.06,0.94,0.28,877,0.8,267,2.2,2024.0,220.0,78.35
2024,6,2,19,0,18.7,1.23,0.064,0.62,0,0,0,0,1,0.9,0,0,0,0,0.25,30.32,90.0,0.94,0.28,878,0.8,268,1.4,2024.0,220.0,106.17
2024,6,2,20,0,17.7,1.23,0.065,0.62,0,0,0,0,0,1.7,0,0,0,0,0.249,34.07,103.38,0.95,0.28,878,0.8,259,0.8,2024.0,220.0,103.99
2024,6,2,21,0,17.1,1.24,0.064,0.62,0,0,0,0,0,0.7,0,0,0,0,0.249,33.07,116.66,0.94,0.28,879,0.8,95,1.0,2024.0,220.0,103.99
2024,6,2,22,0,16.8,1.24,0.062,0.62,0,0,0,0,0,-1.0,0,0,0,0,0.25,29.68,130.19,0.94,0.28,879,0.8,90,1.4,2024.0,220.0,103.99
2024,6,2,23,0,17.0,1.23,0.06,0.62,0,0,0,0,0,-3.0,0,0,0,0,0.25,25.41,143.88,0.94,0.28,879,0.8,87,1.5,2024.0,220.0,104.4
2024,6,2,24,0,17.6,1.21,0.059,0.62,0,0,0,0,0,-4.9,0,0,0,0,0.25,21.13,157.66,0.94,0.28,879,0.8,89,1.5,2024.0,220.0,104.13
2024,6,3,1,0,17.9,1.21,0.057,0.62,0,0,0,0,0,-6.2,0,0,0,0,0.251,18.86,171.51,0.94,0.28,879,0.8,92,1.4,2024.0,220.0,95.45
2024,6,3,2,0,17.9,1.21,0.054,0.62,0,0,0,0,8,-6.9,0,0,0,0,0.252,17.79,174.62,0.93,0.28,879,0.8,88,1.3,2024.0,220.0,80.03
2024,6,3,3,0,17.5,1.21,0.052,0.62,0,0,0,0,1,-7.0,0,0,0,0,0.253,18.18,160.76,0.93,0.28,878,0.8,83,1.2,2024.0,220.0,77.4
2024,6,3,4,0,16.9,1.21,0.05,0.62,0,0,0,0,0,-7.0,0,0,0,0,0.254,18.8,146.96,0.93,0.28,878,0.8,81,1.1,2024.0,220.0,81.69
2024,6,3,5,0,16.3,1.22,0.047,0.62,0,0,0,0,0,-7.1,0,0,0,0,0.255,19.42,133.25,0.93,0.28,878,0.8,82,1.2,2024.0,220.0,81.69
2024,6,3,6,0,16.1,1.22,0.044,0.62,0,0,0,0,8,-7.8,0,0,0,0,0.256,18.65,119.68,0.92,0.28,878,0.8,80,1.3,2024.0,220.0,79.0
2024,6,3,7,0,16.0,1.23,0.042,0.62,0,0,0,0,0,-8.8,0,0,0,0,0.257,17.4,106.35,0.92,0.28,878,0.8,76,1.3,2024.0,220.0,98.55
2024,6,3,8,0,16.4,1.24,0.039,0.62,0,0,0,0,0,-9.4,0,0,0,0,0.258,16.09,93.34,0.92,0.28,878,0.7,70,1.2,2024.0,220.0,107.31
2024,6,3,9,0,20.3,1.25,0.038,0.62,37,588,131,0,1,-9.2,37,588,0,131,0.258,12.82,80.78,0.92,0.28,879,0.7,59,1.1,2024.0,220.0,38.1
2024,6,3,10,0,24.5,1.26,0.037,0.62,56,808,344,0,0,-8.0,56,808,0,344,0.258,10.93,69.15,0.92,0.28,879,0.7,42,1.8,2024.0,220.0,6.23
2024,6,3,11,0,27.2,1.28,0.037,0.62,67,899,533,0,0,-6.1,67,899,0,533,0.258,10.77,58.8,0.92,0.28,879,0.7,349,2.4,2024.0,220.0,14.19
2024,6,3,12,0,28.9,1.3,0.039,0.62,75,941,673,0,0,-5.3,75,941,0,673,0.257,10.41,50.57,0.92,0.28,878,0.7,291,2.8,2024.0,220.0,14.24
2024,6,3,13,0,29.4,1.31,0.043,0.62,81,957,750,0,0,-4.3,81,957,0,750,0.256,10.87,45.64,0.93,0.28,878,0.7,274,3.2,2024.0,220.0,22.78
2024,6,3,14,0,29.4,1.29,0.048,0.62,84,954,757,0,0,-3.5,84,954,0,757,0.254,11.57,45.11,0.94,0.28,877,0.7,266,3.5,2024.0,220.0,30.03
2024,6,3,15,0,28.7,1.27,0.059,0.62,87,927,693,0,0,-2.7,87,927,0,693,0.253,12.76,49.13,0.94,0.28,877,0.7,261,3.7,2024.0,220.0,29.14
2024,6,3,16,0,27.4,1.25,0.062,0.62,81,883,565,0,0,-1.9,81,883,0,565,0.253,14.64,56.73,0.94,0.28,876,0.7,255,3.8,2024.0,220.0,52.49
2024,6,3,17,0,25.5,1.23,0.065,0.62,70,795,385,0,0,-0.9,70,795,0,385,0.253,17.53,66.69,0.94,0.28,876,0.7,246,3.7,2024.0,220.0,56.9
2024,6,3,18,0,22.1,1.21,0.065,0.62,49,606,174,0,0,0.5,49,606,0,174,0.252,23.88,78.09,0.94,0.28,876,0.7,239,2.5,2024.0,220.0,70.64
2024,6,3,19,0,18.2,1.18,0.063,0.62,0,0,0,0,0,2.4,0,0,0,0,0.252,34.73,90.01,0.94,0.28,877,0.7,222,1.3,2024.0,220.0,90.0
2024,6,3,20,0,17.0,1.17,0.059,0.62,0,0,0,0,0,2.9,0,0,0,0,0.251,38.9,103.38,0.94,0.28,877,0.8,177,0.7,2024.0,220.0,80.97
2024,6,3,21,0,16.5,1.18,0.055,0.62,0,0,0,0,0,1.8,0,0,0,0,0.25,37.13,116.65,0.93,0.28,878,0.7,130,1.2,2024.0,220.0,90.78
2024,6,3,22,0,16.9,1.18,0.051,0.62,0,0,0,0,0,-0.2,0,0,0,0,0.25,31.4,130.17,0.93,0.28,878,0.7,110,1.5,2024.0,220.0,95.66
2024,6,3,23,0,17.8,1.18,0.05,0.62,0,0,0,0,0,-1.7,0,0,0,0,0.25,26.58,143.85,0.93,0.28,878,0.7,99,1.5,2024.0,220.0,84.39
2024,6,3,24,0,18.3,1.17,0.052,0.62,0,0,0,0,0,-1.9,0,0,0,0,0.25,25.27,157.63,0.93,0.28,878,0.8,89,1.3,2024.0,220.0,77.28
2024,6,4,1,0,18.3,1.16,0.056,0.62,0,0,0,0,0,-1.1,0,0,0,0,0.251,26.88,171.48,0.93,0.28,878,0.8,75,1.1,2024.0,220.0,77.13
2024,6,4,2,0,17.8,1.15,0.06,0.62,0,0,0,0,0,-0.2,0,0,0,0,0.252,29.68,174.66,0.94,0.28,878,0.9,15,1.0,2024.0,220.0,77.44
2024,6,4,3,0,17.2,1.16,0.06,0.62,0,0,0,0,0,0.3,0,0,0,0,0.253,31.92,160.81,0.93,0.28,878,0.9,11,0.9,2024.0,220.0,76.9
2024,6,4,4,0,16.6,1.18,0.057,0.62,0,0,0,0,0,0.1,0,0,0,0,0.253,32.61,147.01,0.93,0.28,877,0.9,54,0.9,2024.0,220.0,76.87
2024,6,4,5,0,16.1,1.2,0.055,0.62,0,0,0,0,0,-0.6,0,0,0,0,0.254,31.95,133.31,0.93,0.28,877,0.9,58,1.1,2024.0,220.0,76.87
2024,6,4,6,0,15.9,1.22,0.053,0.62,0,0,0,0,0,-1.3,0,0,0,0,0.254,30.74,119.75,0.93,0.28,877,0.9,53,1.2,2024.0,220.0,76.92
2024,6,4,7,0,15.6,1.24,0.051,0.62,0,0,0,0,1,-1.6,0,0,0,0,0.254,30.76,106.42,0.93,0.28,877,0.9,48,1.3,2024.0,220.0,85.17
2024,6,4,8,0,15.7,1.26,0.05,0.62,0,0,0,0,0,-1.6,0,0,0,0,0.254,30.58,93.43,0.93,0.28,878,0.9,43,1.4,2024.0,220.0,97.24
2024,6,4,9,0,18.7,1.27,0.052,0.62,39,549,126,0,0,-1.4,39,549,0,126,0.254,25.69,80.87,0.93,0.28,879,0.8,31,1.6,2024.0,220.0,56.2
2024,6,4,10,0,22.1,1.29,0.053,0.62,62,777,337,0,0,-0.9,62,777,0,337,0.254,21.63,69.25,0.93,0.28,879,0.8,337,2.3,2024.0,220.0,56.2
2024,6,4,11,0,24.7,1.31,0.053,0.62,75,873,525,0,0,-1.1,75,873,0,525,0.253,18.17,58.91,0.94,0.28,880,0.8,296,2.4,2024.0,220.0,53.09
2024,6,4,12,0,26.4,1.33,0.055,0.62,83,918,665,0,0,-1.6,83,918,0,665,0.251,15.79,50.69,0.94,0.28,880,0.8,283,2.8,2024.0,220.0,58.32
2024,6,4,13,0,27.5,1.34,0.056,0.62,87,939,742,0,0,-1.8,87,939,0,742,0.248,14.62,45.76,0.94,0.28,879,0.8,279,3.4,2024.0,220.0,58.25
2024,6,4,14,0,28.0,1.35,0.058,0.62,89,939,750,0,0,-2.0,89,939,0,750,0.246,14.04,45.22,0.95,0.28,879,0.8,281,4.1,2024.0,220.0,35.92
2024,6,4,15,0,28.1,1.34,0.072,0.62,93,908,686,0,0,-1.9,93,908,0,686,0.244,13.98,49.21,0.95,0.28,879,0.8,286,4.3,2024.0,220.0,13.65
2024,6,4,16,0,27.5,1.35,0.072,0.62,85,867,560,0,0,-1.7,85,867,0,560,0.242,14.72,56.79,0.95,0.28,878,0.8,288,4.1,2024.0,220.0,58.5
2024,6,4,17,0,26.2,1.36,0.072,0.62,72,781,381,0,0,-1.3,72,781,0,381,0.239,16.41,66.73,0.95,0.28,878,0.8,287,3.7,2024.0,220.0,61.96
2024,6,4,18,0,22.8,1.36,0.072,0.62,51,591,172,0,0,-0.1,51,591,0,172,0.238,21.87,78.11,0.95,0.28,879,0.8,284,2.5,2024.0,220.0,81.05
2024,6,4,19,0,18.6,1.37,0.071,0.62,0,0,0,0,0,1.4,0,0,0,0,0.239,31.67,90.02,0.96,0.28,879,0.8,277,1.3,2024.0,220.0,106.36
2024,6,4,20,0,18.1,1.37,0.07,0.62,0,0,0,0,0,2.3,0,0,0,0,0.239,34.86,103.38,0.95,0.28,880,0.8,248,0.5,2024.0,220.0,99.63
2024,6,4,21,0,17.1,1.37,0.07,0.62,0,0,0,0,0,1.9,0,0,0,0,0.239,36.11,116.64,0.95,0.28,880,0.8,103,0.8,2024.0,220.0,93.79
2024,6,4,22,0,16.8,1.38,0.069,0.62,0,0,0,0,0,0.7,0,0,0,0,0.239,33.57,130.15,0.95,0.28,880,0.8,93,1.3,2024.0,220.0,80.07
2024,6,4,23,0,17.0,1.38,0.067,0.62,0,0,0,0,0,-1.0,0,0,0,0,0.239,29.47,143.83,0.95,0.28,880,0.8,89,1.3,2024.0,220.0,79.29
2024,6,4,24,0,17.5,1.38,0.065,0.62,0,0,0,0,0,-2.3,0,0,0,0,0.24,25.84,157.6,0.95,0.28,880,0.7,88,1.1,2024.0,220.0,93.45
2024,6,5,1,0,18.0,1.38,0.063,0.62,0,0,0,0,0,-3.4,0,0,0,0,0.242,23.11,171.44,0.95,0.28,879,0.7,88,0.9,2024.0,220.0,86.71
2024,6,5,2,0,18.1,1.37,0.062,0.62,0,0,0,0,0,-4.0,0,0,0,0,0.244,21.89,174.7,0.94,0.28,879,0.7,81,0.9,2024.0,220.0,79.59
2024,6,5,3,0,17.9,1.37,0.063,0.62,0,0,0,0,0,-4.2,0,0,0,0,0.246,21.9,160.86,0.94,0.28,879,0.7,66,0.8,2024.0,220.0,75.15
2024,6,5,4,0,17.6,1.36,0.065,0.62,0,0,0,0,0,-4.2,0,0,0,0,0.248,22.23,147.07,0.95,0.28,878,0.7,49,1.1,2024.0,220.0,75.15
2024,6,5,5,0,17.3,1.35,0.065,0.62,0,0,0,0,0,-4.4,0,0,0,0,0.251,22.32,133.37,0.95,0.28,878,0.7,40,1.3,2024.0,220.0,75.15
2024,6,5,6,0,17.0,1.35,0.066,0.62,0,0,0,0,0,-4.8,0,0,0,0,0.251,22.13,119.82,0.95,0.28,878,0.7,44,1.5,2024.0,220.0,75.15
2024,6,5,7,0,17.0,1.35,0.066,0.62,0,0,0,0,0,-5.2,0,0,0,0,0.251,21.44,106.49,0.95,0.28,878,0.7,50,1.5,2024.0,220.0,75.04
2024,6,5,8,0,17.4,1.35,0.065,0.62,0,0,0,0,0,-5.9,0,0,0,0,0.251,19.82,93.51,0.95,0.28,879,0.6,57,1.4,2024.0,220.0,86.83
2024,6,5,9,0,19.5,1.36,0.063,0.62,42,539,126,0,0,-7.1,42,539,0,126,0.25,15.84,80.96,0.95,0.28,879,0.6,62,1.3,2024.0,220.0,41.06
2024,6,5,10,0,22.9,1.38,0.06,0.62,64,778,339,0,0,-6.5,64,778,0,339,0.251,13.53,69.35,0.94,0.28,879,0.6,58,1.3,2024.0,220.0,33.82
2024,6,5,11,0,26.0,1.39,0.06,0.62,77,876,529,0,0,-6.1,77,876,0,529,0.251,11.55,59.02,0.94,0.28,879,0.6,249,1.7,2024.0,220.0,41.11
2024,6,5,12,0,27.9,1.39,0.063,0.62,87,921,669,0,0,-5.9,87,921,0,669,0.251,10.49,50.8,0.94,0.28,879,0.6,250,3.0,2024.0,220.0,41.79
2024,6,5,13,0,28.9,1.39,0.066,0.62,92,939,747,0,0,-5.3,92,939,0,747,0.25,10.36,45.87,0.94,0.28,879,0.6,254,4.0,2024.0,220.0,41.87
2024,6,5,14,0,29.2,1.38,0.071,0.62,96,937,755,0,0,-4.6,96,937,0,755,0.249,10.78,45.32,0.95,0.28,878,0.6,257,4.5,2024.0,220.0,39.42
2024,6,5,15,0,28.8,1.37,0.097,0.62,104,895,688,0,0,-3.6,104,895,0,688,0.248,11.82,49.29,0.95,0.28,878,0.6,256,4.7,2024.0,220.0,30.17
2024,6,5,16,0,27.9,1.36,0.105,0.62,99,835,556,0,0,-2.7,99,835,0,556,0.248,13.36,56.84,0.95,0.28,878,0.7,252,4.5,2024.0,220.0,38.38
2024,6,5,17,0,26.3,1.33,0.113,0.62,87,733,376,0,0,-1.8,87,733,0,376,0.247,15.73,66.76,0.96,0.28,878,0.7,245,3.9,2024.0,220.0,45.73
2024,6,5,18,0,22.8,1.32,0.116,0.62,60,524,168,0,0,-0.4,60,524,0,168,0.246,21.43,78.13,0.96,0.28,878,0.7,239,2.2,2024.0,220.0,96.13
2024,6,5,19,0,18.9,1.3,0.114,0.62,0,0,0,0,0,1.1,0,0,0,0,0.247,30.38,90.02,0.96,0.28,879,0.7,220,1.2,2024.0,220.0,92.67
2024,6,5,20,0,18.5,1.29,0.11,0.62,0,0,0,0,0,1.2,0,0,0,0,0.247,31.44,103.37,0.95,0.28,879,0.7,165,0.4,2024.0,220.0,88.19
2024,6,5,21,0,17.7,1.28,0.105,0.62,0,0,0,0,0,0.4,0,0,0,0,0.247,31.1,116.63,0.95,0.28,879,0.7,106,1.0,2024.0,220.0,87.2
2024,6,5,22,0,17.2,1.28,0.101,0.62,0,0,0,0,0,-0.9,0,0,0,0,0.247,29.19,130.13,0.95,0.28,879,0.7,83,1.4,2024.0,220.0,86.44
2024,6,5,23,0,17.0,1.27,0.099,0.62,0,0,0,0,0,-1.8,0,0,0,0,0.247,27.61,143.8,0.95,0.28,880,0.7,73,1.4,2024.0,220.0,86.44
2024,6,5,24,0,16.9,1.26,0.1,0.62,0,0,0,0,0,-1.8,0,0,0,0,0.248,27.94,157.57,0.95,0.28,880,0.7,66,1.3,2024.0,220.0,82.74
2024,6,6,1,0,16.9,1.26,0.101,0.62,0,0,0,0,0,-1.2,0,0,0,0,0.248,29.17,171.39,0.95,0.28,880,0.7,59,1.3,2024.0,220.0,68.6
2024,6,6,2,0,16.9,1.25,0.102,0.62,0,0,0,0,0,-0.9,0,0,0,0,0.249,29.79,174.74,0.95,0.28,880,0.7,51,1.2,2024.0,220.0,68.08
2024,6,6,3,0,16.9,1.26,0.1,0.62,0,0,0,0,0,-1.2,0,0,0,0,0.25,29.1,160.91,0.95,0.28,879,0.7,50,1.3,2024.0,220.0,66.62
2024,6,6,4,0,16.8,1.26,0.097,0.62,0,0,0,0,0,-2.0,0,0,0,0,0.25,27.64,147.12,0.95,0.28,879,0.7,55,1.4,2024.0,220.0,68.6
2024,6,6,5,0,16.6,1.27,0.092,0.62,0,0,0,0,0,-3.0,0,0,0,0,0.25,25.95,133.43,0.95,0.28,879,0.7,69,1.5,2024.0,220.0,72.34
2024,6,6,6,0,16.4,1.27,0.088,0.62,0,0,0,0,0,-4.2,0,0,0,0,0.251,24.15,119.88,0.94,0.28,878,0.7,81,1.6,2024.0,220.0,80.65
2024,6,6,7,0,16.2,1.27,0.084,0.62,0,0,0,0,0,-5.3,0,0,0,0,0.251,22.44,106.56,0.94,0.28,879,0.7,86,1.6,2024.0,220.0,102.11
2024,6,6,8,0,16.3,1.28,0.08,0.62,0,0,0,0,0,-6.4,0,0,0,0,0.251,20.43,93.59,0.94,0.28,879,0.6,89,1.6,2024.0,220.0,107.03
2024,6,6,9,0,18.9,1.28,0.078,0.62,44,505,122,0,0,-7.3,44,505,0,122,0.251,16.21,81.04,0.94,0.28,879,0.6,89,1.6,2024.0,220.0,34.36
2024,6,6,10,0,22.4,1.29,0.076,0.62,70,752,334,0,0,-6.0,70,752,0,334,0.251,14.48,69.44,0.94,0.28,880,0.6,129,2.8,2024.0,220.0,13.49
2024,6,6,11,0,25.2,1.3,0.074,0.62,83,858,524,0,0,-4.4,83,858,0,524,0.251,13.77,59.12,0.94,0.28,880,0.6,211,4.0,2024.0,220.0,36.72
2024,6,6,12,0,27.2,1.3,0.073,0.62,92,909,665,0,0,-4.5,92,909,0,665,0.25,12.19,50.91,0.94,0.28,880,0.6,234,4.7,2024.0,220.0,42.23
2024,6,6,13,0,28.1,1.31,0.073,0.62,96,931,743,0,0,-4.0,96,931,0,743,0.25,11.97,45.98,0.94,0.28,879,0.6,246,4.9,2024.0,220.0,38.96
2024,6,6,14,0,28.3,1.31,0.075,0.62,97,932,752,0,0,-3.3,97,932,0,752,0.249,12.47,45.41,0.94,0.28,879,0.6,251,4.8,2024.0,220.0,4.0
2024,6,6,15,0,28.0,1.31,0.075,0.62,94,915,690,0,0,-2.6,94,915,0,690,0.249,13.39,49.36,0.94,0.28,878,0.6,253,4.6,2024.0,220.0,0.0
2024,6,6,16,0,27.1,1.31,0.077,0.62,87,870,563,0,0,-1.9,87,870,0,563,0.248,14.81,56.89,0.94,0.28,878,0.6,253,4.3,2024.0,220.0,0.0
2024,6,6,17,0,25.6,1.3,0.077,0.62,74,784,383,0,0,-1.3,74,784,0,383,0.248,16.92,66.79,0.94,0.28,877,0.6,252,3.7,2024.0,220.0,11.56
2024,6,6,18,0,22.1,1.3,0.078,0.62,52,590,173,0,0,-0.1,52,590,0,173,0.248,22.78,78.14,0.94,0.28,878,0.6,254,2.0,2024.0,220.0,70.1
2024,6,6,19,0,17.9,1.3,0.077,0.62,0,0,0,0,0,1.5,0,0,0,0,0.249,33.14,90.02,0.95,0.28,878,0.6,253,1.2,2024.0,220.0,79.58
2024,6,6,20,0,17.6,1.3,0.077,0.62,0,0,0,0,0,2.1,0,0,0,0,0.249,35.36,103.37,0.94,0.28,879,0.6,219,0.6,2024.0,220.0,74.8
2024,6,6,21,0,16.9,1.3,0.077,0.62,0,0,0,0,0,1.4,0,0,0,0,0.249,35.18,116.61,0.94,0.28,879,0.6,87,1.2,2024.0,220.0,72.92
2024,6,6,22,0,16.5,1.3,0.076,0.62,0,0,0,0,0,0.0,0,0,0,0,0.249,32.72,130.11,0.94,0.28,879,0.6,81,1.5,2024.0,220.0,78.1
2024,6,6,23,0,17.1,1.3,0.075,0.62,0,0,0,0,0,-1.2,0,0,0,0,0.249,28.74,143.77,0.94,0.28,879,0.6,79,1.5,2024.0,220.0,78.69
2024,6,6,24,0,17.5,1.3,0.075,0.62,0,0,0,0,0,-1.7,0,0,0,0,0.249,27.12,157.53,0.94,0.28,879,0.6,71,1.5,2024.0,220.0,78.24
2024,6,7,1,0,17.0,1.31,0.075,0.62,0,0,0,0,0,-1.3,0,0,0,0,0.25,28.79,171.35,0.94,0.28,879,0.6,32,1.4,2024.0,220.0,76.38
2024,6,7,2,0,16.1,1.31,0.075,0.62,0,0,0,0,0,-0.8,0,0,0,0,0.25,31.64,174.77,0.94,0.28,879,0.6,10,1.4,2024.0,220.0,71.2
2024,6,7,3,0,15.3,1.31,0.074,0.62,0,0,0,0,0,-0.7,0,0,0,0,0.251,33.51,160.95,0.94,0.28,879,0.6,21,1.4,2024.0,220.0,68.66
2024,6,7,4,0,15.1,1.31,0.073,0.62,0,0,0,0,0,-1.2,0,0,0,0,0.252,32.76,147.17,0.94,0.28,878,0.6,40,1.4,2024.0,220.0,72.62
2024,6,7,5,0,15.2,1.32,0.071,0.62,0,0,0,0,0,-2.1,0,0,0,0,0.253,30.41,133.49,0.94,0.28,878,0.6,55,1.4,2024.0,220.0,74.32
2024,6,7,6,0,15.3,1.32,0.07,0.62,0,0,0,0,0,-3.1,0,0,0,0,0.253,28.09,119.95,0.94,0.28,878,0.6,62,1.5,2024.0,220.0,78.69
2024,6,7,7,0,15.3,1.32,0.07,0.62,0,0,0,0,0,-4.0,0,0,0,0,0.253,26.16,106.63,0.94,0.28,878,0.6,60,1.6,2024.0,220.0,81.56
2024,6,7,8,0,15.4,1.32,0.07,0.62,0,0,0,0,0,-5.0,0,0,0,0,0.253,24.16,93.66,0.94,0.28,878,0.6,54,1.6,2024.0,220.0,76.42
2024,6,7,9,0,18.3,1.32,0.07,0.62,42,519,122,0,1,-5.7,42,519,0,122,0.252,19.12,81.12,0.94,0.28,879,0.6,44,1.4,2024.0,220.0,18.37
2024,6,7,10,0,22.3,1.33,0.071,0.62,68,759,333,0,0,-4.8,68,759,0,333,0.252,15.93,69.54,0.94,0.28,879,0.6,13,1.8,2024.0,220.0,0.0
2024,6,7,11,0,24.8,1.34,0.073,0.62,83,859,522,0,0,-3.6,83,859,0,522,0.251,14.97,59.22,0.94,0.28,879,0.6,296,2.1,2024.0,220.0,0.0
2024,6,7,12,0,26.5,1.35,0.078,0.62,93,898,658,0,0,-3.7,93,898,0,658,0.25,13.43,51.02,0.94,0.28,879,0.7,285,2.9,2024.0,220.0,0.0
2024,6,7,13,0,27.1,1.34,0.083,0.62,100,916,736,0,0,-3.0,100,916,0,736,0.249,13.7,46.08,0.94,0.28,878,0.7,284,3.4,2024.0,220.0,0.0
2024,6,7,14,0,27.0,1.34,0.088,0.62,103,909,740,0,0,-2.1,103,909,0,740,0.248,14.69,45.5,0.95,0.28,878,0.8,284,3.6,2024.0,220.0,0.0
2024,6,7,15,0,26.5,1.33,0.092,0.62,102,887,678,0,0,-1.3,102,887,0,678,0.248,16.04,49.43,0.95,0.28,878,0.8,286,3.6,2024.0,220.0,0.0
2024,6,7,16,0,25.5,1.34,0.095,0.62,94,835,550,0,0,-0.6,94,835,0,550,0.247,17.9,56.93,0.96,0.28,878,0.9,292,3.4,2024.0,220.0,0.0
2024,6,7,17,0,24.2,1.34,0.096,0.62,80,743,373,0,0,0.0,80,743,0,373,0.248,20.24,66.81,0.96,0.28,878,0.9,304,3.0,2024.0,220.0,1.96
2024,6,7,18,0,21.2,1.35,0.114,0.62,59,518,165,0,0,0.9,59,518,0,165,0.249,25.88,78.15,0.96,0.28,878,0.9,315,1.6,2024.0,220.0,62.23
2024,6,7,19,0,17.8,1.35,0.11,0.62,0,0,0,0,0,2.1,0,0,0,0,0.25,35.0,90.02,0.96,0.28,879,0.9,340,1.0,2024.0,220.0,85.08
2024,6,7,20,0,16.7,1.36,0.105,0.62,0,0,0,0,0,2.6,0,0,0,0,0.251,38.85,103.35,0.96,0.28,879,0.9,44,0.4,2024.0,220.0,85.08
2024,6,7,21,0,16.2,1.36,0.1,0.62,0,0,0,0,0,2.1,0,0,0,0,0.251,38.76,116.59,0.96,0.28,880,0.9,66,1.1,2024.0,220.0,85.08
2024,6,7,22,0,16.2,1.37,0.094,0.62,0,0,0,0,0,1.2,0,0,0,0,0.25,36.3,130.08,0.95,0.28,880,0.9,72,1.4,2024.0,220.0,81.09
2024,6,7,23,0,16.3,1.37,0.088,0.62,0,0,0,0,0,0.4,0,0,0,0,0.25,34.11,143.73,0.95,0.28,880,0.9,68,1.5,2024.0,220.0,79.81
2024,6,7,24,0,16.1,1.38,0.082,0.62,0,0,0,0,0,0.0,0,0,0,0,0.249,33.41,157.49,0.95,0.28,880,0.8,61,1.4,2024.0,220.0,81.04
2024,6,8,1,0,15.8,1.38,0.078,0.62,0,0,0,0,0,-0.3,0,0,0,0,0.249,33.31,171.3,0.95,0.28,880,0.8,57,1.4,2024.0,220.0,75.21
2024,6,8,2,0,15.8,1.39,0.075,0.62,0,0,0,0,0,-0.6,0,0,0,0,0.248,32.65,174.81,0.95,0.28,880,0.8,57,1.4,2024.0,220.0,69.0
2024,6,8,3,0,16.1,1.4,0.074,0.62,0,0,0,0,0,-0.8,0,0,0,0,0.248,31.5,161.0,0.95,0.28,879,0.8,56,1.5,2024.0,220.0,65.31
2024,6,8,4,0,16.1,1.41,0.075,0.62,0,0,0,0,0,-0.9,0,0,0,0,0.248,31.45,147.23,0.95,0.28,879,0.8,46,1.5,2024.0,220.0,64.59
2024,6,8,5,0,15.7,1.42,0.077,0.62,0,0,0,0,0,-0.7,0,0,0,0,0.248,32.73,133.54,0.95,0.28,879,0.8,27,1.5,2024.0,220.0,74.1
2024,6,8,6,0,15.0,1.44,0.079,0.62,0,0,0,0,0,-0.4,0,0,0,0,0.248,34.8,120.01,0.95,0.28,879,0.8,8,1.4,2024.0,220.0,57.81
2024,6,8,7,0,14.1,1.45,0.082,0.62,0,0,0,0,4,-0.4,0,0,0,0,0.248,37.07,106.7,0.95,0.28,880,0.8,7,1.4,2024.0,220.0,58.62
2024,6,8,8,0,13.7,1.47,0.084,0.62,0,0,0,0,1,-0.6,0,0,0,0,0.248,37.4,93.74,0.95,0.28,881,0.8,17,1.4,2024.0,220.0,62.84
2024,6,8,9,0,17.4,1.49,0.085,0.62,44,482,117,0,0,-1.0,44,482,0,117,0.248,28.55,81.21,0.95,0.28,881,0.8,25,1.5,2024.0,220.0,2.51
2024,6,8,10,0,21.2,1.51,0.085,0.62,71,729,325,0,0,-0.4,71,729,0,325,0.248,23.55,69.62,0.95,0.28,882,0.8,356,2.6,2024.0,220.0,0.0
2024,6,8,11,0,23.6,1.51,0.086,0.62,87,829,510,0,0,-0.7,87,829,0,510,0.248,19.92,59.31,0.96,0.28,882,0.9,328,3.4,2024.0,220.0,0.0
2024,6,8,12,0,25.0,1.51,0.09,0.62,98,877,649,0,0,-1.3,98,877,0,649,0.247,17.56,51.11,0.96,0.28,882,0.9,317,4.4,2024.0,220.0,0.0
2024,6,8,13,0,25.8,1.49,0.092,0.62,104,898,726,0,0,-1.5,104,898,0,726,0.247,16.51,46.18,0.96,0.28,882,0.9,312,5.0,2024.0,220.0,0.0
2024,6,8,14,0,26.0,1.49,0.095,0.62,106,894,732,0,0,-1.3,106,894,0,732,0.246,16.57,45.58,0.96,0.28,882,1.0,312,5.3,2024.0,220.0,0.0
2024,6,8,15,0,25.9,1.49,0.098,0.62,103,874,671,0,0,-1.0,103,874,0,671,0.245,17.04,49.49,0.96,0.28,881,1.0,317,5.3,2024.0,220.0,0.0
2024,6,8,16,0,25.4,1.49,0.101,0.62,96,822,544,0,0,-0.5,96,822,0,544,0.244,18.18,56.97,0.97,0.28,881,1.1,323,5.1,2024.0,220.0,0.0
2024,6,8,17,0,24.1,1.47,0.102,0.62,82,729,369,0,0,0.4,82,729,0,369,0.244,20.92,66.83,0.97,0.28,881,1.1,326,4.5,2024.0,220.0,12.12
2024,6,8,18,0,20.9,1.44,0.102,0.62,56,527,164,0,0,1.9,56,527,0,164,0.245,28.3,78.15,0.97,0.28,881,1.2,317,2.6,2024.0,220.0,58.63
2024,6,8,19,0,16.7,1.41,0.101,0.62,0,0,0,0,0,4.2,0,0,0,0,0.245,43.33,90.01,0.96,0.28,881,1.2,306,1.3,2024.0,220.0,74.64
2024,6,8,20,0,15.2,1.38,0.101,0.62,0,0,0,0,0,5.6,0,0,0,0,0.245,52.62,103.34,0.96,0.28,882,1.3,318,0.6,2024.0,220.0,62.49
2024,6,8,21,0,14.9,1.37,0.101,0.62,0,0,0,0,0,5.6,0,0,0,0,0.245,53.62,116.57,0.96,0.28,882,1.3,9,0.8,2024.0,220.0,53.92
2024,6,8,22,0,14.8,1.37,0.1,0.62,0,0,0,0,0,4.8,0,0,0,0,0.244,51.18,130.05,0.96,0.28,883,1.3,34,1.2,2024.0,220.0,66.17
2024,6,8,23,0,14.9,1.37,0.099,0.62,0,0,0,0,0,4.1,0,0,0,0,0.243,48.32,143.7,0.96,0.28,883,1.3,32,1.3,2024.0,220.0,63.26
2024,6,8,24,0,14.8,1.38,0.096,0.62,0,0,0,0,0,3.8,0,0,0,0,0.242,47.58,157.45,0.96,0.28,883,1.2,30,1.3,2024.0,220.0,65.5
2024,6,9,1,0,14.7,1.38,0.095,0.62,0,0,0,0,8,3.6,0,0,0,0,0.24,47.47,171.25,0.96,0.28,882,1.2,37,1.3,2024.0,220.0,65.78
2024,6,9,2,0,14.4,1.39,0.092,0.62,0,0,0,0,0,3.4,0,0,0,0,0.239,47.56,174.85,0.96,0.28,882,1.2,48,1.2,2024.0,220.0,65.6
2024,6,9,3,0,14.2,1.39,0.089,0.62,0,0,0,0,7,2.8,0,0,0,0,0.239,46.23,161.05,0.96,0.28,881,1.2,53,1.1,2024.0,220.0,65.31
2024,6,9,4,0,14.0,1.39,0.083,0.62,0,0,0,0,7,2.0,0,0,0,0,0.238,44.13,147.28,0.96,0.28,881,1.1,53,1.0,2024.0,220.0,66.05
2024,6,9,5,0,14.0,1.39,0.078,0.62,0,0,0,0,0,1.1,0,0,0,0,0.238,41.31,133.6,0.95,0.28,880,1.0,50,0.9,2024.0,220.0,69.02
2024,6,9,6,0,14.2,1.39,0.075,0.62,0,0,0,0,0,0.3,0,0,0,0,0.238,38.7,120.07,0.95,0.28,880,1.0,47,1.0,2024.0,220.0,66.81
2024,6,9,7,0,14.4,1.39,0.071,0.62,0,0,0,0,7,-0.3,0,0,0,0,0.238,36.47,106.77,0.95,0.28,880,0.9,51,1.1,2024.0,220.0,65.78
2024,6,9,8,0,14.7,1.39,0.069,0.62,0,0,0,0,1,-1.3,0,0,0,0,0.237,33.28,93.81,0.95,0.28,880,0.9,57,1.1,2024.0,220.0,61.32
2024,6,9,9,0,17.9,1.39,0.067,0.62,41,505,117,0,7,-2.5,80,112,0,97,0.237,24.89,81.28,0.95,0.28,880,0.9,64,1.5,2024.0,220.0,8.07
2024,6,9,10,0,21.8,1.38,0.066,0.62,66,753,327,0,0,-2.1,66,753,0,327,0.237,20.1,69.71,0.95,0.28,880,0.8,33,2.3,2024.0,220.0,0.0
2024,6,9,11,0,24.4,1.37,0.064,0.62,79,857,515,0,7,-1.9,150,601,0,456,0.238,17.44,59.4,0.95,0.28,880,0.8,322,3.2,2024.0,220.0,0.0
2024,6,9,12,0,26.0,1.36,0.061,0.62,86,909,655,0,0,-1.4,86,909,0,655,0.238,16.43,51.21,0.95,0.28,880,0.8,306,3.6,2024.0,220.0,0.0
2024,6,9,13,0,26.6,1.35,0.062,0.62,90,930,733,0,0,-0.7,90,930,0,733,0.237,16.75,46.26,0.95,0.28,879,0.8,299,3.9,2024.0,220.0,4.53
2024,6,9,14,0,26.6,1.34,0.064,0.62,92,926,739,0,0,0.1,92,926,0,739,0.236,17.77,45.65,0.95,0.28,879,0.9,295,4.1,2024.0,220.0,38.8
2024,6,9,15,0,26.2,1.33,0.066,0.62,90,908,678,0,0,0.9,90,908,0,678,0.236,19.15,49.54,0.96,0.28,878,0.9,293,4.2,2024.0,220.0,15.52
2024,6,9,16,0,25.4,1.33,0.065,0.62,82,863,552,0,0,1.4,82,863,0,552,0.236,20.83,57.0,0.96,0.28,878,1.0,294,4.2,2024.0,220.0,0.0
2024,6,9,17,0,24.1,1.34,0.064,0.62,69,781,376,0,0,1.9,69,781,0,376,0.236,23.36,66.85,0.96,0.28,878,1.0,297,4.0,2024.0,220.0,9.66
2024,6,9,18,0,21.4,1.34,0.066,0.62,49,591,170,0,1,2.6,49,591,0,170,0.237,28.85,78.15,0.96,0.28,878,1.0,295,2.7,2024.0,220.0,63.64
2024,6,9,19,0,18.3,1.34,0.065,0.62,0,0,0,0,7,3.6,0,0,0,0,0.238,37.55,90.01,0.96,0.28,878,1.0,283,1.6,2024.0,220.0,95.14
2024,6,9,20,0,17.7,1.33,0.062,0.62,0,0,0,0,0,3.7,0,0,0,0,0.239,39.43,103.32,0.96,0.28,879,1.0,61,0.8,2024.0,220.0,96.7
2024,6,9,21,0,16.5,1.33,0.058,0.62,0,0,0,0,7,3.0,0,0,0,0,0.239,40.48,116.54,0.95,0.28,879,1.0,66,0.9,2024.0,220.0,75.35
2024,6,9,22,0,16.4,1.32,0.057,0.62,0,0,0,0,7,2.3,0,0,0,0,0.24,38.78,130.02,0.95,0.28,879,1.0,56,1.3,2024.0,220.0,86.74
2024,6,9,23,0,16.0,1.31,0.061,0.62,0,0,0,0,7,2.6,0,0,0,0,0.241,40.46,143.66,0.95,0.28,879,1.0,31,1.4,2024.0,220.0,75.35
2024,6,9,24,0,15.3,1.29,0.067,0.62,0,0,0,0,0,3.6,0,0,0,0,0.241,45.56,157.41,0.95,0.28,880,1.0,340,1.3,2024.0,220.0,75.35
2024,6,10,1,0,14.5,1.29,0.07,0.62,0,0,0,0,0,4.6,0,0,0,0,0.241,51.28,171.2,0.96,0.28,880,1.0,310,1.2,2024.0,220.0,72.3
2024,6,10,2,0,14.0,1.32,0.068,0.62,0,0,0,0,0,4.7,0,0,0,0,0.241,53.58,174.89,0.96,0.28,880,1.0,352,1.2,2024.0,220.0,67.97
2024,6,10,3,0,13.3,1.34,0.064,0.62,0,0,0,0,0,4.0,0,0,0,0,0.24,53.39,161.1,0.95,0.28,880,0.9,60,1.2,2024.0,220.0,66.56
2024,6,10,4,0,13.3,1.36,0.058,0.62,0,0,0,0,0,2.7,0,0,0,0,0.24,48.47,147.34,0.95,0.28,879,0.9,73,1.3,2024.0,220.0,67.77
2024,6,10,5,0,13.6,1.36,0.053,0.62,0,0,0,0,0,1.1,0,0,0,0,0.24,42.55,133.66,0.94,0.28,879,0.8,74,1.4,2024.0,220.0,65.86
2024,6,10,6,0,14.0,1.35,0.05,0.62,0,0,0,0,0,-0.2,0,0,0,0,0.242,37.75,120.14,0.94,0.28,878,0.8,71,1.4,2024.0,220.0,65.95
2024,6,10,7,0,14.2,1.34,0.048,0.62,0,0,0,0,0,-1.0,0,0,0,0,0.243,35.25,106.84,0.93,0.28,879,0.8,65,1.5,2024.0,220.0,70.79
2024,6,10,8,0,14.4,1.33,0.046,0.62,0,0,0,1,1,-1.4,0,0,1,0,0.243,33.69,93.88,0.93,0.28,879,0.7,54,1.6,2024.0,220.0,72.54
2024,6,10,9,0,17.6,1.33,0.047,0.62,37,551,120,0,0,-1.5,37,551,0,120,0.243,27.36,81.36,0.93,0.28,879,0.7,41,1.7,2024.0,220.0,25.26
2024,6,10,10,0,21.3,1.34,0.047,0.62,59,785,330,0,0,0.1,59,785,0,330,0.243,24.3,69.79,0.93,0.28,880,0.7,7,1.4,2024.0,220.0,15.13
2024,6,10,11,0,23.4,1.34,0.048,0.62,72,880,518,0,0,1.3,72,880,0,518,0.243,23.31,59.49,0.93,0.28,880,0.7,327,2.1,2024.0,220.0,38.5
2024,6,10,12,0,25.0,1.34,0.053,0.62,82,922,658,0,0,1.3,82,922,0,658,0.243,21.15,51.29,0.94,0.28,880,0.7,314,3.0,2024.0,220.0,42.04
2024,6,10,13,0,25.9,1.34,0.053,0.62,86,943,737,0,0,1.2,86,943,0,737,0.242,19.93,46.35,0.94,0.28,879,0.7,305,3.3,2024.0,220.0,39.49
2024,6,10,14,0,26.5,1.34,0.052,0.62,85,947,746,0,0,0.2,85,947,0,746,0.242,17.97,45.72,0.94,0.28,879,0.7,300,3.5,2024.0,220.0,11.6
2024,6,10,15,0,26.5,1.33,0.057,0.62,85,926,685,0,0,-0.2,85,926,0,685,0.242,17.47,49.58,0.94,0.28,878,0.7,293,3.7,2024.0,220.0,5.04
2024,6,10,16,0,25.8,1.33,0.056,0.62,78,887,561,0,0,0.0,78,887,0,561,0.241,18.4,57.03,0.95,0.28,878,0.7,284,3.7,2024.0,220.0,30.25
2024,6,10,17,0,24.4,1.33,0.056,0.62,67,806,383,0,0,0.4,67,806,0,383,0.241,20.56,66.85,0.95,0.28,878,0.7,274,3.4,2024.0,220.0,37.24
2024,6,10,18,0,21.3,1.33,0.055,0.62,47,625,175,0,0,1.0,47,625,0,175,0.241,26.07,78.15,0.95,0.28,878,0.7,263,1.9,2024.0,220.0,75.17
2024,6,10,19,0,18.2,1.33,0.053,0.62,0,0,0,0,0,2.2,0,0,0,0,0.241,34.34,89.99,0.95,0.28,878,0.7,244,1.3,2024.0,220.0,109.68
2024,6,10,20,0,17.4,1.34,0.049,0.62,0,0,0,0,0,2.5,0,0,0,0,0.241,36.85,103.3,0.94,0.28,878,0.7,119,0.9,2024.0,220.0,79.38
2024,6,10,21,0,15.9,1.35,0.046,0.62,0,0,0,0,0,1.8,0,0,0,0,0.24,38.45,116.52,0.94,0.28,879,0.7,87,1.3,2024.0,220.0,76.33
2024,6,10,22,0,15.7,1.35,0.045,0.62,0,0,0,0,0,0.5,0,0,0,0,0.239,35.56,129.99,0.93,0.28,879,0.6,77,1.6,2024.0,220.0,80.72
2024,6,10,23,0,15.6,1.35,0.044,0.62,0,0,0,0,0,-0.4,0,0,0,0,0.239,33.57,143.62,0.93,0.28,879,0.6,69,1.8,2024.0,220.0,104.01
2024,6,10,24,0,15.3,1.34,0.045,0.62,0,0,0,0,0,-0.6,0,0,0,0,0.238,33.77,157.37,0.93,0.28,879,0.7,58,1.8,2024.0,220.0,83.9
2024,6,11,1,0,15.2,1.34,0.046,0.62,0,0,0,0,0,-0.5,0,0,0,0,0.238,34.14,171.15,0.93,0.28,879,0.6,42,1.6,2024.0,220.0,70.56
2024,6,11,2,0,15.4,1.34,0.047,0.62,0,0,0,0,0,-0.6,0,0,0,0,0.238,33.59,174.92,0.93,0.28,878,0.6,29,1.5,2024.0,220.0,66.88
2024,6,11,3,0,15.5,1.35,0.047,0.62,0,0,0,0,0,-0.9,0,0,0,0,0.237,32.62,161.15,0.93,0.28,878,0.6,26,1.6,2024.0,220.0,65.04
2024,6,11,4,0,15.4,1.36,0.047,0.62,0,0,0,0,0,-1.6,0,0,0,0,0.237,31.1,147.39,0.93,0.28,878,0.6,44,1.8,2024.0,220.0,65.04
2024,6,11,5,0,15.1,1.36,0.045,0.62,0,0,0,0,0,-2.8,0,0,0,0,0.238,28.99,133.72,0.93,0.28,878,0.6,65,1.9,2024.0,220.0,65.04
2024,6,11,6,0,14.8,1.37,0.044,0.62,0,0,0,0,1,-4.4,0,0,0,0,0.239,26.29,120.2,0.93,0.28,878,0.6,75,2.1,2024.0,220.0,65.04
2024,6,11,7,0,14.8,1.37,0.042,0.62,0,0,0,0,1,-6.1,0,0,0,0,0.239,23.11,106.9,0.93,0.28,878,0.6,78,2.2,2024.0,220.0,72.22
2024,6,11,8,0,15.3,1.37,0.04,0.62,0,0,0,0,1,-7.8,0,0,0,0,0.239,19.6,93.95,0.92,0.28,878,0.6,75,2.1,2024.0,220.0,78.77
2024,6,11,9,0,18.5,1.37,0.038,0.62,35,586,123,0,0,-9.3,35,586,0,123,0.24,14.25,81.43,0.92,0.28,878,0.5,68,2.1,2024.0,220.0,12.52
2024,6,11,10,0,22.7,1.38,0.037,0.62,55,814,336,0,0,-7.9,55,814,0,336,0.24,12.24,69.87,0.92,0.28,879,0.5,53,2.3,2024.0,220.0,0.0
2024,6,11,11,0,25.2,1.39,0.038,0.62,67,906,526,0,0,-4.5,67,906,0,526,0.241,13.66,59.57,0.92,0.28,879,0.5,329,1.3,2024.0,220.0,29.16
2024,6,11,12,0,26.5,1.38,0.042,0.62,76,940,662,1,0,-3.1,76,940,1,662,0.24,14.08,51.37,0.92,0.28,879,0.6,293,2.1,2024.0,220.0,20.46
2024,6,11,13,0,27.0,1.38,0.044,0.62,80,958,741,0,0,-1.9,80,958,0,741,0.239,14.92,46.42,0.92,0.28,879,0.6,285,2.7,2024.0,220.0,17.84
2024,6,11,14,0,27.3,1.38,0.046,0.62,82,959,751,0,0,-1.1,82,959,0,751,0.237,15.62,45.78,0.93,0.28,878,0.6,284,3.2,2024.0,220.0,38.4
2024,6,11,15,0,27.3,1.36,0.056,0.62,84,933,689,0,0,-0.9,84,933,0,689,0.236,15.75,49.62,0.93,0.28,878,0.6,285,3.7,2024.0,220.0,32.0
2024,6,11,16,0,26.7,1.37,0.057,0.62,78,892,563,0,0,-0.7,78,892,0,563,0.235,16.66,57.05,0.93,0.28,877,0.6,284,4.1,2024.0,220.0,28.85
2024,6,11,17,0,25.5,1.38,0.057,0.62,66,812,385,0,0,-0.2,66,812,0,385,0.234,18.53,66.86,0.93,0.28,877,0.6,280,4.4,2024.0,220.0,37.85
2024,6,11,18,0,22.0,1.38,0.057,0.62,47,623,175,0,0,0.7,47,623,0,175,0.234,24.4,78.14,0.94,0.28,877,0.7,271,2.9,2024.0,220.0,87.17
2024,6,11,19,0,18.2,1.38,0.057,0.62,0,0,0,0,0,2.3,0,0,0,0,0.235,34.45,89.98,0.94,0.28,877,0.7,254,1.4,2024.0,220.0,104.35
2024,6,11,20,0,17.6,1.38,0.057,0.62,0,0,0,0,0,2.9,0,0,0,0,0.234,37.33,103.27,0.94,0.28,878,0.7,193,0.6,2024.0,220.0,108.97
2024,6,11,21,0,17.2,1.38,0.059,0.62,0,0,0,0,0,2.2,0,0,0,0,0.234,36.52,116.49,0.94,0.28,878,0.8,115,1.4,2024.0,220.0,115.12
2024,6,11,22,0,17.5,1.39,0.061,0.62,0,0,0,0,0,0.9,0,0,0,0,0.234,32.78,129.95,0.94,0.28,878,0.8,89,1.8,2024.0,220.0,111.46
2024,6,11,23,0,17.7,1.4,0.064,0.62,0,0,0,0,0,0.0,0,0,0,0,0.234,30.22,143.58,0.94,0.28,879,0.8,60,1.8,2024.0,220.0,106.15
2024,6,11,24,0,17.1,1.4,0.067,0.62,0,0,0,0,0,-0.3,0,0,0,0,0.234,30.72,157.32,0.94,0.28,879,0.9,19,1.5,2024.0,220.0,90.66
2024,6,12,1,0,15.8,1.41,0.069,0.62,0,0,0,0,0,-0.1,0,0,0,0,0.234,33.8,171.1,0.94,0.28,879,0.9,8,1.2,2024.0,220.0,66.23
2024,6,12,2,0,15.1,1.42,0.071,0.62,0,0,0,0,0,0.1,0,0,0,0,0.233,35.91,174.96,0.95,0.28,879,0.9,23,1.1,2024.0,220.0,65.69
2024,6,12,3,0,14.8,1.42,0.072,0.62,0,0,0,0,0,0.0,0,0,0,0,0.232,36.3,161.2,0.95,0.28,879,0.9,41,1.2,2024.0,220.0,66.17
2024,6,12,4,0,14.9,1.43,0.073,0.62,0,0,0,0,0,-0.5,0,0,0,0,0.232,34.8,147.44,0.95,0.28,879,0.9,47,1.3,2024.0,220.0,66.59
2024,6,12,5,0,15.1,1.43,0.072,0.62,0,0,0,0,0,-1.2,0,0,0,0,0.231,32.74,133.78,0.95,0.28,878,0.9,47,1.4,2024.0,220.0,64.77
2024,6,12,6,0,15.0,1.43,0.071,0.62,0,0,0,0,0,-1.8,0,0,0,0,0.231,31.47,120.26,0.95,0.28,878,0.9,43,1.6,2024.0,220.0,65.6
2024,6,12,7,0,14.7,1.43,0.068,0.62,0,0,0,0,0,-2.4,0,0,0,0,0.231,30.66,106.97,0.95,0.28,878,0.9,40,1.7,2024.0,220.0,67.56
2024,6,12,8,0,15.0,1.43,0.066,0.62,0,0,0,0,1,-3.1,0,0,0,0,0.231,28.62,94.02,0.95,0.28,879,0.9,36,1.8,2024.0,220.0,62.29
2024,6,12,9,0,18.5,1.43,0.065,0.62,40,503,114,0,1,-3.6,40,503,0,114,0.231,22.11,81.5,0.95,0.28,879,0.9,29,1.7,2024.0,220.0,0.0
2024,6,12,10,0,22.7,1.43,0.065,0.62,65,747,321,0,0,-2.8,65,747,0,321,0.231,18.14,69.94,0.95,0.28,879,0.9,352,2.6,2024.0,220.0,0.0
2024,6,12,11,0,25.1,1.43,0.064,0.62,78,851,508,0,0,-3.1,78,851,0,508,0.23,15.29,59.65,0.95,0.28,880,0.9,311,1.5,2024.0,220.0,0.0
2024,6,12,12,0,26.9,1.44,0.063,0.62,86,902,648,0,0,-4.4,86,902,0,648,0.23,12.51,51.45,0.95,0.28,879,0.9,295,1.9,2024.0,220.0,0.0
2024,6,12,13,0,27.8,1.43,0.063,0.62,90,920,723,0,0,-4.8,90,920,0,723,0.228,11.45,46.49,0.95,0.28,879,1.0,285,2.9,2024.0,220.0,0.0
2024,6,12,14,0,28.0,1.42,0.064,0.62,91,922,733,0,0,-4.8,91,922,0,733,0.227,11.35,45.83,0.95,0.28,878,1.0,279,3.6,2024.0,220.0,0.0
2024,6,12,15,0,27.7,1.4,0.066,0.62,89,903,674,0,3,-4.5,357,299,0,550,0.227,11.78,49.66,0.95,0.28,878,1.0,277,3.8,2024.0,220.0,0.0
2024,6,12,16,0,27.0,1.4,0.067,0.62,82,861,550,0,8,-4.2,177,568,0,486,0.228,12.6,57.06,0.95,0.28,877,1.0,277,3.8,2024.0,220.0,0.0
2024,6,12,17,0,25.7,1.4,0.068,0.62,70,776,375,0,0,-3.7,70,776,0,375,0.228,14.14,66.86,0.95,0.28,877,1.0,280,3.5,2024.0,220.0,6.1
2024,6,12,18,0,22.3,1.4,0.068,0.62,49,589,171,0,0,-2.4,49,589,0,171,0.228,19.04,78.13,0.95,0.28,877,1.0,283,2.0,2024.0,220.0,80.95
2024,6,12,19,0,18.4,1.4,0.069,0.62,0,0,0,7,7,-0.9,0,0,7,0,0.229,27.06,89.96,0.95,0.28,877,1.0,294,1.2,2024.0,220.0,106.14
2024,6,12,20,0,17.7,1.4,0.068,0.62,0,0,0,0,0,-0.1,0,0,0,0,0.228,29.95,103.25,0.95,0.28,878,1.0,332,0.6,2024.0,220.0,82.43
2024,6,12,21,0,17.0,1.4,0.069,0.62,0,0,0,0,7,-0.1,0,0,0,0,0.227,31.27,116.45,0.95,0.28,878,1.0,12,1.3,2024.0,220.0,84.67
2024,6,12,22,0,16.7,1.39,0.069,0.62,0,0,0,0,7,-0.4,0,0,0,0,0.227,31.35,129.91,0.95,0.28,879,1.1,17,1.6,2024.0,220.0,100.52
2024,6,12,23,0,16.0,1.38,0.069,0.62,0,0,0,0,7,-0.3,0,0,0,0,0.227,32.97,143.54,0.95,0.28,879,1.1,7,1.6,2024.0,220.0,66.49
2024,6,12,24,0,15.1,1.36,0.069,0.62,0,0,0,0,0,0.3,0,0,0,0,0.228,36.42,157.28,0.95,0.28,880,1.1,352,1.4,2024.0,220.0,65.74
2024,6,13,1,0,14.4,1.35,0.07,0.62,0,0,0,0,0,1.1,0,0,0,0,0.228,40.35,171.05,0.95,0.28,880,1.1,344,1.1,2024.0,220.0,66.22
2024,6,13,2,0,13.9,1.34,0.072,0.62,0,0,0,0,0,1.5,0,0,0,0,0.228,42.9,175.0,0.95,0.28,880,1.1,356,0.9,2024.0,220.0,65.59
2024,6,13,3,0,13.5,1.34,0.073,0.62,0,0,0,0,0,1.2,0,0,0,0,0.228,43.28,161.25,0.95,0.28,880,1.1,29,0.6,2024.0,220.0,63.57
2024,6,13,4,0,13.1,1.34,0.072,0.62,0,0,0,0,8,0.5,0,0,0,0,0.227,42.11,147.5,0.95,0.28,880,1.1,50,0.5,2024.0,220.0,65.66
2024,6,13,5,0,12.9,1.34,0.071,0.62,0,0,0,0,3,-0.5,0,0,0,0,0.227,39.66,133.83,0.95,0.28,880,1.1,57,0.7,2024.0,220.0,60.22
2024,6,13,6,0,12.8,1.34,0.07,0.62,0,0,0,0,0,-1.5,0,0,0,0,0.226,37.08,120.32,0.95,0.28,879,1.2,56,1.1,2024.0,220.0,62.16
2024,6,13,7,0,13.0,1.33,0.071,0.62,0,0,0,0,0,-2.4,0,0,0,0,0.225,34.4,107.03,0.95,0.28,879,1.2,50,1.4,2024.0,220.0,65.59
2024,6,13,8,0,13.7,1.32,0.073,0.62,0,0,0,0,0,-2.9,0,0,0,0,0.224,31.52,94.09,0.95,0.28,879,1.3,42,1.6,2024.0,220.0,51.78
2024,6,13,9,0,17.9,1.31,0.076,0.62,41,462,109,0,0,-2.9,41,462,0,109,0.224,24.08,81.57,0.95,0.28,880,1.3,25,1.3,2024.0,220.0,0.0
2024,6,13,10,0,21.1,1.31,0.08,0.62,69,708,311,0,0,-1.7,69,708,0,311,0.225,21.63,70.01,0.96,0.28,880,1.3,341,1.9,2024.0,220.0,0.0
2024,6,13,11,0,22.2,1.31,0.084,0.62,86,811,495,0,0,-0.7,86,811,0,495,0.226,21.81,59.72,0.96,0.28,880,1.3,321,1.6,2024.0,220.0,0.0
2024,6,13,12,0,23.1,1.3,0.068,0.62,88,880,636,0,0,-0.3,88,880,0,636,0.228,21.22,51.52,0.96,0.28,881,1.3,316,2.3,2024.0,220.0,0.0
2024,6,13,13,0,23.9,1.3,0.066,0.62,91,905,714,0,0,-0.4,91,905,0,714,0.229,20.01,46.55,0.95,0.28,880,1.3,316,3.2,2024.0,220.0,0.0
2024,6,13,14,0,24.4,1.29,0.065,0.62,92,908,724,0,0,-0.8,92,908,0,724,0.23,18.92,45.88,0.95,0.28,880,1.3,316,3.8,2024.0,220.0,0.0
2024,6,13,15,0,24.4,1.27,0.065,0.62,88,892,665,0,0,-0.6,88,892,0,665,0.231,19.24,49.68,0.95,0.28,880,1.3,315,4.0,2024.0,220.0,0.0
2024,6,13,16,0,23.7,1.27,0.061,0.62,80,855,544,0,0,0.0,80,855,0,544,0.232,20.88,57.07,0.95,0.28,879,1.3,315,3.9,2024.0,220.0,0.0
2024,6,13,17,0,22.5,1.27,0.057,0.62,66,777,372,0,0,0.6,66,777,0,372,0.234,23.49,66.85,0.95,0.28,880,1.3,319,3.5,2024.0,220.0,17.4
2024,6,13,18,0,20.0,1.27,0.053,0.62,46,602,170,0,0,1.3,46,602,0,170,0.236,28.73,78.11,0.95,0.28,880,1.3,322,1.7,2024.0,220.0,84.89
2024,6,13,19,0,16.2,1.27,0.051,0.62,0,0,0,0,0,2.4,0,0,0,0,0.24,39.56,89.94,0.95,0.28,880,1.3,327,1.2,2024.0,220.0,106.15
2024,6,13,20,0,15.2,1.28,0.05,0.62,0,0,0,0,0,3.1,0,0,0,0,0.242,44.23,103.22,0.95,0.28,881,1.3,355,1.1,2024.0,220.0,106.15
2024,6,13,21,0,14.6,1.28,0.049,0.62,0,0,0,0,0,3.0,0,0,0,0,0.243,45.67,116.42,0.95,0.28,881,1.3,19,1.5,2024.0,220.0,105.86
2024,6,13,22,0,14.1,1.27,0.05,0.62,0,0,0,0,0,2.7,0,0,0,0,0.245,46.14,129.88,0.95,0.28,881,1.3,23,1.8,2024.0,220.0,89.59
2024,6,13,23,0,13.5,1.27,0.051,0.62,0,0,0,0,0,2.8,0,0,0,0,0.246,48.25,143.5,0.95,0.28,882,1.3,11,1.8,2024.0,220.0,78.34
2024,6,13,24,0,12.9,1.26,0.054,0.62,0,0,0,0,0,3.3,0,0,0,0,0.246,52.27,157.23,0.95,0.28,882,1.3,352,1.7,2024.0,220.0,74.92
2024,6,14,1,0,12.4,1.26,0.056,0.62,0,0,0,0,0,4.0,0,0,0,0,0.245,56.41,171.0,0.95,0.28,882,1.3,348,1.6,2024.0,220.0,72.15
2024,6,14,2,0,12.2,1.26,0.056,0.62,0,0,0,0,0,4.1,0,0,0,0,0.245,57.88,175.04,0.95,0.28,882,1.3,5,1.5,2024.0,220.0,70.61
2024,6,14,3,0,11.9,1.26,0.055,0.62,0,0,0,0,0,3.9,0,0,0,0,0.245,58.12,161.3,0.95,0.28,882,1.2,26,1.4,2024.0,220.0,67.8
2024,6,14,4,0,11.9,1.26,0.054,0.62,0,0,0,0,0,3.4,0,0,0,0,0.244,56.04,147.55,0.95,0.28,881,1.2,35,1.4,2024.0,220.0,67.24
2024,6,14,5,0,12.0,1.26,0.052,0.62,0,0,0,0,0,2.8,0,0,0,0,0.245,53.52,133.89,0.95,0.28,881,1.2,35,1.4,2024.0,220.0,69.52
2024,6,14,6,0,12.0,1.26,0.051,0.62,0,0,0,0,0,2.4,0,0,0,0,0.246,51.9,120.38,0.95,0.28,881,1.1,31,1.5,2024.0,220.0,70.74
2024,6,14,7,0,11.8,1.27,0.05,0.62,0,0,0,0,0,2.1,0,0,0,0,0.247,51.42,107.09,0.95,0.28,881,1.1,28,1.7,2024.0,220.0,70.83
2024,6,14,8,0,12.0,1.27,0.051,0.62,0,0,0,0,0,1.8,0,0,0,0,0.248,49.75,94.15,0.95,0.28,881,1.1,27,1.7,2024.0,220.0,87.19
2024,6,14,9,0,15.8,1.27,0.053,0.62,37,508,111,0,0,1.6,37,508,0,111,0.249,38.36,81.64,0.95,0.28,882,1.1,24,1.5,2024.0,220.0,17.51
2024,6,14,10,0,19.2,1.28,0.054,0.62,61,749,316,0,0,1.5,61,749,0,316,0.25,30.64,70.08,0.95,0.28,882,1.1,355,2.6,2024.0,220.0,5.51
2024,6,14,11,0,21.7,1.27,0.056,0.62,75,848,501,0,0,1.3,75,848,0,501,0.251,25.86,59.79,0.95,0.28,882,1.1,340,3.3,2024.0,220.0,30.04
2024,6,14,12,0,23.3,1.26,0.047,0.62,78,907,642,0,0,1.7,78,907,0,642,0.251,24.24,51.58,0.95,0.28,882,1.1,331,4.1,2024.0,220.0,10.51
2024,6,14,13,0,24.1,1.25,0.047,0.62,82,929,720,0,0,2.1,82,929,0,720,0.25,23.66,46.61,0.95,0.28,881,1.1,323,4.8,2024.0,220.0,0.0
2024,6,14,14,0,24.4,1.24,0.048,0.62,83,930,730,0,0,2.4,83,930,0,730,0.25,23.79,45.92,0.95,0.28,881,1.1,318,5.1,2024.0,220.0,0.0
2024,6,14,15,0,24.2,1.22,0.05,0.62,82,913,672,0,0,2.7,82,913,0,672,0.249,24.62,49.71,0.95,0.28,881,1.1,315,5.1,2024.0,220.0,0.0
2024,6,14,16,0,23.6,1.21,0.051,0.62,76,872,550,0,0,2.9,76,872,0,550,0.25,25.91,57.07,0.95,0.28,880,1.1,314,4.8,2024.0,220.0,0.0
2024,6,14,17,0,22.5,1.2,0.052,0.62,65,790,376,0,0,3.2,65,790,0,376,0.251,28.16,66.84,0.95,0.28,880,1.1,315,4.2,2024.0,220.0,13.4
2024,6,14,18,0,20.0,1.19,0.051,0.62,46,611,172,0,0,3.6,46,611,0,172,0.252,33.98,78.1,0.95,0.28,880,1.1,317,2.0,2024.0,220.0,77.25
2024,6,14,19,0,16.4,1.19,0.05,0.62,0,0,0,0,0,4.6,0,0,0,0,0.254,45.61,89.92,0.95,0.28,880,1.1,317,1.2,2024.0,220.0,98.97
2024,6,14,20,0,15.8,1.19,0.048,0.62,0,0,0,0,0,5.0,0,0,0,0,0.254,48.8,103.19,0.95,0.28,881,1.1,353,1.0,2024.0,220.0,89.44
2024,6,14,21,0,14.9,1.19,0.047,0.62,0,0,0,0,0,4.6,0,0,0,0,0.254,50.13,116.38,0.95,0.28,881,1.1,41,1.2,2024.0,220.0,89.44
2024,6,14,22,0,14.5,1.19,0.045,0.62,0,0,0,0,0,3.6,0,0,0,0,0.254,48.08,129.83,0.94,0.28,881,1.0,42,1.3,2024.0,220.0,89.44
2024,6,14,23,0,14.5,1.19,0.043,0.62,0,0,0,0,0,2.6,0,0,0,0,0.254,44.67,143.46,0.94,0.28,881,1.0,36,1.5,2024.0,220.0,89.44
2024,6,14,24,0,14.5,1.19,0.042,0.62,0,0,0,0,0,1.8,0,0,0,0,0.255,42.18,157.18,0.94,0.28,881,1.0,30,1.5,2024.0,220.0,78.5
2024,6,15,1,0,14.2,1.19,0.042,0.62,0,0,0,0,0,1.3,0,0,0,0,0.254,41.4,170.95,0.94,0.28,880,1.0,26,1.4,2024.0,220.0,64.94
2024,6,15,2,0,13.8,1.19,0.043,0.62,0,0,0,0,0,0.9,0,0,0,0,0.254,41.52,175.08,0.94,0.28,880,1.0,24,1.4,2024.0,220.0,72.42
2024,6,15,3,0,13.4,1.18,0.043,0.62,0,0,0,0,0,0.7,0,0,0,0,0.254,42.0,161.35,0.94,0.28,880,1.0,23,1.4,2024.0,220.0,90.2
2024,6,15,4,0,13.0,1.18,0.043,0.62,0,0,0,0,0,0.6,0,0,0,0,0.254,42.77,147.6,0.94,0.28,880,1.0,20,1.5,2024.0,220.0,73.9
2024,6,15,5,0,12.7,1.18,0.044,0.62,0,0,0,0,0,0.7,0,0,0,0,0.254,43.73,133.94,0.94,0.28,880,1.0,16,1.5,2024.0,220.0,68.78
2024,6,15,6,0,12.4,1.18,0.044,0.62,0,0,0,0,0,0.8,0,0,0,0,0.254,45.14,120.43,0.94,0.28,880,1.0,12,1.6,2024.0,220.0,80.58
2024,6,15,7,0,12.1,1.18,0.045,0.62,0,0,0,0,0,0.9,0,0,0,0,0.254,46.16,107.15,0.94,0.28,880,1.0,15,1.7,2024.0,220.0,79.07
2024,6,15,8,0,12.3,1.18,0.045,0.62,0,0,0,0,0,0.6,0,0,0,0,0.254,44.58,94.21,0.94,0.28,881,1.0,23,1.8,2024.0,220.0,75.31
2024,6,15,9,0,16.3,1.18,0.045,0.62,36,525,112,0,0,0.1,36,525,0,112,0.253,33.26,81.7,0.94,0.28,881,1.0,30,2.6,2024.0,220.0,0.0
2024,6,15,10,0,20.0,1.18,0.045,0.62,58,765,318,1,0,1.2,58,765,1,318,0.253,28.45,70.14,0.94,0.28,882,1.0,3,3.4,2024.0,220.0,0.0
2024,6,15,11,0,22.3,1.18,0.046,0.62,71,863,504,0,0,2.0,71,863,0,504,0.253,26.24,59.85,0.94,0.28,882,1.0,337,4.2,2024.0,220.0,0.0
2024,6,15,12,0,23.7,1.17,0.047,0.62,78,910,643,0,0,2.5,78,910,0,643,0.252,24.91,51.64,0.94,0.28,881,1.0,320,4.7,2024.0,220.0,0.0
2024,6,15,13,0,24.4,1.16,0.048,0.62,83,931,722,0,0,2.8,83,931,0,722,0.251,24.54,46.66,0.94,0.28,881,1.0,310,5.1,2024.0,220.0,0.0
2024,6,15,14,0,24.7,1.16,0.049,0.62,84,932,732,0,0,3.1,84,932,0,732,0.251,24.61,45.95,0.94,0.28,881,1.0,307,5.3,2024.0,220.0,0.0
2024,6,15,15,0,24.6,1.13,0.058,0.62,85,907,672,0,0,3.2,85,907,0,672,0.25,24.97,49.72,0.93,0.28,880,1.0,304,5.4,2024.0,220.0,0.0
2024,6,15,16,0,24.0,1.13,0.058,0.62,79,863,548,0,0,3.4,79,863,0,548,0.25,26.21,57.07,0.94,0.28,880,1.1,300,5.3,2024.0,220.0,0.0
2024,6,15,17,0,22.8,1.13,0.058,0.62,67,781,374,0,0,3.7,67,781,0,374,0.25,28.83,66.83,0.94,0.28,880,1.1,297,4.9,2024.0,220.0,18.26
2024,6,15,18,0,20.1,1.12,0.058,0.62,47,597,171,0,0,4.3,47,597,0,171,0.249,35.43,78.07,0.94,0.28,879,1.1,293,3.8,2024.0,220.0,77.91
2024,6,15,19,0,16.6,1.12,0.058,0.62,0,0,0,0,0,5.5,0,0,0,0,0.25,47.83,89.89,0.94,0.28,880,1.1,269,2.3,2024.0,220.0,105.24
2024,6,15,20,0,16.0,1.12,0.057,0.62,0,0,0,0,0,6.0,0,0,0,0,0.25,51.54,103.15,0.94,0.28,880,1.1,219,1.5,2024.0,220.0,106.81
2024,6,15,21,0,14.9,1.12,0.056,0.62,0,0,0,0,0,5.7,0,0,0,0,0.25,54.14,116.34,0.94,0.28,880,1.0,94,1.1,2024.0,220.0,93.16
2024,6,15,22,0,14.3,1.12,0.055,0.62,0,0,0,0,0,4.8,0,0,0,0,0.249,52.69,129.79,0.94,0.28,880,1.0,78,1.3,2024.0,220.0,89.22
2024,6,15,23,0,14.5,1.13,0.055,0.62,0,0,0,0,0,3.4,0,0,0,0,0.249,47.29,143.41,0.94,0.28,880,1.0,65,1.4,2024.0,220.0,93.44
2024,6,15,24,0,14.6,1.13,0.055,0.62,0,0,0,0,0,2.2,0,0,0,0,0.248,43.22,157.13,0.94,0.28,880,1.0,49,1.4,2024.0,220.0,96.6
2024,6,16,1,0,14.2,1.12,0.057,0.62,0,0,0,0,0,1.7,0,0,0,0,0.248,42.87,170.89,0.94,0.28,880,1.0,32,1.2,2024.0,220.0,89.18
2024,6,16,2,0,13.8,1.12,0.059,0.62,0,0,0,0,0,1.7,0,0,0,0,0.247,43.8,175.12,0.94,0.28,880,1.0,21,1.1,2024.0,220.0,72.24
2024,6,16,3,0,13.4,1.12,0.059,0.62,0,0,0,0,0,1.5,0,0,0,0,0.247,44.34,161.4,0.94,0.28,880,1.0,21,1.1,2024.0,220.0,66.57
2024,6,16,4,0,13.0,1.12,0.058,0.62,0,0,0,0,0,1.1,0,0,0,0,0.247,44.15,147.65,0.94,0.28,879,1.0,30,1.1,2024.0,220.0,57.82
2024,6,16,5,0,12.9,1.12,0.058,0.62,0,0,0,0,0,0.5,0,0,0,0,0.247,42.64,134.0,0.94,0.28,879,1.0,38,1.2,2024.0,220.0,61.94
2024,6,16,6,0,12.8,1.12,0.056,0.62,0,0,0,0,0,-0.2,0,0,0,0,0.247,40.7,120.49,0.94,0.28,879,0.9,42,1.3,2024.0,220.0,62.65
2024,6,16,7,0,12.9,1.13,0.053,0.62,0,0,0,0,0,-1.1,0,0,0,0,0.247,37.96,107.21,0.94,0.28,879,0.9,43,1.4,2024.0,220.0,62.65
2024,6,16,8,0,13.3,1.13,0.051,0.62,0,0,0,0,0,-2.1,0,0,0,0,0.247,34.29,94.27,0.94,0.28,879,0.9,44,1.4,2024.0,220.0,55.17
2024,6,16,9,0,17.0,1.13,0.049,0.62,36,522,111,0,0,-3.2,36,522,0,111,0.247,25.05,81.76,0.93,0.28,879,0.8,46,2.2,2024.0,220.0,0.0
2024,6,16,10,0,20.8,1.14,0.048,0.62,59,769,319,0,0,-1.5,59,769,0,319,0.248,22.33,70.2,0.93,0.28,880,0.8,11,3.7,2024.0,220.0,0.0
2024,6,16,11,0,23.0,1.14,0.049,0.62,72,868,507,0,0,0.2,72,868,0,507,0.247,22.04,59.91,0.93,0.28,880,0.8,336,4.5,2024.0,220.0,0.0
2024,6,16,12,0,24.3,1.14,0.051,0.62,80,914,647,0,0,0.9,80,914,0,647,0.246,21.5,51.7,0.93,0.28,880,0.8,320,5.1,2024.0,220.0,0.0
2024,6,16,13,0,25.0,1.14,0.054,0.62,86,933,726,0,0,1.4,86,933,0,726,0.243,21.39,46.7,0.93,0.28,879,0.8,310,5.5,2024.0,220.0,0.0
2024,6,16,14,0,25.2,1.13,0.057,0.62,88,933,737,0,0,1.8,88,933,0,737,0.241,21.75,45.98,0.94,0.28,879,0.8,307,5.7,2024.0,220.0,0.0
2024,6,16,15,0,24.9,1.12,0.06,0.62,87,914,678,0,0,2.1,87,914,0,678,0.238,22.63,49.73,0.94,0.28,879,0.8,306,5.4,2024.0,220.0,0.0
2024,6,16,16,0,24.2,1.1,0.062,0.62,81,871,555,0,0,2.2,81,871,0,555,0.236,23.75,57.07,0.94,0.28,879,0.8,307,5.2,2024.0,220.0,0.0
2024,6,16,17,0,23.0,1.09,0.063,0.62,70,787,380,0,0,2.3,70,787,0,380,0.235,25.65,66.81,0.95,0.28,879,0.8,304,4.6,2024.0,220.0,0.0
2024,6,16,18,0,20.0,1.08,0.065,0.62,50,597,173,0,0,3.0,50,597,0,173,0.234,32.38,78.05,0.95,0.28,879,0.8,295,2.8,2024.0,220.0,37.26
2024,6,16,19,0,16.1,1.08,0.066,0.62,0,0,0,0,0,4.5,0,0,0,0,0.234,46.02,89.86,0.95,0.28,879,0.8,280,1.2,2024.0,220.0,63.29
2024,6,16,20,0,15.2,1.08,0.065,0.62,0,0,0,0,0,5.3,0,0,0,0,0.235,51.59,103.11,0.95,0.28,879,0.8,273,0.8,2024.0,220.0,72.87
2024,6,16,21,0,14.6,1.08,0.068,0.62,0,0,0,0,0,5.3,0,0,0,0,0.236,53.53,116.3,0.94,0.28,880,0.8,60,1.0,2024.0,220.0,78.42
2024,6,16,22,0,13.8,1.08,0.07,0.62,0,0,0,0,0,4.9,0,0,0,0,0.237,54.8,129.75,0.94,0.28,880,0.8,49,1.2,2024.0,220.0,76.03
2024,6,16,23,0,13.2,1.09,0.075,0.62,0,0,0,0,0,4.6,0,0,0,0,0.237,55.8,143.37,0.95,0.28,880,0.8,34,1.3,2024.0,220.0,67.71
2024,6,16,24,0,12.6,1.09,0.08,0.62,0,0,0,0,0,4.5,0,0,0,0,0.237,57.99,157.09,0.95,0.28,880,0.9,23,1.4,2024.0,220.0,83.02
2024,6,17,1,0,12.3,1.08,0.083,0.62,0,0,0,0,0,4.7,0,0,0,0,0.237,59.66,170.84,0.95,0.28,880,0.9,21,1.4,2024.0,220.0,71.59
2024,6,17,2,0,12.2,1.08,0.084,0.62,0,0,0,0,0,4.6,0,0,0,0,0.237,59.85,175.17,0.95,0.28,880,0.9,27,1.4,2024.0,220.0,66.57
2024,6,17,3,0,12.3,1.09,0.082,0.62,0,0,0,0,0,4.4,0,0,0,0,0.238,58.39,161.45,0.95,0.28,879,0.9,42,1.5,2024.0,220.0,71.2
2024,6,17,4,0,12.1,1.1,0.079,0.62,0,0,0,0,0,3.9,0,0,0,0,0.24,57.14,147.71,0.95,0.28,879,0.9,58,1.6,2024.0,220.0,73.82
2024,6,17,5,0,12.0,1.11,0.076,0.62,0,0,0,0,0,3.1,0,0,0,0,0.242,54.44,134.05,0.94,0.28,878,0.9,62,1.6,2024.0,220.0,72.51
2024,6,17,6,0,11.9,1.12,0.073,0.62,0,0,0,0,1,2.2,0,0,0,0,0.243,51.45,120.54,0.94,0.28,878,0.9,57,1.6,2024.0,220.0,72.51
2024,6,17,7,0,11.9,1.13,0.07,0.62,0,0,0,0,4,1.5,0,0,0,0,0.245,48.87,107.26,0.94,0.28,879,0.8,48,1.6,2024.0,220.0,76.01
2024,6,17,8,0,12.2,1.13,0.067,0.62,0,0,0,0,4,1.0,0,0,0,0,0.247,46.29,94.32,0.94,0.28,879,0.8,41,1.7,2024.0,220.0,79.11
2024,6,17,9,0,15.4,1.14,0.065,0.62,39,486,109,0,0,0.9,39,486,0,109,0.248,37.41,81.81,0.94,0.28,879,0.8,39,2.7,2024.0,220.0,14.82
2024,6,17,10,0,18.6,1.15,0.062,0.62,64,746,316,0,0,2.9,64,746,0,316,0.249,35.25,70.26,0.94,0.28,880,0.8,358,4.3,2024.0,220.0,0.0
2024,6,17,11,0,20.9,1.16,0.059,0.62,76,855,504,0,0,2.3,76,855,0,504,0.25,29.26,59.96,0.94,0.28,880,0.8,329,5.2,2024.0,220.0,24.49
2024,6,17,12,0,22.6,1.16,0.054,0.62,82,911,646,0,0,1.4,82,911,0,646,0.252,24.77,51.74,0.94,0.28,879,0.8,314,5.9,2024.0,220.0,25.05
2024,6,17,13,0,23.7,1.16,0.051,0.62,85,941,730,0,0,0.7,85,941,0,730,0.253,22.03,46.73,0.94,0.28,879,0.7,307,6.2,2024.0,220.0,32.38
2024,6,17,14,0,24.2,1.16,0.049,0.62,84,946,741,0,0,0.1,84,946,0,741,0.254,20.36,46.0,0.94,0.28,878,0.7,305,6.2,2024.0,220.0,30.05
2024,6,17,15,0,24.2,1.11,0.055,0.62,84,930,685,0,0,-0.4,84,930,0,685,0.254,19.75,49.73,0.93,0.28,877,0.6,305,6.0,2024.0,220.0,15.53
2024,6,17,16,0,23.7,1.1,0.054,0.62,77,892,562,0,0,-0.7,77,892,0,562,0.255,19.86,57.05,0.93,0.28,877,0.6,304,5.8,2024.0,220.0,0.0
2024,6,17,17,0,22.4,1.1,0.053,0.62,66,813,386,0,0,-0.7,66,813,0,386,0.257,21.42,66.79,0.93,0.28,877,0.6,303,5.1,2024.0,220.0,42.49
2024,6,17,18,0,19.3,1.09,0.054,0.62,47,630,178,0,0,0.2,47,630,0,178,0.257,27.69,78.02,0.93,0.28,877,0.6,297,3.1,2024.0,220.0,163.53
2024,6,17,19,0,15.1,1.08,0.056,0.62,0,0,0,0,0,2.2,0,0,0,0,0.258,41.92,89.83,0.93,0.28,877,0.6,286,1.4,2024.0,220.0,163.9
2024,6,17,20,0,14.0,1.07,0.059,0.62,0,0,0,0,0,3.5,0,0,0,0,0.258,49.22,103.08,0.94,0.28,878,0.6,282,1.1,2024.0,220.0,90.15
2024,6,17,21,0,13.6,1.07,0.061,0.62,0,0,0,0,0,3.7,0,0,0,0,0.257,51.11,116.26,0.94,0.28,878,0.7,46,1.2,2024.0,220.0,96.67
2024,6,17,22,0,12.9,1.08,0.062,0.62,0,0,0,0,0,3.2,0,0,0,0,0.257,51.6,129.7,0.94,0.28,879,0.7,68,1.4,2024.0,220.0,170.78
2024,6,17,23,0,12.7,1.1,0.061,0.62,0,0,0,0,0,2.3,0,0,0,0,0.257,49.02,143.32,0.94,0.28,879,0.7,63,1.6,2024.0,220.0,236.36
2024,6,17,24,0,12.9,1.11,0.06,0.62,0,0,0,0,0,1.3,0,0,0,0,0.258,45.31,157.04,0.94,0.28,879,0.7,57,1.9,2024.0,220.0,132.74
2024,6,18,1,0,13.0,1.12,0.06,0.62,0,0,0,0,0,0.7,0,0,0,0,0.257,43.05,170.79,0.94,0.28,879,0.7,52,2.0,2024.0,220.0,68.4
2024,6,18,2,0,12.9,1.13,0.06,0.62,0,0,0,0,0,0.4,0,0,0,0,0.257,42.19,175.21,0.94,0.28,879,0.7,53,1.9,2024.0,220.0,66.04
2024,6,18,3,0,12.6,1.13,0.06,0.62,0,0,0,0,0,0.0,0,0,0,0,0.257,42.0,161.5,0.94,0.28,878,0.7,58,1.8,2024.0,220.0,65.16
2024,6,18,4,0,12.2,1.14,0.06,0.62,0,0,0,0,0,-0.4,0,0,0,0,0.257,41.97,147.76,0.94,0.28,878,0.7,61,1.9,2024.0,220.0,70.18
2024,6,18,5,0,12.0,1.14,0.059,0.62,0,0,0,0,1,-0.8,0,0,0,0,0.256,41.32,134.1,0.94,0.28,878,0.7,61,2.0,2024.0,220.0,73.2
2024,6,18,6,0,11.8,1.14,0.059,0.62,0,0,0,0,1,-1.1,0,0,0,0,0.256,40.72,120.6,0.94,0.28,878,0.7,62,2.2,2024.0,220.0,71.6
2024,6,18,7,0,11.5,1.14,0.057,0.62,0,0,0,0,5,-1.7,0,0,0,0,0.256,39.78,107.32,0.93,0.28,878,0.6,64,2.3,2024.0,220.0,72.89
2024,6,18,8,0,11.6,1.14,0.055,0.62,0,0,0,0,1,-2.7,0,0,0,0,0.256,36.87,94.38,0.93,0.28,878,0.6,63,2.5,2024.0,220.0,95.94
2024,6,18,9,0,14.9,1.15,0.054,0.62,37,520,111,0,1,-3.7,37,520,0,111,0.255,27.43,81.86,0.93,0.28,878,0.6,60,3.9,2024.0,220.0,31.24
2024,6,18,10,0,18.4,1.17,0.052,0.62,60,773,321,0,0,-2.2,60,773,0,321,0.255,24.57,70.31,0.93,0.28,878,0.6,26,5.1,2024.0,220.0,2.51
2024,6,18,11,0,20.6,1.18,0.052,0.62,73,874,510,0,0,-1.4,73,874,0,510,0.256,22.76,60.01,0.93,0.28,879,0.6,328,6.1,2024.0,220.0,45.94
2024,6,18,12,0,22.1,1.19,0.052,0.62,81,924,652,0,0,-0.9,81,924,0,652,0.255,21.55,51.78,0.93,0.28,878,0.6,311,6.7,2024.0,220.0,50.11
2024,6,18,13,0,22.9,1.18,0.052,0.62,85,940,729,0,0,-0.4,85,940,0,729,0.255,21.26,46.76,0.93,0.28,878,0.7,306,6.9,2024.0,220.0,27.03
2024,6,18,14,0,23.2,1.18,0.053,0.62,86,942,740,0,0,0.0,86,942,0,740,0.253,21.61,46.01,0.93,0.28,877,0.7,303,7.0,2024.0,220.0,4.63
2024,6,18,15,0,23.0,1.17,0.049,0.62,81,931,683,0,0,0.4,81,931,0,683,0.253,22.49,49.73,0.94,0.28,877,0.7,299,6.8,2024.0,220.0,41.87
2024,6,18,16,0,22.2,1.17,0.049,0.62,75,892,560,0,0,0.9,75,892,0,560,0.252,24.5,57.04,0.94,0.28,877,0.7,294,6.3,2024.0,220.0,1.51
2024,6,18,17,0,20.9,1.18,0.048,0.62,64,815,385,0,0,1.5,64,815,0,385,0.251,27.5,66.76,0.94,0.28,877,0.7,289,5.3,2024.0,220.0,32.58
2024,6,18,18,0,18.3,1.18,0.047,0.62,45,641,179,0,0,2.4,45,641,0,179,0.251,34.58,77.98,0.94,0.28,877,0.7,285,3.6,2024.0,220.0,107.45
2024,6,18,19,0,14.4,1.16,0.048,0.62,0,0,0,0,0,4.1,0,0,0,0,0.252,50.07,89.8,0.94,0.28,878,0.8,275,1.4,2024.0,220.0,98.71
2024,6,18,20,0,13.4,1.13,0.05,0.62,0,0,0,0,0,5.2,0,0,0,0,0.252,57.49,103.03,0.94,0.28,878,0.8,260,1.1,2024.0,220.0,102.93
2024,6,18,21,0,13.1,1.14,0.053,0.62,0,0,0,0,0,5.2,0,0,0,0,0.251,58.73,116.22,0.94,0.28,879,0.8,127,1.3,2024.0,220.0,109.5
2024,6,18,22,0,12.1,1.17,0.05,0.62,0,0,0,0,0,4.5,0,0,0,0,0.25,59.59,129.66,0.94,0.28,879,0.8,86,1.7,2024.0,220.0,131.79
2024,6,18,23,0,12.0,1.2,0.046,0.62,0,0,0,0,0,3.4,0,0,0,0,0.25,55.58,143.27,0.94,0.28,880,0.8,73,1.9,2024.0,220.0,128.59
2024,6,18,24,0,12.0,1.21,0.043,0.62,0,0,0,0,0,2.2,0,0,0,0,0.251,51.21,156.99,0.93,0.28,879,0.7,70,1.8,2024.0,220.0,118.94
2024,6,19,1,0,11.8,1.21,0.042,0.62,0,0,0,0,0,1.3,0,0,0,0,0.251,48.61,170.74,0.93,0.28,879,0.7,69,1.6,2024.0,220.0,105.87
2024,6,19,2,0,11.5,1.21,0.042,0.62,0,0,0,0,0,0.6,0,0,0,0,0.252,47.19,175.25,0.93,0.28,879,0.7,68,1.6,2024.0,220.0,75.68
2024,6,19,3,0,11.3,1.2,0.047,0.62,0,0,0,0,0,0.0,0,0,0,0,0.254,45.73,161.55,0.92,0.28,878,0.7,66,1.7,2024.0,220.0,68.55
2024,6,19,4,0,11.4,1.19,0.049,0.62,0,0,0,0,0,-0.4,0,0,0,0,0.255,44.23,147.81,0.92,0.28,878,0.7,56,1.7,2024.0,220.0,67.86
2024,6,19,5,0,11.4,1.18,0.048,0.62,0,0,0,0,1,-0.6,0,0,0,0,0.255,43.53,134.16,0.92,0.28,878,0.7,42,1.7,2024.0,220.0,67.86
2024,6,19,6,0,11.3,1.19,0.049,0.62,0,0,0,0,0,-1.1,0,0,0,0,0.256,42.2,120.65,0.92,0.28,878,0.6,43,1.6,2024.0,220.0,71.03
2024,6,19,7,0,10.6,1.22,0.044,0.62,0,0,0,0,5,-2.3,0,0,0,0,0.256,40.41,107.37,0.92,0.28,878,0.6,54,1.7,2024.0,220.0,76.3
2024,6,19,8,0,10.5,1.24,0.04,0.62,0,0,0,0,5,-4.2,0,0,0,0,0.255,35.33,94.43,0.92,0.28,879,0.6,61,1.8,2024.0,220.0,75.16
2024,6,19,9,0,14.6,1.25,0.038,0.62,34,566,114,0,1,-6.3,34,566,0,114,0.256,23.04,81.91,0.92,0.28,879,0.5,66,2.5,2024.0,220.0,21.88
2024,6,19,10,0,18.8,1.25,0.037,0.62,55,805,325,0,0,-6.5,55,805,0,325,0.256,17.4,70.36,0.92,0.28,879,0.5,65,3.2,2024.0,220.0,0.0
2024,6,19,11,0,21.4,1.26,0.036,0.62,66,911,521,0,0,-6.5,66,911,0,521,0.256,14.85,60.05,0.91,0.28,879,0.4,23,3.8,2024.0,220.0,0.0
2024,6,19,12,0,23.1,1.27,0.034,0.62,72,959,664,0,0,-6.7,72,959,0,664,0.256,13.12,51.82,0.91,0.28,879,0.4,318,4.6,2024.0,220.0,0.0
2024,6,19,13,0,24.2,1.27,0.035,0.62,75,979,746,0,0,-6.8,75,979,0,746,0.255,12.18,46.78,0.91,0.28,878,0.4,300,5.1,2024.0,220.0,0.0
2024,6,19,14,0,24.5,1.26,0.036,0.62,77,981,758,0,0,-6.4,77,981,0,758,0.255,12.32,46.02,0.92,0.28,877,0.4,295,5.3,2024.0,220.0,0.0
2024,6,19,15,0,24.3,1.25,0.038,0.62,75,964,699,0,0,-5.7,75,964,0,699,0.256,13.2,49.72,0.92,0.28,877,0.4,293,5.3,2024.0,220.0,0.0
2024,6,19,16,0,23.6,1.24,0.04,0.62,70,917,570,0,0,-4.8,70,917,0,570,0.256,14.71,57.01,0.92,0.28,877,0.5,292,5.1,2024.0,220.0,0.0
2024,6,19,17,0,22.1,1.23,0.042,0.62,61,838,392,0,0,-3.8,61,838,0,392,0.257,17.38,66.73,0.92,0.28,877,0.5,289,4.7,2024.0,220.0,10.52
2024,6,19,18,0,18.6,1.2,0.044,0.62,45,662,183,0,0,-2.0,45,662,0,183,0.258,24.59,77.95,0.93,0.28,877,0.5,285,2.8,2024.0,220.0,107.57
2024,6,19,19,0,14.7,1.2,0.044,0.62,0,0,0,0,0,0.3,0,0,0,0,0.259,37.47,89.76,0.93,0.28,877,0.5,285,1.4,2024.0,220.0,107.85
2024,6,19,20,0,14.2,1.19,0.045,0.62,0,0,0,0,0,1.2,0,0,0,0,0.26,41.25,102.99,0.93,0.28,878,0.5,325,0.9,2024.0,220.0,164.09
2024,6,19,21,0,13.3,1.2,0.045,0.62,0,0,0,0,0,0.4,0,0,0,0,0.259,41.28,116.17,0.93,0.28,878,0.5,64,1.1,2024.0,220.0,135.59
2024,6,19,22,0,12.8,1.21,0.044,0.62,0,0,0,0,0,-1.3,0,0,0,0,0.259,37.59,129.61,0.93,0.28,879,0.5,65,1.5,2024.0,220.0,123.59
2024,6,19,23,0,12.8,1.22,0.045,0.62,0,0,0,0,0,-2.9,0,0,0,0,0.258,33.44,143.22,0.93,0.28,879,0.5,57,1.5,2024.0,220.0,95.73
2024,6,19,24,0,12.7,1.21,0.048,0.62,0,0,0,0,0,-3.5,0,0,0,0,0.257,32.24,156.94,0.93,0.28,879,0.5,43,1.4,2024.0,220.0,91.56
2024,6,20,1,0,12.6,1.21,0.05,0.62,0,0,0,0,0,-3.4,0,0,0,0,0.256,32.73,170.69,0.93,0.28,879,0.5,30,1.1,2024.0,220.0,94.01
2024,6,20,2,0,12.3,1.2,0.052,0.62,0,0,0,0,0,-3.1,0,0,0,0,0.256,34.05,175.3,0.93,0.28,879,0.5,22,0.9,2024.0,220.0,81.23
2024,6,20,3,0,12.1,1.2,0.053,0.62,0,0,0,0,0,-2.9,0,0,0,0,0.254,34.98,161.6,0.93,0.28,878,0.5,22,1.0,2024.0,220.0,78.31
2024,6,20,4,0,11.7,1.2,0.053,0.62,0,0,0,0,0,-2.9,0,0,0,0,0.253,36.07,147.86,0.93,0.28,878,0.5,28,1.2,2024.0,220.0,77.34
2024,6,20,5,0,11.2,1.2,0.053,0.62,0,0,0,0,0,-3.0,0,0,0,0,0.251,36.8,134.21,0.93,0.28,878,0.5,33,1.3,2024.0,220.0,76.67
2024,6,20,6,0,11.0,1.2,0.054,0.62,0,0,0,0,0,-3.4,0,0,0,0,0.25,36.2,120.7,0.93,0.28,878,0.5,35,1.4,2024.0,220.0,73.32
2024,6,20,7,0,10.9,1.21,0.054,0.62,0,0,0,0,4,-3.9,0,0,0,0,0.249,35.16,107.42,0.93,0.28,878,0.5,36,1.5,2024.0,220.0,74.35
2024,6,20,8,0,11.0,1.22,0.053,0.62,0,0,0,0,1,-4.6,0,0,0,0,0.249,33.18,94.48,0.93,0.28,879,0.5,41,1.5,2024.0,220.0,65.21
2024,6,20,9,0,14.6,1.23,0.053,0.62,37,521,110,0,0,-5.3,37,521,0,110,0.249,24.78,81.96,0.93,0.28,879,0.6,46,2.1,2024.0,220.0,0.0
2024,6,20,10,0,18.8,1.23,0.053,0.62,60,771,319,0,0,-3.2,60,771,0,319,0.249,22.25,70.4,0.93,0.28,880,0.6,5,3.6,2024.0,220.0,0.0
2024,6,20,11,0,21.1,1.23,0.053,0.62,73,873,509,0,0,-1.5,73,873,0,509,0.25,21.93,60.09,0.93,0.28,880,0.6,340,4.7,2024.0,220.0,0.0
2024,6,20,12,0,22.9,1.23,0.053,0.62,81,916,647,0,0,-1.2,81,916,0,647,0.251,20.13,51.85,0.93,0.28,880,0.7,329,5.2,2024.0,220.0,0.0
2024,6,20,13,0,24.0,1.24,0.052,0.62,85,940,728,0,0,-1.0,85,940,0,728,0.251,19.07,46.8,0.94,0.28,880,0.7,324,5.5,2024.0,220.0,0.0
2024,6,20,14,0,24.4,1.23,0.053,0.62,86,937,736,0,0,-0.8,86,937,0,736,0.25,18.95,46.02,0.94,0.28,880,0.8,320,5.5,2024.0,220.0,0.0
2024,6,20,15,0,24.1,1.22,0.061,0.62,86,913,677,0,0,-0.4,86,913,0,677,0.249,19.8,49.7,0.93,0.28,879,0.8,318,5.4,2024.0,220.0,0.0
2024,6,20,16,0,23.4,1.22,0.061,0.62,80,869,553,0,0,0.0,80,869,0,553,0.249,21.2,56.98,0.94,0.28,879,0.9,317,5.1,2024.0,220.0,0.0
2024,6,20,17,0,22.1,1.22,0.06,0.62,68,788,380,0,0,0.4,68,788,0,380,0.249,23.62,66.69,0.94,0.28,879,0.9,321,4.4,2024.0,220.0,0.76
2024,6,20,18,0,19.2,1.24,0.06,0.62,48,603,174,0,0,1.1,48,603,0,174,0.249,29.71,77.9,0.94,0.28,879,1.0,327,2.7,2024.0,220.0,76.06
2024,6,20,19,0,15.5,1.25,0.059,0.62,0,0,0,0,0,2.4,0,0,0,0,0.249,41.2,89.72,0.94,0.28,879,1.0,342,1.3,2024.0,220.0,84.05
2024,6,20,20,0,14.6,1.26,0.059,0.62,0,0,0,0,0,2.9,0,0,0,0,0.249,45.49,102.94,0.95,0.28,880,1.1,15,0.8,2024.0,220.0,73.61
2024,6,20,21,0,14.1,1.27,0.059,0.62,0,0,0,0,0,2.7,0,0,0,0,0.249,46.26,116.12,0.95,0.28,880,1.2,31,0.9,2024.0,220.0,75.86
2024,6,20,22,0,14.0,1.28,0.059,0.62,0,0,0,0,0,2.2,0,0,0,0,0.248,44.71,129.56,0.95,0.28,880,1.2,34,1.1,2024.0,220.0,75.7
2024,6,20,23,0,14.2,1.29,0.058,0.62,0,0,0,0,0,1.6,0,0,0,0,0.248,42.52,143.17,0.95,0.28,880,1.2,33,1.1,2024.0,220.0,74.25
2024,6,20,24,0,14.3,1.29,0.056,0.62,0,0,0,0,0,1.2,0,0,0,0,0.248,41.03,156.89,0.95,0.28,880,1.3,34,1.1,2024.0,220.0,68.79
2024,6,21,1,0,14.3,1.3,0.055,0.62,0,0,0,0,0,0.9,0,0,0,0,0.247,40.0,170.64,0.95,0.28,880,1.2,35,1.0,2024.0,220.0,68.55
2024,6,21,2,0,14.1,1.3,0.053,0.62,0,0,0,0,0,0.6,0,0,0,0,0.246,39.77,175.35,0.95,0.28,880,1.2,35,0.9,2024.0,220.0,71.64
2024,6,21,3,0,13.9,1.31,0.052,0.62,0,0,0,0,0,0.5,0,0,0,0,0.246,39.86,161.65,0.95,0.28,879,1.2,36,0.8,2024.0,220.0,68.75
2024,6,21,4,0,13.6,1.3,0.051,0.62,0,0,0,0,0,0.4,0,0,0,0,0.246,40.41,147.91,0.95,0.28,879,1.2,37,1.0,2024.0,220.0,68.75
2024,6,21,5,0,13.4,1.3,0.048,0.62,0,0,0,0,0,0.1,0,0,0,0,0.246,40.23,134.25,0.95,0.28,879,1.2,38,1.1,2024.0,220.0,68.75
2024,6,21,6,0,13.2,1.3,0.046,0.62,0,0,0,0,0,-0.3,0,0,0,0,0.247,39.39,120.75,0.94,0.28,879,1.1,40,1.1,2024.0,220.0,68.75
2024,6,21,7,0,12.9,1.3,0.043,0.62,0,0,0,0,0,-1.0,0,0,0,0,0.249,38.29,107.47,0.94,0.28,879,1.1,41,1.2,2024.0,220.0,71.05
2024,6,21,8,0,13.2,1.3,0.042,0.62,0,0,0,0,1,-1.7,0,0,0,0,0.251,35.53,94.52,0.94,0.28,879,1.1,40,1.3,2024.0,220.0,55.23
2024,6,21,9,0,17.4,1.29,0.042,0.62,34,523,107,0,0,-2.4,34,523,0,107,0.253,25.89,82.0,0.94,0.28,880,1.0,34,1.8,2024.0,220.0,0.0
2024,6,21,10,0,21.0,1.28,0.041,0.62,56,768,313,0,0,-1.5,56,768,0,313,0.254,22.06,70.44,0.94,0.28,880,1.0,10,2.4,2024.0,220.0,0.0
2024,6,21,11,0,23.1,1.25,0.039,0.62,67,869,500,0,0,-0.8,67,869,0,500,0.254,20.51,60.12,0.93,0.28,880,1.0,350,2.8,2024.0,220.0,43.65
2024,6,21,12,0,24.8,1.21,0.043,0.62,76,913,639,0,0,-0.4,76,913,0,639,0.254,19.03,51.87,0.93,0.28,880,1.0,339,3.6,2024.0,220.0,44.07
2024,6,21,13,0,26.0,1.2,0.042,0.62,79,936,719,0,0,-0.4,79,936,0,719,0.254,17.75,46.81,0.93,0.28,880,1.0,330,4.3,2024.0,220.0,49.35
2024,6,21,14,0,26.5,1.19,0.042,0.62,80,939,731,0,0,-0.1,80,939,0,731,0.255,17.53,46.01,0.93,0.28,879,1.0,324,4.5,2024.0,220.0,52.93
2024,6,21,15,0,26.1,1.19,0.042,0.62,77,924,675,0,0,0.4,77,924,0,675,0.257,18.57,49.68,0.93,0.28,879,1.0,320,4.4,2024.0,220.0,50.56
2024,6,21,16,0,25.2,1.19,0.043,0.62,72,885,554,0,0,0.9,72,885,0,554,0.259,20.39,56.95,0.94,0.28,879,1.0,318,4.1,2024.0,220.0,48.62
2024,6,21,17,0,23.7,1.19,0.043,0.62,61,808,382,0,0,1.5,61,808,0,382,0.261,23.34,66.65,0.94,0.28,879,1.0,316,3.6,2024.0,220.0,49.74
2024,6,21,18,0,20.6,1.2,0.045,0.62,44,631,177,0,0,2.4,44,631,0,177,0.263,29.99,77.86,0.94,0.28,879,1.0,313,1.9,2024.0,220.0,75.51
2024,6,21,19,0,16.4,1.21,0.046,0.62,0,0,0,0,0,3.8,0,0,0,0,0.264,43.13,89.68,0.94,0.28,880,1.1,311,1.1,2024.0,220.0,74.23
2024,6,21,20,0,15.4,1.22,0.047,0.62,0,0,0,0,0,4.5,0,0,0,0,0.264,48.3,102.9,0.94,0.28,880,1.1,344,0.7,2024.0,220.0,112.69
2024,6,21,21,0,14.7,1.23,0.047,0.62,0,0,0,0,0,4.4,0,0,0,0,0.263,50.04,116.07,0.94,0.28,881,1.0,30,1.1,2024.0,220.0,97.98
2024,6,21,22,0,14.5,1.23,0.048,0.62,0,0,0,0,0,3.8,0,0,0,0,0.262,48.63,129.51,0.94,0.28,881,1.0,42,1.2,2024.0,220.0,115.61
2024,6,21,23,0,14.4,1.24,0.049,0.62,0,0,0,0,0,3.2,0,0,0,0,0.26,47.01,143.12,0.94,0.28,881,1.0,41,1.2,2024.0,220.0,109.6
2024,6,21,24,0,14.1,1.24,0.049,0.62,0,0,0,0,0,2.9,0,0,0,0,0.259,46.76,156.84,0.94,0.28,881,1.0,38,1.2,2024.0,220.0,85.55
2024,6,22,1,0,13.6,1.24,0.05,0.62,0,0,0,0,0,2.6,0,0,0,0,0.258,47.4,170.59,0.94,0.28,881,1.0,37,1.1,2024.0,220.0,72.17
2024,6,22,2,0,13.3,1.24,0.051,0.62,0,0,0,0,0,2.2,0,0,0,0,0.257,47.05,175.4,0.94,0.28,880,1.0,38,1.0,2024.0,220.0,71.86
2024,6,22,3,0,13.2,1.25,0.052,0.62,0,0,0,0,0,1.7,0,0,0,0,0.257,45.54,161.7,0.94,0.28,880,1.0,41,1.0,2024.0,220.0,72.88
2024,6,22,4,0,13.1,1.25,0.053,0.62,0,0,0,0,0,1.0,0,0,0,0,0.256,43.54,147.96,0.94,0.28,880,1.1,45,1.0,2024.0,220.0,72.88
2024,6,22,5,0,13.1,1.26,0.053,0.62,0,0,0,0,1,0.1,0,0,0,0,0.257,41.03,134.3,0.94,0.28,880,1.1,48,1.0,2024.0,220.0,72.88
2024,6,22,6,0,13.1,1.26,0.053,0.62,0,0,0,0,1,-0.7,0,0,0,0,0.257,38.51,120.79,0.94,0.28,880,1.1,48,1.1,2024.0,220.0,72.88
2024,6,22,7,0,13.0,1.27,0.052,0.62,0,0,0,0,3,-1.6,0,0,0,0,0.258,36.36,107.51,0.94,0.28,880,1.1,48,1.3,2024.0,220.0,72.55
2024,6,22,8,0,13.3,1.27,0.05,0.62,0,0,0,0,3,-2.5,0,0,0,0,0.26,33.25,94.57,0.94,0.28,880,1.1,50,1.5,2024.0,220.0,69.33
2024,6,22,9,0,17.1,1.27,0.048,0.62,35,504,105,0,0,-3.5,35,504,0,105,0.26,24.2,82.04,0.94,0.28,881,1.1,53,2.4,2024.0,220.0,19.86
2024,6,22,10,0,20.9,1.28,0.046,0.62,57,759,311,0,0,-1.0,57,759,0,311,0.261,22.99,70.47,0.94,0.28,881,1.0,22,3.8,2024.0,220.0,0.0
2024,6,22,11,0,23.7,1.28,0.043,0.62,68,864,498,0,0,0.0,68,864,0,498,0.261,20.92,60.15,0.94,0.28,881,1.0,350,5.1,2024.0,220.0,33.37
2024,6,22,12,0,25.4,1.28,0.039,0.62,74,917,639,0,0,-0.1,74,917,0,639,0.261,18.76,51.89,0.93,0.28,880,1.0,337,5.8,2024.0,220.0,50.13
2024,6,22,13,0,26.1,1.26,0.039,0.62,77,938,720,0,0,0.1,77,938,0,720,0.262,18.25,46.81,0.94,0.28,880,1.0,320,6.3,2024.0,220.0,50.16
2024,6,22,14,0,26.2,1.24,0.039,0.62,78,941,732,0,0,0.6,78,941,0,732,0.262,18.73,45.99,0.94,0.28,880,1.0,306,6.6,2024.0,220.0,50.16
2024,6,22,15,0,25.7,1.23,0.04,0.62,76,926,676,0,0,1.0,76,926,0,676,0.262,19.92,49.65,0.94,0.28,879,1.0,297,6.7,2024.0,220.0,50.16
2024,6,22,16,0,25.0,1.22,0.04,0.62,70,889,555,0,0,1.3,70,889,0,555,0.262,21.18,56.91,0.94,0.28,879,1.0,290,6.4,2024.0,220.0,50.16
2024,6,22,17,0,23.9,1.22,0.039,0.62,60,814,383,0,0,1.4,60,814,0,383,0.262,22.79,66.61,0.94,0.28,879,1.0,284,5.7,2024.0,220.0,55.43
2024,6,22,18,0,21.2,1.23,0.037,0.62,43,649,179,0,0,1.7,43,649,0,179,0.262,27.44,77.81,0.94,0.28,879,1.0,273,4.2,2024.0,220.0,164.5
2024,6,22,19,0,18.8,1.24,0.035,0.62,0,0,0,0,0,2.1,0,0,0,0,0.262,32.72,89.64,0.94,0.28,879,0.9,232,2.5,2024.0,220.0,158.72
2024,6,22,20,0,17.6,1.25,0.033,0.62,0,0,0,0,0,1.8,0,0,0,0,0.26,34.55,102.85,0.93,0.28,879,0.9,118,2.0,2024.0,220.0,109.13
2024,6,22,21,0,16.2,1.25,0.032,0.62,0,0,0,0,0,1.1,0,0,0,0,0.259,35.93,116.02,0.93,0.28,879,0.9,90,1.9,2024.0,220.0,108.96
2024,6,22,22,0,16.1,1.26,0.032,0.62,0,0,0,0,0,-0.2,0,0,0,0,0.257,33.03,129.46,0.93,0.28,879,0.9,75,2.0,2024.0,220.0,78.26
2024,6,22,23,0,16.1,1.26,0.032,0.62,0,0,0,0,0,-1.6,0,0,0,0,0.256,29.74,143.07,0.93,0.28,879,0.9,62,2.6,2024.0,220.0,71.12
2024,6,22,24,0,15.5,1.26,0.032,0.62,0,0,0,0,0,-2.5,0,0,0,0,0.256,28.97,156.79,0.92,0.28,879,0.8,46,3.1,2024.0,220.0,72.9
2024,6,23,1,0,14.8,1.25,0.034,0.62,0,0,0,0,0,-2.1,0,0,0,0,0.257,31.2,170.54,0.92,0.28,879,0.8,20,3.5,2024.0,220.0,71.96
2024,6,23,2,0,14.3,1.23,0.036,0.62,0,0,0,0,0,-1.2,0,0,0,0,0.258,34.44,175.45,0.93,0.28,879,0.8,354,3.5,2024.0,220.0,71.4
2024,6,23,3,0,14.1,1.23,0.037,0.62,0,0,0,0,0,-0.7,0,0,0,0,0.259,36.05,161.75,0.93,0.28,879,0.8,343,3.5,2024.0,220.0,71.4
2024,6,23,4,0,14.1,1.23,0.038,0.62,0,0,0,0,0,-1.0,0,0,0,0,0.26,35.36,148.0,0.93,0.28,879,0.8,355,3.7,2024.0,220.0,71.4
2024,6,23,5,0,13.9,1.23,0.038,0.62,0,0,0,0,0,-1.7,0,0,0,0,0.261,34.0,134.35,0.94,0.28,879,0.8,57,3.6,2024.0,220.0,71.4
2024,6,23,6,0,13.5,1.24,0.038,0.62,0,0,0,0,1,-2.7,0,0,0,0,0.261,32.53,120.84,0.93,0.28,879,0.8,93,3.7,2024.0,220.0,71.4
2024,6,23,7,0,13.1,1.24,0.036,0.62,0,0,0,0,0,-3.8,0,0,0,0,0.261,30.63,107.55,0.93,0.28,879,0.7,92,3.8,2024.0,220.0,71.4
2024,6,23,8,0,13.2,1.24,0.035,0.62,0,0,0,0,1,-5.2,0,0,0,0,0.261,27.43,94.61,0.93,0.28,879,0.7,86,3.6,2024.0,220.0,53.55
2024,6,23,9,0,17.4,1.24,0.035,0.62,33,558,110,0,0,-6.7,33,558,0,110,0.26,18.71,82.08,0.93,0.28,879,0.6,81,4.3,2024.0,220.0,0.0
2024,6,23,10,0,22.0,1.24,0.035,0.62,54,798,320,0,0,-5.2,54,798,0,320,0.26,15.72,70.5,0.93,0.28,879,0.6,64,5.3,2024.0,220.0,0.0
2024,6,23,11,0,24.6,1.25,0.035,0.62,65,895,510,0,0,-4.0,65,895,0,510,0.26,14.77,60.17,0.93,0.28,879,0.6,343,5.9,2024.0,220.0,0.0
2024,6,23,12,0,25.9,1.24,0.035,0.62,72,942,653,0,0,-4.0,72,942,0,653,0.26,13.63,51.9,0.93,0.28,879,0.6,319,6.5,2024.0,220.0,0.0
2024,6,23,13,0,26.3,1.21,0.037,0.62,77,960,734,0,0,-3.5,77,960,0,734,0.258,13.84,46.81,0.93,0.28,879,0.6,310,6.9,2024.0,220.0,0.0
2024,6,23,14,0,26.1,1.18,0.039,0.62,79,961,747,0,0,-2.7,79,961,0,747,0.257,14.87,45.97,0.94,0.28,878,0.6,305,7.0,2024.0,220.0,0.0
2024,6,23,15,0,25.6,1.15,0.041,0.62,77,939,686,0,0,-1.8,77,939,0,686,0.255,16.3,49.61,0.94,0.28,878,0.7,304,7.0,2024.0,220.0,0.0
2024,6,23,16,0,24.6,1.12,0.043,0.62,72,899,564,0,0,-1.0,72,899,0,564,0.254,18.4,56.87,0.94,0.28,878,0.7,302,6.5,2024.0,220.0,0.0
2024,6,23,17,0,23.1,1.11,0.044,0.62,62,816,387,0,0,-0.1,62,816,0,387,0.253,21.48,66.56,0.94,0.28,878,0.8,297,5.2,2024.0,220.0,0.0
2024,6,23,18,0,20.0,1.11,0.045,0.62,45,642,181,0,0,0.9,45,642,0,181,0.254,27.98,77.76,0.94,0.28,878,0.8,291,3.0,2024.0,220.0,63.99
2024,6,23,19,0,16.3,1.12,0.045,0.62,0,0,0,0,0,2.3,0,0,0,0,0.255,38.91,89.6,0.94,0.28,878,0.8,282,1.2,2024.0,220.0,94.86
2024,6,23,20,0,15.6,1.14,0.045,0.62,0,0,0,0,0,2.8,0,0,0,0,0.255,42.35,102.79,0.94,0.28,879,0.9,348,1.2,2024.0,220.0,88.44
2024,6,23,21,0,14.7,1.16,0.044,0.62,0,0,0,0,0,2.5,0,0,0,0,0.256,43.86,115.97,0.94,0.28,879,0.9,63,1.3,2024.0,220.0,88.44
2024,6,23,22,0,14.4,1.18,0.044,0.62,0,0,0,0,0,1.9,0,0,0,0,0.257,42.77,129.41,0.94,0.28,879,1.0,58,1.5,2024.0,220.0,88.44
2024,6,23,23,0,14.1,1.19,0.045,0.62,0,0,0,0,0,1.6,0,0,0,0,0.257,42.56,143.02,0.94,0.28,879,1.0,51,1.7,2024.0,220.0,88.44
2024,6,23,24,0,13.6,1.19,0.046,0.62,0,0,0,0,0,1.7,0,0,0,0,0.258,44.34,156.74,0.94,0.28,879,1.0,44,1.7,2024.0,220.0,78.19
2024,6,24,1,0,13.0,1.19,0.047,0.62,0,0,0,0,0,1.9,0,0,0,0,0.258,46.97,170.5,0.94,0.28,879,1.0,39,1.8,2024.0,220.0,72.82
2024,6,24,2,0,12.7,1.19,0.047,0.62,0,0,0,0,0,2.0,0,0,0,0,0.258,48.28,175.5,0.94,0.28,879,1.1,36,1.8,2024.0,220.0,72.82
2024,6,24,3,0,12.5,1.19,0.047,0.62,0,0,0,0,0,2.0,0,0,0,0,0.259,48.61,161.79,0.94,0.28,879,1.1,36,1.7,2024.0,220.0,72.82
2024,6,24,4,0,12.4,1.19,0.047,0.62,0,0,0,0,0,1.7,0,0,0,0,0.259,48.1,148.05,0.94,0.28,878,1.1,37,1.6,2024.0,220.0,72.82
2024,6,24,5,0,12.4,1.2,0.046,0.62,0,0,0,0,0,1.4,0,0,0,0,0.259,47.11,134.39,0.94,0.28,878,1.1,36,1.4,2024.0,220.0,72.82
2024,6,24,6,0,12.4,1.21,0.045,0.62,0,0,0,0,0,1.1,0,0,0,0,0.26,45.93,120.88,0.94,0.28,878,1.0,39,1.4,2024.0,220.0,72.82
2024,6,24,7,0,12.5,1.21,0.044,0.62,0,0,0,0,0,0.6,0,0,0,0,0.261,44.14,107.59,0.93,0.28,878,1.0,43,1.4,2024.0,220.0,72.17
2024,6,24,8,0,13.1,1.22,0.043,0.62,0,0,0,1,0,0.1,0,0,1,0,0.262,41.02,94.64,0.93,0.28,879,1.0,44,1.4,2024.0,220.0,69.25
2024,6,24,9,0,16.8,1.23,0.042,0.62,34,518,105,0,0,-0.2,34,518,0,105,0.263,31.46,82.11,0.93,0.28,879,1.0,43,1.3,2024.0,220.0,55.59
2024,6,24,10,0,20.4,1.23,0.042,0.62,56,764,310,0,0,0.8,56,764,0,310,0.264,27.05,70.53,0.93,0.28,879,1.0,2,1.9,2024.0,220.0,50.1
2024,6,24,11,0,22.5,1.22,0.043,0.62,68,863,498,0,0,1.3,68,863,0,498,0.264,24.66,60.19,0.94,0.28,879,1.0,338,2.9,2024.0,220.0,55.07
2024,6,24,12,0,23.9,1.2,0.045,0.62,77,910,638,0,0,1.7,77,910,0,638,0.265,23.3,51.9,0.94,0.28,879,1.0,326,3.9,2024.0,220.0,56.0
2024,6,24,13,0,24.5,1.18,0.046,0.62,81,927,716,0,0,2.1,81,927,0,716,0.265,23.18,46.8,0.94,0.28,879,1.1,317,4.6,2024.0,220.0,27.86
2024,6,24,14,0,24.6,1.17,0.049,0.62,83,927,728,0,0,2.6,83,927,0,728,0.265,23.79,45.94,0.94,0.28,878,1.1,310,4.9,2024.0,220.0,0.0
2024,6,24,15,0,24.2,1.14,0.051,0.62,82,910,672,0,0,3.0,82,910,0,672,0.266,25.1,49.57,0.95,0.28,878,1.1,307,4.8,2024.0,220.0,0.0
2024,6,24,16,0,23.4,1.13,0.051,0.62,76,875,555,0,0,3.3,76,875,0,555,0.266,26.88,56.82,0.95,0.28,878,1.0,306,4.4,2024.0,220.0,0.0
2024,6,24,17,0,22.3,1.12,0.05,0.62,65,798,383,0,0,3.5,65,798,0,383,0.266,29.15,66.51,0.95,0.28,878,1.0,309,3.9,2024.0,220.0,1.46
2024,6,24,18,0,19.7,1.12,0.048,0.62,46,627,179,0,0,3.8,46,627,0,179,0.265,35.02,77.71,0.94,0.28,878,1.0,308,2.3,2024.0,220.0,61.52
2024,6,24,19,0,16.5,1.12,0.047,0.62,0,0,0,0,0,4.5,0,0,0,0,0.266,44.98,89.55,0.94,0.28,878,1.0,302,1.1,2024.0,220.0,72.53
2024,6,24,20,0,15.8,1.12,0.045,0.62,0,0,0,0,0,4.8,0,0,0,0,0.265,47.96,102.74,0.94,0.28,878,0.9,358,0.6,2024.0,220.0,71.59
2024,6,24,21,0,15.0,1.13,0.044,0.62,0,0,0,0,0,4.5,0,0,0,0,0.264,49.58,115.92,0.94,0.28,878,0.9,51,1.1,2024.0,220.0,72.67
2024,6,24,22,0,14.6,1.13,0.044,0.62,0,0,0,0,0,4.1,0,0,0,0,0.264,49.47,129.36,0.94,0.28,879,0.9,44,1.3,2024.0,220.0,73.0
2024,6,24,23,0,14.2,1.13,0.045,0.62,0,0,0,0,0,4.0,0,0,0,0,0.263,50.2,142.97,0.94,0.28,879,0.9,29,1.3,2024.0,220.0,72.63
2024,6,24,24,0,13.5,1.12,0.047,0.62,0,0,0,0,0,4.2,0,0,0,0,0.263,53.24,156.69,0.94,0.28,879,0.9,16,1.3,2024.0,220.0,72.28
2024,6,25,1,0,12.7,1.11,0.049,0.62,0,0,0,0,0,4.4,0,0,0,0,0.263,57.14,170.45,0.94,0.28,879,0.9,9,1.2,2024.0,220.0,77.2
2024,6,25,2,0,12.1,1.09,0.051,0.62,0,0,0,0,0,4.5,0,0,0,0,0.264,59.84,175.56,0.94,0.28,879,0.9,16,1.2,2024.0,220.0,77.2
2024,6,25,3,0,11.8,1.09,0.052,0.62,0,0,0,0,0,4.5,0,0,0,0,0.264,60.97,161.84,0.94,0.28,879,0.9,26,1.2,2024.0,220.0,76.55
2024,6,25,4,0,11.6,1.09,0.052,0.62,0,0,0,0,0,4.4,0,0,0,0,0.265,61.12,148.1,0.94,0.28,879,0.9,36,1.3,2024.0,220.0,72.34
2024,6,25,5,0,11.6,1.09,0.051,0.62,0,0,0,0,0,4.1,0,0,0,0,0.266,59.86,134.44,0.94,0.28,879,0.9,44,1.4,2024.0,220.0,72.34
2024,6,25,6,0,11.6,1.1,0.05,0.62,0,0,0,0,0,3.6,0,0,0,0,0.267,58.09,120.92,0.94,0.28,879,0.9,51,1.5,2024.0,220.0,72.34
2024,6,25,7,0,11.7,1.11,0.048,0.62,0,0,0,0,0,3.1,0,0,0,0,0.267,55.64,107.63,0.94,0.28,879,0.8,56,1.6,2024.0,220.0,72.34
2024,6,25,8,0,12.1,1.12,0.047,0.62,0,0,0,0,0,2.6,0,0,0,0,0.268,52.32,94.68,0.94,0.28,880,0.8,56,1.5,2024.0,220.0,69.13
2024,6,25,9,0,15.3,1.14,0.047,0.62,35,512,105,0,0,2.2,35,512,0,105,0.268,41.29,82.14,0.94,0.28,880,0.8,53,1.5,2024.0,220.0,28.32
2024,6,25,10,0,18.4,1.16,0.046,0.62,58,766,313,0,0,2.6,58,766,0,313,0.268,34.86,70.55,0.94,0.28,881,0.8,11,2.3,2024.0,220.0,0.0
2024,6,25,11,0,20.9,1.17,0.045,0.62,70,869,501,0,0,2.1,70,869,0,501,0.269,28.83,60.2,0.94,0.28,881,0.8,342,2.9,2024.0,220.0,0.0
2024,6,25,12,0,22.6,1.18,0.044,0.62,77,919,644,0,0,1.8,77,919,0,644,0.269,25.37,51.9,0.94,0.28,881,0.8,330,3.6,2024.0,220.0,0.0
2024,6,25,13,0,23.7,1.17,0.043,0.62,80,942,725,1,0,1.8,80,942,1,725,0.269,23.7,46.78,0.94,0.28,881,0.8,322,4.1,2024.0,220.0,0.0
2024,6,25,14,0,24.1,1.16,0.044,0.62,81,944,738,0,0,1.7,81,944,0,738,0.269,23.1,45.91,0.94,0.28,880,0.8,316,4.4,2024.0,220.0,0.0
2024,6,25,15,0,24.0,1.14,0.045,0.62,79,929,682,0,0,1.7,79,929,0,682,0.27,23.23,49.52,0.94,0.28,880,0.8,311,4.5,2024.0,220.0,0.0
2024,6,25,16,0,23.3,1.13,0.045,0.62,73,891,561,0,0,1.8,73,891,0,561,0.271,24.3,56.77,0.94,0.28,880,0.8,307,4.3,2024.0,220.0,0.0
2024,6,25,17,0,22.1,1.12,0.047,0.62,64,817,390,0,0,1.9,64,817,0,390,0.271,26.45,66.45,0.94,0.28,880,0.7,305,3.8,2024.0,220.0,0.0
2024,6,25,18,0,19.2,1.11,0.048,0.62,46,637,182,0,0,2.6,46,637,0,182,0.272,33.11,77.65,0.94,0.28,880,0.8,298,2.3,2024.0,220.0,78.38
2024,6,25,19,0,15.2,1.1,0.05,0.62,0,0,0,0,0,3.7,0,0,0,0,0.273,46.17,89.5,0.94,0.28,881,0.8,284,1.2,2024.0,220.0,92.48
2024,6,25,20,0,14.6,1.1,0.051,0.62,0,0,0,0,0,4.1,0,0,0,0,0.272,49.45,102.68,0.94,0.28,881,0.7,298,0.6,2024.0,220.0,75.86
2024,6,25,21,0,13.7,1.1,0.05,0.62,0,0,0,0,0,3.7,0,0,0,0,0.271,50.87,115.86,0.94,0.28,881,0.7,82,1.1,2024.0,220.0,75.86
2024,6,25,22,0,13.6,1.11,0.049,0.62,0,0,0,0,0,2.7,0,0,0,0,0.27,47.81,129.31,0.94,0.28,881,0.7,82,1.5,2024.0,220.0,74.68
2024,6,25,23,0,14.0,1.12,0.048,0.62,0,0,0,0,0,1.6,0,0,0,0,0.27,42.96,142.92,0.94,0.28,881,0.7,82,1.5,2024.0,220.0,71.03
2024,6,25,24,0,14.2,1.12,0.047,0.62,0,0,0,0,0,0.6,0,0,0,0,0.269,39.53,156.64,0.94,0.28,881,0.6,80,1.4,2024.0,220.0,71.98
2024,6,26,1,0,14.2,1.12,0.048,0.62,0,0,0,0,0,0.0,0,0,0,0,0.269,37.75,170.4,0.94,0.28,881,0.6,74,1.3,2024.0,220.0,72.54
2024,6,26,2,0,14.1,1.12,0.048,0.62,0,0,0,0,0,-0.4,0,0,0,0,0.27,36.84,175.61,0.94,0.28,881,0.6,66,1.2,2024.0,220.0,70.4
2024,6,26,3,0,14.0,1.12,0.049,0.62,0,0,0,0,0,-0.8,0,0,0,0,0.27,36.19,161.89,0.94,0.28,881,0.6,53,1.2,2024.0,220.0,68.37
2024,6,26,4,0,13.8,1.12,0.051,0.62,0,0,0,0,0,-1.1,0,0,0,0,0.27,35.77,148.14,0.94,0.28,881,0.6,45,1.2,2024.0,220.0,68.29
2024,6,26,5,0,13.6,1.12,0.051,0.62,0,0,0,0,0,-1.6,0,0,0,0,0.27,35.07,134.48,0.94,0.28,881,0.6,44,1.1,2024.0,220.0,68.29
2024,6,26,6,0,13.6,1.12,0.05,0.62,0,0,0,0,0,-2.1,0,0,0,0,0.27,33.63,120.96,0.94,0.28,881,0.6,49,1.0,2024.0,220.0,68.29
2024,6,26,7,0,13.7,1.13,0.049,0.62,0,0,0,0,1,-2.9,0,0,0,0,0.27,31.6,107.67,0.94,0.28,881,0.6,56,1.0,2024.0,220.0,68.29
2024,6,26,8,0,13.9,1.14,0.049,0.62,0,0,0,0,1,-3.8,0,0,0,0,0.27,29.13,94.71,0.94,0.28,881,0.6,60,1.3,2024.0,220.0,56.67
2024,6,26,9,0,16.4,1.14,0.048,0.62,35,521,107,0,0,-4.8,35,521,0,107,0.27,22.99,82.16,0.94,0.28,881,0.6,61,1.7,2024.0,220.0,0.0
2024,6,26,10,0,20.3,1.15,0.049,0.62,59,772,316,0,0,-3.5,59,772,0,316,0.27,19.88,70.57,0.94,0.28,882,0.6,59,1.8,2024.0,220.0,0.0
2024,6,26,11,0,22.5,1.15,0.05,0.62,73,873,507,0,0,-1.8,73,873,0,507,0.27,19.64,60.21,0.95,0.28,882,0.6,240,2.5,2024.0,220.0,0.0
2024,6,26,12,0,24.0,1.15,0.053,0.62,82,920,650,0,0,-1.7,82,920,0,650,0.27,18.17,51.9,0.95,0.28,881,0.6,243,3.5,2024.0,220.0,0.0
2024,6,26,13,0,24.7,1.15,0.056,0.62,88,940,732,0,0,-1.4,88,940,0,732,0.268,17.82,46.75,0.95,0.28,881,0.6,245,4.1,2024.0,220.0,0.0
2024,6,26,14,0,24.9,1.15,0.057,0.62,89,942,745,0,0,-1.0,89,942,0,745,0.267,18.14,45.87,0.95,0.28,880,0.6,246,4.3,2024.0,220.0,0.0
2024,6,26,15,0,24.9,1.15,0.056,0.62,86,928,689,0,0,-0.8,86,928,0,689,0.266,18.36,49.47,0.95,0.28,880,0.6,248,4.2,2024.0,220.0,0.0
2024,6,26,16,0,24.5,1.15,0.055,0.62,78,891,568,0,8,-0.7,231,408,0,455,0.265,18.88,56.71,0.95,0.28,879,0.6,248,3.7,2024.0,220.0,14.29
2024,6,26,17,0,23.2,1.14,0.058,0.62,68,809,392,0,8,-0.6,191,290,0,307,0.265,20.61,66.39,0.95,0.28,879,0.6,246,3.2,2024.0,220.0,14.54
2024,6,26,18,0,19.9,1.13,0.06,0.62,50,628,185,0,0,0.1,50,628,0,185,0.265,26.56,77.59,0.95,0.28,879,0.6,244,1.9,2024.0,220.0,70.49
2024,6,26,19,0,16.8,1.12,0.059,0.62,0,0,0,7,7,1.3,0,0,7,0,0.267,35.2,89.45,0.95,0.28,879,0.6,225,1.3,2024.0,220.0,90.46
2024,6,26,20,0,16.1,1.12,0.056,0.62,0,0,0,0,0,1.3,0,0,0,0,0.268,36.73,102.63,0.95,0.28,879,0.6,170,0.7,2024.0,220.0,100.72
2024,6,26,21,0,15.5,1.13,0.052,0.62,0,0,0,0,0,0.0,0,0,0,0,0.268,34.71,115.81,0.95,0.28,879,0.5,123,0.8,2024.0,220.0,67.68
2024,6,26,22,0,15.6,1.13,0.049,0.62,0,0,0,0,7,-2.1,0,0,0,0,0.269,29.57,129.25,0.94,0.28,879,0.5,105,1.1,2024.0,220.0,70.44
2024,6,26,23,0,16.5,1.13,0.047,0.62,0,0,0,0,7,-4.2,0,0,0,0,0.269,23.97,142.87,0.94,0.28,879,0.5,92,1.2,2024.0,220.0,98.0
2024,6,26,24,0,17.1,1.12,0.046,0.62,0,0,0,0,7,-5.2,0,0,0,0,0.269,21.43,156.59,0.94,0.28,879,0.5,78,1.4,2024.0,220.0,94.15
2024,6,27,1,0,16.8,1.11,0.046,0.62,0,0,0,0,0,-4.8,0,0,0,0,0.269,22.48,170.36,0.94,0.28,879,0.5,52,1.5,2024.0,220.0,69.68
2024,6,27,2,0,15.8,1.09,0.047,0.62,0,0,0,0,0,-3.9,0,0,0,0,0.269,25.65,175.66,0.94,0.28,879,0.5,22,1.5,2024.0,220.0,67.44
2024,6,27,3,0,14.8,1.09,0.049,0.62,0,0,0,0,0,-3.2,0,0,0,0,0.27,28.67,161.94,0.94,0.28,878,0.5,10,1.4,2024.0,220.0,61.35
2024,6,27,4,0,14.1,1.1,0.051,0.62,0,0,0,0,8,-3.1,0,0,0,0,0.27,30.39,148.19,0.94,0.28,878,0.5,17,1.4,2024.0,220.0,59.55
2024,6,27,5,0,13.8,1.1,0.052,0.62,0,0,0,0,0,-3.2,0,0,0,0,0.27,30.59,134.52,0.94,0.28,878,0.5,33,1.3,2024.0,220.0,62.94
2024,6,27,6,0,13.6,1.11,0.052,0.62,0,0,0,0,0,-3.8,0,0,0,0,0.27,29.72,121.0,0.94,0.28,878,0.5,47,1.4,2024.0,220.0,66.71
2024,6,27,7,0,13.6,1.12,0.052,0.62,0,0,0,0,0,-4.6,0,0,0,0,0.27,27.88,107.7,0.94,0.28,878,0.5,56,1.4,2024.0,220.0,69.9
2024,6,27,8,0,14.1,1.12,0.052,0.62,0,0,0,0,0,-5.5,0,0,0,0,0.269,25.2,94.74,0.94,0.28,878,0.5,60,1.4,2024.0,220.0,82.77
2024,6,27,9,0,16.4,1.12,0.052,0.62,36,518,107,0,7,-6.2,53,5,0,54,0.269,20.76,82.19,0.94,0.28,878,0.5,59,1.7,2024.0,220.0,14.57
2024,6,27,10,0,20.0,1.13,0.052,0.62,60,775,318,0,0,-5.5,60,775,0,318,0.269,17.42,70.58,0.94,0.28,879,0.5,46,2.5,2024.0,220.0,0.0
2024,6,27,11,0,22.4,1.13,0.052,0.62,73,871,506,0,0,-4.0,73,871,0,506,0.267,16.88,60.21,0.94,0.28,879,0.6,319,2.9,2024.0,220.0,0.0
2024,6,27,12,0,24.4,1.13,0.053,0.62,82,920,650,0,0,-3.8,82,920,0,650,0.266,15.13,51.88,0.94,0.28,878,0.6,276,3.5,2024.0,220.0,0.0
2024,6,27,13,0,25.4,1.15,0.054,0.62,86,942,732,0,0,-3.3,86,942,0,732,0.266,14.84,46.72,0.94,0.28,878,0.6,271,4.1,2024.0,220.0,0.0
2024,6,27,14,0,25.6,1.16,0.057,0.62,89,943,746,0,0,-2.5,89,943,0,746,0.265,15.54,45.82,0.95,0.28,877,0.6,267,4.4,2024.0,220.0,0.0
2024,6,27,15,0,25.3,1.17,0.061,0.62,88,924,689,0,8,-1.8,252,518,0,589,0.265,16.58,49.41,0.95,0.28,877,0.6,265,4.5,2024.0,220.0,0.0
2024,6,27,16,0,24.6,1.18,0.061,0.62,81,879,564,0,8,-1.3,186,555,0,491,0.265,18.06,56.64,0.95,0.28,877,0.7,264,4.3,2024.0,220.0,0.0
2024,6,27,17,0,23.4,1.18,0.061,0.62,69,800,390,0,8,-0.7,136,508,0,340,0.266,20.25,66.33,0.95,0.28,877,0.7,261,3.9,2024.0,220.0,30.65
2024,6,27,18,0,19.9,1.17,0.063,0.62,50,619,184,0,3,0.3,121,43,0,131,0.266,26.86,77.53,0.95,0.28,877,0.7,258,2.2,2024.0,220.0,49.22
2024,6,27,19,0,16.6,1.16,0.064,0.62,0,0,0,7,7,1.9,0,0,7,0,0.266,37.08,89.39,0.95,0.28,877,0.7,248,1.2,2024.0,220.0,53.72
2024,6,27,20,0,16.1,1.15,0.063,0.62,0,0,0,0,8,2.3,0,0,0,0,0.266,39.43,102.57,0.95,0.28,878,0.7,180,0.6,2024.0,220.0,75.65
2024,6,27,21,0,15.2,1.16,0.061,0.62,0,0,0,0,7,1.3,0,0,0,0,0.266,38.8,115.75,0.95,0.28,878,0.7,107,0.9,2024.0,220.0,86.97
2024,6,27,22,0,14.8,1.16,0.059,0.62,0,0,0,0,0,-0.5,0,0,0,0,0.267,35.0,129.2,0.94,0.28,878,0.7,87,1.3,2024.0,220.0,71.63
2024,6,27,23,0,14.8,1.16,0.06,0.62,0,0,0,0,7,-1.8,0,0,0,0,0.267,31.83,142.82,0.94,0.28,878,0.7,75,1.4,2024.0,220.0,83.16
2024,6,27,24,0,14.5,1.14,0.065,0.62,0,0,0,0,7,-2.0,0,0,0,0,0.268,31.96,156.54,0.94,0.28,878,0.7,65,1.5,2024.0,220.0,71.63
2024,6,28,1,0,14.4,1.12,0.07,0.62,0,0,0,0,7,-1.8,0,0,0,0,0.268,32.83,170.31,0.95,0.28,878,0.7,51,1.5,2024.0,220.0,68.59
2024,6,28,2,0,14.1,1.11,0.071,0.62,0,0,0,0,7,-1.5,0,0,0,0,0.269,34.08,175.72,0.95,0.28,878,0.7,35,1.6,2024.0,220.0,64.12
2024,6,28,3,0,13.8,1.12,0.073,0.62,0,0,0,0,7,-1.5,0,0,0,0,0.269,34.86,161.98,0.95,0.28,878,0.7,18,1.6,2024.0,220.0,62.08
2024,6,28,4,0,13.5,1.14,0.074,0.62,0,0,0,0,7,-1.6,0,0,0,0,0.27,35.3,148.23,0.95,0.28,877,0.7,2,1.7,2024.0,220.0,59.22
2024,6,28,5,0,13.2,1.15,0.07,0.62,0,0,0,0,7,-1.9,0,0,0,0,0.27,35.02,134.56,0.95,0.28,877,0.7,11,1.8,2024.0,220.0,61.26
2024,6,28,6,0,13.0,1.16,0.065,0.62,0,0,0,0,7,-3.0,0,0,0,0,0.271,32.8,121.03,0.95,0.28,878,0.7,48,1.9,2024.0,220.0,64.65
2024,6,28,7,0,13.2,1.16,0.063,0.62,0,0,0,0,8,-4.5,0,0,0,0,0.271,28.88,107.73,0.95,0.28,878,0.7,54,2.0,2024.0,220.0,73.02
2024,6,28,8,0,13.9,1.16,0.062,0.62,0,0,0,0,8,-5.9,0,0,0,0,0.271,24.8,94.76,0.95,0.28,878,0.7,49,2.1,2024.0,220.0,64.17
2024,6,28,9,0,16.2,1.17,0.061,0.62,37,486,103,0,8,-6.9,62,14,0,64,0.27,19.9,82.2,0.95,0.28,879,0.7,40,2.4,2024.0,220.0,18.51
2024,6,28,10,0,19.6,1.18,0.059,0.62,62,750,312,0,0,-5.5,62,750,0,312,0.27,17.91,70.59,0.95,0.28,879,0.7,17,3.0,2024.0,220.0,0.0
2024,6,28,11,0,22.1,1.21,0.06,0.62,76,856,502,0,0,-4.1,76,856,0,502,0.269,17.05,60.21,0.95,0.28,879,0.7,296,2.3,2024.0,220.0,10.53
2024,6,28,12,0,23.9,1.23,0.062,0.62,86,905,645,0,0,-4.0,86,905,0,645,0.268,15.36,51.86,0.95,0.28,879,0.7,278,2.7,2024.0,220.0,25.08
2024,6,28,13,0,25.1,1.25,0.065,0.62,92,926,727,0,0,-4.3,92,926,0,727,0.265,13.96,46.68,0.95,0.28,879,0.7,278,3.2,2024.0,220.0,0.0
2024,6,28,14,0,25.5,1.26,0.068,0.62,94,927,741,0,0,-3.9,94,927,0,741,0.264,14.11,45.77,0.96,0.28,879,0.7,281,3.5,2024.0,220.0,0.0
2024,6,28,15,0,25.2,1.25,0.077,0.62,95,898,680,0,0,-3.1,95,898,0,680,0.262,15.24,49.35,0.96,0.28,878,0.8,282,3.5,2024.0,220.0,0.0
2024,6,28,16,0,24.2,1.25,0.078,0.62,88,856,560,0,0,-2.2,88,856,0,560,0.261,17.24,56.57,0.96,0.28,878,0.8,281,3.4,2024.0,220.0,0.0
2024,6,28,17,0,22.8,1.25,0.078,0.62,75,773,386,0,0,-1.4,75,773,0,386,0.26,19.89,66.26,0.96,0.28,878,0.8,276,3.2,2024.0,220.0,9.03
2024,6,28,18,0,20.0,1.25,0.078,0.62,53,586,181,0,0,-0.5,53,586,0,181,0.26,25.17,77.46,0.96,0.28,879,0.9,267,1.8,2024.0,220.0,35.36
2024,6,28,19,0,17.6,1.24,0.077,0.62,0,0,0,0,0,0.5,0,0,0,0,0.26,31.58,89.34,0.96,0.28,879,0.9,250,1.3,2024.0,220.0,69.48
2024,6,28,20,0,17.1,1.23,0.078,0.62,0,0,0,0,0,0.6,0,0,0,0,0.26,32.84,102.51,0.96,0.28,879,0.9,158,0.8,2024.0,220.0,67.99
2024,6,28,21,0,16.5,1.23,0.078,0.62,0,0,0,0,0,-0.2,0,0,0,0,0.26,32.17,115.69,0.96,0.28,879,1.0,112,1.5,2024.0,220.0,70.1
2024,6,28,22,0,16.6,1.23,0.079,0.62,0,0,0,0,0,-1.3,0,0,0,0,0.259,29.38,129.14,0.96,0.28,879,1.0,98,1.9,2024.0,220.0,70.1
2024,6,28,23,0,17.0,1.24,0.08,0.62,0,0,0,0,0,-2.1,0,0,0,0,0.259,27.16,142.76,0.96,0.28,880,1.0,92,2.0,2024.0,220.0,69.66
2024,6,28,24,0,16.9,1.25,0.08,0.62,0,0,0,0,0,-1.9,0,0,0,0,0.26,27.69,156.49,0.96,0.28,880,1.0,80,2.1,2024.0,220.0,65.41
2024,6,29,1,0,16.4,1.25,0.082,0.62,0,0,0,0,0,-1.1,0,0,0,0,0.262,30.35,170.27,0.96,0.28,880,1.0,33,1.9,2024.0,220.0,63.73
2024,6,29,2,0,15.5,1.25,0.084,0.62,0,0,0,0,0,-0.3,0,0,0,0,0.263,33.95,175.78,0.96,0.28,880,1.0,350,1.6,2024.0,220.0,64.5
2024,6,29,3,0,15.0,1.25,0.084,0.62,0,0,0,0,0,-0.1,0,0,0,0,0.264,35.73,162.03,0.96,0.28,879,1.0,347,1.3,2024.0,220.0,64.5
2024,6,29,4,0,15.0,1.26,0.082,0.62,0,0,0,0,0,-0.4,0,0,0,0,0.265,34.95,148.27,0.96,0.28,879,1.0,22,1.1,2024.0,220.0,64.48
2024,6,29,5,0,15.1,1.26,0.081,0.62,0,0,0,0,0,-1.1,0,0,0,0,0.266,32.84,134.6,0.96,0.28,878,1.0,102,1.1,2024.0,220.0,64.11
2024,6,29,6,0,15.1,1.27,0.081,0.62,0,0,0,0,0,-2.2,0,0,0,0,0.266,30.43,121.07,0.96,0.28,878,1.0,109,1.2,2024.0,220.0,63.57
2024,6,29,7,0,15.1,1.27,0.081,0.62,0,0,0,0,0,-3.1,0,0,0,0,0.266,28.4,107.76,0.96,0.28,879,1.0,109,1.5,2024.0,220.0,64.2
2024,6,29,8,0,15.3,1.27,0.08,0.62,0,0,0,0,0,-3.9,0,0,0,0,0.265,26.46,94.78,0.95,0.28,879,1.0,114,1.7,2024.0,220.0,62.7
2024,6,29,9,0,17.4,1.28,0.078,0.62,40,446,100,0,0,-4.6,40,446,0,100,0.264,21.86,82.22,0.95,0.28,880,0.9,120,1.5,2024.0,220.0,3.61
2024,6,29,10,0,20.5,1.29,0.076,0.62,67,716,305,0,0,-4.0,67,716,0,305,0.264,18.86,70.6,0.95,0.28,880,0.9,191,2.1,2024.0,220.0,0.0
2024,6,29,11,0,23.3,1.29,0.074,0.62,82,830,494,0,0,-3.9,82,830,0,494,0.264,16.03,60.2,0.95,0.28,880,0.9,238,1.1,2024.0,220.0,0.0
2024,6,29,12,0,25.0,1.32,0.061,0.62,85,897,639,0,0,-4.1,85,897,0,639,0.264,14.3,51.84,0.95,0.28,880,0.9,248,1.4,2024.0,220.0,0.0
2024,6,29,13,0,25.8,1.32,0.06,0.62,89,927,725,0,0,-4.0,89,927,0,725,0.264,13.68,46.64,0.95,0.28,880,0.8,247,2.1,2024.0,220.0,0.0
2024,6,29,14,0,26.1,1.31,0.058,0.62,88,932,739,0,0,-4.3,88,932,0,739,0.264,13.19,45.7,0.94,0.28,879,0.8,244,2.7,2024.0,220.0,0.0
2024,6,29,15,0,26.1,1.25,0.06,0.62,86,915,683,0,0,-4.7,86,915,0,683,0.265,12.77,49.28,0.94,0.28,879,0.8,240,3.3,2024.0,220.0,0.0
2024,6,29,16,0,25.6,1.22,0.056,0.62,78,881,564,0,0,-5.0,78,881,0,564,0.266,12.83,56.5,0.93,0.28,879,0.8,237,3.6,2024.0,220.0,0.0
2024,6,29,17,0,24.3,1.2,0.053,0.62,66,807,391,0,0,-5.1,66,807,0,391,0.267,13.86,66.19,0.93,0.28,879,0.8,234,3.4,2024.0,220.0,0.0
2024,6,29,18,0,20.7,1.18,0.05,0.62,47,646,188,0,0,-4.3,47,646,0,188,0.269,18.32,77.39,0.92,0.28,879,0.7,236,2.2,2024.0,220.0,56.93
2024,6,29,19,0,16.5,1.16,0.048,0.62,0,0,0,0,0,-2.0,0,0,0,0,0.27,28.16,89.28,0.92,0.28,879,0.7,231,1.4,2024.0,220.0,73.03
2024,6,29,20,0,15.8,1.15,0.046,0.62,0,0,0,0,0,-1.1,0,0,0,0,0.27,31.47,102.44,0.92,0.28,880,0.7,190,0.9,2024.0,220.0,73.03
2024,6,29,21,0,15.3,1.14,0.044,0.62,0,0,0,0,0,-2.1,0,0,0,0,0.269,30.14,115.63,0.92,0.28,880,0.7,119,1.5,2024.0,220.0,68.66
2024,6,29,22,0,14.9,1.14,0.041,0.62,0,0,0,0,0,-4.1,0,0,0,0,0.268,26.7,129.09,0.91,0.28,880,0.6,92,1.8,2024.0,220.0,59.17
2024,6,29,23,0,15.1,1.14,0.04,0.62,0,0,0,0,0,-5.8,0,0,0,0,0.268,23.24,142.71,0.91,0.28,881,0.6,82,1.7,2024.0,220.0,66.51
2024,6,29,24,0,15.3,1.15,0.039,0.62,0,0,0,0,0,-6.5,0,0,0,0,0.268,21.76,156.44,0.91,0.28,880,0.6,77,1.5,2024.0,220.0,59.92
2024,6,30,1,0,15.6,1.15,0.039,0.62,0,0,0,0,0,-6.2,0,0,0,0,0.268,21.7,170.23,0.91,0.28,880,0.6,72,1.3,2024.0,220.0,64.11
2024,6,30,2,0,15.6,1.15,0.039,0.62,0,0,0,0,0,-5.7,0,0,0,0,0.267,22.68,175.83,0.91,0.28,880,0.6,64,1.3,2024.0,220.0,61.15
2024,6,30,3,0,15.5,1.16,0.04,0.62,0,0,0,0,0,-5.3,0,0,0,0,0.267,23.48,162.07,0.92,0.28,880,0.6,59,1.4,2024.0,220.0,60.26
2024,6,30,4,0,15.2,1.16,0.041,0.62,0,0,0,0,0,-5.5,0,0,0,0,0.266,23.5,148.31,0.92,0.28,880,0.6,79,1.5,2024.0,220.0,57.59
2024,6,30,5,0,14.9,1.17,0.04,0.62,0,0,0,0,0,-6.7,0,0,0,0,0.266,21.94,134.63,0.92,0.28,880,0.6,98,1.7,2024.0,220.0,56.51
2024,6,30,6,0,14.3,1.18,0.039,0.62,0,0,0,0,0,-8.6,0,0,0,0,0.266,19.64,121.1,0.92,0.28,880,0.6,101,1.8,2024.0,220.0,64.67
2024,6,30,7,0,13.7,1.19,0.037,0.62,0,0,0,0,0,-10.7,0,0,0,0,0.266,17.33,107.78,0.92,0.28,880,0.5,97,1.9,2024.0,220.0,64.4
2024,6,30,8,0,13.7,1.19,0.035,0.62,0,0,0,0,0,-12.2,0,0,0,0,0.265,15.38,94.8,0.92,0.28,880,0.5,95,1.9,2024.0,220.0,54.19
2024,6,30,9,0,17.4,1.19,0.034,0.62,33,572,110,0,1,-12.5,33,572,0,110,0.265,11.85,82.23,0.92,0.28,880,0.4,95,1.6,2024.0,220.0,8.58
2024,6,30,10,0,22.6,1.19,0.033,0.62,53,816,324,0,0,-12.5,53,816,0,324,0.266,8.61,70.6,0.91,0.28,881,0.4,103,2.1,2024.0,220.0,0.0
2024,6,30,11,0,25.3,1.21,0.032,0.62,64,924,523,0,0,-11.5,64,924,0,523,0.266,7.92,60.19,0.91,0.28,880,0.3,170,1.8,2024.0,220.0,0.0
2024,6,30,12,0,26.9,1.21,0.033,0.62,71,969,670,0,0,-10.7,71,969,0,670,0.265,7.69,51.81,0.91,0.28,880,0.3,208,2.5,2024.0,220.0,0.0
2024,6,30,13,0,27.7,1.22,0.034,0.62,75,989,755,0,0,-10.3,75,989,0,755,0.262,7.57,46.59,0.91,0.28,879,0.3,224,2.9,2024.0,220.0,0.0
2024,6,30,14,0,28.0,1.22,0.034,0.62,76,992,770,0,0,-10.0,76,992,0,770,0.26,7.59,45.64,0.91,0.28,879,0.3,234,3.1,2024.0,220.0,0.0
2024,6,30,15,0,27.7,1.19,0.036,0.62,75,977,713,0,0,-9.3,75,977,0,713,0.257,8.15,49.2,0.91,0.28,878,0.3,239,3.2,2024.0,220.0,0.0
2024,6,30,16,0,26.8,1.17,0.036,0.62,69,943,591,0,0,-8.6,69,943,0,591,0.255,9.09,56.42,0.91,0.28,878,0.3,242,3.2,2024.0,220.0,0.0
2024,6,30,17,0,25.3,1.15,0.036,0.62,60,872,413,0,0,-7.8,60,872,0,413,0.253,10.57,66.11,0.91,0.28,878,0.3,242,2.9,2024.0,220.0,0.0
2024,6,30,18,0,21.0,1.14,0.036,0.62,44,713,201,0,0,-6.4,44,713,0,201,0.252,15.31,77.32,0.92,0.28,878,0.3,239,1.6,2024.0,220.0,39.52
2024,6,30,19,0,16.7,1.13,0.035,0.62,0,0,0,0,0,-4.8,0,0,0,0,0.253,22.58,89.22,0.92,0.28,878,0.3,221,1.0,2024.0,220.0,59.74
2024,6,30,20,0,16.0,1.14,0.033,0.62,0,0,0,0,0,-5.1,0,0,0,0,0.253,23.15,102.38,0.91,0.28,879,0.3,170,0.5,2024.0,220.0,61.2
2024,6,30,21,0,15.3,1.14,0.033,0.62,0,0,0,0,0,-7.1,0,0,0,0,0.253,20.7,115.57,0.91,0.28,879,0.3,119,1.4,2024.0,220.0,68.92
2024,6,30,22,0,14.9,1.15,0.031,0.62,0,0,0,0,0,-9.5,0,0,0,0,0.253,17.58,129.03,0.91,0.28,879,0.3,97,1.6,2024.0,220.0,67.94
2024,6,30,23,0,15.0,1.15,0.03,0.62,0,0,0,0,0,-11.9,0,0,0,0,0.254,14.46,142.66,0.91,0.28,879,0.3,85,1.5,2024.0,220.0,66.4
2024,6,30,24,0,15.3,1.15,0.03,0.62,0,0,0,0,0,-13.8,0,0,0,0,0.254,12.16,156.4,0.91,0.28,879,0.3,77,1.4,2024.0,220.0,57.69
2024,7,1,1,0,15.6,1.16,0.029,0.62,0,0,0,0,0,-15.4,0,0,0,0,0.254,10.45,170.19,0.91,0.28,879,0.3,69,1.2,2024.0,220.0,51.57
2024,7,1,2,0,15.7,1.16,0.029,0.62,0,0,0,0,0,-15.8,0,0,0,0,0.254,10.06,175.89,0.91,0.28,879,0.3,60,1.1,2024.0,220.0,43.47
2024,7,1,3,0,15.4,1.17,0.029,0.62,0,0,0,0,0,-15.4,0,0,0,0,0.254,10.64,162.12,0.91,0.28,878,0.3,52,1.1,2024.0,220.0,29.35
2024,7,1,4,0,14.9,1.18,0.029,0.62,0,0,0,0,3,-15.2,0,0,0,0,0.254,11.12,148.35,0.9,0.28,878,0.3,47,1.1,2024.0,220.0,34.08
2024,7,1,5,0,14.4,1.19,0.029,0.62,0,0,0,0,1,-15.3,0,0,0,0,0.254,11.46,134.66,0.9,0.28,878,0.3,48,1.2,2024.0,220.0,37.68
2024,7,1,6,0,14.2,1.2,0.029,0.62,0,0,0,0,0,-15.2,0,0,0,0,0.255,11.64,121.13,0.9,0.28,878,0.3,56,1.4,2024.0,220.0,47.12
2024,7,1,7,0,14.0,1.21,0.029,0.62,0,0,0,0,1,-15.8,0,0,0,0,0.255,11.27,107.81,0.9,0.28,878,0.3,64,1.5,2024.0,220.0,66.52
2024,7,1,8,0,14.3,1.22,0.028,0.62,0,0,0,0,1,-16.6,0,0,0,0,0.255,10.27,94.82,0.9,0.28,879,0.3,68,1.6,2024.0,220.0,50.26
2024,7,1,9,0,17.6,1.24,0.028,0.62,32,618,115,0,0,-17.0,32,618,0,115,0.256,8.05,82.23,0.9,0.28,879,0.2,67,1.3,2024.0,220.0,11.65
2024,7,1,10,0,22.3,1.26,0.029,0.62,52,851,335,0,0,-16.1,52,851,0,335,0.257,6.5,70.59,0.91,0.28,879,0.2,61,2.0,2024.0,220.0,0.0
2024,7,1,11,0,24.8,1.28,0.029,0.62,63,944,532,0,0,-13.3,63,944,0,532,0.258,7.08,60.17,0.91,0.28,880,0.2,238,1.9,2024.0,220.0,0.0
2024,7,1,12,0,26.5,1.27,0.033,0.62,71,984,680,0,0,-12.1,71,984,0,680,0.259,7.02,51.77,0.91,0.28,879,0.2,248,3.1,2024.0,220.0,0.0
2024,7,1,13,0,27.7,1.28,0.034,0.62,76,1003,766,0,0,-12.1,76,1003,0,766,0.26,6.54,46.53,0.91,0.28,879,0.2,253,4.1,2024.0,220.0,0.0
2024,7,1,14,0,28.1,1.28,0.035,0.62,77,992,771,0,0,-11.5,77,992,0,771,0.26,6.69,45.56,0.92,0.28,878,0.3,253,4.6,2024.0,220.0,0.0
2024,7,1,15,0,27.9,1.28,0.036,0.62,75,978,715,0,0,-10.6,75,978,0,715,0.261,7.28,49.12,0.92,0.28,878,0.3,250,4.4,2024.0,220.0,0.0
2024,7,1,16,0,27.2,1.26,0.037,0.62,70,943,592,0,0,-9.8,70,943,0,592,0.261,8.08,56.34,0.92,0.28,877,0.3,246,3.9,2024.0,220.0,0.0
2024,7,1,17,0,25.9,1.23,0.036,0.62,60,873,415,0,0,-9.0,60,873,0,415,0.262,9.28,66.03,0.92,0.28,877,0.3,242,3.1,2024.0,220.0,0.0
2024,7,1,18,0,21.4,1.2,0.038,0.62,45,711,201,0,0,-7.1,45,711,0,201,0.262,14.13,77.25,0.92,0.28,878,0.3,240,1.6,2024.0,220.0,33.99
2024,7,1,19,0,17.5,1.18,0.037,0.62,0,0,0,0,0,-5.0,0,0,0,0,0.262,21.1,89.15,0.92,0.28,878,0.3,222,1.0,2024.0,220.0,70.46
2024,7,1,20,0,16.7,1.17,0.035,0.62,0,0,0,0,0,-4.9,0,0,0,0,0.263,22.43,102.31,0.92,0.28,878,0.3,162,0.9,2024.0,220.0,67.3
2024,7,1,21,0,15.5,1.16,0.033,0.62,0,0,0,0,0,-6.9,0,0,0,0,0.263,20.77,115.51,0.91,0.28,878,0.3,113,1.5,2024.0,220.0,63.25
2024,7,1,22,0,15.3,1.17,0.032,0.62,0,0,0,0,0,-9.7,0,0,0,0,0.264,16.88,128.97,0.91,0.28,878,0.2,96,1.8,2024.0,220.0,68.04
2024,7,1,23,0,15.8,1.17,0.031,0.62,0,0,0,0,0,-12.2,0,0,0,0,0.264,13.46,142.61,0.91,0.28,878,0.2,87,1.9,2024.0,220.0,65.3
2024,7,1,24,0,16.0,1.16,0.03,0.62,0,0,0,0,0,-13.0,0,0,0,0,0.264,12.47,156.35,0.91,0.28,878,0.2,79,1.7,2024.0,220.0,62.15
2024,7,2,1,0,16.0,1.16,0.03,0.62,0,0,0,0,0,-12.5,0,0,0,0,0.264,12.93,170.15,0.91,0.28,878,0.2,69,1.6,2024.0,220.0,39.37
2024,7,2,2,0,15.9,1.15,0.03,0.62,0,0,0,0,0,-11.3,0,0,0,0,0.264,14.4,175.94,0.91,0.28,878,0.2,54,1.4,2024.0,220.0,48.64
2024,7,2,3,0,15.6,1.15,0.031,0.62,0,0,0,0,0,-10.4,0,0,0,0,0.264,15.76,162.16,0.91,0.28,878,0.2,39,1.0,2024.0,220.0,33.45
2024,7,2,4,0,15.1,1.16,0.031,0.62,0,0,0,0,1,-10.2,0,0,0,0,0.263,16.44,148.38,0.91,0.28,877,0.2,32,0.9,2024.0,220.0,33.45
2024,7,2,5,0,14.7,1.18,0.031,0.62,0,0,0,0,0,-10.8,0,0,0,0,0.263,16.08,134.7,0.91,0.28,877,0.2,36,1.2,2024.0,220.0,36.75
2024,7,2,6,0,14.3,1.19,0.03,0.62,0,0,0,0,1,-12.0,0,0,0,0,0.262,14.99,121.15,0.91,0.28,877,0.2,47,1.6,2024.0,220.0,43.25
2024,7,2,7,0,13.8,1.21,0.03,0.62,0,0,0,0,1,-13.7,0,0,0,0,0.262,13.5,107.82,0.91,0.28,878,0.2,57,1.9,2024.0,220.0,68.81
2024,7,2,8,0,13.8,1.23,0.029,0.62,0,0,0,0,0,-15.6,0,0,0,0,0.262,11.57,94.83,0.91,0.28,878,0.2,60,2.0,2024.0,220.0,60.87
2024,7,2,9,0,16.9,1.24,0.029,0.62,32,615,115,0,1,-16.9,32,615,0,115,0.261,8.54,82.24,0.91,0.28,878,0.2,59,2.0,2024.0,220.0,10.44
2024,7,2,10,0,22.0,1.26,0.029,0.62,52,851,335,0,0,-17.3,52,851,0,335,0.262,6.0,70.58,0.91,0.28,879,0.2,49,3.1,2024.0,220.0,0.0
2024,7,2,11,0,25.0,1.28,0.03,0.62,63,942,532,0,0,-16.0,63,942,0,532,0.262,5.57,60.14,0.91,0.28,879,0.2,338,2.1,2024.0,220.0,0.0
2024,7,2,12,0,27.5,1.29,0.031,0.62,71,986,681,0,0,-16.7,71,986,0,681,0.262,4.52,51.73,0.92,0.28,879,0.2,269,1.3,2024.0,220.0,0.0
2024,7,2,13,0,28.6,1.3,0.032,0.62,75,1006,767,0,0,-15.7,75,1006,0,767,0.261,4.62,46.47,0.92,0.28,878,0.2,262,2.7,2024.0,220.0,0.0
2024,7,2,14,0,29.0,1.31,0.032,0.62,75,1009,783,0,0,-14.6,75,1009,0,783,0.261,4.96,45.48,0.92,0.28,878,0.2,260,3.6,2024.0,220.0,0.0
2024,7,2,15,0,28.8,1.3,0.034,0.62,74,994,726,0,0,-13.8,74,994,0,726,0.261,5.35,49.03,0.92,0.28,877,0.2,258,4.1,2024.0,220.0,0.0
2024,7,2,16,0,28.2,1.3,0.034,0.62,69,961,603,1,0,-13.4,69,961,1,603,0.261,5.74,56.25,0.92,0.28,876,0.2,255,4.2,2024.0,220.0,0.0
2024,7,2,17,0,26.9,1.3,0.034,0.62,59,892,423,0,0,-12.9,59,892,0,423,0.261,6.45,65.95,0.92,0.28,876,0.2,252,3.9,2024.0,220.0,0.0
2024,7,2,18,0,22.0,1.3,0.034,0.62,44,738,208,0,0,-9.9,44,738,0,208,0.26,10.91,77.17,0.92,0.28,876,0.2,253,2.1,2024.0,220.0,20.23
2024,7,2,19,0,19.1,1.3,0.033,0.62,0,0,0,0,0,-7.9,0,0,0,0,0.26,15.35,89.09,0.92,0.28,877,0.2,229,1.3,2024.0,220.0,42.39
2024,7,2,20,0,18.1,1.29,0.033,0.62,0,0,0,0,0,-8.4,0,0,0,0,0.259,15.64,102.25,0.92,0.28,877,0.2,134,1.3,2024.0,220.0,62.9
2024,7,2,21,0,16.5,1.29,0.033,0.62,0,0,0,0,0,-10.6,0,0,0,0,0.258,14.63,115.45,0.92,0.28,877,0.2,104,1.8,2024.0,220.0,63.0
2024,7,2,22,0,16.1,1.29,0.032,0.62,0,0,0,0,0,-13.2,0,0,0,0,0.258,12.21,128.92,0.91,0.28,878,0.2,94,2.0,2024.0,220.0,57.29
2024,7,2,23,0,16.4,1.28,0.032,0.62,0,0,0,0,0,-15.0,0,0,0,0,0.257,10.26,142.55,0.91,0.28,878,0.2,87,2.0,2024.0,220.0,56.51
2024,7,2,24,0,16.5,1.28,0.033,0.62,0,0,0,0,0,-14.4,0,0,0,0,0.256,10.79,156.3,0.91,0.28,877,0.2,82,1.8,2024.0,220.0,40.26
2024,7,3,1,0,16.7,1.28,0.034,0.62,0,0,0,0,0,-12.3,0,0,0,0,0.255,12.62,170.11,0.91,0.28,877,0.2,75,1.7,2024.0,220.0,47.66
2024,7,3,2,0,16.7,1.29,0.035,0.62,0,0,0,0,0,-11.0,0,0,0,0,0.255,13.99,176.0,0.91,0.28,877,0.2,65,1.6,2024.0,220.0,28.03
2024,7,3,3,0,16.6,1.29,0.035,0.62,0,0,0,1,0,-10.8,0,0,1,0,0.254,14.3,162.2,0.91,0.28,877,0.2,59,1.3,2024.0,220.0,29.9
2024,7,3,4,0,16.4,1.3,0.034,0.62,0,0,0,0,0,-11.5,0,0,0,0,0.253,13.67,148.42,0.91,0.28,876,0.2,70,1.1,2024.0,220.0,30.4
2024,7,3,5,0,16.1,1.3,0.033,0.62,0,0,0,0,0,-12.7,0,0,0,0,0.253,12.71,134.72,0.91,0.28,876,0.2,86,1.2,2024.0,220.0,30.5
2024,7,3,6,0,15.9,1.3,0.033,0.62,0,0,0,0,0,-13.3,0,0,0,0,0.253,12.22,121.17,0.91,0.28,876,0.2,87,1.3,2024.0,220.0,35.21
2024,7,3,7,0,15.7,1.3,0.034,0.62,0,0,0,0,0,-12.8,0,0,0,0,0.253,12.89,107.84,0.91,0.28,876,0.2,80,1.4,2024.0,220.0,52.97
2024,7,3,8,0,15.4,1.3,0.036,0.62,0,0,0,0,0,-12.0,0,0,0,0,0.253,14.06,94.84,0.91,0.28,877,0.2,52,1.5,2024.0,220.0,54.98
2024,7,3,9,0,17.1,1.31,0.037,0.62,34,596,114,1,8,-11.5,63,12,1,64,0.253,13.08,82.23,0.91,0.28,877,0.2,4,1.3,2024.0,220.0,8.77
2024,7,3,10,0,20.1,1.33,0.038,0.62,55,837,333,0,0,-11.1,55,837,0,333,0.254,11.15,70.57,0.91,0.28,878,0.2,336,1.9,2024.0,220.0,0.0
2024,7,3,11,0,23.1,1.35,0.038,0.62,67,933,532,0,0,-11.7,67,933,0,532,0.254,8.86,60.11,0.91,0.28,878,0.2,307,1.2,2024.0,220.0,0.0
2024,7,3,12,0,25.2,1.36,0.039,0.62,75,978,681,0,0,-11.6,75,978,0,681,0.254,7.91,51.68,0.92,0.28,878,0.2,287,2.4,2024.0,220.0,0.0
2024,7,3,13,0,26.2,1.37,0.041,0.62,80,997,767,0,0,-10.3,80,997,0,767,0.253,8.24,46.4,0.92,0.28,878,0.2,275,2.9,2024.0,220.0,0.0
2024,7,3,14,0,26.4,1.38,0.044,0.62,82,984,773,0,0,-8.9,82,984,0,773,0.253,9.11,45.39,0.93,0.28,877,0.3,271,3.3,2024.0,220.0,0.0
2024,7,3,15,0,26.0,1.39,0.046,0.62,80,969,717,0,0,-7.5,80,969,0,717,0.254,10.35,48.93,0.93,0.28,877,0.3,272,3.6,2024.0,220.0,0.0
2024,7,3,16,0,24.9,1.39,0.048,0.62,75,932,594,0,0,-6.4,75,932,0,594,0.255,12.07,56.16,0.94,0.28,876,0.3,274,3.7,2024.0,220.0,0.0
2024,7,3,17,0,23.3,1.39,0.05,0.62,66,856,416,0,0,-5.5,66,856,0,416,0.256,14.19,65.86,0.94,0.28,876,0.3,276,3.3,2024.0,220.0,7.49
2024,7,3,18,0,19.5,1.39,0.049,0.62,48,696,203,0,0,-4.3,48,696,0,203,0.257,19.67,77.09,0.94,0.28,877,0.3,278,1.6,2024.0,220.0,56.74
2024,7,3,19,0,15.6,1.39,0.049,0.62,0,0,0,0,0,-2.1,0,0,0,0,0.258,29.7,89.02,0.94,0.28,877,0.3,284,0.8,2024.0,220.0,72.46
2024,7,3,20,0,15.2,1.39,0.049,0.62,0,0,0,0,0,-1.2,0,0,0,0,0.259,32.43,102.18,0.94,0.28,877,0.3,17,0.6,2024.0,220.0,70.64
2024,7,3,21,0,14.3,1.39,0.05,0.62,0,0,0,0,0,-2.1,0,0,0,0,0.26,32.19,115.39,0.94,0.28,878,0.3,88,1.3,2024.0,220.0,71.58
2024,7,3,22,0,14.1,1.39,0.049,0.62,0,0,0,0,0,-4.1,0,0,0,0,0.261,28.2,128.86,0.94,0.28,878,0.3,90,1.5,2024.0,220.0,72.46
2024,7,3,23,0,14.7,1.39,0.048,0.62,0,0,0,0,0,-6.2,0,0,0,0,0.262,23.11,142.5,0.94,0.28,878,0.3,94,1.5,2024.0,220.0,75.05
2024,7,3,24,0,15.0,1.39,0.048,0.62,0,0,0,0,0,-7.5,0,0,0,0,0.262,20.53,156.25,0.94,0.28,878,0.3,97,1.4,2024.0,220.0,96.23
2024,7,4,1,0,14.8,1.38,0.048,0.62,0,0,0,0,0,-7.6,0,0,0,0,0.262,20.56,170.07,0.94,0.28,878,0.3,99,1.2,2024.0,220.0,70.11
2024,7,4,2,0,14.4,1.38,0.048,0.62,0,0,0,0,0,-7.6,0,0,0,0,0.261,21.09,176.05,0.93,0.28,878,0.3,98,1.1,2024.0,220.0,65.98
2024,7,4,3,0,14.1,1.37,0.047,0.62,0,0,0,0,0,-8.3,0,0,0,0,0.26,20.44,162.24,0.93,0.28,878,0.3,96,1.1,2024.0,220.0,59.35
2024,7,4,4,0,13.8,1.36,0.046,0.62,0,0,0,0,0,-9.5,0,0,0,0,0.259,18.87,148.45,0.93,0.28,877,0.3,91,1.2,2024.0,220.0,59.35
2024,7,4,5,0,13.7,1.36,0.044,0.62,0,0,0,0,0,-11.0,0,0,0,0,0.258,16.9,134.75,0.93,0.28,877,0.3,83,1.4,2024.0,220.0,59.35
2024,7,4,6,0,13.7,1.35,0.042,0.62,0,0,0,0,0,-12.4,0,0,0,0,0.257,15.17,121.19,0.93,0.28,877,0.3,74,1.5,2024.0,220.0,61.66
2024,7,4,7,0,13.7,1.35,0.04,0.62,0,0,0,0,1,-13.6,0,0,0,0,0.256,13.74,107.85,0.92,0.28,877,0.2,65,1.5,2024.0,220.0,65.78
2024,7,4,8,0,13.9,1.34,0.039,0.62,0,0,0,0,1,-14.8,0,0,0,0,0.255,12.31,94.84,0.92,0.28,877,0.2,56,1.6,2024.0,220.0,93.96
2024,7,4,9,0,16.5,1.34,0.037,0.62,34,597,114,0,0,-15.4,34,597,0,114,0.255,9.87,82.23,0.92,0.28,877,0.2,47,1.6,2024.0,220.0,11.4
2024,7,4,10,0,20.6,1.35,0.037,0.62,55,839,334,0,0,-15.3,55,839,0,334,0.256,7.69,70.55,0.92,0.28,878,0.2,21,2.4,2024.0,220.0,0.0
2024,7,4,11,0,23.6,1.36,0.039,0.62,67,918,525,0,0,-12.0,67,918,0,525,0.256,8.4,60.07,0.92,0.28,878,0.3,301,1.8,2024.0,220.0,0.0
2024,7,4,12,0,24.9,1.37,0.044,0.62,77,959,673,0,0,-10.1,77,959,0,673,0.256,9.02,51.62,0.93,0.28,877,0.3,278,2.4,2024.0,220.0,0.0
2024,7,4,13,0,25.0,1.36,0.051,0.62,85,964,750,0,0,-8.2,85,964,0,750,0.255,10.41,46.32,0.94,0.28,877,0.4,275,3.3,2024.0,220.0,0.0
2024,7,4,14,0,24.6,1.36,0.056,0.62,88,954,759,0,0,-6.6,88,954,0,759,0.254,12.13,45.3,0.95,0.28,877,0.5,272,3.9,2024.0,220.0,0.0
2024,7,4,15,0,24.1,1.36,0.058,0.62,86,938,704,0,0,-5.4,86,938,0,704,0.254,13.61,48.83,0.95,0.28,877,0.5,267,4.3,2024.0,220.0,0.0
2024,7,4,16,0,23.3,1.36,0.061,0.62,81,898,583,0,0,-5.0,81,898,0,583,0.253,14.83,56.06,0.95,0.28,877,0.5,258,4.3,2024.0,220.0,0.0
2024,7,4,17,0,22.2,1.35,0.062,0.62,70,820,407,0,0,-4.7,70,820,0,407,0.254,16.16,65.77,0.95,0.28,877,0.5,247,3.9,2024.0,220.0,0.0
2024,7,4,18,0,19.4,1.36,0.061,0.62,51,653,198,7,3,-4.2,93,2,7,93,0.254,19.92,77.01,0.95,0.28,877,0.5,236,2.3,2024.0,220.0,53.29
2024,7,4,19,0,16.2,1.36,0.059,0.62,12,150,14,0,0,-3.5,12,150,0,14,0.255,25.68,88.95,0.95,0.28,877,0.4,211,1.3,2024.0,220.0,68.35
2024,7,4,20,0,15.2,1.36,0.059,0.62,0,0,0,0,0,-3.0,0,0,0,0,0.255,28.41,102.11,0.95,0.28,877,0.4,158,1.1,2024.0,220.0,68.35
2024,7,4,21,0,14.2,1.36,0.058,0.62,0,0,0,0,0,-3.7,0,0,0,0,0.255,28.89,115.33,0.95,0.28,878,0.4,114,1.4,2024.0,220.0,79.91
2024,7,4,22,0,13.9,1.36,0.056,0.62,0,0,0,0,0,-5.5,0,0,0,0,0.255,25.56,128.8,0.95,0.28,878,0.4,99,1.6,2024.0,220.0,96.6
2024,7,4,23,0,14.4,1.36,0.053,0.62,0,0,0,0,0,-7.9,0,0,0,0,0.255,20.68,142.45,0.94,0.28,878,0.4,94,1.6,2024.0,220.0,81.23
2024,7,4,24,0,14.5,1.36,0.051,0.62,0,0,0,0,0,-9.6,0,0,0,0,0.255,17.89,156.21,0.94,0.28,878,0.3,86,1.4,2024.0,220.0,64.61
2024,7,5,1,0,14.3,1.36,0.05,0.62,0,0,0,0,0,-10.1,0,0,0,0,0.255,17.54,170.03,0.94,0.28,878,0.3,71,1.3,2024.0,220.0,61.48
2024,7,5,2,0,14.1,1.36,0.052,0.62,0,0,0,0,0,-9.4,0,0,0,0,0.255,18.75,176.1,0.94,0.28,878,0.3,56,1.2,2024.0,220.0,59.33
2024,7,5,3,0,14.2,1.36,0.054,0.62,0,0,0,0,0,-8.6,0,0,0,0,0.255,19.86,162.27,0.94,0.28,878,0.4,39,1.2,2024.0,220.0,56.07
2024,7,5,4,0,13.9,1.35,0.055,0.62,0,0,0,0,0,-8.1,0,0,0,0,0.255,21.05,148.48,0.94,0.28,878,0.4,23,1.3,2024.0,220.0,55.27
2024,7,5,5,0,13.6,1.36,0.056,0.62,0,0,0,0,0,-8.2,0,0,0,0,0.255,21.17,134.77,0.94,0.28,878,0.4,31,1.4,2024.0,220.0,57.56
2024,7,5,6,0,13.1,1.37,0.055,0.62,0,0,0,0,0,-9.2,0,0,0,0,0.255,20.3,121.21,0.94,0.28,878,0.4,49,1.6,2024.0,220.0,71.66
2024,7,5,7,0,12.8,1.37,0.055,0.62,0,0,0,0,0,-10.8,0,0,0,0,0.254,18.19,107.86,0.94,0.28,878,0.4,56,1.7,2024.0,220.0,75.11
2024,7,5,8,0,13.0,1.38,0.054,0.62,0,0,0,0,4,-12.7,0,0,0,0,0.254,15.51,94.84,0.94,0.28,878,0.4,51,1.7,2024.0,220.0,59.5
2024,7,5,9,0,15.6,1.38,0.054,0.62,36,521,107,0,0,-13.8,36,521,0,107,0.254,11.98,82.22,0.95,0.28,879,0.5,38,1.8,2024.0,220.0,14.21
2024,7,5,10,0,19.3,1.39,0.054,0.62,61,777,320,0,0,-11.3,61,777,0,320,0.254,11.54,70.52,0.95,0.28,879,0.5,354,2.2,2024.0,220.0,0.0
2024,7,5,11,0,21.8,1.4,0.054,0.62,74,873,510,0,0,-9.0,74,873,0,510,0.254,11.91,60.03,0.95,0.28,879,0.6,318,1.3,2024.0,220.0,0.0
2024,7,5,12,0,23.3,1.45,0.051,0.62,80,927,656,0,0,-7.8,80,927,0,656,0.252,11.96,51.56,0.95,0.28,879,0.6,303,2.3,2024.0,220.0,0.0
2024,7,5,13,0,24.1,1.44,0.05,0.62,84,950,741,0,0,-7.3,84,950,0,741,0.25,11.82,46.23,0.95,0.28,879,0.6,295,3.2,2024.0,220.0,0.0
2024,7,5,14,0,24.1,1.42,0.049,0.62,84,949,753,0,0,-6.7,84,949,0,753,0.248,12.35,45.2,0.95,0.28,879,0.7,291,3.8,2024.0,220.0,0.0
2024,7,5,15,0,23.8,1.33,0.052,0.62,83,932,698,0,0,-6.2,83,932,0,698,0.246,13.09,48.73,0.94,0.28,879,0.7,291,4.2,2024.0,220.0,0.0
2024,7,5,16,0,23.1,1.31,0.051,0.62,76,897,578,0,0,-5.9,76,897,0,578,0.245,14.02,55.96,0.94,0.28,878,0.7,294,4.4,2024.0,220.0,0.0
2024,7,5,17,0,21.8,1.29,0.052,0.62,66,815,402,0,0,-5.4,66,815,0,402,0.244,15.65,65.68,0.94,0.28,878,0.8,298,4.1,2024.0,220.0,0.0
2024,7,5,18,0,18.6,1.28,0.052,0.62,48,650,195,0,0,-4.5,48,650,0,195,0.244,20.53,76.92,0.94,0.28,878,0.8,298,2.4,2024.0,220.0,39.35
2024,7,5,19,0,15.2,1.29,0.051,0.62,11,151,14,0,0,-2.3,11,151,0,14,0.245,29.87,88.88,0.94,0.28,879,0.8,300,1.1,2024.0,220.0,67.29
2024,7,5,20,0,14.6,1.3,0.049,0.62,0,0,0,0,0,-1.3,0,0,0,0,0.245,33.59,102.04,0.94,0.28,879,0.8,346,0.7,2024.0,220.0,67.13
2024,7,5,21,0,13.6,1.32,0.047,0.62,0,0,0,0,0,-1.6,0,0,0,0,0.246,34.93,115.26,0.94,0.28,879,0.8,52,1.1,2024.0,220.0,67.0
2024,7,5,22,0,13.1,1.33,0.046,0.62,0,0,0,0,0,-2.8,0,0,0,0,0.246,33.01,128.74,0.94,0.28,879,0.8,53,1.2,2024.0,220.0,67.29
2024,7,5,23,0,13.0,1.34,0.045,0.62,0,0,0,0,0,-4.0,0,0,0,0,0.246,30.32,142.4,0.94,0.28,880,0.8,44,1.2,2024.0,220.0,73.93
2024,7,5,24,0,12.8,1.36,0.045,0.62,0,0,0,0,0,-4.7,0,0,0,0,0.247,29.15,156.16,0.94,0.28,880,0.8,35,1.1,2024.0,220.0,80.18
2024,7,6,1,0,12.5,1.36,0.046,0.62,0,0,0,0,0,-5.0,0,0,0,0,0.248,29.12,169.99,0.94,0.28,880,0.8,31,1.0,2024.0,220.0,65.03
2024,7,6,2,0,12.3,1.36,0.049,0.62,0,0,0,0,0,-5.2,0,0,0,0,0.249,29.08,176.14,0.94,0.28,879,0.8,32,0.9,2024.0,220.0,62.64
2024,7,6,3,0,12.3,1.36,0.05,0.62,0,0,0,0,0,-5.3,0,0,0,0,0.25,28.88,162.31,0.94,0.28,879,0.8,32,0.9,2024.0,220.0,65.11
2024,7,6,4,0,12.2,1.37,0.052,0.62,0,0,0,0,0,-5.3,0,0,0,0,0.251,28.99,148.51,0.94,0.28,879,0.8,32,1.0,2024.0,220.0,62.87
2024,7,6,5,0,11.9,1.37,0.053,0.62,0,0,0,0,0,-5.4,0,0,0,0,0.252,29.38,134.8,0.94,0.28,879,0.8,29,1.1,2024.0,220.0,61.21
2024,7,6,6,0,11.5,1.39,0.053,0.62,0,0,0,0,0,-5.5,0,0,0,0,0.253,29.96,121.23,0.94,0.28,879,0.8,26,1.2,2024.0,220.0,61.21
2024,7,6,7,0,11.1,1.39,0.053,0.62,0,0,0,0,0,-5.7,0,0,0,0,0.253,30.41,107.87,0.94,0.28,879,0.9,25,1.2,2024.0,220.0,64.66
2024,7,6,8,0,11.2,1.39,0.053,0.62,0,0,0,0,1,-6.0,0,0,0,0,0.253,29.5,94.84,0.94,0.28,880,0.9,29,1.2,2024.0,220.0,61.76
2024,7,6,9,0,14.9,1.39,0.053,0.62,35,499,103,0,0,-6.4,35,499,0,103,0.254,22.37,82.2,0.94,0.28,880,0.9,35,1.1,2024.0,220.0,9.02
2024,7,6,10,0,18.7,1.39,0.053,0.62,59,749,309,0,0,-5.5,59,749,0,309,0.255,18.84,70.5,0.94,0.28,881,1.0,5,0.8,2024.0,220.0,0.0
2024,7,6,11,0,21.3,1.39,0.053,0.62,73,853,499,0,0,-5.3,73,853,0,499,0.255,16.27,59.99,0.94,0.28,881,1.0,338,1.2,2024.0,220.0,0.0
2024,7,6,12,0,22.8,1.35,0.056,0.62,82,897,640,0,0,-4.8,82,897,0,640,0.256,15.52,51.49,0.94,0.28,881,1.1,322,2.3,2024.0,220.0,0.0
2024,7,6,13,0,23.5,1.33,0.057,0.62,87,919,724,0,0,-3.9,87,919,0,724,0.258,15.86,46.14,0.94,0.28,880,1.1,314,2.9,2024.0,220.0,0.0
2024,7,6,14,0,23.6,1.32,0.06,0.62,89,920,739,0,0,-3.1,89,920,0,739,0.259,16.77,45.09,0.94,0.28,880,1.1,310,3.6,2024.0,220.0,0.0
2024,7,6,15,0,23.4,1.31,0.062,0.62,87,904,685,0,0,-2.4,87,904,0,685,0.26,17.88,48.62,0.94,0.28,879,1.1,307,4.0,2024.0,220.0,0.0
2024,7,6,16,0,22.9,1.3,0.062,0.62,81,866,567,0,0,-1.9,81,866,0,567,0.26,19.13,55.86,0.94,0.28,879,1.1,309,4.0,2024.0,220.0,0.0
2024,7,6,17,0,21.8,1.31,0.062,0.62,69,789,395,0,0,-1.5,69,789,0,395,0.26,21.03,65.58,0.94,0.28,879,1.1,310,3.6,2024.0,220.0,2.52
2024,7,6,18,0,19.1,1.3,0.064,0.62,51,617,191,0,0,-0.9,51,617,0,191,0.26,25.94,76.84,0.94,0.28,879,1.1,304,2.2,2024.0,220.0,63.67
2024,7,6,19,0,15.2,1.3,0.062,0.62,11,130,14,0,0,0.7,11,130,0,14,0.261,37.18,88.81,0.94,0.28,880,1.1,294,1.6,2024.0,220.0,86.12
2024,7,6,20,0,14.5,1.3,0.062,0.62,0,0,0,0,0,1.6,0,0,0,0,0.261,41.49,101.97,0.94,0.28,880,1.0,325,1.4,2024.0,220.0,69.19
2024,7,6,21,0,13.7,1.3,0.06,0.62,0,0,0,0,0,1.3,0,0,0,0,0.262,42.9,115.2,0.94,0.28,880,1.0,38,1.5,2024.0,220.0,63.4
2024,7,6,22,0,13.3,1.3,0.058,0.62,0,0,0,0,0,0.4,0,0,0,0,0.263,41.26,128.69,0.94,0.28,880,0.9,39,1.6,2024.0,220.0,72.87
2024,7,6,23,0,13.1,1.31,0.057,0.62,0,0,0,0,0,-0.4,0,0,0,0,0.263,39.43,142.34,0.94,0.28,880,0.9,30,1.6,2024.0,220.0,74.75
2024,7,6,24,0,12.8,1.31,0.056,0.62,0,0,0,0,0,-0.8,0,0,0,0,0.264,39.13,156.11,0.94,0.28,880,0.9,21,1.6,2024.0,220.0,68.31
2024,7,7,1,0,12.4,1.31,0.055,0.62,0,0,0,0,0,-0.8,0,0,0,0,0.265,39.96,169.95,0.94,0.28,880,0.8,16,1.6,2024.0,220.0,64.34
2024,7,7,2,0,12.0,1.32,0.055,0.62,0,0,0,0,0,-0.8,0,0,0,0,0.266,41.16,176.19,0.94,0.28,880,0.8,16,1.6,2024.0,220.0,62.3
2024,7,7,3,0,11.6,1.32,0.054,0.62,0,0,0,0,0,-0.7,0,0,0,0,0.266,42.61,162.34,0.94,0.28,880,0.8,20,1.5,2024.0,220.0,59.78
2024,7,7,4,0,11.2,1.32,0.054,0.62,0,0,0,0,0,-0.5,0,0,0,0,0.267,44.34,148.53,0.94,0.28,879,0.8,22,1.5,2024.0,220.0,61.47
2024,7,7,5,0,10.9,1.32,0.054,0.62,0,0,0,0,1,-0.3,0,0,0,0,0.268,46.0,134.82,0.94,0.28,879,0.8,21,1.5,2024.0,220.0,57.01
2024,7,7,6,0,10.9,1.33,0.053,0.62,0,0,0,0,4,-0.2,0,0,0,0,0.27,46.33,121.24,0.94,0.28,879,0.8,25,1.4,2024.0,220.0,58.25
2024,7,7,7,0,11.0,1.33,0.051,0.62,0,0,0,0,4,-0.4,0,0,0,0,0.271,45.36,107.87,0.94,0.28,879,0.8,39,1.4,2024.0,220.0,58.25
2024,7,7,8,0,11.5,1.33,0.05,0.62,0,0,0,0,4,-0.8,0,0,0,0,0.271,42.5,94.83,0.93,0.28,880,0.8,52,1.4,2024.0,220.0,54.16
2024,7,7,9,0,15.3,1.33,0.049,0.62,35,510,104,0,0,-1.3,35,510,0,104,0.271,31.97,82.19,0.93,0.28,880,0.8,58,1.1,2024.0,220.0,11.15
2024,7,7,10,0,19.1,1.34,0.048,0.62,58,765,314,0,0,-1.3,58,765,0,314,0.27,25.2,70.46,0.93,0.28,880,0.8,6,0.7,2024.0,220.0,0.0
2024,7,7,11,0,21.4,1.33,0.048,0.62,71,868,505,0,0,-1.6,71,868,0,505,0.27,21.35,59.93,0.93,0.28,880,0.8,331,1.9,2024.0,220.0,0.0
2024,7,7,12,0,22.9,1.31,0.05,0.62,79,915,650,0,0,-1.4,79,915,0,650,0.269,19.74,51.41,0.93,0.28,880,0.8,319,2.7,2024.0,220.0,0.0
2024,7,7,13,0,23.7,1.31,0.049,0.62,83,939,735,0,0,-1.2,83,939,0,735,0.267,19.12,46.04,0.94,0.28,880,0.8,313,3.3,2024.0,220.0,0.0
2024,7,7,14,0,23.8,1.3,0.048,0.62,84,945,752,0,0,-0.8,84,945,0,752,0.265,19.52,44.98,0.94,0.28,879,0.8,309,3.7,2024.0,220.0,0.0
2024,7,7,15,0,23.6,1.27,0.05,0.62,82,929,697,0,0,-0.5,82,929,0,697,0.264,20.21,48.5,0.94,0.28,879,0.8,308,3.8,2024.0,220.0,0.0
2024,7,7,16,0,23.0,1.27,0.047,0.62,75,896,579,0,0,-0.3,75,896,0,579,0.263,21.3,55.75,0.94,0.28,878,0.8,308,3.6,2024.0,220.0,0.0
2024,7,7,17,0,21.8,1.27,0.045,0.62,64,826,406,0,0,0.0,64,826,0,406,0.262,23.46,65.48,0.94,0.28,878,0.8,311,3.2,2024.0,220.0,0.0
2024,7,7,18,0,19.0,1.27,0.043,0.62,46,670,200,0,0,0.6,46,670,0,200,0.261,29.03,76.75,0.94,0.28,878,0.8,311,1.7,2024.0,220.0,39.34
2024,7,7,19,0,15.7,1.28,0.042,0.62,12,182,16,0,0,1.7,12,182,0,16,0.262,38.68,88.74,0.94,0.28,878,0.8,317,1.1,2024.0,220.0,67.17
2024,7,7,20,0,14.8,1.28,0.041,0.62,0,0,0,0,0,2.1,0,0,0,0,0.261,42.39,101.9,0.94,0.28,879,0.8,19,0.4,2024.0,220.0,59.69
2024,7,7,21,0,13.8,1.29,0.04,0.62,0,0,0,0,0,1.7,0,0,0,0,0.261,43.88,115.13,0.94,0.28,879,0.8,48,0.9,2024.0,220.0,56.24
2024,7,7,22,0,13.5,1.31,0.038,0.62,0,0,0,0,0,0.9,0,0,0,0,0.261,42.13,128.63,0.94,0.28,879,0.8,46,1.4,2024.0,220.0,59.62
2024,7,7,23,0,13.3,1.32,0.036,0.62,0,0,0,0,0,0.1,0,0,0,0,0.262,40.41,142.29,0.93,0.28,879,0.8,41,1.6,2024.0,220.0,57.78
2024,7,7,24,0,13.2,1.32,0.035,0.62,0,0,0,0,0,-0.3,0,0,0,0,0.262,39.47,156.07,0.93,0.28,879,0.8,34,1.6,2024.0,220.0,56.12
2024,7,8,1,0,12.9,1.32,0.035,0.62,0,0,0,0,0,-0.3,0,0,0,0,0.263,40.18,169.91,0.93,0.28,879,0.8,27,1.6,2024.0,220.0,54.48
2024,7,8,2,0,12.6,1.31,0.037,0.62,0,0,0,0,0,-0.1,0,0,0,0,0.263,41.77,176.22,0.93,0.28,878,0.8,19,1.5,2024.0,220.0,54.99
2024,7,8,3,0,12.2,1.3,0.038,0.62,0,0,0,1,0,0.3,0,0,1,0,0.263,43.87,162.37,0.93,0.28,878,0.8,15,1.4,2024.0,220.0,57.88
2024,7,8,4,0,11.8,1.3,0.038,0.62,0,0,0,0,0,0.3,0,0,0,0,0.262,45.34,148.56,0.94,0.28,878,0.8,17,1.3,2024.0,220.0,57.88
2024,7,8,5,0,11.3,1.31,0.038,0.62,0,0,0,0,0,0.2,0,0,0,0,0.262,46.49,134.83,0.94,0.28,878,0.8,22,1.1,2024.0,220.0,57.88
2024,7,8,6,0,10.9,1.31,0.037,0.62,0,0,0,0,1,0.0,0,0,0,0,0.262,47.07,121.25,0.94,0.28,878,0.8,25,1.0,2024.0,220.0,59.93
2024,7,8,7,0,10.6,1.32,0.037,0.62,0,0,0,0,0,-0.2,0,0,0,0,0.262,47.12,107.87,0.94,0.28,878,0.8,27,1.3,2024.0,220.0,64.83
2024,7,8,8,0,10.9,1.32,0.038,0.62,0,0,0,1,0,-0.5,0,0,1,0,0.262,45.26,94.82,0.94,0.28,878,0.8,27,1.5,2024.0,220.0,65.43
2024,7,8,9,0,15.1,1.32,0.038,0.62,33,536,106,0,0,-0.6,33,536,0,106,0.263,34.17,82.16,0.94,0.28,879,0.8,26,1.4,2024.0,220.0,13.45
2024,7,8,10,0,18.5,1.32,0.037,0.62,54,784,317,0,0,0.3,54,784,0,317,0.264,29.35,70.42,0.94,0.28,879,0.8,358,2.3,2024.0,220.0,0.0
2024,7,8,11,0,20.8,1.31,0.037,0.62,66,882,509,0,0,0.1,66,882,0,509,0.266,25.17,59.88,0.94,0.28,879,0.8,342,2.2,2024.0,220.0,0.0
2024,7,8,12,0,22.7,1.29,0.037,0.62,73,930,654,0,0,0.4,73,930,0,654,0.268,22.77,51.33,0.93,0.28,879,0.8,330,2.8,2024.0,220.0,0.0
2024,7,8,13,0,23.8,1.27,0.038,0.62,78,956,743,0,0,0.3,78,956,0,743,0.268,21.18,45.94,0.94,0.28,878,0.7,320,3.4,2024.0,220.0,0.0
2024,7,8,14,0,23.8,1.25,0.039,0.62,79,959,759,0,0,0.3,79,959,0,759,0.269,21.29,44.86,0.94,0.28,878,0.7,312,3.8,2024.0,220.0,0.0
2024,7,8,15,0,23.3,1.23,0.041,0.62,78,943,704,0,0,0.4,78,943,0,704,0.269,22.0,48.38,0.94,0.28,878,0.7,307,4.0,2024.0,220.0,0.0
2024,7,8,16,0,22.4,1.21,0.041,0.62,72,908,585,0,0,0.3,72,908,0,585,0.269,23.12,55.63,0.94,0.28,878,0.7,309,3.8,2024.0,220.0,0.0
2024,7,8,17,0,21.2,1.2,0.04,0.62,62,839,411,0,0,0.3,62,839,0,411,0.27,24.87,65.38,0.94,0.28,877,0.7,313,3.3,2024.0,220.0,0.0
2024,7,8,18,0,18.5,1.19,0.042,0.62,46,678,203,0,0,0.7,46,678,0,203,0.271,30.27,76.66,0.94,0.28,877,0.7,314,1.9,2024.0,220.0,41.66
2024,7,8,19,0,14.4,1.19,0.042,0.62,12,187,17,0,0,2.0,12,187,0,17,0.272,42.99,88.66,0.94,0.28,877,0.7,313,1.1,2024.0,220.0,74.63
2024,7,8,20,0,13.5,1.19,0.042,0.62,0,0,0,0,0,2.7,0,0,0,0,0.273,48.17,101.82,0.94,0.28,878,0.7,336,0.6,2024.0,220.0,86.89
2024,7,8,21,0,12.8,1.19,0.042,0.62,0,0,0,0,0,2.8,0,0,0,0,0.273,50.64,115.07,0.94,0.28,878,0.7,15,1.2,2024.0,220.0,81.08
2024,7,8,22,0,12.2,1.21,0.041,0.62,0,0,0,0,0,2.4,0,0,0,0,0.273,51.31,128.57,0.94,0.28,878,0.7,33,1.4,2024.0,220.0,68.68
2024,7,8,23,0,11.9,1.22,0.041,0.62,0,0,0,0,0,1.9,0,0,0,0,0.272,50.52,142.24,0.94,0.28,878,0.7,35,1.4,2024.0,220.0,68.68
2024,7,8,24,0,11.8,1.23,0.04,0.62,0,0,0,0,0,1.6,0,0,0,0,0.271,49.53,156.02,0.94,0.28,878,0.7,31,1.3,2024.0,220.0,68.68
2024,7,9,1,0,11.3,1.23,0.042,0.62,0,0,0,0,0,1.6,0,0,0,0,0.27,51.43,169.87,0.94,0.28,878,0.7,18,1.2,2024.0,220.0,64.88
2024,7,9,2,0,10.8,1.22,0.043,0.62,0,0,0,0,1,2.1,0,0,0,0,0.27,54.82,176.26,0.94,0.28,878,0.7,7,1.1,2024.0,220.0,64.59
2024,7,9,3,0,10.2,1.21,0.044,0.62,0,0,0,0,0,2.4,0,0,0,0,0.269,58.44,162.4,0.94,0.28,878,0.7,7,1.1,2024.0,220.0,64.76
2024,7,9,4,0,9.8,1.22,0.043,0.62,0,0,0,0,1,2.5,0,0,0,0,0.269,60.37,148.58,0.94,0.28,877,0.7,12,1.2,2024.0,220.0,64.92
2024,7,9,5,0,9.4,1.23,0.042,0.62,0,0,0,0,4,2.4,0,0,0,0,0.268,61.81,134.84,0.94,0.28,877,0.6,14,1.3,2024.0,220.0,64.92
2024,7,9,6,0,9.1,1.23,0.042,0.62,0,0,0,0,5,2.3,0,0,0,0,0.267,62.65,121.25,0.94,0.28,877,0.6,15,1.5,2024.0,220.0,67.16
2024,7,9,7,0,8.8,1.23,0.041,0.62,0,0,0,0,1,2.2,0,0,0,0,0.266,63.34,107.87,0.94,0.28,878,0.6,15,1.5,2024.0,220.0,71.06
2024,7,9,8,0,9.1,1.24,0.039,0.62,0,0,0,0,1,1.9,0,0,0,0,0.265,60.88,94.81,0.94,0.28,878,0.6,16,1.5,2024.0,220.0,88.83
2024,7,9,9,0,13.5,1.26,0.037,0.62,33,551,109,0,0,1.6,33,551,0,109,0.265,44.24,82.14,0.94,0.28,879,0.6,18,1.2,2024.0,220.0,33.5
2024,7,9,10,0,16.8,1.26,0.036,0.62,54,798,322,0,0,0.7,54,798,0,322,0.265,33.7,70.38,0.94,0.28,879,0.6,358,1.8,2024.0,220.0,23.41
2024,7,9,11,0,19.4,1.26,0.035,0.62,66,896,516,0,0,-0.7,66,896,0,516,0.265,25.75,59.81,0.94,0.28,880,0.6,339,2.0,2024.0,220.0,30.48
2024,7,9,12,0,21.1,1.2,0.037,0.62,74,948,668,0,0,-1.6,74,948,0,668,0.265,21.79,51.24,0.93,0.28,879,0.5,325,2.8,2024.0,220.0,40.7
2024,7,9,13,0,22.2,1.2,0.036,0.62,77,971,754,0,0,-2.6,77,971,0,754,0.266,18.92,45.83,0.93,0.28,879,0.5,314,3.5,2024.0,220.0,20.93
2024,7,9,14,0,22.7,1.19,0.036,0.62,78,975,770,0,0,-3.7,78,975,0,770,0.267,16.89,44.73,0.94,0.28,878,0.5,305,3.9,2024.0,220.0,0.0
2024,7,9,15,0,22.7,1.1,0.039,0.62,78,958,716,0,0,-4.5,78,958,0,716,0.268,15.86,48.25,0.94,0.28,877,0.5,297,4.1,2024.0,220.0,0.0
2024,7,9,16,0,22.2,1.08,0.039,0.62,72,924,595,0,0,-5.2,72,924,0,595,0.269,15.62,55.52,0.94,0.28,877,0.5,292,3.9,2024.0,220.0,0.0
2024,7,9,17,0,21.1,1.07,0.039,0.62,63,863,423,0,0,-5.4,63,863,0,423,0.27,16.34,65.28,0.94,0.28,877,0.4,290,3.3,2024.0,220.0,15.35
2024,7,9,18,0,18.0,1.06,0.038,0.62,46,710,211,0,0,-4.7,46,710,0,211,0.27,20.95,76.56,0.94,0.28,877,0.4,289,1.8,2024.0,220.0,66.93
2024,7,9,19,0,13.6,1.05,0.038,0.62,13,212,18,0,0,-2.4,13,212,0,18,0.271,32.95,88.59,0.94,0.28,877,0.4,288,1.1,2024.0,220.0,93.06
2024,7,9,20,0,13.0,1.06,0.037,0.62,0,0,0,1,0,-1.2,0,0,1,0,0.271,37.48,101.75,0.94,0.28,878,0.4,309,0.6,2024.0,220.0,87.87
2024,7,9,21,0,11.8,1.08,0.035,0.62,0,0,0,0,0,-1.4,0,0,0,0,0.271,39.96,115.0,0.93,0.28,878,0.4,36,1.4,2024.0,220.0,87.87
2024,7,9,22,0,11.0,1.11,0.034,0.62,0,0,0,0,0,-2.5,0,0,0,0,0.271,38.75,128.51,0.93,0.28,878,0.4,43,1.7,2024.0,220.0,85.89
2024,7,9,23,0,11.0,1.13,0.033,0.62,0,0,0,0,0,-3.9,0,0,0,0,0.272,34.91,142.19,0.93,0.28,878,0.4,38,1.7,2024.0,220.0,84.48
2024,7,9,24,0,10.9,1.15,0.032,0.62,0,0,0,0,0,-5.0,0,0,0,0,0.273,32.33,155.98,0.93,0.28,878,0.4,31,1.6,2024.0,220.0,74.32
2024,7,10,1,0,10.5,1.15,0.032,0.62,0,0,0,0,1,-5.5,0,0,0,0,0.274,32.05,169.83,0.93,0.28,877,0.4,24,1.4,2024.0,220.0,65.94
2024,7,10,2,0,10.0,1.15,0.033,0.62,0,0,0,0,0,-5.1,0,0,0,0,0.275,34.03,176.29,0.92,0.28,877,0.4,17,1.2,2024.0,220.0,61.96
2024,7,10,3,0,9.6,1.14,0.035,0.62,0,0,0,0,4,-4.5,0,0,0,0,0.276,36.72,162.42,0.93,0.28,877,0.4,14,1.2,2024.0,220.0,61.68
2024,7,10,4,0,9.3,1.14,0.035,0.62,0,0,0,0,0,-4.0,0,0,0,0,0.277,38.83,148.59,0.93,0.28,876,0.4,17,1.3,2024.0,220.0,62.91
2024,7,10,5,0,8.9,1.14,0.035,0.62,0,0,0,0,4,-3.7,0,0,0,0,0.278,40.85,134.85,0.93,0.28,876,0.4,20,1.5,2024.0,220.0,62.91
2024,7,10,6,0,8.8,1.14,0.036,0.62,0,0,0,0,4,-3.4,0,0,0,0,0.278,42.18,121.25,0.92,0.28,876,0.4,21,1.6,2024.0,220.0,64.11
2024,7,10,7,0,8.5,1.15,0.037,0.62,0,0,0,0,7,-2.9,0,0,0,0,0.278,44.45,107.86,0.92,0.28,876,0.4,15,1.7,2024.0,220.0,70.89
2024,7,10,8,0,8.3,1.16,0.04,0.62,0,0,0,0,7,-2.2,0,0,0,0,0.277,47.54,94.79,0.92,0.28,876,0.5,8,1.7,2024.0,220.0,72.1
2024,7,10,9,0,11.9,1.16,0.042,0.62,34,546,109,0,7,-1.1,70,177,0,95,0.277,40.56,82.1,0.93,0.28,877,0.5,5,1.7,2024.0,220.0,57.77
2024,7,10,10,0,14.9,1.18,0.043,0.62,57,793,324,0,7,0.2,100,524,0,277,0.278,36.62,70.33,0.93,0.28,877,0.5,351,2.4,2024.0,220.0,40.88
2024,7,10,11,0,17.1,1.18,0.043,0.62,69,893,520,0,0,-0.3,69,893,0,520,0.278,30.66,59.74,0.93,0.28,877,0.5,342,1.5,2024.0,220.0,0.0
2024,7,10,12,0,18.5,1.17,0.046,0.62,78,931,662,0,0,-0.6,78,931,0,662,0.278,27.57,51.15,0.93,0.28,877,0.6,331,1.7,2024.0,220.0,0.0
2024,7,10,13,0,19.0,1.14,0.05,0.62,85,950,748,0,0,0.0,85,950,0,748,0.277,27.85,45.71,0.94,0.28,877,0.6,323,2.5,2024.0,220.0,0.0
2024,7,10,14,0,18.8,1.12,0.055,0.62,88,949,764,0,0,0.6,88,949,0,764,0.275,29.5,44.6,0.94,0.28,877,0.6,318,3.1,2024.0,220.0,0.0
2024,7,10,15,0,18.2,1.1,0.058,0.62,88,932,710,0,0,1.2,88,932,0,710,0.274,31.94,48.12,0.95,0.28,876,0.6,316,3.4,2024.0,220.0,0.0
2024,7,10,16,0,17.1,1.07,0.061,0.62,82,885,585,0,0,1.7,82,885,0,585,0.274,35.47,55.39,0.95,0.28,876,0.7,317,3.5,2024.0,220.0,0.0
2024,7,10,17,0,15.6,1.04,0.066,0.62,73,802,410,0,0,2.4,73,802,0,410,0.275,40.91,65.17,0.95,0.28,876,0.7,320,3.3,2024.0,220.0,2.22
2024,7,10,18,0,13.4,1.01,0.077,0.62,57,613,200,0,0,3.3,57,613,0,200,0.278,50.4,76.47,0.96,0.28,876,0.7,322,1.8,2024.0,220.0,52.77
2024,7,10,19,0,10.6,1.01,0.088,0.62,14,101,17,0,0,4.5,14,101,0,17,0.281,65.87,88.51,0.97,0.28,877,0.7,320,1.1,2024.0,220.0,67.25
2024,7,10,20,0,9.4,0.99,0.099,0.62,0,0,0,0,0,5.2,0,0,0,0,0.282,74.85,101.68,0.97,0.28,877,0.8,325,0.6,2024.0,220.0,67.25
2024,7,10,21,0,8.6,0.99,0.12,0.62,0,0,0,0,0,5.4,0,0,0,0,0.282,80.41,114.94,0.98,0.28,878,0.8,334,1.1,2024.0,220.0,67.25
2024,7,10,22,0,8.4,0.99,0.152,0.62,0,0,0,0,0,5.6,0,0,0,0,0.282,82.32,128.46,0.98,0.28,878,0.8,338,1.3,2024.0,220.0,67.25
2024,7,10,23,0,8.4,0.98,0.164,0.62,0,0,0,0,0,5.8,0,0,0,0,0.281,83.53,142.14,0.99,0.28,878,0.8,339,1.2,2024.0,220.0,71.37
2024,7,10,24,0,8.3,0.98,0.204,0.62,0,0,0,0,0,5.9,0,0,0,0,0.281,84.71,155.94,0.99,0.28,878,0.8,339,1.2,2024.0,220.0,71.53
2024,7,11,1,0,8.3,0.99,0.221,0.62,0,0,0,0,0,5.7,0,0,0,0,0.28,83.89,169.79,0.99,0.28,878,0.8,342,1.3,2024.0,220.0,63.71
2024,7,11,2,0,8.3,1.0,0.205,0.62,0,0,0,0,0,5.5,0,0,0,0,0.28,82.49,176.31,0.99,0.28,878,0.8,349,1.6,2024.0,220.0,58.66
2024,7,11,3,0,8.0,1.01,0.219,0.62,0,0,0,0,0,5.4,0,0,0,0,0.28,83.41,162.44,0.99,0.28,878,0.8,357,1.8,2024.0,220.0,58.66
2024,7,11,4,0,7.9,1.02,0.221,0.62,0,0,0,0,0,5.3,0,0,0,0,0.279,83.37,148.61,0.99,0.28,877,0.8,2,1.9,2024.0,220.0,58.85
2024,7,11,5,0,7.8,1.03,0.202,0.62,0,0,0,0,0,5.1,0,0,0,0,0.279,82.98,134.86,0.99,0.28,877,0.8,5,2.0,2024.0,220.0,60.91
2024,7,11,6,0,7.6,1.05,0.205,0.62,0,0,0,0,0,4.8,0,0,0,0,0.278,82.55,121.25,0.99,0.28,877,0.8,7,2.0,2024.0,220.0,63.97
2024,7,11,7,0,7.5,1.08,0.193,0.62,0,0,0,0,0,4.5,0,0,0,0,0.278,81.33,107.85,0.99,0.28,878,0.7,7,1.9,2024.0,220.0,66.79
2024,7,11,8,0,7.9,1.09,0.162,0.62,0,0,0,0,0,4.0,0,0,0,0,0.277,76.62,94.77,0.99,0.28,878,0.7,8,1.8,2024.0,220.0,83.52
2024,7,11,9,0,10.3,1.11,0.141,0.62,49,350,98,0,0,3.3,49,350,0,98,0.277,62.06,82.07,0.98,0.28,878,0.7,1,2.3,2024.0,220.0,51.62
2024,7,11,10,0,12.9,1.13,0.111,0.62,80,684,311,0,0,2.5,80,684,0,311,0.278,49.09,70.28,0.97,0.28,878,0.6,349,3.3,2024.0,220.0,14.57
2024,7,11,11,0,15.2,1.13,0.084,0.62,88,835,510,0,0,1.9,88,835,0,510,0.279,40.61,59.67,0.97,0.28,878,0.6,340,3.1,2024.0,220.0,0.0
2024,7,11,12,0,17.0,1.13,0.055,0.62,84,922,663,0,0,1.5,84,922,0,663,0.28,35.25,51.05,0.97,0.28,878,0.6,333,3.0,2024.0,220.0,0.0
2024,7,11,13,0,18.2,1.14,0.048,0.62,84,952,751,0,0,1.3,84,952,0,751,0.28,32.08,45.59,0.96,0.28,878,0.6,328,3.4,2024.0,220.0,0.0
2024,7,11,14,0,18.6,1.14,0.044,0.62,83,960,768,0,0,1.0,83,960,0,768,0.28,30.79,44.46,0.96,0.28,877,0.6,324,3.6,2024.0,220.0,0.0
2024,7,11,15,0,18.6,1.13,0.041,0.62,79,950,715,0,0,0.8,79,950,0,715,0.279,30.24,47.98,0.96,0.28,877,0.6,322,3.5,2024.0,220.0,0.0
2024,7,11,16,0,18.0,1.11,0.04,0.62,73,917,595,0,0,0.7,73,917,0,595,0.279,31.13,55.27,0.96,0.28,877,0.6,321,3.4,2024.0,220.0,0.0
2024,7,11,17,0,16.9,1.1,0.04,0.62,63,840,417,0,0,1.0,63,840,0,417,0.28,34.05,65.06,0.96,0.28,877,0.7,319,3.3,2024.0,220.0,0.0
2024,7,11,18,0,14.6,1.1,0.041,0.62,47,684,208,0,0,1.7,47,684,0,208,0.28,41.74,76.37,0.96,0.28,877,0.7,315,2.3,2024.0,220.0,29.74
2024,7,11,19,0,10.9,1.1,0.041,0.62,13,202,19,0,0,2.9,13,202,0,19,0.281,57.77,88.43,0.96,0.28,878,0.7,305,1.5,2024.0,220.0,62.98
2024,7,11,20,0,9.6,1.1,0.041,0.62,0,0,0,0,0,3.5,0,0,0,0,0.282,65.72,101.6,0.96,0.28,879,0.7,319,0.8,2024.0,220.0,64.43
2024,7,11,21,0,9.0,1.09,0.041,0.62,0,0,0,0,0,3.4,0,0,0,0,0.283,68.2,114.87,0.96,0.28,879,0.7,20,1.0,2024.0,220.0,67.35
2024,7,11,22,0,8.4,1.09,0.04,0.62,0,0,0,0,0,3.1,0,0,0,0,0.284,69.27,128.4,0.95,0.28,880,0.7,43,1.1,2024.0,220.0,67.35
2024,7,11,23,0,8.2,1.09,0.04,0.62,0,0,0,0,1,2.8,0,0,0,0,0.285,68.64,142.09,0.95,0.28,880,0.7,40,1.1,2024.0,220.0,67.35
2024,7,11,24,0,8.0,1.09,0.038,0.62,0,0,0,0,1,2.7,0,0,0,0,0.286,69.18,155.89,0.95,0.28,880,0.6,35,1.0,2024.0,220.0,63.43
2024,7,12,1,0,7.7,1.09,0.037,0.62,0,0,0,0,4,2.6,0,0,0,0,0.285,69.98,169.75,0.94,0.28,879,0.6,36,0.9,2024.0,220.0,61.82
2024,7,12,2,0,7.5,1.1,0.035,0.62,0,0,0,0,4,2.2,0,0,0,0,0.284,69.0,176.32,0.94,0.28,879,0.6,37,0.9,2024.0,220.0,62.57
2024,7,12,3,0,7.3,1.1,0.033,0.62,0,0,0,0,4,1.5,0,0,0,0,0.282,66.43,162.46,0.93,0.28,879,0.6,37,0.9,2024.0,220.0,60.44
2024,7,12,4,0,7.2,1.11,0.032,0.62,0,0,0,0,4,0.5,0,0,0,0,0.28,62.35,148.62,0.93,0.28,879,0.6,34,0.9,2024.0,220.0,60.44
2024,7,12,5,0,7.2,1.11,0.03,0.62,0,0,0,0,5,-0.6,0,0,0,0,0.278,57.72,134.87,0.92,0.28,879,0.5,29,1.0,2024.0,220.0,60.44
2024,7,12,6,0,7.1,1.11,0.03,0.62,0,0,0,0,4,-1.5,0,0,0,0,0.278,54.31,121.25,0.92,0.28,879,0.5,22,1.1,2024.0,220.0,60.54
2024,7,12,7,0,6.9,1.11,0.028,0.62,0,0,0,0,4,-2.3,0,0,0,0,0.278,52.04,107.84,0.92,0.28,879,0.5,18,1.1,2024.0,220.0,65.63
2024,7,12,8,0,7.3,1.12,0.026,0.62,0,0,0,0,1,-3.0,0,0,0,0,0.277,47.94,94.74,0.91,0.28,880,0.5,16,1.0,2024.0,220.0,65.45
2024,7,12,9,0,11.8,1.13,0.024,0.62,31,593,113,0,1,-3.9,31,593,0,113,0.278,33.28,82.03,0.91,0.28,880,0.5,18,1.2,2024.0,220.0,26.39
2024,7,12,10,0,15.8,1.12,0.023,0.62,49,837,332,0,0,-3.5,49,837,0,332,0.278,26.44,70.22,0.91,0.28,881,0.4,357,1.7,2024.0,220.0,0.0
2024,7,12,11,0,18.4,1.08,0.022,0.62,59,930,529,0,0,-3.6,59,930,0,529,0.279,22.27,59.59,0.91,0.28,881,0.4,344,2.3,2024.0,220.0,0.0
2024,7,12,12,0,20.1,1.06,0.023,0.62,66,973,678,0,0,-4.1,66,973,0,678,0.278,19.29,50.95,0.91,0.28,881,0.4,332,3.2,2024.0,220.0,0.0
2024,7,12,13,0,20.9,1.06,0.024,0.62,70,992,766,0,0,-3.9,70,992,0,766,0.275,18.55,45.46,0.92,0.28,880,0.4,324,3.6,2024.0,220.0,0.0
2024,7,12,14,0,21.1,1.07,0.026,0.62,72,986,777,0,0,-3.5,72,986,0,777,0.271,18.85,44.32,0.92,0.28,880,0.5,319,3.9,2024.0,220.0,0.0
2024,7,12,15,0,20.7,1.08,0.029,0.62,72,971,723,0,0,-3.0,72,971,0,723,0.267,20.15,47.84,0.92,0.28,880,0.5,315,4.0,2024.0,220.0,0.0
2024,7,12,16,0,19.9,1.1,0.029,0.62,67,938,603,0,0,-2.6,67,938,0,603,0.264,21.84,55.14,0.93,0.28,880,0.5,314,3.8,2024.0,220.0,0.0
2024,7,12,17,0,18.7,1.11,0.028,0.62,58,874,428,0,0,-2.2,58,874,0,428,0.261,24.18,64.94,0.93,0.28,880,0.5,316,3.4,2024.0,220.0,0.0
2024,7,12,18,0,16.1,1.13,0.028,0.62,43,738,219,0,0,-1.3,43,738,0,219,0.261,30.49,76.27,0.93,0.28,880,0.4,315,2.1,2024.0,220.0,55.33
2024,7,12,19,0,12.0,1.15,0.027,0.62,13,274,21,0,0,0.5,13,274,0,21,0.261,45.11,88.35,0.93,0.28,881,0.4,311,1.6,2024.0,220.0,95.76
2024,7,12,20,0,11.0,1.16,0.027,0.62,0,0,0,0,0,1.5,0,0,0,0,0.261,51.76,101.53,0.93,0.28,881,0.4,342,1.7,2024.0,220.0,91.66
2024,7,12,21,0,10.1,1.16,0.027,0.62,0,0,0,0,0,1.4,0,0,0,0,0.26,54.72,114.81,0.93,0.28,881,0.4,24,1.9,2024.0,220.0,105.88
2024,7,12,22,0,9.5,1.17,0.027,0.62,0,0,0,0,0,0.8,0,0,0,0,0.259,54.67,128.34,0.93,0.28,882,0.4,30,2.0,2024.0,220.0,102.16
2024,7,12,23,0,9.3,1.18,0.027,0.62,0,0,0,0,0,0.3,0,0,0,0,0.259,53.53,142.04,0.93,0.28,882,0.4,24,2.1,2024.0,220.0,103.85
2024,7,12,24,0,9.1,1.18,0.027,0.62,0,0,0,0,0,0.3,0,0,0,0,0.259,53.91,155.85,0.93,0.28,882,0.4,19,2.0,2024.0,220.0,108.43
2024,7,13,1,0,8.9,1.19,0.027,0.62,0,0,0,0,4,0.2,0,0,0,0,0.261,54.32,169.71,0.93,0.28,882,0.4,23,1.7,2024.0,220.0,71.62
2024,7,13,2,0,9.0,1.19,0.026,0.62,0,0,0,0,4,-0.3,0,0,0,0,0.262,52.1,176.32,0.93,0.28,882,0.4,33,1.5,2024.0,220.0,62.58
2024,7,13,3,0,9.3,1.2,0.025,0.62,0,0,0,0,4,-1.2,0,0,0,0,0.263,48.0,162.47,0.92,0.28,881,0.4,45,1.4,2024.0,220.0,63.39
2024,7,13,4,0,9.6,1.2,0.024,0.62,0,0,0,0,4,-2.2,0,0,0,0,0.264,43.72,148.63,0.92,0.28,881,0.4,57,1.5,2024.0,220.0,63.81
2024,7,13,5,0,9.8,1.21,0.022,0.62,0,0,0,0,5,-3.4,0,0,0,0,0.266,39.32,134.87,0.91,0.28,880,0.4,66,1.8,2024.0,220.0,59.84
2024,7,13,6,0,9.7,1.21,0.021,0.62,0,0,0,0,5,-5.0,0,0,0,0,0.267,35.13,121.24,0.91,0.28,880,0.3,67,1.9,2024.0,220.0,62.08
2024,7,13,7,0,9.4,1.21,0.02,0.62,0,0,0,0,5,-6.9,0,0,0,0,0.267,31.03,107.82,0.9,0.28,880,0.3,63,1.8,2024.0,220.0,64.27
2024,7,13,8,0,9.6,1.22,0.019,0.62,0,0,0,0,5,-9.0,0,0,0,0,0.268,25.94,94.71,0.9,0.28,880,0.3,61,1.6,2024.0,220.0,61.4
2024,7,13,9,0,14.0,1.22,0.019,0.62,30,634,118,0,0,-11.0,30,634,0,118,0.268,16.6,81.98,0.9,0.28,881,0.3,53,1.9,2024.0,220.0,25.65
2024,7,13,10,0,18.6,1.22,0.02,0.62,48,856,338,0,0,-9.1,48,856,0,338,0.268,14.44,70.16,0.91,0.28,881,0.3,29,2.0,2024.0,220.0,0.0
2024,7,13,11,0,21.0,1.22,0.021,0.62,58,944,537,0,0,-7.5,58,944,0,537,0.268,14.08,59.5,0.91,0.28,881,0.3,344,2.6,2024.0,220.0,0.0
2024,7,13,12,0,22.7,1.2,0.022,0.62,65,986,688,0,0,-7.4,65,986,0,688,0.268,12.77,50.83,0.91,0.28,881,0.3,328,3.4,2024.0,220.0,0.0
2024,7,13,13,0,23.8,1.17,0.024,0.62,70,1004,776,0,0,-7.2,70,1004,0,776,0.268,12.12,45.32,0.92,0.28,880,0.3,317,3.9,2024.0,220.0,0.0
2024,7,13,14,0,24.1,1.14,0.026,0.62,72,1005,793,0,0,-6.9,72,1005,0,793,0.268,12.19,44.17,0.93,0.28,880,0.3,310,4.3,2024.0,220.0,0.0
2024,7,13,15,0,23.7,1.13,0.028,0.62,72,991,739,0,0,-6.3,72,991,0,739,0.268,13.08,47.7,0.93,0.28,879,0.3,303,4.6,2024.0,220.0,0.0
2024,7,13,16,0,22.9,1.13,0.029,0.62,67,958,617,0,0,-5.8,67,958,0,617,0.268,14.3,55.01,0.93,0.28,879,0.3,298,4.7,2024.0,220.0,0.0
2024,7,13,17,0,21.5,1.13,0.03,0.62,59,892,439,0,0,-5.3,59,892,0,439,0.267,16.08,64.83,0.94,0.28,879,0.3,295,4.4,2024.0,220.0,0.0
2024,7,13,18,0,18.1,1.12,0.035,0.62,46,737,222,0,0,-4.2,46,737,0,222,0.267,21.55,76.18,0.93,0.28,879,0.3,288,3.5,2024.0,220.0,60.38
2024,7,13,19,0,15.0,1.11,0.035,0.62,14,260,22,0,0,-2.5,14,260,0,22,0.268,29.98,88.27,0.93,0.28,880,0.3,282,2.0,2024.0,220.0,82.36
2024,7,13,20,0,14.4,1.11,0.035,0.62,0,0,0,0,0,-2.0,0,0,0,0,0.268,32.23,101.45,0.93,0.28,880,0.3,55,1.2,2024.0,220.0,80.2
2024,7,13,21,0,12.8,1.13,0.032,0.62,0,0,0,0,0,-2.9,0,0,0,0,0.267,33.41,114.74,0.93,0.28,880,0.3,70,0.6,2024.0,220.0,69.07
2024,7,13,22,0,12.3,1.15,0.03,0.62,0,0,0,0,0,-4.4,0,0,0,0,0.266,30.99,128.28,0.92,0.28,881,0.3,61,0.9,2024.0,220.0,68.57
2024,7,13,23,0,12.0,1.16,0.029,0.62,0,0,0,0,0,-5.2,0,0,0,0,0.266,29.63,141.99,0.92,0.28,881,0.3,44,1.1,2024.0,220.0,64.7
2024,7,13,24,0,11.4,1.16,0.03,0.62,0,0,0,0,0,-4.9,0,0,0,0,0.266,31.62,155.81,0.92,0.28,881,0.4,26,1.1,2024.0,220.0,65.26
2024,7,14,1,0,10.9,1.16,0.031,0.62,0,0,0,0,1,-4.3,0,0,0,0,0.266,34.18,169.67,0.92,0.28,881,0.4,18,1.1,2024.0,220.0,63.11
2024,7,14,2,0,10.7,1.15,0.032,0.62,0,0,0,0,1,-4.2,0,0,0,0,0.266,34.82,176.32,0.92,0.28,881,0.4,21,1.0,2024.0,220.0,64.94
2024,7,14,3,0,10.7,1.15,0.032,0.62,0,0,0,0,4,-4.8,0,0,0,0,0.267,33.35,162.48,0.92,0.28,881,0.4,31,1.0,2024.0,220.0,64.27
2024,7,14,4,0,10.9,1.16,0.03,0.62,0,0,0,0,4,-5.9,0,0,0,0,0.267,30.21,148.63,0.92,0.28,880,0.3,42,1.0,2024.0,220.0,64.47
2024,7,14,5,0,11.1,1.18,0.028,0.62,0,0,0,0,4,-7.4,0,0,0,0,0.268,26.55,134.86,0.92,0.28,880,0.3,49,1.0,2024.0,220.0,63.11
2024,7,14,6,0,11.1,1.2,0.026,0.62,0,0,0,0,4,-9.1,0,0,0,0,0.268,23.29,121.23,0.91,0.28,880,0.3,55,1.1,2024.0,220.0,66.33
2024,7,14,7,0,11.0,1.21,0.025,0.62,0,0,0,0,4,-10.8,0,0,0,0,0.268,20.6,107.8,0.91,0.28,880,0.3,54,1.1,2024.0,220.0,65.44
2024,7,14,8,0,11.4,1.21,0.024,0.62,0,0,0,0,4,-12.0,0,0,0,0,0.268,18.16,94.68,0.91,0.28,880,0.3,49,1.2,2024.0,220.0,66.46
2024,7,14,9,0,14.8,1.22,0.024,0.62,31,622,119,0,1,-12.9,31,622,0,119,0.267,13.52,81.93,0.91,0.28,880,0.3,43,2.0,2024.0,220.0,22.89
2024,7,14,10,0,19.5,1.22,0.023,0.62,49,852,339,0,0,-12.0,49,852,0,339,0.267,10.79,70.09,0.91,0.28,881,0.3,28,2.9,2024.0,220.0,0.0
2024,7,14,11,0,22.3,1.22,0.023,0.62,60,942,539,0,0,-10.1,60,942,0,539,0.267,10.55,59.41,0.91,0.28,881,0.3,353,3.5,2024.0,220.0,0.0
2024,7,14,12,0,24.1,1.18,0.028,0.62,69,980,689,0,0,-8.8,69,980,0,689,0.266,10.48,50.72,0.91,0.28,880,0.3,333,4.1,2024.0,220.0,22.23
2024,7,14,13,0,25.2,1.16,0.03,0.62,74,998,777,0,0,-8.5,74,998,0,777,0.265,10.1,45.18,0.91,0.28,880,0.3,318,4.6,2024.0,220.0,0.0
2024,7,14,14,0,25.5,1.14,0.032,0.62,76,1000,795,0,0,-7.8,76,1000,0,795,0.264,10.45,44.01,0.92,0.28,879,0.3,308,5.0,2024.0,220.0,0.0
2024,7,14,15,0,25.1,1.14,0.034,0.62,75,986,740,0,0,-7.0,75,986,0,740,0.263,11.42,47.55,0.92,0.28,878,0.3,301,5.1,2024.0,220.0,0.0
2024,7,14,16,0,24.3,1.15,0.033,0.62,69,944,612,0,0,-6.3,69,944,0,612,0.262,12.63,54.87,0.92,0.28,878,0.4,296,4.8,2024.0,220.0,0.0
2024,7,14,17,0,23.0,1.15,0.032,0.62,60,880,435,0,0,-5.7,60,880,0,435,0.262,14.32,64.71,0.92,0.28,878,0.4,294,4.2,2024.0,220.0,7.45
2024,7,14,18,0,19.2,1.17,0.031,0.62,44,737,222,0,0,-4.3,44,737,0,222,0.262,20.09,76.07,0.92,0.28,878,0.4,289,2.9,2024.0,220.0,43.72
2024,7,14,19,0,15.7,1.18,0.03,0.62,14,277,23,0,0,-2.6,14,277,0,23,0.263,28.43,88.19,0.92,0.28,878,0.4,282,1.3,2024.0,220.0,68.68
2024,7,14,20,0,15.0,1.19,0.028,0.62,0,0,0,0,0,-2.5,0,0,0,0,0.264,29.97,101.38,0.92,0.28,879,0.4,76,0.8,2024.0,220.0,68.12
2024,7,14,21,0,13.5,1.2,0.026,0.62,0,0,0,0,0,-4.2,0,0,0,0,0.264,29.08,114.68,0.92,0.28,879,0.3,79,0.8,2024.0,220.0,67.8
2024,7,14,22,0,13.2,1.21,0.025,0.62,0,0,0,0,0,-6.9,0,0,0,0,0.265,24.08,128.23,0.91,0.28,879,0.3,73,1.1,2024.0,220.0,69.0
2024,7,14,23,0,13.6,1.22,0.023,0.62,0,0,0,0,0,-9.7,0,0,0,0,0.266,18.94,141.94,0.91,0.28,879,0.3,66,1.1,2024.0,220.0,67.71
2024,7,14,24,0,13.7,1.22,0.022,0.62,0,0,0,0,0,-11.7,0,0,0,0,0.268,16.04,155.76,0.9,0.28,879,0.3,58,1.2,2024.0,220.0,63.07
2024,7,15,1,0,13.7,1.23,0.022,0.62,0,0,0,0,0,-12.8,0,0,0,0,0.27,14.67,169.63,0.9,0.28,879,0.3,50,1.2,2024.0,220.0,68.403
2024,7,15,2,0,13.7,1.23,0.021,0.62,0,0,0,0,4,-13.3,0,0,0,0,0.272,14.05,176.31,0.9,0.28,879,0.3,44,1.0,2024.0,220.0,66.84
2024,7,15,3,0,13.7,1.24,0.021,0.62,0,0,0,0,4,-13.7,0,0,0,0,0.275,13.59,162.49,0.9,0.28,878,0.3,45,0.9,2024.0,220.0,68.934
2024,7,15,5,0,13.5,1.25,0.019,0.62,0,0,0,0,4,-15.3,0,0,0,0,0.278,12.08,134.86,0.89,0.28,878,0.3,62,0.9,2024.0,220.0,70.735
2024,7,15,7,0,13.3,1.26,0.018,0.62,0,0,0,0,4,-18.2,0,0,0,0,0.279,9.64,107.77,0.88,0.28,879,0.2,75,1.1,2024.0,220.0,68.223
2024,7,15,7,0,13.3,1.26,0.018,0.62,0,0,0,0,4,-18.2,0,0,0,0,0.279,9.64,107.77,0.88,0.28,879,0.2,75,1.1,2024.0,220.0,70.047
2024,7,15,7,0,13.3,1.26,0.018,0.62,0,0,0,0,4,-18.2,0,0,0,0,0.279,9.64,107.77,0.88,0.28,879,0.2,75,1.1,2024.0,220.0,86.155
2024,7,15,8,0,13.6,1.26,0.017,0.62,0,0,0,0,4,-19.8,0,0,0,0,0.279,8.26,94.64,0.88,0.28,879,0.2,73,1.1,2024.0,220.0,64.777
2024,7,15,9,0,16.8,1.27,0.017,0.62,29,659,122,0,5,-20.7,53,1,0,53,0.278,6.19,81.88,0.88,0.28,879,0.2,67,1.4,2024.0,220.0,56.497
2024,7,15,9,0,16.8,1.27,0.017,0.62,29,659,122,0,5,-20.7,53,1,0,53,0.278,6.19,81.88,0.88,0.28,879,0.2,67,1.4,2024.0,220.0,48.497
2024,7,15,9,0,16.8,1.27,0.017,0.62,29,659,122,0,5,-20.7,53,1,0,53,0.278,6.19,81.88,0.88,0.28,879,0.2,67,1.4,2024.0,220.0,36.04
2024,7,15,9,0,16.8,1.27,0.017,0.62,29,659,122,0,5,-20.7,53,1,0,53,0.278,6.19,81.88,0.88,0.28,879,0.2,67,1.4,2024.0,220.0,0.0
2024,7,15,10,0,21.7,1.29,0.016,0.62,45,880,345,0,0,-21.0,45,880,0,345,0.277,4.46,70.02,0.88,0.28,880,0.2,55,2.0,2024.0,220.0,0.0
2024,7,15,11,0,24.6,1.31,0.016,0.62,54,966,547,0,0,-16.3,54,966,0,547,0.276,5.59,59.32,0.89,0.28,880,0.2,331,3.1,2024.0,220.0,33.749
2024,7,15,11,0,24.6,1.31,0.016,0.62,54,966,547,0,0,-16.3,54,966,0,547,0.276,5.59,59.32,0.89,0.28,880,0.2,331,3.1,2024.0,220.0,28.452
2024,7,15,12,0,26.3,1.32,0.018,0.62,61,1006,700,0,0,-14.0,61,1006,0,700,0.275,6.07,50.59,0.89,0.28,879,0.2,277,4.1,2024.0,220.0,0.0
2024,7,15,18,0,20.3,1.15,0.032,0.62,45,763,230,0,0,-6.7,45,763,0,230,0.268,15.64,75.97,0.91,0.28,878,0.2,243,2.8,2024.0,220.0,57.978
2024,7,15,18,0,20.3,1.15,0.032,0.62,45,763,230,0,0,-6.7,45,763,0,230,0.268,15.64,75.97,0.91,0.28,878,0.2,243,2.8,2024.0,220.0,82.396
2024,7,15,19,0,16.7,1.15,0.031,0.62,14,301,24,0,0,-5.5,14,301,0,24,0.269,21.39,88.11,0.91,0.28,878,0.2,220,1.1,2024.0,220.0,69.134
2024,7,15,21,0,15.1,1.16,0.029,0.62,0,0,0,0,0,-8.4,0,0,0,0,0.269,18.94,114.61,0.91,0.28,879,0.2,106,1.1,2024.0,220.0,68.06
2024,7,15,23,0,14.2,1.16,0.029,0.62,0,0,0,0,0,-12.8,0,0,0,0,0.267,14.15,141.9,0.91,0.28,879,0.2,82,1.3,2024.0,220.0,69.253
2024,7,15,23,0,14.2,1.16,0.029,0.62,0,0,0,0,0,-12.8,0,0,0,0,0.267,14.15,141.9,0.91,0.28,879,0.2,82,1.3,2024.0,220.0,88.898
2024,7,15,24,0,14.4,1.17,0.027,0.62,0,0,0,0,0,-15.0,0,0,0,0,0.266,11.72,155.72,0.91,0.28,880,0.2,83,1.2,2024.0,220.0,67.1
2024,7,15,24,0,14.4,1.17,0.027,0.62,0,0,0,0,0,-15.0,0,0,0,0,0.266,11.72,155.72,0.91,0.28,880,0.2,83,1.2,2024.0,220.0,66.509
2024,7,16,1,0,14.2,1.19,0.025,0.62,0,0,0,0,0,-16.6,0,0,0,0,0.265,10.39,169.59,0.91,0.28,880,0.2,80,1.1,2024.0,220.0,67.552
2024,7,16,1,0,14.2,1.19,0.025,0.62,0,0,0,0,0,-16.6,0,0,0,0,0.265,10.39,169.59,0.91,0.28,880,0.2,80,1.1,2024.0,220.0,65.895
2024,7,16,1,0,14.2,1.19,0.025,0.62,0,0,0,0,0,-16.6,0,0,0,0,0.265,10.39,169.59,0.91,0.28,880,0.2,80,1.1,2024.0,220.0,64.734
2024,7,16,2,0,14.1,1.2,0.025,0.62,0,0,0,0,0,-17.8,0,0,0,0,0.265,9.49,176.28,0.91,0.28,879,0.2,71,1.0,2024.0,220.0,67.507
2024,7,16,3,0,13.9,1.2,0.025,0.62,0,0,0,0,1,-16.5,0,0,0,0,0.265,10.66,162.49,0.9,0.28,879,0.2,64,0.9,2024.0,220.0,64.517
2024,7,16,7,0,11.7,1.21,0.022,0.62,0,0,0,0,4,-17.1,0,0,0,0,0.265,11.7,107.74,0.9,0.28,879,0.2,88,1.7,2024.0,220.0,65.634
2024,7,16,8,0,12.4,1.22,0.02,0.62,0,0,0,0,4,-21.6,0,0,0,0,0.264,7.63,94.59,0.9,0.28,879,0.2,86,1.9,2024.0,220.0,61.767
2024,7,16,8,0,12.4,1.22,0.02,0.62,0,0,0,0,4,-21.6,0,0,0,0,0.264,7.63,94.59,0.9,0.28,879,0.2,86,1.9,2024.0,220.0,45.944
2024,7,16,8,0,12.4,1.22,0.02,0.62,0,0,0,0,4,-21.6,0,0,0,0,0.264,7.63,94.59,0.9,0.28,879,0.2,86,1.9,2024.0,220.0,45.944
2024,7,16,9,0,17.1,1.23,0.019,0.62,30,656,124,0,3,-23.4,56,1,0,56,0.264,4.81,81.82,0.9,0.28,879,0.2,83,2.7,2024.0,220.0,38.27
2024,7,16,9,0,17.1,1.23,0.019,0.62,30,656,124,0,3,-23.4,56,1,0,56,0.264,4.81,81.82,0.9,0.28,879,0.2,83,2.7,2024.0,220.0,0.0
2024,7,16,9,0,17.1,1.23,0.019,0.62,30,656,124,0,3,-23.4,56,1,0,56,0.264,4.81,81.82,0.9,0.28,879,0.2,83,2.7,2024.0,220.0,0.0
2024,7,16,11,0,25.6,1.23,0.019,0.62,57,963,550,0,0,-17.9,57,963,0,550,0.263,4.58,59.21,0.9,0.28,880,0.2,150,3.7,2024.0,220.0,0.0
2024,7,16,12,0,27.6,1.25,0.019,0.62,63,1005,703,0,0,-16.8,63,1005,0,703,0.263,4.47,50.46,0.9,0.28,880,0.2,183,3.8,2024.0,220.0,32.726
2024,7,16,13,0,28.7,1.25,0.019,0.62,66,1025,792,0,0,-14.4,66,1025,0,792,0.263,5.14,44.87,0.9,0.28,879,0.2,210,4.1,2024.0,220.0,0.0
2024,7,16,14,0,28.9,1.22,0.021,0.62,68,1026,810,0,0,-11.9,68,1026,0,810,0.264,6.18,43.68,0.9,0.28,878,0.2,233,4.3,2024.0,220.0,0.0
2024,7,16,16,0,27.5,1.14,0.026,0.62,66,979,633,0,0,-8.8,66,979,0,633,0.264,8.6,54.59,0.91,0.28,878,0.2,239,3.7,2024.0,220.0,0.0
2024,7,16,18,0,20.8,1.06,0.028,0.62,44,757,229,0,0,-6.0,44,757,0,229,0.264,15.95,75.87,0.91,0.28,878,0.3,238,1.8,2024.0,220.0,82.525
2024,7,16,21,0,14.6,1.03,0.024,0.62,0,0,0,0,0,-7.1,0,0,0,0,0.264,21.62,114.55,0.91,0.28,878,0.2,111,1.0,2024.0,220.0,73.154
2024,7,16,22,0,14.5,1.05,0.022,0.62,0,0,0,0,0,-11.5,0,0,0,0,0.264,15.42,128.12,0.9,0.28,878,0.2,89,1.4,2024.0,220.0,69.582
2024,7,17,1,0,15.6,1.1,0.02,0.62,0,0,0,0,0,-15.8,0,0,0,0,0.263,10.14,169.54,0.9,0.28,878,0.2,65,1.5,2024.0,220.0,70.129
2024,7,17,1,0,15.6,1.1,0.02,0.62,0,0,0,0,0,-15.8,0,0,0,0,0.263,10.14,169.54,0.9,0.28,878,0.2,65,1.5,2024.0,220.0,67.439
2024,7,17,3,0,15.1,1.1,0.022,0.62,0,0,0,0,1,-12.0,0,0,0,0,0.263,14.33,162.49,0.9,0.28,878,0.2,43,1.2,2024.0,220.0,67.276
2024,7,17,6,0,14.8,1.12,0.022,0.62,0,0,0,0,0,-13.3,0,0,0,0,0.263,13.09,121.17,0.91,0.28,877,0.2,45,1.3,2024.0,220.0,70.251
2024,7,17,6,0,14.8,1.12,0.022,0.62,0,0,0,0,0,-13.3,0,0,0,0,0.263,13.09,121.17,0.91,0.28,877,0.2,45,1.3,2024.0,220.0,69.635
2024,7,17,7,0,15.0,1.14,0.022,0.62,0,0,0,0,4,-14.8,0,0,0,0,0.263,11.44,107.71,0.91,0.28,877,0.2,52,1.5,2024.0,220.0,69.951
2024,7,17,7,0,15.0,1.14,0.022,0.62,0,0,0,0,4,-14.8,0,0,0,0,0.263,11.44,107.71,0.91,0.28,877,0.2,52,1.5,2024.0,220.0,70.529
2024,7,17,8,0,15.3,1.16,0.022,0.62,0,0,0,0,1,-16.3,0,0,0,0,0.262,9.95,94.55,0.91,0.28,878,0.2,55,1.5,2024.0,220.0,64.014
2024,7,17,9,0,17.6,1.18,0.022,0.62,31,649,125,0,0,-16.9,31,649,0,125,0.262,8.13,81.76,0.91,0.28,878,0.2,51,1.5,2024.0,220.0,48.843
2024,7,17,9,0,17.6,1.18,0.022,0.62,31,649,125,0,0,-16.9,31,649,0,125,0.262,8.13,81.76,0.91,0.28,878,0.2,51,1.5,2024.0,220.0,44.777
2024,7,17,9,0,17.6,1.18,0.022,0.62,31,649,125,0,0,-16.9,31,649,0,125,0.262,8.13,81.76,0.91,0.28,878,0.2,51,1.5,2024.0,220.0,0.0
2024,7,17,13,0,27.5,1.26,0.027,0.62,73,1017,796,0,0,-10.7,73,1017,0,796,0.261,7.4,44.71,0.92,0.28,878,0.2,283,3.9,2024.0,220.0,0.0
2024,7,17,17,0,24.6,1.26,0.036,0.62,62,889,447,0,0,-4.9,62,889,0,447,0.257,13.74,64.35,0.93,0.28,877,0.3,277,3.1,2024.0,220.0,52.692
2024,7,17,18,0,20.3,1.26,0.038,0.62,47,742,230,0,0,-3.1,47,742,0,230,0.257,20.44,75.76,0.93,0.28,877,0.3,274,1.7,2024.0,220.0,79.135
2024,7,17,19,0,16.5,1.26,0.041,0.62,15,266,25,0,0,-0.8,15,266,0,25,0.257,30.68,87.94,0.93,0.28,878,0.4,266,1.1,2024.0,220.0,72.48
2024,7,17,19,0,16.5,1.26,0.041,0.62,15,266,25,0,0,-0.8,15,266,0,25,0.257,30.68,87.94,0.93,0.28,878,0.4,266,1.1,2024.0,220.0,86.986
2024,7,17,20,0,16.0,1.26,0.043,0.62,0,0,0,0,0,-0.1,0,0,0,0,0.256,33.42,101.15,0.93,0.28,879,0.4,154,0.4,2024.0,220.0,71.056
2024,7,17,20,0,16.0,1.26,0.043,0.62,0,0,0,0,0,-0.1,0,0,0,0,0.256,33.42,101.15,0.93,0.28,879,0.4,154,0.4,2024.0,220.0,72.91
2024,7,17,21,0,15.3,1.27,0.045,0.62,0,0,0,0,0,-1.1,0,0,0,0,0.256,32.51,114.48,0.93,0.28,879,0.4,94,1.4,2024.0,220.0,73.404
2024,7,17,22,0,15.2,1.29,0.045,0.62,0,0,0,0,0,-2.9,0,0,0,0,0.255,28.67,128.06,0.93,0.28,879,0.4,85,1.8,2024.0,220.0,72.822
2024,7,17,23,0,15.6,1.3,0.047,0.62,0,0,0,0,0,-4.3,0,0,0,0,0.255,25.18,141.8,0.94,0.28,879,0.4,77,1.7,2024.0,220.0,75.185
2024,7,17,24,0,15.6,1.31,0.049,0.62,0,0,0,0,0,-4.6,0,0,0,0,0.255,24.65,155.64,0.94,0.28,879,0.5,58,1.5,2024.0,220.0,73.89
2024,7,18,1,0,15.0,1.31,0.053,0.62,0,0,0,0,0,-4.0,0,0,0,0,0.256,26.67,169.5,0.94,0.28,879,0.5,21,1.3,2024.0,220.0,73.459
2024,7,18,1,0,15.0,1.31,0.053,0.62,0,0,0,0,0,-4.0,0,0,0,0,0.256,26.67,169.5,0.94,0.28,879,0.5,21,1.3,2024.0,220.0,71.29
2024,7,18,1,0,15.0,1.31,0.053,0.62,0,0,0,0,0,-4.0,0,0,0,0,0.256,26.67,169.5,0.94,0.28,879,0.5,21,1.3,2024.0,220.0,70.325
2024,7,18,1,0,15.0,1.31,0.053,0.62,0,0,0,0,0,-4.0,0,0,0,0,0.256,26.67,169.5,0.94,0.28,879,0.5,21,1.3,2024.0,220.0,69.262
2024,7,18,2,0,14.1,1.32,0.056,0.62,0,0,0,0,0,-3.5,0,0,0,0,0.257,29.37,176.2,0.94,0.28,879,0.5,354,1.5,2024.0,220.0,68.021
2024,7,18,6,0,12.7,1.35,0.051,0.62,0,0,0,0,1,-5.6,0,0,0,0,0.256,27.49,121.15,0.94,0.28,879,0.5,18,1.3,2024.0,220.0,72.135
2024,7,18,7,0,12.5,1.34,0.049,0.62,0,0,0,0,0,-6.3,0,0,0,0,0.256,26.48,107.67,0.94,0.28,879,0.5,19,1.3,2024.0,220.0,72.244
2024,7,18,7,0,12.5,1.34,0.049,0.62,0,0,0,0,0,-6.3,0,0,0,0,0.256,26.48,107.67,0.94,0.28,879,0.5,19,1.3,2024.0,220.0,73.618
2024,7,18,8,0,12.7,1.34,0.048,0.62,0,0,0,0,0,-6.7,0,0,0,0,0.256,25.29,94.5,0.94,0.28,879,0.5,27,1.3,2024.0,220.0,67.283
2024,7,18,8,0,12.7,1.34,0.048,0.62,0,0,0,0,0,-6.7,0,0,0,0,0.256,25.29,94.5,0.94,0.28,879,0.5,27,1.3,2024.0,220.0,63.03
2024,7,18,8,0,12.7,1.34,0.048,0.62,0,0,0,0,0,-6.7,0,0,0,0,0.256,25.29,94.5,0.94,0.28,879,0.5,27,1.3,2024.0,220.0,56.493
2024,7,18,8,0,12.7,1.34,0.048,0.62,0,0,0,0,0,-6.7,0,0,0,0,0.256,25.29,94.5,0.94,0.28,879,0.5,27,1.3,2024.0,220.0,30.157
2024,7,18,9,0,16.2,1.34,0.047,0.62,37,554,117,0,0,-6.9,37,554,0,117,0.255,19.93,81.69,0.94,0.28,880,0.5,33,0.8,2024.0,220.0,34.269
2024,7,18,9,0,16.2,1.34,0.047,0.62,37,554,117,0,0,-6.9,37,554,0,117,0.255,19.93,81.69,0.94,0.28,880,0.5,33,0.8,2024.0,220.0,45.999
2024,7,18,10,0,20.5,1.34,0.047,0.62,59,797,335,0,0,-6.9,59,797,0,335,0.255,15.18,69.77,0.94,0.28,880,0.5,17,1.2,2024.0,220.0,45.537
2024,7,18,10,0,20.5,1.34,0.047,0.62,59,797,335,0,0,-6.9,59,797,0,335,0.255,15.18,69.77,0.94,0.28,880,0.5,17,1.2,2024.0,220.0,42.997
2024,7,18,10,0,20.5,1.34,0.047,0.62,59,797,335,0,0,-6.9,59,797,0,335,0.255,15.18,69.77,0.94,0.28,880,0.5,17,1.2,2024.0,220.0,44.475
2024,7,18,11,0,23.1,1.35,0.048,0.62,73,895,534,0,0,-7.6,73,895,0,534,0.254,12.27,58.99,0.94,0.28,880,0.5,323,2.1,2024.0,220.0,44.066
2024,7,18,11,0,23.1,1.35,0.048,0.62,73,895,534,0,0,-7.6,73,895,0,534,0.254,12.27,58.99,0.94,0.28,880,0.5,323,2.1,2024.0,220.0,44.058
2024,7,18,11,0,23.1,1.35,0.048,0.62,73,895,534,0,0,-7.6,73,895,0,534,0.254,12.27,58.99,0.94,0.28,880,0.5,323,2.1,2024.0,220.0,40.341
2024,7,18,11,0,23.1,1.35,0.048,0.62,73,895,534,0,0,-7.6,73,895,0,534,0.254,12.27,58.99,0.94,0.28,880,0.5,323,2.1,2024.0,220.0,26.585
2024,7,18,12,0,24.8,1.34,0.049,0.62,81,942,684,0,0,-7.6,81,942,0,684,0.255,11.1,50.18,0.94,0.28,880,0.5,302,3.0,2024.0,220.0,28.619
2024,7,18,12,0,24.8,1.34,0.049,0.62,81,942,684,0,0,-7.6,81,942,0,684,0.255,11.1,50.18,0.94,0.28,880,0.5,302,3.0,2024.0,220.0,40.217
2024,7,18,13,0,25.5,1.33,0.048,0.62,84,965,772,0,0,-6.7,84,965,0,772,0.256,11.36,44.54,0.94,0.28,879,0.5,294,3.4,2024.0,220.0,26.713
2024,7,18,13,0,25.5,1.33,0.048,0.62,84,965,772,0,0,-6.7,84,965,0,772,0.256,11.36,44.54,0.94,0.28,879,0.5,294,3.4,2024.0,220.0,25.814
2024,7,18,13,0,25.5,1.33,0.048,0.62,84,965,772,0,0,-6.7,84,965,0,772,0.256,11.36,44.54,0.94,0.28,879,0.5,294,3.4,2024.0,220.0,0.0
2024,7,18,14,0,25.8,1.32,0.048,0.62,85,969,790,0,0,-6.0,85,969,0,790,0.257,11.83,43.33,0.94,0.28,878,0.5,291,3.3,2024.0,220.0,0.0
2024,7,18,15,0,25.6,1.31,0.047,0.62,82,958,737,0,0,-5.4,82,958,0,737,0.258,12.5,46.89,0.94,0.28,878,0.5,290,3.2,2024.0,220.0,0.0
2024,7,18,15,0,25.6,1.31,0.047,0.62,82,958,737,0,0,-5.4,82,958,0,737,0.258,12.5,46.89,0.94,0.28,878,0.5,290,3.2,2024.0,220.0,0.0
2024,7,18,18,0,20.2,1.31,0.05,0.62,50,693,222,0,0,-3.2,50,693,0,222,0.258,20.45,75.66,0.93,0.28,878,0.6,287,2.4,2024.0,220.0,58.544
2024,7,18,19,0,16.7,1.3,0.05,0.62,16,237,24,0,0,-1.4,16,237,0,24,0.258,29.17,87.86,0.93,0.28,878,0.6,293,1.6,2024.0,220.0,81.903
2024,7,18,19,0,16.7,1.3,0.05,0.62,16,237,24,0,0,-1.4,16,237,0,24,0.258,29.17,87.86,0.93,0.28,878,0.6,293,1.6,2024.0,220.0,74.849
2024,7,18,20,0,15.9,1.3,0.05,0.62,0,0,0,0,0,-0.7,0,0,0,0,0.257,32.3,101.07,0.93,0.28,879,0.6,42,0.7,2024.0,220.0,71.62
2024,7,18,21,0,14.9,1.3,0.049,0.62,0,0,0,0,0,-1.6,0,0,0,0,0.257,32.19,114.42,0.93,0.28,879,0.6,71,1.1,2024.0,220.0,66.982
2024,7,18,21,0,14.9,1.3,0.049,0.62,0,0,0,0,0,-1.6,0,0,0,0,0.257,32.19,114.42,0.93,0.28,879,0.6,71,1.1,2024.0,220.0,72.979
2024,7,18,22,0,14.8,1.3,0.048,0.62,0,0,0,0,0,-3.3,0,0,0,0,0.257,28.45,128.01,0.93,0.28,879,0.6,67,1.4,2024.0,220.0,71.734
2024,7,18,22,0,14.8,1.3,0.048,0.62,0,0,0,0,0,-3.3,0,0,0,0,0.257,28.45,128.01,0.93,0.28,879,0.6,67,1.4,2024.0,220.0,68.666
2024,7,18,22,0,14.8,1.3,0.048,0.62,0,0,0,0,0,-3.3,0,0,0,0,0.257,28.45,128.01,0.93,0.28,879,0.6,67,1.4,2024.0,220.0,71.734
2024,7,18,23,0,14.9,1.3,0.048,0.62,0,0,0,0,0,-4.8,0,0,0,0,0.256,25.38,141.75,0.93,0.28,879,0.6,58,1.4,2024.0,220.0,62.01
2024,7,18,24,0,14.8,1.3,0.048,0.62,0,0,0,0,0,-5.3,0,0,0,0,0.256,24.62,155.6,0.92,0.28,879,0.6,44,1.3,2024.0,220.0,65.292
2024,7,18,24,0,14.8,1.3,0.048,0.62,0,0,0,0,0,-5.3,0,0,0,0,0.256,24.62,155.6,0.92,0.28,879,0.6,44,1.3,2024.0,220.0,66.684
2024,7,19,1,0,14.3,1.31,0.049,0.62,0,0,0,0,0,-5.0,0,0,0,0,0.256,25.94,169.45,0.92,0.28,879,0.7,27,1.2,2024.0,220.0,65.867
2024,7,19,1,0,14.3,1.31,0.049,0.62,0,0,0,0,0,-5.0,0,0,0,0,0.256,25.94,169.45,0.92,0.28,879,0.7,27,1.2,2024.0,220.0,64.827
2024,7,19,2,0,13.9,1.31,0.049,0.62,0,0,0,0,0,-4.7,0,0,0,0,0.256,27.26,176.14,0.92,0.28,879,0.7,15,1.0,2024.0,220.0,65.749
2024,7,19,4,0,13.8,1.31,0.051,0.62,0,0,0,0,0,-5.2,0,0,0,0,0.256,26.38,148.6,0.92,0.28,878,0.7,35,1.1,2024.0,220.0,67.554
2024,7,19,5,0,14.0,1.31,0.053,0.62,0,0,0,0,0,-5.7,0,0,0,0,0.256,25.11,134.8,0.92,0.28,878,0.7,45,1.2,2024.0,220.0,69.895
2024,7,19,5,0,14.0,1.31,0.053,0.62,0,0,0,0,0,-5.7,0,0,0,0,0.256,25.11,134.8,0.92,0.28,878,0.7,45,1.2,2024.0,220.0,71.074
2024,7,19,5,0,14.0,1.31,0.053,0.62,0,0,0,0,0,-5.7,0,0,0,0,0.256,25.11,134.8,0.92,0.28,878,0.7,45,1.2,2024.0,220.0,73.056
2024,7,19,7,0,13.3,1.33,0.055,0.62,0,0,0,0,0,-6.0,0,0,0,0,0.255,25.64,107.63,0.93,0.28,878,0.7,30,1.3,2024.0,220.0,71.778
2024,7,19,8,0,12.9,1.36,0.058,0.62,0,0,0,0,1,-5.9,0,0,0,0,0.254,26.44,94.44,0.93,0.28,879,0.7,25,1.4,2024.0,220.0,65.771
2024,7,19,8,0,12.9,1.36,0.058,0.62,0,0,0,0,1,-5.9,0,0,0,0,0.254,26.44,94.44,0.93,0.28,879,0.7,25,1.4,2024.0,220.0,64.129
2024,7,19,8,0,12.9,1.36,0.058,0.62,0,0,0,0,1,-5.9,0,0,0,0,0.254,26.44,94.44,0.93,0.28,879,0.7,25,1.4,2024.0,220.0,29.924
2024,7,19,9,0,15.9,1.37,0.061,0.62,38,508,112,0,8,-5.9,48,3,0,48,0.254,21.92,81.62,0.93,0.28,879,0.8,23,1.3,2024.0,220.0,58.368
2024,7,19,9,0,15.9,1.37,0.061,0.62,38,508,112,0,8,-5.9,48,3,0,48,0.254,21.92,81.62,0.93,0.28,879,0.8,23,1.3,2024.0,220.0,57.017
2024,7,19,9,0,15.9,1.37,0.061,0.62,38,508,112,0,8,-5.9,48,3,0,48,0.254,21.92,81.62,0.93,0.28,879,0.8,23,1.3,2024.0,220.0,57.954
2024,7,19,9,0,15.9,1.37,0.061,0.62,38,508,112,0,8,-5.9,48,3,0,48,0.254,21.92,81.62,0.93,0.28,879,0.8,23,1.3,2024.0,220.0,54.548
2024,7,19,10,0,19.7,1.38,0.066,0.62,65,751,326,0,8,-6.0,168,78,0,195,0.253,17.13,69.67,0.94,0.28,880,0.8,1,2.0,2024.0,220.0,53.027
2024,7,19,10,0,19.7,1.38,0.066,0.62,65,751,326,0,8,-6.0,168,78,0,195,0.253,17.13,69.67,0.94,0.28,880,0.8,1,2.0,2024.0,220.0,52.073
2024,7,19,11,0,22.2,1.38,0.07,0.62,81,851,521,0,8,-7.1,267,221,0,381,0.254,13.47,58.87,0.94,0.28,880,0.8,337,2.6,2024.0,220.0,51.284
2024,7,19,11,0,22.2,1.38,0.07,0.62,81,851,521,0,8,-7.1,267,221,0,381,0.254,13.47,58.87,0.94,0.28,880,0.8,337,2.6,2024.0,220.0,49.315
2024,7,19,11,0,22.2,1.38,0.07,0.62,81,851,521,0,8,-7.1,267,221,0,381,0.254,13.47,58.87,0.94,0.28,880,0.8,337,2.6,2024.0,220.0,49.918
2024,7,19,12,0,23.6,1.37,0.072,0.62,91,897,667,0,0,-6.7,91,897,0,667,0.253,12.79,50.04,0.94,0.28,879,0.9,324,2.9,2024.0,220.0,48.924
2024,7,19,12,0,23.6,1.37,0.072,0.62,91,897,667,0,0,-6.7,91,897,0,667,0.253,12.79,50.04,0.94,0.28,879,0.9,324,2.9,2024.0,220.0,48.924
2024,7,19,14,0,24.0,1.36,0.074,0.62,98,924,772,0,0,-3.9,98,924,0,772,0.25,15.45,43.14,0.94,0.28,878,0.9,304,2.2,2024.0,220.0,29.95
2024,7,19,14,0,24.0,1.36,0.074,0.62,98,924,772,0,0,-3.9,98,924,0,772,0.25,15.45,43.14,0.94,0.28,878,0.9,304,2.2,2024.0,220.0,0.0
2024,7,19,16,0,22.2,1.35,0.077,0.62,89,870,599,0,0,-1.3,89,870,0,599,0.247,20.81,54.14,0.94,0.28,877,0.9,303,1.0,2024.0,220.0,30.58
2024,7,19,17,0,20.8,1.35,0.078,0.62,78,794,424,0,0,-0.6,78,794,0,424,0.245,23.81,64.09,0.94,0.28,878,0.9,312,0.5,2024.0,220.0,29.961
2024,7,19,17,0,20.8,1.35,0.078,0.62,78,794,424,0,0,-0.6,78,794,0,424,0.245,23.81,64.09,0.94,0.28,878,0.9,312,0.5,2024.0,220.0,49.357
2024,7,19,18,0,18.5,1.34,0.08,0.62,58,628,215,0,3,-0.2,112,3,0,113,0.245,28.33,75.55,0.94,0.28,878,0.9,327,0.6,2024.0,220.0,51.546
2024,7,19,18,0,18.5,1.34,0.08,0.62,58,628,215,0,3,-0.2,112,3,0,113,0.245,28.33,75.55,0.94,0.28,878,0.9,327,0.6,2024.0,220.0,51.275
2024,7,19,19,0,15.3,1.32,0.08,0.62,17,175,24,7,7,0.8,6,0,7,6,0.246,37.39,87.77,0.94,0.28,878,0.9,352,1.0,2024.0,220.0,52.649
2024,7,19,19,0,15.3,1.32,0.08,0.62,17,175,24,7,7,0.8,6,0,7,6,0.246,37.39,87.77,0.94,0.28,878,0.9,352,1.0,2024.0,220.0,53.108
2024,7,19,19,0,15.3,1.32,0.08,0.62,17,175,24,7,7,0.8,6,0,7,6,0.246,37.39,87.77,0.94,0.28,878,0.9,352,1.0,2024.0,220.0,69.114
2024,7,19,20,0,14.3,1.31,0.078,0.62,0,0,0,0,7,1.2,0,0,0,0,0.247,40.9,101.0,0.94,0.28,879,0.9,39,1.2,2024.0,220.0,70.389
2024,7,19,20,0,14.3,1.31,0.078,0.62,0,0,0,0,7,1.2,0,0,0,0,0.247,40.9,101.0,0.94,0.28,879,0.9,39,1.2,2024.0,220.0,68.61
2024,7,19,20,0,14.3,1.31,0.078,0.62,0,0,0,0,7,1.2,0,0,0,0,0.247,40.9,101.0,0.94,0.28,879,0.9,39,1.2,2024.0,220.0,65.651
2024,7,19,21,0,14.0,1.3,0.076,0.62,0,0,0,0,7,0.5,0,0,0,0,0.247,39.79,114.35,0.94,0.28,879,0.9,54,1.3,2024.0,220.0,69.644
2024,7,19,24,0,13.0,1.28,0.078,0.62,0,0,0,0,7,-0.4,0,0,0,0,0.248,39.8,155.56,0.94,0.28,879,0.8,26,1.4,2024.0,220.0,71.921
2024,7,19,24,0,13.0,1.28,0.078,0.62,0,0,0,0,7,-0.4,0,0,0,0,0.248,39.8,155.56,0.94,0.28,879,0.8,26,1.4,2024.0,220.0,80.571
2024,7,20,1,0,12.5,1.27,0.087,0.62,0,0,0,0,5,0.2,0,0,0,0,0.249,42.76,169.4,0.95,0.28,879,0.9,21,1.4,2024.0,220.0,79.758
2024,7,20,1,0,12.5,1.27,0.087,0.62,0,0,0,0,5,0.2,0,0,0,0,0.249,42.76,169.4,0.95,0.28,879,0.9,21,1.4,2024.0,220.0,70.664
2024,7,20,2,0,12.6,1.26,0.092,0.62,0,0,0,0,0,0.6,0,0,0,0,0.249,43.93,176.07,0.95,0.28,879,0.9,16,1.3,2024.0,220.0,66.861
2024,7,20,6,0,10.9,1.26,0.087,0.62,0,0,0,0,0,1.0,0,0,0,0,0.254,50.55,121.08,0.93,0.28,878,1.1,24,1.3,2024.0,220.0,68.756
2024,7,20,6,0,10.9,1.26,0.087,0.62,0,0,0,0,0,1.0,0,0,0,0,0.254,50.55,121.08,0.93,0.28,878,1.1,24,1.3,2024.0,220.0,70.002
2024,7,20,6,0,10.9,1.26,0.087,0.62,0,0,0,0,0,1.0,0,0,0,0,0.254,50.55,121.08,0.93,0.28,878,1.1,24,1.3,2024.0,220.0,94.427
2024,7,20,8,0,10.7,1.25,0.083,0.62,0,0,0,0,0,1.1,0,0,0,0,0.254,51.67,94.38,0.93,0.28,879,1.1,26,1.4,2024.0,220.0,70.703
2024,7,20,8,0,10.7,1.25,0.083,0.62,0,0,0,0,0,1.1,0,0,0,0,0.254,51.67,94.38,0.93,0.28,879,1.1,26,1.4,2024.0,220.0,59.678
2024,7,20,9,0,14.8,1.25,0.083,0.62,41,453,108,0,0,1.3,41,453,0,108,0.254,39.81,81.55,0.92,0.28,879,1.1,23,1.1,2024.0,220.0,0.0
2024,7,20,11,0,20.2,1.28,0.077,0.62,84,830,514,0,0,1.4,84,830,0,514,0.255,28.65,58.75,0.93,0.28,880,1.1,327,2.2,2024.0,220.0,30.448
2024,7,20,12,0,21.3,1.27,0.079,0.62,94,878,660,0,0,2.1,94,878,0,660,0.255,28.03,49.88,0.93,0.28,880,1.2,318,2.7,2024.0,220.0,0.0
2024,7,20,17,0,17.7,1.23,0.087,0.62,81,770,419,0,0,5.3,81,770,0,419,0.256,44.13,63.96,0.94,0.28,879,1.2,310,3.2,2024.0,220.0,43.016
2024,7,20,18,0,15.6,1.22,0.087,0.62,60,601,211,0,0,5.8,60,601,0,211,0.256,52.09,75.44,0.95,0.28,880,1.3,312,1.7,2024.0,220.0,52.546
2024,7,20,18,0,15.6,1.22,0.087,0.62,60,601,211,0,0,5.8,60,601,0,211,0.256,52.09,75.44,0.95,0.28,880,1.3,312,1.7,2024.0,220.0,56.856
2024,7,20,18,0,15.6,1.22,0.087,0.62,60,601,211,0,0,5.8,60,601,0,211,0.256,52.09,75.44,0.95,0.28,880,1.3,312,1.7,2024.0,220.0,62.748
2024,7,20,18,0,15.6,1.22,0.087,0.62,60,601,211,0,0,5.8,60,601,0,211,0.256,52.09,75.44,0.95,0.28,880,1.3,312,1.7,2024.0,220.0,76.992
2024,7,20,19,0,12.7,1.22,0.089,0.62,17,153,24,0,0,6.4,17,153,0,24,0.257,65.65,87.68,0.95,0.28,880,1.3,312,1.2,2024.0,220.0,73.075
2024,7,20,19,0,12.7,1.22,0.089,0.62,17,153,24,0,0,6.4,17,153,0,24,0.257,65.65,87.68,0.95,0.28,880,1.3,312,1.2,2024.0,220.0,87.912
2024,7,20,20,0,11.6,1.21,0.091,0.62,0,0,0,0,0,6.8,0,0,0,0,0.257,72.34,100.92,0.95,0.28,880,1.3,341,0.6,2024.0,220.0,87.865
2024,7,20,20,0,11.6,1.21,0.091,0.62,0,0,0,0,0,6.8,0,0,0,0,0.257,72.34,100.92,0.95,0.28,880,1.3,341,0.6,2024.0,220.0,85.03
2024,7,20,20,0,11.6,1.21,0.091,0.62,0,0,0,0,0,6.8,0,0,0,0,0.257,72.34,100.92,0.95,0.28,880,1.3,341,0.6,2024.0,220.0,85.496
2024,7,20,23,0,10.7,1.22,0.109,0.62,0,0,0,0,0,6.4,0,0,0,0,0.254,74.63,141.66,0.95,0.28,881,1.4,30,1.5,2024.0,220.0,73.158
2024,7,21,1,0,10.5,1.22,0.12,0.62,0,0,0,0,0,6.1,0,0,0,0,0.253,74.3,169.35,0.95,0.28,880,1.4,21,1.6,2024.0,220.0,73.697
2024,7,21,2,0,10.5,1.23,0.116,0.62,0,0,0,0,0,6.0,0,0,0,0,0.252,73.58,175.99,0.95,0.28,880,1.4,24,1.6,2024.0,220.0,69.715
2024,7,21,2,0,10.5,1.23,0.116,0.62,0,0,0,0,0,6.0,0,0,0,0,0.252,73.58,175.99,0.95,0.28,880,1.4,24,1.6,2024.0,220.0,69.218
2024,7,21,8,0,10.4,1.24,0.119,0.62,0,0,0,0,0,4.8,0,0,0,0,0.253,68.22,94.32,0.95,0.28,879,1.2,7,1.9,2024.0,220.0,64.491
2024,7,21,9,0,13.1,1.26,0.112,0.62,47,406,107,0,0,4.7,47,406,0,107,0.253,56.73,81.46,0.95,0.28,879,1.2,3,2.7,2024.0,220.0,60.214
2024,7,21,9,0,13.1,1.26,0.112,0.62,47,406,107,0,0,4.7,47,406,0,107,0.253,56.73,81.46,0.95,0.28,879,1.2,3,2.7,2024.0,220.0,56.726
2024,7,21,9,0,13.1,1.26,0.112,0.62,47,406,107,0,0,4.7,47,406,0,107,0.253,56.73,81.46,0.95,0.28,879,1.2,3,2.7,2024.0,220.0,53.098
2024,7,21,9,0,13.1,1.26,0.112,0.62,47,406,107,0,0,4.7,47,406,0,107,0.253,56.73,81.46,0.95,0.28,879,1.2,3,2.7,2024.0,220.0,0.0
2024,7,21,18,0,17.1,1.21,0.047,0.62,50,681,222,0,0,5.0,50,681,0,222,0.254,44.93,75.33,0.93,0.28,878,1.0,312,2.8,2024.0,220.0,34.192
2024,7,21,18,0,17.1,1.21,0.047,0.62,50,681,222,0,0,5.0,50,681,0,222,0.254,44.93,75.33,0.93,0.28,878,1.0,312,2.8,2024.0,220.0,53.319
2024,7,21,18,0,17.1,1.21,0.047,0.62,50,681,222,0,0,5.0,50,681,0,222,0.254,44.93,75.33,0.93,0.28,878,1.0,312,2.8,2024.0,220.0,79.99
2024,7,21,19,0,13.7,1.22,0.046,0.62,16,244,27,0,0,5.7,16,244,0,27,0.255,58.3,87.6,0.93,0.28,878,1.0,310,1.4,2024.0,220.0,79.042
2024,7,21,19,0,13.7,1.22,0.046,0.62,16,244,27,0,0,5.7,16,244,0,27,0.255,58.3,87.6,0.93,0.28,878,1.0,310,1.4,2024.0,220.0,93.525
2024,7,21,20,0,12.7,1.22,0.045,0.62,0,0,0,0,0,6.0,0,0,0,0,0.255,63.56,100.85,0.93,0.28,878,1.0,1,1.3,2024.0,220.0,103.503
2024,7,21,20,0,12.7,1.22,0.045,0.62,0,0,0,0,0,6.0,0,0,0,0,0.255,63.56,100.85,0.93,0.28,878,1.0,1,1.3,2024.0,220.0,106.39
2024,7,21,22,0,11.7,1.23,0.042,0.62,0,0,0,0,0,5.4,0,0,0,0,0.256,65.42,127.85,0.92,0.28,879,0.9,50,2.0,2024.0,220.0,99.272
2024,7,21,22,0,11.7,1.23,0.042,0.62,0,0,0,0,0,5.4,0,0,0,0,0.256,65.42,127.85,0.92,0.28,879,0.9,50,2.0,2024.0,220.0,85.283
2024,7,21,23,0,11.6,1.24,0.04,0.62,0,0,0,0,0,5.1,0,0,0,0,0.257,64.14,141.62,0.92,0.28,878,0.9,42,2.2,2024.0,220.0,76.752
2024,7,21,24,0,11.5,1.24,0.04,0.62,0,0,0,0,0,4.8,0,0,0,0,0.257,63.48,155.47,0.92,0.28,878,0.9,30,2.2,2024.0,220.0,77.739
2024,7,22,1,0,11.2,1.23,0.039,0.62,0,0,0,0,0,4.6,0,0,0,0,0.257,63.71,169.3,0.92,0.28,878,0.9,26,2.1,2024.0,220.0,74.176
2024,7,22,1,0,11.2,1.23,0.039,0.62,0,0,0,0,0,4.6,0,0,0,0,0.257,63.71,169.3,0.92,0.28,878,0.9,26,2.1,2024.0,220.0,73.312
2024,7,22,2,0,11.0,1.23,0.039,0.62,0,0,0,0,0,4.2,0,0,0,0,0.256,62.75,175.89,0.92,0.28,878,1.0,25,1.9,2024.0,220.0,72.492
2024,7,22,2,0,11.0,1.23,0.039,0.62,0,0,0,0,0,4.2,0,0,0,0,0.256,62.75,175.89,0.92,0.28,878,1.0,25,1.9,2024.0,220.0,74.919
2024,7,22,3,0,10.9,1.23,0.039,0.62,0,0,0,0,0,3.6,0,0,0,0,0.255,60.8,162.41,0.92,0.28,877,1.0,25,1.7,2024.0,220.0,76.135
2024,7,22,6,0,10.7,1.23,0.048,0.62,0,0,0,0,7,2.3,0,0,0,0,0.25,56.23,121.0,0.93,0.28,877,1.1,25,1.7,2024.0,220.0,70.204
2024,7,22,6,0,10.7,1.23,0.048,0.62,0,0,0,0,7,2.3,0,0,0,0,0.25,56.23,121.0,0.93,0.28,877,1.1,25,1.7,2024.0,220.0,74.989
2024,7,22,7,0,10.7,1.22,0.052,0.62,0,0,0,0,8,2.0,0,0,0,0,0.25,54.9,107.48,0.93,0.28,877,1.2,26,1.9,2024.0,220.0,99.373
2024,7,22,7,0,10.7,1.22,0.052,0.62,0,0,0,0,8,2.0,0,0,0,0,0.25,54.9,107.48,0.93,0.28,877,1.2,26,1.9,2024.0,220.0,101.4
2024,7,22,8,0,11.4,1.21,0.059,0.62,0,0,0,1,7,1.7,0,0,1,0,0.249,51.47,94.25,0.94,0.28,878,1.2,23,2.1,2024.0,220.0,79.568
2024,7,22,9,0,15.2,1.21,0.066,0.62,40,483,113,0,7,1.8,78,86,0,91,0.249,40.38,81.38,0.95,0.28,878,1.3,17,3.0,2024.0,220.0,53.394
2024,7,22,9,0,15.2,1.21,0.066,0.62,40,483,113,0,7,1.8,78,86,0,91,0.249,40.38,81.38,0.95,0.28,878,1.3,17,3.0,2024.0,220.0,50.724
2024,7,22,9,0,15.2,1.21,0.066,0.62,40,483,113,0,7,1.8,78,86,0,91,0.249,40.38,81.38,0.95,0.28,878,1.3,17,3.0,2024.0,220.0,47.699
2024,7,22,9,0,15.2,1.21,0.066,0.62,40,483,113,0,7,1.8,78,86,0,91,0.249,40.38,81.38,0.95,0.28,878,1.3,17,3.0,2024.0,220.0,29.901
2024,7,22,9,0,15.2,1.21,0.066,0.62,40,483,113,0,7,1.8,78,86,0,91,0.249,40.38,81.38,0.95,0.28,878,1.3,17,3.0,2024.0,220.0,0.0
2024,7,22,17,0,20.5,1.27,0.084,0.62,80,771,421,0,4,3.9,206,14,0,212,0.246,33.5,63.7,0.94,0.28,878,1.4,319,4.3,2024.0,220.0,46.587
2024,7,22,18,0,18.4,1.28,0.082,0.62,58,613,215,7,3,4.3,13,0,7,13,0.247,39.34,75.22,0.93,0.28,878,1.4,320,2.6,2024.0,220.0,74.967
2024,7,22,19,0,14.8,1.3,0.076,0.62,17,186,25,7,3,5.2,14,0,7,14,0.248,52.47,87.51,0.92,0.28,879,1.4,318,1.4,2024.0,220.0,80.244
2024,7,22,19,0,14.8,1.3,0.076,0.62,17,186,25,7,3,5.2,14,0,7,14,0.248,52.47,87.51,0.92,0.28,879,1.4,318,1.4,2024.0,220.0,105.802
2024,7,22,20,0,13.6,1.31,0.069,0.62,0,0,0,1,8,5.6,0,0,1,0,0.248,58.43,100.77,0.92,0.28,879,1.3,344,0.7,2024.0,220.0,103.004
2024,7,22,24,0,12.0,1.32,0.055,0.62,0,0,0,0,0,4.5,0,0,0,0,0.247,59.93,155.43,0.9,0.29,881,1.1,6,1.4,2024.0,220.0,79.433
2024,7,22,24,0,12.0,1.32,0.055,0.62,0,0,0,0,0,4.5,0,0,0,0,0.247,59.93,155.43,0.9,0.29,881,1.1,6,1.4,2024.0,220.0,72.596
2024,7,23,1,0,11.7,1.33,0.056,0.62,0,0,0,0,0,4.3,0,0,0,0,0.246,60.48,169.24,0.91,0.29,881,1.0,9,1.6,2024.0,220.0,67.624
2024,7,23,1,0,11.7,1.33,0.056,0.62,0,0,0,0,0,4.3,0,0,0,0,0.246,60.48,169.24,0.91,0.29,881,1.0,9,1.6,2024.0,220.0,63.596
2024,7,23,1,0,11.7,1.33,0.056,0.62,0,0,0,0,0,4.3,0,0,0,0,0.246,60.48,169.24,0.91,0.29,881,1.0,9,1.6,2024.0,220.0,61.843
2024,7,23,2,0,11.5,1.33,0.056,0.62,0,0,0,0,5,4.0,0,0,0,0,0.245,59.94,175.78,0.91,0.29,880,1.0,16,1.7,2024.0,220.0,64.104
2024,7,23,2,0,11.5,1.33,0.056,0.62,0,0,0,0,5,4.0,0,0,0,0,0.245,59.94,175.78,0.91,0.29,880,1.0,16,1.7,2024.0,220.0,61.82
2024,7,23,3,0,11.4,1.34,0.055,0.62,0,0,0,0,0,3.6,0,0,0,0,0.245,58.69,162.37,0.91,0.29,880,1.0,22,1.8,2024.0,220.0,63.725
2024,7,23,4,0,11.2,1.34,0.054,0.62,0,0,0,0,0,3.2,0,0,0,0,0.245,57.76,148.51,0.9,0.29,880,0.9,25,1.7,2024.0,220.0,63.016
2024,7,23,4,0,11.2,1.34,0.054,0.62,0,0,0,0,0,3.2,0,0,0,0,0.245,57.76,148.51,0.9,0.29,880,0.9,25,1.7,2024.0,220.0,62.94
2024,7,23,5,0,11.0,1.35,0.053,0.62,0,0,0,0,0,2.7,0,0,0,0,0.244,56.76,134.67,0.9,0.29,880,0.9,27,1.6,2024.0,220.0,63.525
2024,7,23,7,0,11.0,1.38,0.051,0.62,0,0,0,0,1,1.6,0,0,0,0,0.244,52.37,107.42,0.89,0.29,881,0.9,30,1.4,2024.0,220.0,67.835
2024,7,23,8,0,11.6,1.39,0.05,0.62,0,0,0,0,0,0.9,0,0,0,0,0.243,47.86,94.18,0.89,0.29,881,0.8,32,1.6,2024.0,220.0,66.187
2024,7,23,8,0,11.6,1.39,0.05,0.62,0,0,0,0,0,0.9,0,0,0,0,0.243,47.86,94.18,0.89,0.29,881,0.8,32,1.6,2024.0,220.0,62.782
2024,7,23,8,0,11.6,1.39,0.05,0.62,0,0,0,0,0,0.9,0,0,0,0,0.243,47.86,94.18,0.89,0.29,881,0.8,32,1.6,2024.0,220.0,58.254
2024,7,23,9,0,15.8,1.4,0.049,0.62,37,544,119,0,0,0.4,37,544,0,119,0.243,35.04,81.29,0.89,0.29,881,0.8,31,2.1,2024.0,220.0,34.562
2024,7,23,9,0,15.8,1.4,0.049,0.62,37,544,119,0,0,0.4,37,544,0,119,0.243,35.04,81.29,0.89,0.29,881,0.8,31,2.1,2024.0,220.0,0.0
2024,7,23,9,0,15.8,1.4,0.049,0.62,37,544,119,0,0,0.4,37,544,0,119,0.243,35.04,81.29,0.89,0.29,881,0.8,31,2.1,2024.0,220.0,0.0
2024,7,23,10,0,19.3,1.4,0.049,0.62,59,782,336,0,0,0.5,59,782,0,336,0.242,28.44,69.25,0.89,0.29,882,0.8,349,2.6,2024.0,220.0,0.0
2024,7,23,17,0,23.3,1.31,0.045,0.62,66,857,447,0,0,-1.1,66,857,0,447,0.246,19.78,63.56,0.9,0.29,880,0.6,300,3.8,2024.0,220.0,28.371
2024,7,23,17,0,23.3,1.31,0.045,0.62,66,857,447,0,0,-1.1,66,857,0,447,0.246,19.78,63.56,0.9,0.29,880,0.6,300,3.8,2024.0,220.0,42.573
2024,7,23,18,0,20.5,1.3,0.039,0.62,48,724,234,0,0,-0.7,48,724,0,234,0.247,24.2,75.11,0.91,0.29,880,0.6,295,2.7,2024.0,220.0,50.895
2024,7,23,18,0,20.5,1.3,0.039,0.62,48,724,234,0,0,-0.7,48,724,0,234,0.247,24.2,75.11,0.91,0.29,880,0.6,295,2.7,2024.0,220.0,58.744
2024,7,23,18,0,20.5,1.3,0.039,0.62,48,724,234,0,0,-0.7,48,724,0,234,0.247,24.2,75.11,0.91,0.29,880,0.6,295,2.7,2024.0,220.0,76.23
2024,7,23,18,0,20.5,1.3,0.039,0.62,48,724,234,0,0,-0.7,48,724,0,234,0.247,24.2,75.11,0.91,0.29,880,0.6,295,2.7,2024.0,220.0,95.736
2024,7,23,18,0,20.5,1.3,0.039,0.62,48,724,234,0,0,-0.7,48,724,0,234,0.247,24.2,75.11,0.91,0.29,880,0.6,295,2.7,2024.0,220.0,105.206
2024,7,23,19,0,16.5,1.31,0.036,0.62,17,304,30,0,0,0.3,17,304,0,30,0.248,33.42,87.43,0.91,0.29,880,0.6,280,1.5,2024.0,220.0,100.347
2024,7,23,19,0,16.5,1.31,0.036,0.62,17,304,30,0,0,0.3,17,304,0,30,0.248,33.42,87.43,0.91,0.29,880,0.6,280,1.5,2024.0,220.0,76.107
2024,7,23,19,0,16.5,1.31,0.036,0.62,17,304,30,0,0,0.3,17,304,0,30,0.248,33.42,87.43,0.91,0.29,880,0.6,280,1.5,2024.0,220.0,90.978
2024,7,23,20,0,15.5,1.3,0.036,0.62,0,0,0,0,0,0.8,0,0,0,0,0.248,36.72,100.69,0.91,0.29,881,0.5,23,0.5,2024.0,220.0,92.761
2024,7,23,20,0,15.5,1.3,0.036,0.62,0,0,0,0,0,0.8,0,0,0,0,0.248,36.72,100.69,0.91,0.29,881,0.5,23,0.5,2024.0,220.0,76.8
2024,7,23,21,0,14.4,1.31,0.035,0.62,0,0,0,0,0,0.3,0,0,0,0,0.247,38.0,114.1,0.91,0.29,881,0.5,65,1.0,2024.0,220.0,93.282
2024,7,23,21,0,14.4,1.31,0.035,0.62,0,0,0,0,0,0.3,0,0,0,0,0.247,38.0,114.1,0.91,0.29,881,0.5,65,1.0,2024.0,220.0,102.888
2024,7,23,21,0,14.4,1.31,0.035,0.62,0,0,0,0,0,0.3,0,0,0,0,0.247,38.0,114.1,0.91,0.29,881,0.5,65,1.0,2024.0,220.0,102.573
2024,7,23,22,0,14.0,1.31,0.035,0.62,0,0,0,0,0,-0.6,0,0,0,0,0.246,36.56,127.74,0.91,0.29,881,0.5,53,1.2,2024.0,220.0,96.283
2024,7,23,24,0,14.1,1.3,0.034,0.62,0,0,0,0,0,-2.1,0,0,0,0,0.246,32.58,155.39,0.91,0.29,882,0.5,37,1.0,2024.0,220.0,73.57
2024,7,24,1,0,14.0,1.3,0.034,0.62,0,0,0,0,0,-2.5,0,0,0,0,0.246,31.9,169.18,0.91,0.29,882,0.4,31,0.9,2024.0,220.0,71.601
2024,7,24,2,0,13.7,1.3,0.033,0.62,0,0,0,0,0,-2.8,0,0,0,0,0.246,31.85,175.66,0.91,0.29,882,0.4,30,1.0,2024.0,220.0,71.416
2024,7,24,2,0,13.7,1.3,0.033,0.62,0,0,0,0,0,-2.8,0,0,0,0,0.246,31.85,175.66,0.91,0.29,882,0.4,30,1.0,2024.0,220.0,68.824
2024,7,24,4,0,13.0,1.32,0.032,0.62,0,0,0,0,1,-3.4,0,0,0,0,0.246,31.92,148.47,0.91,0.29,881,0.4,38,1.1,2024.0,220.0,59.314
2024,7,24,4,0,13.0,1.32,0.032,0.62,0,0,0,0,1,-3.4,0,0,0,0,0.246,31.92,148.47,0.91,0.29,881,0.4,38,1.1,2024.0,220.0,68.06
2024,7,24,4,0,13.0,1.32,0.032,0.62,0,0,0,0,1,-3.4,0,0,0,0,0.246,31.92,148.47,0.91,0.29,881,0.4,38,1.1,2024.0,220.0,68.655
2024,7,24,5,0,12.6,1.33,0.031,0.62,0,0,0,0,3,-3.8,0,0,0,0,0.246,31.62,134.63,0.91,0.29,881,0.4,48,1.1,2024.0,220.0,71.157
2024,7,24,5,0,12.6,1.33,0.031,0.62,0,0,0,0,3,-3.8,0,0,0,0,0.246,31.62,134.63,0.91,0.29,881,0.4,48,1.1,2024.0,220.0,70.624
2024,7,24,6,0,12.3,1.34,0.029,0.62,0,0,0,0,4,-4.6,0,0,0,0,0.246,30.46,120.9,0.9,0.29,881,0.4,58,1.0,2024.0,220.0,68.256
2024,7,24,7,0,12.2,1.34,0.028,0.62,0,0,0,0,4,-5.7,0,0,0,0,0.247,28.2,107.36,0.9,0.29,882,0.4,66,1.1,2024.0,220.0,68.47
2024,7,24,7,0,12.2,1.34,0.028,0.62,0,0,0,0,4,-5.7,0,0,0,0,0.247,28.2,107.36,0.9,0.29,882,0.4,66,1.1,2024.0,220.0,71.467
2024,7,24,7,0,12.2,1.34,0.028,0.62,0,0,0,0,4,-5.7,0,0,0,0,0.247,28.2,107.36,0.9,0.29,882,0.4,66,1.1,2024.0,220.0,74.296
2024,7,24,8,0,13.0,1.34,0.027,0.62,0,0,0,0,4,-7.0,0,0,0,0,0.247,24.19,94.1,0.9,0.29,882,0.4,67,1.1,2024.0,220.0,63.165
2024,7,24,8,0,13.0,1.34,0.027,0.62,0,0,0,0,4,-7.0,0,0,0,0,0.247,24.19,94.1,0.9,0.29,882,0.4,67,1.1,2024.0,220.0,53.949
2024,7,24,9,0,17.4,1.35,0.026,0.62,33,642,132,0,0,-8.3,33,642,0,132,0.247,16.52,81.2,0.9,0.29,883,0.3,67,1.7,2024.0,220.0,32.195
2024,7,24,9,0,17.4,1.35,0.026,0.62,33,642,132,0,0,-8.3,33,642,0,132,0.247,16.52,81.2,0.9,0.29,883,0.3,67,1.7,2024.0,220.0,0.0
2024,7,24,9,0,17.4,1.35,0.026,0.62,33,642,132,0,0,-8.3,33,642,0,132,0.247,16.52,81.2,0.9,0.29,883,0.3,67,1.7,2024.0,220.0,0.0
2024,7,24,10,0,22.0,1.35,0.026,0.62,52,860,358,0,0,-8.0,52,860,0,358,0.246,12.75,69.14,0.89,0.29,883,0.3,44,2.5,2024.0,220.0,0.0
2024,7,24,16,0,27.5,1.38,0.042,0.62,75,945,639,0,0,-10.9,75,945,0,639,0.243,7.31,53.34,0.92,0.29,881,0.4,264,3.8,2024.0,220.0,0.0
2024,7,24,18,0,22.4,1.39,0.05,0.62,52,725,239,0,0,-8.1,52,725,0,239,0.242,12.35,75.0,0.92,0.29,881,0.4,259,2.4,2024.0,220.0,44.385
2024,7,24,18,0,22.4,1.39,0.05,0.62,52,725,239,0,0,-8.1,52,725,0,239,0.242,12.35,75.0,0.92,0.29,881,0.4,259,2.4,2024.0,220.0,47.146
2024,7,24,18,0,22.4,1.39,0.05,0.62,52,725,239,0,0,-8.1,52,725,0,239,0.242,12.35,75.0,0.92,0.29,881,0.4,259,2.4,2024.0,220.0,54.163
2024,7,24,18,0,22.4,1.39,0.05,0.62,52,725,239,0,0,-8.1,52,725,0,239,0.242,12.35,75.0,0.92,0.29,881,0.4,259,2.4,2024.0,220.0,56.791
2024,7,24,18,0,22.4,1.39,0.05,0.62,52,725,239,0,0,-8.1,52,725,0,239,0.242,12.35,75.0,0.92,0.29,881,0.4,259,2.4,2024.0,220.0,62.802
2024,7,24,18,0,22.4,1.39,0.05,0.62,52,725,239,0,0,-8.1,52,725,0,239,0.242,12.35,75.0,0.92,0.29,881,0.4,259,2.4,2024.0,220.0,77.599
2024,7,24,18,0,22.4,1.39,0.05,0.62,52,725,239,0,0,-8.1,52,725,0,239,0.242,12.35,75.0,0.92,0.29,881,0.4,259,2.4,2024.0,220.0,78.352
2024,7,24,19,0,18.0,1.39,0.051,0.62,18,281,31,0,0,-5.5,18,281,0,31,0.242,19.77,87.34,0.93,0.29,881,0.5,247,1.4,2024.0,220.0,77.657
2024,7,24,19,0,18.0,1.39,0.051,0.62,18,281,31,0,0,-5.5,18,281,0,31,0.242,19.77,87.34,0.93,0.29,881,0.5,247,1.4,2024.0,220.0,74.341
2024,7,24,19,0,18.0,1.39,0.051,0.62,18,281,31,0,0,-5.5,18,281,0,31,0.242,19.77,87.34,0.93,0.29,881,0.5,247,1.4,2024.0,220.0,70.322
2024,7,24,24,0,16.3,1.42,0.043,0.62,0,0,0,0,0,-11.2,0,0,0,0,0.244,14.11,155.34,0.92,0.28,882,0.4,86,1.3,2024.0,220.0,65.056
2024,7,24,24,0,16.3,1.42,0.043,0.62,0,0,0,0,0,-11.2,0,0,0,0,0.244,14.11,155.34,0.92,0.28,882,0.4,86,1.3,2024.0,220.0,65.58
2024,7,25,1,0,16.3,1.42,0.042,0.62,0,0,0,0,0,-10.9,0,0,0,0,0.245,14.48,169.12,0.91,0.28,882,0.4,79,1.3,2024.0,220.0,66.935
2024,7,25,3,0,15.5,1.4,0.049,0.62,0,0,0,0,5,-9.8,0,0,0,0,0.248,16.63,162.29,0.91,0.28,881,0.5,64,1.2,2024.0,220.0,63.111
2024,7,25,3,0,15.5,1.4,0.049,0.62,0,0,0,0,5,-9.8,0,0,0,0,0.248,16.63,162.29,0.91,0.28,881,0.5,64,1.2,2024.0,220.0,63.423
2024,7,25,3,0,15.5,1.4,0.049,0.62,0,0,0,0,5,-9.8,0,0,0,0,0.248,16.63,162.29,0.91,0.28,881,0.5,64,1.2,2024.0,220.0,65.697
2024,7,25,3,0,15.5,1.4,0.049,0.62,0,0,0,0,5,-9.8,0,0,0,0,0.248,16.63,162.29,0.91,0.28,881,0.5,64,1.2,2024.0,220.0,66.434
2024,7,25,3,0,15.5,1.4,0.049,0.62,0,0,0,0,5,-9.8,0,0,0,0,0.248,16.63,162.29,0.91,0.28,881,0.5,64,1.2,2024.0,220.0,66.434
2024,7,25,5,0,15.2,1.3,0.069,0.62,0,0,0,0,8,-11.4,0,0,0,0,0.25,14.83,134.59,0.94,0.28,880,0.5,89,1.0,2024.0,220.0,72.318
2024,7,25,5,0,15.2,1.3,0.069,0.62,0,0,0,0,8,-11.4,0,0,0,0,0.25,14.83,134.59,0.94,0.28,880,0.5,89,1.0,2024.0,220.0,73.888
2024,7,25,7,0,15.5,1.28,0.071,0.62,0,0,0,0,8,-13.2,0,0,0,0,0.25,12.62,107.29,0.94,0.28,880,0.5,90,0.9,2024.0,220.0,82.218
2024,7,25,7,0,15.5,1.28,0.071,0.62,0,0,0,0,8,-13.2,0,0,0,0,0.25,12.62,107.29,0.94,0.28,880,0.5,90,0.9,2024.0,220.0,89.849
2024,7,25,8,0,15.8,1.28,0.069,0.62,0,0,0,0,8,-13.0,0,0,0,0,0.249,12.61,94.02,0.94,0.28,881,0.5,88,1.0,2024.0,220.0,89.387
2024,7,25,8,0,15.8,1.28,0.069,0.62,0,0,0,0,8,-13.0,0,0,0,0,0.249,12.61,94.02,0.94,0.28,881,0.5,88,1.0,2024.0,220.0,90.507
2024,7,25,8,0,15.8,1.28,0.069,0.62,0,0,0,0,8,-13.0,0,0,0,0,0.249,12.61,94.02,0.94,0.28,881,0.5,88,1.0,2024.0,220.0,78.669
2024,7,25,9,0,18.4,1.3,0.066,0.62,42,533,124,0,7,-12.3,85,71,0,96,0.248,11.27,81.1,0.94,0.28,881,0.5,84,1.2,2024.0,220.0,56.31
2024,7,25,9,0,18.4,1.3,0.066,0.62,42,533,124,0,7,-12.3,85,71,0,96,0.248,11.27,81.1,0.94,0.28,881,0.5,84,1.2,2024.0,220.0,50.064
2024,7,25,9,0,18.4,1.3,0.066,0.62,42,533,124,0,7,-12.3,85,71,0,96,0.248,11.27,81.1,0.94,0.28,881,0.5,84,1.2,2024.0,220.0,41.581
2024,7,25,9,0,18.4,1.3,0.066,0.62,42,533,124,0,7,-12.3,85,71,0,96,0.248,11.27,81.1,0.94,0.28,881,0.5,84,1.2,2024.0,220.0,0.0
2024,7,25,11,0,24.7,1.32,0.064,0.62,80,883,547,0,8,-10.7,247,351,0,433,0.249,8.77,58.05,0.93,0.28,881,0.5,221,2.8,2024.0,220.0,51.077
2024,7,25,11,0,24.7,1.32,0.064,0.62,80,883,547,0,8,-10.7,247,351,0,433,0.249,8.77,58.05,0.93,0.28,881,0.5,221,2.8,2024.0,220.0,51.56
2024,7,25,12,0,26.4,1.33,0.062,0.62,88,928,696,0,8,-9.6,329,277,0,510,0.25,8.59,49.03,0.93,0.28,881,0.6,239,3.3,2024.0,220.0,55.417
2024,7,25,13,0,27.1,1.32,0.064,0.62,93,949,785,0,8,-8.6,336,316,0,567,0.252,8.95,43.2,0.93,0.28,880,0.6,244,3.7,2024.0,220.0,30.105
2024,7,25,14,0,27.1,1.29,0.071,0.62,98,946,802,0,8,-7.3,264,534,0,661,0.254,9.86,41.92,0.94,0.28,880,0.6,245,4.2,2024.0,220.0,42.702
2024,7,25,14,0,27.1,1.29,0.071,0.62,98,946,802,0,8,-7.3,264,534,0,661,0.254,9.86,41.92,0.94,0.28,880,0.6,245,4.2,2024.0,220.0,0.0
2024,7,25,17,0,23.9,1.22,0.088,0.62,83,792,439,0,8,-4.1,184,413,0,370,0.259,15.31,63.29,0.94,0.28,879,0.8,245,4.3,2024.0,220.0,54.602
2024,7,25,18,0,20.9,1.21,0.083,0.62,61,638,227,0,8,-2.4,114,18,0,119,0.259,20.77,74.89,0.95,0.28,880,0.8,247,3.0,2024.0,220.0,66.126
2024,7,25,18,0,20.9,1.21,0.083,0.62,61,638,227,0,8,-2.4,114,18,0,119,0.259,20.77,74.89,0.95,0.28,880,0.8,247,3.0,2024.0,220.0,91.344
2024,7,25,19,0,17.0,1.21,0.077,0.62,19,208,29,7,3,-0.2,19,208,5,29,0.259,31.22,87.25,0.94,0.28,880,0.8,248,1.3,2024.0,220.0,72.656
2024,7,25,20,0,16.0,1.23,0.072,0.62,0,0,0,0,0,0.9,0,0,0,0,0.258,35.97,100.54,0.94,0.28,881,0.8,226,0.6,2024.0,220.0,67.071
2024,7,25,21,0,15.4,1.25,0.064,0.62,0,0,0,0,0,0.2,0,0,0,0,0.257,35.56,113.97,0.93,0.29,881,0.7,108,0.7,2024.0,220.0,66.665
2024,7,25,22,0,14.8,1.27,0.056,0.62,0,0,0,0,0,-1.7,0,0,0,0,0.257,32.23,127.63,0.93,0.29,881,0.7,87,0.9,2024.0,220.0,70.465
2024,7,25,22,0,14.8,1.27,0.056,0.62,0,0,0,0,0,-1.7,0,0,0,0,0.257,32.23,127.63,0.93,0.29,881,0.7,87,0.9,2024.0,220.0,75.944
2024,7,25,23,0,15.0,1.28,0.049,0.62,0,0,0,0,0,-4.0,0,0,0,0,0.257,26.79,141.44,0.92,0.29,881,0.6,82,0.9,2024.0,220.0,86.968
2024,7,25,23,0,15.0,1.28,0.049,0.62,0,0,0,0,0,-4.0,0,0,0,0,0.257,26.79,141.44,0.92,0.29,881,0.6,82,0.9,2024.0,220.0,66.868
2024,7,26,1,0,15.8,1.29,0.045,0.62,0,0,0,0,0,-6.6,0,0,0,0,0.257,20.84,169.05,0.91,0.29,881,0.6,72,1.1,2024.0,220.0,66.176
2024,7,26,4,0,14.8,1.28,0.05,0.62,0,0,0,0,0,-5.0,0,0,0,0,0.256,25.16,148.39,0.92,0.29,880,0.6,35,1.0,2024.0,220.0,65.342
2024,7,26,4,0,14.8,1.28,0.05,0.62,0,0,0,0,0,-5.0,0,0,0,0,0.256,25.16,148.39,0.92,0.29,880,0.6,35,1.0,2024.0,220.0,66.335
2024,7,26,6,0,13.2,1.31,0.043,0.62,0,0,0,0,1,-7.0,0,0,0,0,0.256,23.85,120.79,0.92,0.29,880,0.6,61,1.0,2024.0,220.0,65.608
2024,7,26,6,0,13.2,1.31,0.043,0.62,0,0,0,0,1,-7.0,0,0,0,0,0.256,23.85,120.79,0.92,0.29,880,0.6,61,1.0,2024.0,220.0,65.608
2024,7,26,7,0,13.2,1.31,0.04,0.62,0,0,0,0,4,-9.2,0,0,0,0,0.256,20.09,107.22,0.92,0.29,880,0.6,69,1.2,2024.0,220.0,63.933
2024,7,26,8,0,14.3,1.31,0.038,0.62,0,0,0,0,4,-11.0,0,0,0,0,0.256,16.22,93.93,0.91,0.29,880,0.5,74,1.3,2024.0,220.0,59.592
2024,7,26,8,0,14.3,1.31,0.038,0.62,0,0,0,0,4,-11.0,0,0,0,0,0.256,16.22,93.93,0.91,0.29,880,0.5,74,1.3,2024.0,220.0,56.098
2024,7,26,8,0,14.3,1.31,0.038,0.62,0,0,0,0,4,-11.0,0,0,0,0,0.256,16.22,93.93,0.91,0.29,880,0.5,74,1.3,2024.0,220.0,33.819
2024,7,26,9,0,18.4,1.32,0.037,0.62,36,599,130,0,0,-12.0,36,599,0,130,0.256,11.6,81.0,0.91,0.29,881,0.5,77,2.0,2024.0,220.0,31.425
2024,7,26,9,0,18.4,1.32,0.037,0.62,36,599,130,0,0,-12.0,36,599,0,130,0.256,11.6,81.0,0.91,0.29,881,0.5,77,2.0,2024.0,220.0,0.0
2024,7,26,10,0,22.8,1.33,0.036,0.62,56,826,353,0,0,-10.0,56,826,0,353,0.256,10.38,68.89,0.91,0.29,881,0.5,79,1.8,2024.0,220.0,0.0
2024,7,26,10,0,22.8,1.33,0.036,0.62,56,826,353,0,0,-10.0,56,826,0,353,0.256,10.38,68.89,0.91,0.29,881,0.5,79,1.8,2024.0,220.0,0.0
2024,7,26,18,0,22.5,1.35,0.051,0.62,52,710,238,0,0,-3.8,52,710,0,238,0.245,16.99,74.78,0.9,0.29,878,0.6,266,2.7,2024.0,220.0,47.033
2024,7,26,18,0,22.5,1.35,0.051,0.62,52,710,238,0,0,-3.8,52,710,0,238,0.245,16.99,74.78,0.9,0.29,878,0.6,266,2.7,2024.0,220.0,56.566
2024,7,26,18,0,22.5,1.35,0.051,0.62,52,710,238,0,0,-3.8,52,710,0,238,0.245,16.99,74.78,0.9,0.29,878,0.6,266,2.7,2024.0,220.0,75.22
2024,7,26,19,0,18.3,1.34,0.052,0.62,18,282,32,0,0,-2.1,18,282,0,32,0.244,24.95,87.16,0.9,0.29,879,0.6,250,1.4,2024.0,220.0,67.476
2024,7,26,19,0,18.3,1.34,0.052,0.62,18,282,32,0,0,-2.1,18,282,0,32,0.244,24.95,87.16,0.9,0.29,879,0.6,250,1.4,2024.0,220.0,66.569
2024,7,26,19,0,18.3,1.34,0.052,0.62,18,282,32,0,0,-2.1,18,282,0,32,0.244,24.95,87.16,0.9,0.29,879,0.6,250,1.4,2024.0,220.0,64.816
2024,7,26,21,0,16.4,1.35,0.049,0.62,0,0,0,0,0,-2.6,0,0,0,0,0.244,27.07,113.91,0.9,0.29,880,0.6,120,0.9,2024.0,220.0,67.953
2024,7,26,23,0,15.6,1.37,0.045,0.62,0,0,0,0,0,-6.6,0,0,0,0,0.244,21.06,141.39,0.9,0.29,880,0.6,86,1.2,2024.0,220.0,65.307
2024,7,27,1,0,15.2,1.36,0.046,0.62,0,0,0,0,0,-7.8,0,0,0,0,0.247,19.82,168.98,0.9,0.29,879,0.5,76,1.0,2024.0,220.0,66.013
2024,7,27,9,0,18.8,1.38,0.041,0.62,37,595,131,0,0,-9.1,37,595,0,131,0.255,14.27,80.89,0.91,0.29,878,0.5,80,1.8,2024.0,220.0,0.0
2024,7,27,10,0,23.4,1.4,0.039,0.62,57,824,356,0,0,-8.7,57,824,0,356,0.255,11.08,68.76,0.91,0.29,879,0.5,89,2.9,2024.0,220.0,0.0
2024,7,27,11,0,26.1,1.4,0.039,0.62,69,924,563,0,0,-6.9,69,924,0,563,0.255,10.81,57.74,0.91,0.29,879,0.4,155,4.1,2024.0,220.0,0.0
2024,7,27,13,0,28.0,1.38,0.042,0.62,82,987,807,1,0,-4.8,82,987,1,807,0.254,11.36,42.76,0.91,0.29,878,0.4,257,5.1,2024.0,220.0,0.0
2024,7,27,18,0,21.8,1.25,0.065,0.62,56,686,237,0,0,-0.2,56,686,0,237,0.251,23.17,74.66,0.91,0.29,878,0.6,245,2.6,2024.0,220.0,0.0
2024,7,27,18,0,21.8,1.25,0.065,0.62,56,686,237,0,0,-0.2,56,686,0,237,0.251,23.17,74.66,0.91,0.29,878,0.6,245,2.6,2024.0,220.0,61.43
2024,7,27,20,0,16.8,1.24,0.063,0.62,0,0,0,0,0,0.9,0,0,0,0,0.251,34.05,100.39,0.91,0.29,879,0.6,184,0.9,2024.0,220.0,63.943
2024,7,27,21,0,16.2,1.26,0.059,0.62,0,0,0,0,0,-0.4,0,0,0,0,0.25,32.33,113.85,0.91,0.29,879,0.6,124,1.2,2024.0,220.0,62.48
2024,7,27,21,0,16.2,1.26,0.059,0.62,0,0,0,0,0,-0.4,0,0,0,0,0.25,32.33,113.85,0.91,0.29,879,0.6,124,1.2,2024.0,220.0,66.84
2024,7,27,21,0,16.2,1.26,0.059,0.62,0,0,0,0,0,-0.4,0,0,0,0,0.25,32.33,113.85,0.91,0.29,879,0.6,124,1.2,2024.0,220.0,71.961
2024,7,27,24,0,15.7,1.27,0.054,0.62,0,0,0,0,0,-4.5,0,0,0,0,0.25,24.61,155.21,0.91,0.29,879,0.5,81,1.5,2024.0,220.0,64.302
2024,7,28,1,0,15.4,1.27,0.055,0.62,0,0,0,0,0,-4.7,0,0,0,0,0.25,24.75,168.91,0.91,0.29,879,0.5,72,1.5,2024.0,220.0,61.967
2024,7,28,2,0,15.0,1.27,0.055,0.62,0,0,0,0,0,-4.8,0,0,0,0,0.249,25.15,175.07,0.91,0.29,879,0.5,63,1.5,2024.0,220.0,67.681
2024,7,28,3,0,14.7,1.28,0.054,0.62,0,0,0,0,0,-5.1,0,0,0,0,0.249,25.13,162.13,0.91,0.29,878,0.5,56,1.4,2024.0,220.0,62.79
2024,7,28,5,0,14.7,1.3,0.052,0.62,0,0,0,0,0,-6.6,0,0,0,0,0.247,22.46,134.43,0.91,0.29,877,0.5,61,1.6,2024.0,220.0,65.285
2024,7,28,6,0,14.5,1.31,0.05,0.62,0,0,0,0,1,-7.9,0,0,0,0,0.247,20.44,120.66,0.91,0.29,877,0.5,68,1.7,2024.0,220.0,63.01
2024,7,28,7,0,14.2,1.33,0.047,0.62,0,0,0,0,1,-9.8,0,0,0,0,0.247,17.95,107.07,0.91,0.29,878,0.5,71,1.7,2024.0,220.0,52.803
2024,7,28,8,0,14.8,1.34,0.044,0.62,0,0,0,0,0,-11.8,0,0,0,0,0.246,14.83,93.75,0.91,0.29,878,0.5,71,1.7,2024.0,220.0,66.373
2024,7,28,8,0,14.8,1.34,0.044,0.62,0,0,0,0,0,-11.8,0,0,0,0,0.246,14.83,93.75,0.91,0.29,878,0.5,71,1.7,2024.0,220.0,0.0
2024,7,28,10,0,23.8,1.36,0.042,0.62,59,821,358,0,0,-11.3,59,821,0,358,0.246,8.76,68.62,0.91,0.29,878,0.5,53,4.1,2024.0,220.0,0.0
2024,7,28,18,0,22.8,1.2,0.057,0.62,55,701,242,0,0,-2.0,55,701,0,242,0.246,19.0,74.55,0.94,0.29,877,0.6,277,3.2,2024.0,220.0,59.618
2024,7,28,19,0,17.9,1.18,0.057,0.62,20,273,34,0,0,-0.1,20,273,0,34,0.247,29.69,86.99,0.94,0.29,878,0.6,276,1.4,2024.0,220.0,67.548
2024,7,28,19,0,17.9,1.18,0.057,0.62,20,273,34,0,0,-0.1,20,273,0,34,0.247,29.69,86.99,0.94,0.29,878,0.6,276,1.4,2024.0,220.0,67.548
2024,7,28,20,0,16.9,1.17,0.059,0.62,0,0,0,0,0,1.1,0,0,0,0,0.247,34.32,100.32,0.94,0.29,878,0.6,282,0.9,2024.0,220.0,67.153
2024,7,28,21,0,16.4,1.17,0.06,0.62,0,0,0,0,0,0.8,0,0,0,0,0.247,34.66,113.79,0.94,0.28,879,0.6,69,1.1,2024.0,220.0,91.947
2024,7,28,21,0,16.4,1.17,0.06,0.62,0,0,0,0,0,0.8,0,0,0,0,0.247,34.66,113.79,0.94,0.28,879,0.6,69,1.1,2024.0,220.0,91.98
2024,7,28,22,0,16.0,1.17,0.061,0.62,0,0,0,0,0,-0.3,0,0,0,0,0.247,32.85,127.48,0.94,0.28,879,0.6,73,1.3,2024.0,220.0,69.992
2024,7,28,23,0,16.1,1.18,0.062,0.62,0,0,0,0,0,-1.5,0,0,0,0,0.248,29.98,141.3,0.94,0.28,879,0.6,74,1.4,2024.0,220.0,67.611
2024,7,28,24,0,16.2,1.2,0.062,0.62,0,0,0,0,0,-2.4,0,0,0,0,0.249,27.86,155.17,0.94,0.28,879,0.6,74,1.4,2024.0,220.0,73.129
2024,7,29,1,0,16.1,1.21,0.06,0.62,0,0,0,0,0,-3.1,0,0,0,0,0.25,26.69,168.83,0.94,0.28,879,0.6,72,1.4,2024.0,220.0,72.313
2024,7,29,2,0,15.9,1.23,0.059,0.62,0,0,0,0,0,-3.7,0,0,0,0,0.25,25.73,174.89,0.94,0.28,878,0.6,71,1.5,2024.0,220.0,72.11
2024,7,29,6,0,14.8,1.26,0.056,0.62,0,0,0,0,0,-5.4,0,0,0,0,0.252,24.28,120.59,0.93,0.28,878,0.6,67,1.4,2024.0,220.0,71.836
2024,7,29,7,0,14.4,1.28,0.053,0.62,0,0,0,0,0,-6.4,0,0,0,0,0.252,23.16,106.99,0.93,0.28,878,0.6,64,1.4,2024.0,220.0,68.953
2024,7,29,7,0,14.4,1.28,0.053,0.62,0,0,0,0,0,-6.4,0,0,0,0,0.252,23.16,106.99,0.93,0.28,878,0.6,64,1.4,2024.0,220.0,88.683
2024,7,29,7,0,14.4,1.28,0.053,0.62,0,0,0,0,0,-6.4,0,0,0,0,0.252,23.16,106.99,0.93,0.28,878,0.6,64,1.4,2024.0,220.0,94.782
2024,7,29,8,0,14.8,1.29,0.05,0.62,0,0,0,0,0,-8.1,0,0,0,0,0.251,19.87,93.65,0.93,0.28,878,0.6,60,1.4,2024.0,220.0,63.962
2024,7,29,9,0,19.0,1.32,0.048,0.62,39,577,133,0,0,-9.3,39,577,0,133,0.251,13.84,80.66,0.93,0.28,879,0.6,53,2.1,2024.0,220.0,54.063
2024,7,29,9,0,19.0,1.32,0.048,0.62,39,577,133,0,0,-9.3,39,577,0,133,0.251,13.84,80.66,0.93,0.28,879,0.6,53,2.1,2024.0,220.0,0.0
2024,7,29,10,0,23.4,1.34,0.045,0.62,60,810,357,0,0,-7.1,60,810,0,357,0.252,12.5,68.48,0.93,0.28,879,0.6,33,2.9,2024.0,220.0,34.715
2024,7,29,12,0,28.2,1.38,0.043,0.62,79,952,712,0,0,-5.4,79,952,0,712,0.252,10.76,48.24,0.92,0.28,879,0.6,301,3.2,2024.0,220.0,33.001
2024,7,29,15,0,28.5,1.3,0.045,0.62,82,963,766,0,0,-2.9,82,963,0,766,0.251,12.73,44.75,0.93,0.28,877,0.6,285,4.0,2024.0,220.0,0.0
2024,7,29,16,0,27.7,1.27,0.046,0.62,77,923,639,0,0,-2.2,77,923,0,639,0.251,14.0,52.48,0.93,0.28,877,0.7,286,4.0,2024.0,220.0,0.0
2024,7,29,18,0,23.5,1.24,0.047,0.62,52,715,244,0,0,-0.8,52,715,0,244,0.252,20.0,74.43,0.93,0.28,877,0.7,286,2.5,2024.0,220.0,45.339
2024,7,29,18,0,23.5,1.24,0.047,0.62,52,715,244,0,0,-0.8,52,715,0,244,0.252,20.0,74.43,0.93,0.28,877,0.7,286,2.5,2024.0,220.0,48.482
2024,7,29,18,0,23.5,1.24,0.047,0.62,52,715,244,0,0,-0.8,52,715,0,244,0.252,20.0,74.43,0.93,0.28,877,0.7,286,2.5,2024.0,220.0,68.619
2024,7,29,18,0,23.5,1.24,0.047,0.62,52,715,244,0,0,-0.8,52,715,0,244,0.252,20.0,74.43,0.93,0.28,877,0.7,286,2.5,2024.0,220.0,90.115
2024,7,29,18,0,23.5,1.24,0.047,0.62,52,715,244,0,0,-0.8,52,715,0,244,0.252,20.0,74.43,0.93,0.28,877,0.7,286,2.5,2024.0,220.0,103.399
2024,7,29,19,0,18.8,1.24,0.046,0.62,19,303,36,0,0,0.7,19,303,0,36,0.253,29.64,86.9,0.93,0.28,877,0.7,279,1.3,2024.0,220.0,95.52
2024,7,29,19,0,18.8,1.24,0.046,0.62,19,303,36,0,0,0.7,19,303,0,36,0.253,29.64,86.9,0.93,0.28,877,0.7,279,1.3,2024.0,220.0,124.292
2024,7,29,20,0,18.3,1.24,0.045,0.62,0,0,0,0,0,1.3,0,0,0,0,0.255,32.01,100.24,0.93,0.28,878,0.7,278,0.7,2024.0,220.0,117.141
2024,7,29,21,0,17.6,1.24,0.044,0.62,0,0,0,0,0,0.9,0,0,0,0,0.256,32.43,113.73,0.93,0.29,878,0.7,87,0.7,2024.0,220.0,97.432
2024,7,29,21,0,17.6,1.24,0.044,0.62,0,0,0,0,0,0.9,0,0,0,0,0.256,32.43,113.73,0.93,0.29,878,0.7,87,0.7,2024.0,220.0,88.999
2024,7,29,23,0,17.2,1.25,0.045,0.62,0,0,0,0,0,-0.8,0,0,0,0,0.259,29.53,141.26,0.93,0.29,878,0.7,67,1.3,2024.0,220.0,88.82
2024,7,29,23,0,17.2,1.25,0.045,0.62,0,0,0,0,0,-0.8,0,0,0,0,0.259,29.53,141.26,0.93,0.29,878,0.7,67,1.3,2024.0,220.0,91.18
2024,7,29,23,0,17.2,1.25,0.045,0.62,0,0,0,0,0,-0.8,0,0,0,0,0.259,29.53,141.26,0.93,0.29,878,0.7,67,1.3,2024.0,220.0,91.211
2024,7,29,23,0,17.2,1.25,0.045,0.62,0,0,0,0,0,-0.8,0,0,0,0,0.259,29.53,141.26,0.93,0.29,878,0.7,67,1.3,2024.0,220.0,100.725
2024,7,29,24,0,16.6,1.25,0.045,0.62,0,0,0,0,0,-1.1,0,0,0,0,0.26,29.88,155.12,0.93,0.29,878,0.7,60,1.4,2024.0,220.0,91.697
2024,7,29,24,0,16.6,1.25,0.045,0.62,0,0,0,0,0,-1.1,0,0,0,0,0.26,29.88,155.12,0.93,0.29,878,0.7,60,1.4,2024.0,220.0,90.441
2024,7,30,1,0,15.7,1.26,0.046,0.62,0,0,0,0,0,-1.2,0,0,0,0,0.261,31.38,168.75,0.94,0.29,878,0.7,57,1.4,2024.0,220.0,68.939
2024,7,30,1,0,15.7,1.26,0.046,0.62,0,0,0,0,0,-1.2,0,0,0,0,0.261,31.38,168.75,0.94,0.29,878,0.7,57,1.4,2024.0,220.0,68.278
2024,7,30,1,0,15.7,1.26,0.046,0.62,0,0,0,0,0,-1.2,0,0,0,0,0.261,31.38,168.75,0.94,0.29,878,0.7,57,1.4,2024.0,220.0,64.028
2024,7,30,1,0,15.7,1.26,0.046,0.62,0,0,0,0,0,-1.2,0,0,0,0,0.261,31.38,168.75,0.94,0.29,878,0.7,57,1.4,2024.0,220.0,64.434
2024,7,30,2,0,15.0,1.27,0.046,0.62,0,0,0,0,0,-1.4,0,0,0,0,0.26,32.4,174.71,0.94,0.29,878,0.7,55,1.4,2024.0,220.0,67.183
2024,7,30,2,0,15.0,1.27,0.046,0.62,0,0,0,0,0,-1.4,0,0,0,0,0.26,32.4,174.71,0.94,0.29,878,0.7,55,1.4,2024.0,220.0,67.363
2024,7,30,3,0,14.5,1.28,0.046,0.62,0,0,0,0,0,-1.9,0,0,0,0,0.26,32.35,161.99,0.94,0.29,878,0.7,57,1.5,2024.0,220.0,66.773
2024,7,30,6,0,13.5,1.3,0.04,0.62,0,0,0,0,0,-5.2,0,0,0,0,0.258,26.82,120.52,0.93,0.29,878,0.6,64,1.7,2024.0,220.0,67.368
2024,7,30,7,0,13.2,1.3,0.037,0.62,0,0,0,0,1,-6.5,0,0,0,0,0.257,24.79,106.9,0.92,0.29,878,0.6,61,1.7,2024.0,220.0,69.833
2024,7,30,7,0,13.2,1.3,0.037,0.62,0,0,0,0,1,-6.5,0,0,0,0,0.257,24.79,106.9,0.92,0.29,878,0.6,61,1.7,2024.0,220.0,71.323
2024,7,30,7,0,13.2,1.3,0.037,0.62,0,0,0,0,1,-6.5,0,0,0,0,0.257,24.79,106.9,0.92,0.29,878,0.6,61,1.7,2024.0,220.0,73.358
2024,7,30,8,0,14.2,1.3,0.035,0.62,0,0,0,0,0,-7.6,0,0,0,0,0.256,21.37,93.55,0.92,0.29,878,0.6,55,1.7,2024.0,220.0,87.068
2024,7,30,8,0,14.2,1.3,0.035,0.62,0,0,0,0,0,-7.6,0,0,0,0,0.256,21.37,93.55,0.92,0.29,878,0.6,55,1.7,2024.0,220.0,63.735
2024,7,30,9,0,19.4,1.31,0.035,0.62,37,609,137,0,0,-7.9,37,609,0,137,0.255,15.05,80.54,0.92,0.29,879,0.6,46,2.6,2024.0,220.0,56.549
2024,7,30,9,0,19.4,1.31,0.035,0.62,37,609,137,0,0,-7.9,37,609,0,137,0.255,15.05,80.54,0.92,0.29,879,0.6,46,2.6,2024.0,220.0,42.468
2024,7,30,10,0,23.3,1.31,0.036,0.62,57,825,361,0,0,-4.9,57,825,0,361,0.255,14.93,68.34,0.92,0.29,879,0.6,10,3.0,2024.0,220.0,0.0
2024,7,30,17,0,25.1,1.26,0.047,0.62,68,852,461,0,0,0.8,68,852,0,461,0.255,20.42,62.58,0.94,0.29,877,0.8,304,4.6,2024.0,220.0,0.0
2024,7,30,17,0,25.1,1.26,0.047,0.62,68,852,461,0,0,0.8,68,852,0,461,0.255,20.42,62.58,0.94,0.29,877,0.8,304,4.6,2024.0,220.0,52.861
2024,7,30,18,0,22.7,1.29,0.05,0.62,53,712,245,1,0,1.3,53,712,1,245,0.256,24.4,74.32,0.93,0.29,877,0.7,304,3.6,2024.0,220.0,86.47
2024,7,30,18,0,22.7,1.29,0.05,0.62,53,712,245,1,0,1.3,53,712,1,245,0.256,24.4,74.32,0.93,0.29,877,0.7,304,3.6,2024.0,220.0,98.049
2024,7,30,18,0,22.7,1.29,0.05,0.62,53,712,245,1,0,1.3,53,712,1,245,0.256,24.4,74.32,0.93,0.29,877,0.7,304,3.6,2024.0,220.0,103.458
2024,7,30,18,0,22.7,1.29,0.05,0.62,53,712,245,1,0,1.3,53,712,1,245,0.256,24.4,74.32,0.93,0.29,877,0.7,304,3.6,2024.0,220.0,117.431
2024,7,30,19,0,18.8,1.29,0.05,0.62,20,300,37,0,0,2.4,20,300,0,37,0.257,33.63,86.81,0.93,0.29,877,0.7,303,1.9,2024.0,220.0,127.081
2024,7,30,19,0,18.8,1.29,0.05,0.62,20,300,37,0,0,2.4,20,300,0,37,0.257,33.63,86.81,0.93,0.29,877,0.7,303,1.9,2024.0,220.0,132.192
2024,7,30,19,0,18.8,1.29,0.05,0.62,20,300,37,0,0,2.4,20,300,0,37,0.257,33.63,86.81,0.93,0.29,877,0.7,303,1.9,2024.0,220.0,172.802
2024,7,30,20,0,18.4,1.3,0.048,0.62,0,0,0,0,0,2.7,0,0,0,0,0.258,35.15,100.17,0.93,0.29,877,0.7,353,1.1,2024.0,220.0,131.267
2024,7,30,22,0,16.4,1.31,0.046,0.62,0,0,0,0,0,1.1,0,0,0,0,0.259,35.46,127.38,0.93,0.29,878,0.7,71,0.6,2024.0,220.0,121.178
2024,7,30,23,0,16.3,1.3,0.046,0.62,0,0,0,0,0,-0.2,0,0,0,0,0.259,32.46,141.21,0.93,0.29,878,0.7,70,0.7,2024.0,220.0,101.659
2024,7,30,23,0,16.3,1.3,0.046,0.62,0,0,0,0,0,-0.2,0,0,0,0,0.259,32.46,141.21,0.93,0.29,878,0.7,70,0.7,2024.0,220.0,90.11
2024,7,30,23,0,16.3,1.3,0.046,0.62,0,0,0,0,0,-0.2,0,0,0,0,0.259,32.46,141.21,0.93,0.29,878,0.7,70,0.7,2024.0,220.0,72.151
2024,7,30,23,0,16.3,1.3,0.046,0.62,0,0,0,0,0,-0.2,0,0,0,0,0.259,32.46,141.21,0.93,0.29,878,0.7,70,0.7,2024.0,220.0,69.825
2024,7,30,23,0,16.3,1.3,0.046,0.62,0,0,0,0,0,-0.2,0,0,0,0,0.259,32.46,141.21,0.93,0.29,878,0.7,70,0.7,2024.0,220.0,73.772
2024,7,31,1,0,15.5,1.3,0.048,0.62,0,0,0,0,0,-2.0,0,0,0,0,0.261,30.01,168.67,0.93,0.29,877,0.7,53,0.7,2024.0,220.0,83.616
2024,7,31,1,0,15.5,1.3,0.048,0.62,0,0,0,0,0,-2.0,0,0,0,0,0.261,30.01,168.67,0.93,0.29,877,0.7,53,0.7,2024.0,220.0,78.282
2024,7,31,1,0,15.5,1.3,0.048,0.62,0,0,0,0,0,-2.0,0,0,0,0,0.261,30.01,168.67,0.93,0.29,877,0.7,53,0.7,2024.0,220.0,70.84
2024,7,31,1,0,15.5,1.3,0.048,0.62,0,0,0,0,0,-2.0,0,0,0,0,0.261,30.01,168.67,0.93,0.29,877,0.7,53,0.7,2024.0,220.0,64.282
2024,7,31,1,0,15.5,1.3,0.048,0.62,0,0,0,0,0,-2.0,0,0,0,0,0.261,30.01,168.67,0.93,0.29,877,0.7,53,0.7,2024.0,220.0,62.857
2024,7,31,1,0,15.5,1.3,0.048,0.62,0,0,0,0,0,-2.0,0,0,0,0,0.261,30.01,168.67,0.93,0.29,877,0.7,53,0.7,2024.0,220.0,64.211
2024,7,31,2,0,15.0,1.3,0.049,0.62,0,0,0,0,0,-2.2,0,0,0,0,0.261,30.67,174.51,0.93,0.29,877,0.7,40,0.7,2024.0,220.0,65.961
2024,7,31,2,0,15.0,1.3,0.049,0.62,0,0,0,0,0,-2.2,0,0,0,0,0.261,30.67,174.51,0.93,0.29,877,0.7,40,0.7,2024.0,220.0,66.67
2024,7,31,4,0,14.8,1.3,0.05,0.62,0,0,0,0,0,-3.1,0,0,0,0,0.263,28.85,148.1,0.93,0.29,877,0.7,31,0.8,2024.0,220.0,75.696
2024,7,31,4,0,14.8,1.3,0.05,0.62,0,0,0,0,0,-3.1,0,0,0,0,0.263,28.85,148.1,0.93,0.29,877,0.7,31,0.8,2024.0,220.0,76.315
2024,7,31,5,0,14.6,1.31,0.049,0.62,0,0,0,0,0,-4.2,0,0,0,0,0.263,26.92,134.23,0.93,0.29,877,0.7,36,0.9,2024.0,220.0,74.509
2024,7,31,6,0,14.3,1.31,0.049,0.62,0,0,0,0,1,-5.3,0,0,0,0,0.262,25.4,120.44,0.93,0.29,877,0.7,40,1.1,2024.0,220.0,69.119
2024,7,31,7,0,14.0,1.32,0.05,0.62,0,0,0,0,0,-6.0,0,0,0,0,0.261,24.53,106.81,0.93,0.29,877,0.7,42,1.4,2024.0,220.0,75.485
2024,7,31,7,0,14.0,1.32,0.05,0.62,0,0,0,0,0,-6.0,0,0,0,0,0.261,24.53,106.81,0.93,0.29,877,0.7,42,1.4,2024.0,220.0,70.31
2024,7,31,7,0,14.0,1.32,0.05,0.62,0,0,0,0,0,-6.0,0,0,0,0,0.261,24.53,106.81,0.93,0.29,877,0.7,42,1.4,2024.0,220.0,70.699
2024,7,31,7,0,14.0,1.32,0.05,0.62,0,0,0,0,0,-6.0,0,0,0,0,0.261,24.53,106.81,0.93,0.29,877,0.7,42,1.4,2024.0,220.0,74.284
2024,7,31,8,0,14.6,1.32,0.051,0.62,0,0,0,0,3,-6.5,0,0,0,0,0.26,22.74,93.45,0.93,0.29,878,0.7,39,1.7,2024.0,220.0,66.853
2024,7,31,8,0,14.6,1.32,0.051,0.62,0,0,0,0,3,-6.5,0,0,0,0,0.26,22.74,93.45,0.93,0.29,878,0.7,39,1.7,2024.0,220.0,46.457
2024,7,31,9,0,19.6,1.32,0.053,0.62,40,567,135,0,0,-6.2,40,567,0,135,0.259,16.93,80.42,0.93,0.29,878,0.7,31,2.9,2024.0,220.0,41.792
2024,7,31,9,0,19.6,1.32,0.053,0.62,40,567,135,0,0,-6.2,40,567,0,135,0.259,16.93,80.42,0.93,0.29,878,0.7,31,2.9,2024.0,220.0,0.0
2024,7,31,10,0,23.2,1.32,0.054,0.62,64,793,358,0,0,-2.1,64,793,0,358,0.258,18.5,68.19,0.93,0.29,878,0.7,359,2.3,2024.0,220.0,0.0
2024,7,31,10,0,23.2,1.32,0.054,0.62,64,793,358,0,0,-2.1,64,793,0,358,0.258,18.5,68.19,0.93,0.29,878,0.7,359,2.3,2024.0,220.0,0.0
2024,7,31,10,0,23.2,1.32,0.054,0.62,64,793,358,0,0,-2.1,64,793,0,358,0.258,18.5,68.19,0.93,0.29,878,0.7,359,2.3,2024.0,220.0,0.0
2024,7,31,14,0,26.8,1.22,0.06,0.62,94,951,817,0,0,1.0,94,951,0,817,0.252,18.68,40.51,0.94,0.29,879,0.8,313,3.6,2024.0,220.0,14.539
2024,7,31,15,0,26.3,1.28,0.072,0.62,96,923,756,0,0,1.2,96,923,0,756,0.25,19.46,44.32,0.92,0.29,878,0.9,311,3.8,2024.0,220.0,0.0
2024,7,31,17,0,24.2,1.24,0.066,0.62,76,824,457,0,0,1.4,76,824,0,457,0.247,22.34,62.44,0.93,0.29,878,0.9,309,3.6,2024.0,220.0,58.542
2024,7,31,18,0,21.9,1.24,0.065,0.62,57,678,242,0,0,1.9,57,678,0,242,0.247,26.67,74.2,0.93,0.29,879,0.9,308,2.7,2024.0,220.0,88.208
2024,7,31,19,0,17.4,1.25,0.063,0.62,21,267,36,0,0,2.9,21,267,0,36,0.249,38.01,86.72,0.94,0.29,879,0.9,311,1.4,2024.0,220.0,93.819
2024,7,31,19,0,17.4,1.25,0.063,0.62,21,267,36,0,0,2.9,21,267,0,36,0.249,38.01,86.72,0.94,0.29,879,0.9,311,1.4,2024.0,220.0,102.995
2024,7,31,19,0,17.4,1.25,0.063,0.62,21,267,36,0,0,2.9,21,267,0,36,0.249,38.01,86.72,0.94,0.29,879,0.9,311,1.4,2024.0,220.0,93.345
2024,7,31,20,0,16.4,1.26,0.061,0.62,0,0,0,0,0,3.3,0,0,0,0,0.25,41.55,100.09,0.94,0.29,879,0.9,353,1.0,2024.0,220.0,89.533
2024,7,31,20,0,16.4,1.26,0.061,0.62,0,0,0,0,0,3.3,0,0,0,0,0.25,41.55,100.09,0.94,0.29,879,0.9,353,1.0,2024.0,220.0,100.509
2024,7,31,21,0,15.4,1.28,0.061,0.6,0,0,0,0,0,3.1,0,0,0,0,0.251,43.78,113.61,0.94,0.29,880,0.9,37,0.6,2024.0,220.0,117.197
2024,7,31,22,0,14.9,1.28,0.06,0.6,0,0,0,0,0,2.5,0,0,0,0,0.253,43.25,127.33,0.93,0.29,880,0.9,44,1.2,2024.0,220.0,98.715
2024,7,31,22,0,14.9,1.28,0.06,0.6,0,0,0,0,0,2.5,0,0,0,0,0.253,43.25,127.33,0.93,0.29,880,0.9,44,1.2,2024.0,220.0,100.734
2024,7,31,22,0,14.9,1.28,0.06,0.6,0,0,0,0,0,2.5,0,0,0,0,0.253,43.25,127.33,0.93,0.29,880,0.9,44,1.2,2024.0,220.0,101.043
2024,7,31,23,0,14.6,1.28,0.058,0.6,0,0,0,0,0,1.8,0,0,0,0,0.255,41.8,141.17,0.93,0.29,880,0.9,39,1.5,2024.0,220.0,100.41
2024,7,31,23,0,14.6,1.28,0.058,0.6,0,0,0,0,0,1.8,0,0,0,0,0.255,41.8,141.17,0.93,0.29,880,0.9,39,1.5,2024.0,220.0,99.772
2024,7,31,23,0,14.6,1.28,0.058,0.6,0,0,0,0,0,1.8,0,0,0,0,0.255,41.8,141.17,0.93,0.29,880,0.9,39,1.5,2024.0,220.0,90.317
2024,7,31,24,0,14.1,1.28,0.057,0.6,0,0,0,0,0,1.2,0,0,0,0,0.256,41.61,155.02,0.93,0.29,880,0.8,30,1.5,2024.0,220.0,101.36
2024,7,31,24,0,14.1,1.28,0.057,0.6,0,0,0,0,0,1.2,0,0,0,0,0.256,41.61,155.02,0.93,0.29,880,0.8,30,1.5,2024.0,220.0,101.392
2024,7,31,24,0,14.1,1.28,0.057,0.6,0,0,0,0,0,1.2,0,0,0,0,0.256,41.61,155.02,0.93,0.29,880,0.8,30,1.5,2024.0,220.0,78.209
2024,7,31,24,0,14.1,1.28,0.057,0.6,0,0,0,0,0,1.2,0,0,0,0,0.256,41.61,155.02,0.93,0.29,880,0.8,30,1.5,2024.0,220.0,76.065
2024,7,31,24,0,14.1,1.28,0.057,0.6,0,0,0,0,0,1.2,0,0,0,0,0.256,41.61,155.02,0.93,0.29,880,0.8,30,1.5,2024.0,220.0,76.434
2024,8,1,1,0,13.7,1.29,0.057,0.6,0,0,0,0,0,1.0,0,0,0,0,0.258,41.82,168.58,0.93,0.29,879,0.8,21,1.6,2024.0,220.0,66.699
2024,8,1,1,0,13.7,1.29,0.057,0.6,0,0,0,0,0,1.0,0,0,0,0,0.258,41.82,168.58,0.93,0.29,879,0.8,21,1.6,2024.0,220.0,64.324
2024,8,1,2,0,13.4,1.29,0.057,0.6,0,0,0,0,0,0.6,0,0,0,0,0.258,41.53,174.3,0.92,0.29,879,0.8,18,1.5,2024.0,220.0,62.271
2024,8,1,2,0,13.4,1.29,0.057,0.6,0,0,0,0,0,0.6,0,0,0,0,0.258,41.53,174.3,0.92,0.29,879,0.8,18,1.5,2024.0,220.0,49.662
2024,8,1,2,0,13.4,1.29,0.057,0.6,0,0,0,0,0,0.6,0,0,0,0,0.258,41.53,174.3,0.92,0.29,879,0.8,18,1.5,2024.0,220.0,51.68
2024,8,1,2,0,13.4,1.29,0.057,0.6,0,0,0,0,0,0.6,0,0,0,0,0.258,41.53,174.3,0.92,0.29,879,0.8,18,1.5,2024.0,220.0,56.088
2024,8,1,2,0,13.4,1.29,0.057,0.6,0,0,0,0,0,0.6,0,0,0,0,0.258,41.53,174.3,0.92,0.29,879,0.8,18,1.5,2024.0,220.0,63.842
2024,8,1,3,0,13.4,1.3,0.057,0.6,0,0,0,0,0,0.0,0,0,0,0,0.258,39.88,161.82,0.92,0.29,879,0.8,20,1.5,2024.0,220.0,66.871
2024,8,1,3,0,13.4,1.3,0.057,0.6,0,0,0,0,0,0.0,0,0,0,0,0.258,39.88,161.82,0.92,0.29,879,0.8,20,1.5,2024.0,220.0,65.422
2024,8,1,3,0,13.4,1.3,0.057,0.6,0,0,0,0,0,0.0,0,0,0,0,0.258,39.88,161.82,0.92,0.29,879,0.8,20,1.5,2024.0,220.0,62.689
2024,8,1,3,0,13.4,1.3,0.057,0.6,0,0,0,0,0,0.0,0,0,0,0,0.258,39.88,161.82,0.92,0.29,879,0.8,20,1.5,2024.0,220.0,56.989
2024,8,1,3,0,13.4,1.3,0.057,0.6,0,0,0,0,0,0.0,0,0,0,0,0.258,39.88,161.82,0.92,0.29,879,0.8,20,1.5,2024.0,220.0,44.551
2024,8,1,4,0,13.5,1.3,0.056,0.6,0,0,0,0,0,-0.7,0,0,0,0,0.258,37.45,148.03,0.92,0.29,878,0.8,30,1.5,2024.0,220.0,53.867
2024,8,1,4,0,13.5,1.3,0.056,0.6,0,0,0,0,0,-0.7,0,0,0,0,0.258,37.45,148.03,0.92,0.29,878,0.8,30,1.5,2024.0,220.0,54.866
2024,8,1,6,0,13.7,1.32,0.053,0.6,0,0,0,0,1,-2.5,0,0,0,0,0.257,32.42,120.36,0.92,0.29,878,0.7,50,1.6,2024.0,220.0,66.085
2024,8,1,6,0,13.7,1.32,0.053,0.6,0,0,0,0,1,-2.5,0,0,0,0,0.257,32.42,120.36,0.92,0.29,878,0.7,50,1.6,2024.0,220.0,68.361
2024,8,1,6,0,13.7,1.32,0.053,0.6,0,0,0,0,1,-2.5,0,0,0,0,0.257,32.42,120.36,0.92,0.29,878,0.7,50,1.6,2024.0,220.0,53.805
2024,8,1,7,0,13.7,1.33,0.052,0.6,0,0,0,0,1,-3.5,0,0,0,0,0.257,30.1,106.72,0.91,0.29,878,0.7,56,1.7,2024.0,220.0,53.836
2024,8,1,7,0,13.7,1.33,0.052,0.6,0,0,0,0,1,-3.5,0,0,0,0,0.257,30.1,106.72,0.91,0.29,878,0.7,56,1.7,2024.0,220.0,53.836
2024,8,1,7,0,13.7,1.33,0.052,0.6,0,0,0,0,1,-3.5,0,0,0,0,0.257,30.1,106.72,0.91,0.29,878,0.7,56,1.7,2024.0,220.0,67.133
2024,8,1,7,0,13.7,1.33,0.052,0.6,0,0,0,0,1,-3.5,0,0,0,0,0.257,30.1,106.72,0.91,0.29,878,0.7,56,1.7,2024.0,220.0,69.017
2024,8,1,7,0,13.7,1.33,0.052,0.6,0,0,0,0,1,-3.5,0,0,0,0,0.257,30.1,106.72,0.91,0.29,878,0.7,56,1.7,2024.0,220.0,71.881
2024,8,1,8,0,14.5,1.35,0.05,0.6,0,0,0,0,3,-4.5,0,0,0,0,0.257,26.63,93.34,0.91,0.29,878,0.7,54,1.8,2024.0,220.0,67.889
2024,8,1,8,0,14.5,1.35,0.05,0.6,0,0,0,0,3,-4.5,0,0,0,0,0.257,26.63,93.34,0.91,0.29,878,0.7,54,1.8,2024.0,220.0,64.86
2024,8,1,8,0,14.5,1.35,0.05,0.6,0,0,0,0,3,-4.5,0,0,0,0,0.257,26.63,93.34,0.91,0.29,878,0.7,54,1.8,2024.0,220.0,61.206
2024,8,1,8,0,14.5,1.35,0.05,0.6,0,0,0,0,3,-4.5,0,0,0,0,0.257,26.63,93.34,0.91,0.29,878,0.7,54,1.8,2024.0,220.0,40.983
2024,8,1,9,0,19.5,1.36,0.049,0.6,40,587,139,0,0,-4.9,40,587,0,139,0.257,18.75,80.29,0.91,0.29,879,0.6,49,2.7,2024.0,220.0,0.0
2024,8,1,18,0,21.5,1.16,0.043,0.6,51,734,253,0,0,0.2,51,734,0,253,0.247,24.17,74.09,0.92,0.29,879,0.6,331,3.5,2024.0,220.0,67.358
2024,8,1,19,0,16.9,1.18,0.041,0.6,20,336,40,0,0,1.4,20,336,0,40,0.246,35.06,86.63,0.92,0.29,879,0.6,331,1.3,2024.0,220.0,82.287
2024,8,1,23,0,13.8,1.23,0.046,0.6,0,0,0,0,0,1.6,0,0,0,0,0.243,43.38,141.12,0.93,0.29,881,0.7,21,1.6,2024.0,220.0,61.666
2024,8,1,23,0,13.8,1.23,0.046,0.6,0,0,0,0,0,1.6,0,0,0,0,0.243,43.38,141.12,0.93,0.29,881,0.7,21,1.6,2024.0,220.0,60.359
2024,8,1,24,0,13.3,1.24,0.047,0.6,0,0,0,0,0,1.5,0,0,0,0,0.243,44.73,154.97,0.93,0.29,881,0.7,16,1.5,2024.0,220.0,60.702
2024,8,1,24,0,13.3,1.24,0.047,0.6,0,0,0,0,0,1.5,0,0,0,0,0.243,44.73,154.97,0.93,0.29,881,0.7,16,1.5,2024.0,220.0,56.49
2024,8,1,24,0,13.3,1.24,0.047,0.6,0,0,0,0,0,1.5,0,0,0,0,0.243,44.73,154.97,0.93,0.29,881,0.7,16,1.5,2024.0,220.0,60.781
2024,8,2,1,0,12.9,1.25,0.048,0.6,0,0,0,0,0,1.6,0,0,0,0,0.242,46.03,168.48,0.93,0.29,881,0.7,17,1.5,2024.0,220.0,64.967
2024,8,2,1,0,12.9,1.25,0.048,0.6,0,0,0,0,0,1.6,0,0,0,0,0.242,46.03,168.48,0.93,0.29,881,0.7,17,1.5,2024.0,220.0,61.172
2024,8,2,1,0,12.9,1.25,0.048,0.6,0,0,0,0,0,1.6,0,0,0,0,0.242,46.03,168.48,0.93,0.29,881,0.7,17,1.5,2024.0,220.0,57.058
2024,8,2,1,0,12.9,1.25,0.048,0.6,0,0,0,0,0,1.6,0,0,0,0,0.242,46.03,168.48,0.93,0.29,881,0.7,17,1.5,2024.0,220.0,49.554
2024,8,2,1,0,12.9,1.25,0.048,0.6,0,0,0,0,0,1.6,0,0,0,0,0.242,46.03,168.48,0.93,0.29,881,0.7,17,1.5,2024.0,220.0,45.141
2024,8,2,1,0,12.9,1.25,0.048,0.6,0,0,0,0,0,1.6,0,0,0,0,0.242,46.03,168.48,0.93,0.29,881,0.7,17,1.5,2024.0,220.0,43.67
2024,8,2,2,0,12.6,1.27,0.048,0.6,0,0,0,0,0,1.4,0,0,0,0,0.241,46.3,174.09,0.92,0.29,881,0.7,20,1.5,2024.0,220.0,17.345
2024,8,2,2,0,12.6,1.27,0.048,0.6,0,0,0,0,0,1.4,0,0,0,0,0.241,46.3,174.09,0.92,0.29,881,0.7,20,1.5,2024.0,220.0,0.0
2024,8,2,2,0,12.6,1.27,0.048,0.6,0,0,0,0,0,1.4,0,0,0,0,0.241,46.3,174.09,0.92,0.29,881,0.7,20,1.5,2024.0,220.0,44.92
2024,8,2,3,0,12.3,1.28,0.048,0.6,0,0,0,0,0,0.8,0,0,0,0,0.24,45.26,161.73,0.92,0.29,880,0.7,23,1.4,2024.0,220.0,51.004
2024,8,2,3,0,12.3,1.28,0.048,0.6,0,0,0,0,0,0.8,0,0,0,0,0.24,45.26,161.73,0.92,0.29,880,0.7,23,1.4,2024.0,220.0,46.462
2024,8,2,4,0,12.2,1.29,0.048,0.6,0,0,0,0,0,0.0,0,0,0,0,0.241,42.98,147.95,0.92,0.29,880,0.7,22,1.4,2024.0,220.0,51.199
2024,8,2,4,0,12.2,1.29,0.048,0.6,0,0,0,0,0,0.0,0,0,0,0,0.241,42.98,147.95,0.92,0.29,880,0.7,22,1.4,2024.0,220.0,45.12
2024,8,2,5,0,12.1,1.3,0.049,0.6,0,0,0,0,0,-0.9,0,0,0,0,0.242,40.74,134.08,0.91,0.29,879,0.7,20,1.4,2024.0,220.0,51.255
2024,8,2,6,0,12.0,1.31,0.051,0.6,0,0,0,0,3,-1.5,0,0,0,0,0.244,39.24,120.27,0.91,0.29,879,0.7,20,1.4,2024.0,220.0,52.11
2024,8,2,7,0,11.8,1.31,0.053,0.6,0,0,0,0,3,-1.8,0,0,0,0,0.246,38.84,106.62,0.91,0.29,880,0.8,19,1.4,2024.0,220.0,50.274
2024,8,2,8,0,12.6,1.32,0.056,0.6,0,0,0,0,4,-1.8,0,0,0,0,0.247,36.72,93.22,0.91,0.29,880,0.8,17,1.5,2024.0,220.0,42.797
2024,8,2,8,0,12.6,1.32,0.056,0.6,0,0,0,0,4,-1.8,0,0,0,0,0.247,36.72,93.22,0.91,0.29,880,0.8,17,1.5,2024.0,220.0,16.526
2024,8,2,8,0,12.6,1.32,0.056,0.6,0,0,0,0,4,-1.8,0,0,0,0,0.247,36.72,93.22,0.91,0.29,880,0.8,17,1.5,2024.0,220.0,0.0
2024,8,2,18,0,19.1,1.3,0.063,0.6,56,678,243,0,0,1.1,56,678,0,243,0.248,30.01,73.97,0.92,0.29,881,1.1,306,3.5,2024.0,220.0,66.108
2024,8,2,19,0,15.5,1.32,0.061,0.6,21,278,38,0,0,2.1,21,278,0,38,0.247,40.35,86.54,0.92,0.29,882,1.1,301,1.3,2024.0,220.0,70.124
2024,8,2,19,0,15.5,1.32,0.061,0.6,21,278,38,0,0,2.1,21,278,0,38,0.247,40.35,86.54,0.92,0.29,882,1.1,301,1.3,2024.0,220.0,76.708
2024,8,2,19,0,15.5,1.32,0.061,0.6,21,278,38,0,0,2.1,21,278,0,38,0.247,40.35,86.54,0.92,0.29,882,1.1,301,1.3,2024.0,220.0,75.068
2024,8,2,20,0,14.8,1.34,0.058,0.6,0,0,0,0,0,2.4,0,0,0,0,0.246,43.26,99.94,0.92,0.29,882,1.1,355,0.9,2024.0,220.0,70.127
2024,8,2,22,0,13.7,1.34,0.053,0.6,0,0,0,0,0,1.2,0,0,0,0,0.246,42.57,127.23,0.92,0.28,881,1.0,51,1.3,2024.0,220.0,75.512
2024,8,2,23,0,13.5,1.34,0.053,0.6,0,0,0,0,0,0.7,0,0,0,0,0.245,41.73,141.08,0.92,0.28,881,1.0,33,1.4,2024.0,220.0,69.009
2024,8,2,23,0,13.5,1.34,0.053,0.6,0,0,0,0,0,0.7,0,0,0,0,0.245,41.73,141.08,0.92,0.28,881,1.0,33,1.4,2024.0,220.0,68.814
2024,8,2,24,0,13.3,1.34,0.052,0.6,0,0,0,0,0,0.6,0,0,0,0,0.245,41.93,154.92,0.92,0.28,881,1.1,12,1.4,2024.0,220.0,74.006
2024,8,2,24,0,13.3,1.34,0.052,0.6,0,0,0,0,0,0.6,0,0,0,0,0.245,41.93,154.92,0.92,0.28,881,1.1,12,1.4,2024.0,220.0,79.166
2024,8,3,1,0,12.9,1.34,0.051,0.6,0,0,0,0,0,0.6,0,0,0,0,0.247,43.06,168.38,0.92,0.28,880,1.1,8,1.3,2024.0,220.0,71.875
2024,8,3,3,0,12.0,1.34,0.05,0.6,0,0,0,0,0,0.0,0,0,0,0,0.25,43.61,161.62,0.92,0.28,880,1.1,28,1.4,2024.0,220.0,67.324
2024,8,3,5,0,11.9,1.34,0.046,0.6,0,0,0,0,0,-1.2,0,0,0,0,0.253,40.24,133.99,0.92,0.28,879,1.0,38,1.6,2024.0,220.0,69.792
2024,8,3,7,0,11.6,1.34,0.041,0.6,0,0,0,0,0,-2.7,0,0,0,0,0.255,36.73,106.52,0.92,0.28,879,1.0,47,1.8,2024.0,220.0,65.774
2024,8,3,7,0,11.6,1.34,0.041,0.6,0,0,0,0,0,-2.7,0,0,0,0,0.255,36.73,106.52,0.92,0.28,879,1.0,47,1.8,2024.0,220.0,62.402
2024,8,3,8,0,12.4,1.35,0.04,0.6,0,0,0,0,0,-3.8,0,0,0,0,0.255,32.09,93.1,0.91,0.28,879,0.9,51,1.9,2024.0,220.0,0.0
2024,8,3,8,0,12.4,1.35,0.04,0.6,0,0,0,0,0,-3.8,0,0,0,0,0.255,32.09,93.1,0.91,0.28,879,0.9,51,1.9,2024.0,220.0,0.0
2024,8,3,12,0,24.3,1.31,0.037,0.6,76,947,720,0,0,-1.3,76,947,0,720,0.253,18.33,47.14,0.92,0.28,879,0.9,314,5.8,2024.0,220.0,0.0
2024,8,3,18,0,20.4,1.36,0.054,0.6,54,700,248,0,0,1.0,54,700,0,248,0.252,27.46,73.86,0.91,0.28,878,1.0,300,3.3,2024.0,220.0,55.105
2024,8,3,19,0,16.1,1.37,0.054,0.6,21,304,40,0,0,2.2,21,304,0,40,0.252,39.09,86.45,0.91,0.28,879,1.0,292,1.3,2024.0,220.0,57.489
2024,8,3,19,0,16.1,1.37,0.054,0.6,21,304,40,0,0,2.2,21,304,0,40,0.252,39.09,86.45,0.91,0.28,879,1.0,292,1.3,2024.0,220.0,62.418
2024,8,3,19,0,16.1,1.37,0.054,0.6,21,304,40,0,0,2.2,21,304,0,40,0.252,39.09,86.45,0.91,0.28,879,1.0,292,1.3,2024.0,220.0,58.184
2024,8,3,20,0,14.9,1.38,0.054,0.6,0,0,0,0,0,3.1,0,0,0,0,0.252,45.1,99.87,0.91,0.28,879,1.0,298,1.0,2024.0,220.0,57.096
2024,8,3,20,0,14.9,1.38,0.054,0.6,0,0,0,0,0,3.1,0,0,0,0,0.252,45.1,99.87,0.91,0.28,879,1.0,298,1.0,2024.0,220.0,61.445
2024,8,3,21,0,14.4,1.39,0.054,0.6,0,0,0,0,0,3.2,0,0,0,0,0.251,46.91,113.43,0.91,0.29,880,1.0,26,1.2,2024.0,220.0,64.823
2024,8,3,21,0,14.4,1.39,0.054,0.6,0,0,0,0,0,3.2,0,0,0,0,0.251,46.91,113.43,0.91,0.29,880,1.0,26,1.2,2024.0,220.0,67.209
2024,8,3,21,0,14.4,1.39,0.054,0.6,0,0,0,0,0,3.2,0,0,0,0,0.251,46.91,113.43,0.91,0.29,880,1.0,26,1.2,2024.0,220.0,67.809
2024,8,3,21,0,14.4,1.39,0.054,0.6,0,0,0,0,0,3.2,0,0,0,0,0.251,46.91,113.43,0.91,0.29,880,1.0,26,1.2,2024.0,220.0,67.951
2024,8,3,22,0,13.7,1.4,0.054,0.6,0,0,0,0,0,2.8,0,0,0,0,0.251,47.77,127.18,0.91,0.29,880,1.0,46,1.6,2024.0,220.0,62.494
2024,8,3,22,0,13.7,1.4,0.054,0.6,0,0,0,0,0,2.8,0,0,0,0,0.251,47.77,127.18,0.91,0.29,880,1.0,46,1.6,2024.0,220.0,64.7
2024,8,3,22,0,13.7,1.4,0.054,0.6,0,0,0,0,0,2.8,0,0,0,0,0.251,47.77,127.18,0.91,0.29,880,1.0,46,1.6,2024.0,220.0,68.425
2024,8,3,23,0,13.3,1.4,0.054,0.6,0,0,0,0,0,2.5,0,0,0,0,0.251,47.82,141.03,0.91,0.29,880,1.0,41,1.7,2024.0,220.0,64.932
2024,8,3,23,0,13.3,1.4,0.054,0.6,0,0,0,0,0,2.5,0,0,0,0,0.251,47.82,141.03,0.91,0.29,880,1.0,41,1.7,2024.0,220.0,62.641
2024,8,3,24,0,12.8,1.4,0.054,0.6,0,0,0,0,0,2.5,0,0,0,0,0.251,49.44,154.87,0.91,0.29,880,1.0,31,1.7,2024.0,220.0,60.733
2024,8,3,24,0,12.8,1.4,0.054,0.6,0,0,0,0,0,2.5,0,0,0,0,0.251,49.44,154.87,0.91,0.29,880,1.0,31,1.7,2024.0,220.0,59.35
2024,8,3,24,0,12.8,1.4,0.054,0.6,0,0,0,0,0,2.5,0,0,0,0,0.251,49.44,154.87,0.91,0.29,880,1.0,31,1.7,2024.0,220.0,59.818
2024,8,3,24,0,12.8,1.4,0.054,0.6,0,0,0,0,0,2.5,0,0,0,0,0.251,49.44,154.87,0.91,0.29,880,1.0,31,1.7,2024.0,220.0,59.818
2024,8,4,1,0,12.1,1.4,0.055,0.6,0,0,0,0,0,2.8,0,0,0,0,0.252,52.84,168.28,0.91,0.29,880,1.0,23,1.6,2024.0,220.0,56.845
2024,8,4,1,0,12.1,1.4,0.055,0.6,0,0,0,0,0,2.8,0,0,0,0,0.252,52.84,168.28,0.91,0.29,880,1.0,23,1.6,2024.0,220.0,60.848
2024,8,4,1,0,12.1,1.4,0.055,0.6,0,0,0,0,0,2.8,0,0,0,0,0.252,52.84,168.28,0.91,0.29,880,1.0,23,1.6,2024.0,220.0,62.013
2024,8,4,1,0,12.1,1.4,0.055,0.6,0,0,0,0,0,2.8,0,0,0,0,0.252,52.84,168.28,0.91,0.29,880,1.0,23,1.6,2024.0,220.0,63.213
2024,8,4,3,0,11.2,1.39,0.057,0.6,0,0,0,0,0,3.0,0,0,0,0,0.253,56.95,161.52,0.91,0.29,880,1.1,21,1.4,2024.0,220.0,65.484
2024,8,4,3,0,11.2,1.39,0.057,0.6,0,0,0,0,0,3.0,0,0,0,0,0.253,56.95,161.52,0.91,0.29,880,1.1,21,1.4,2024.0,220.0,64.966
2024,8,4,4,0,10.9,1.39,0.057,0.6,0,0,0,0,0,2.9,0,0,0,0,0.253,57.58,147.78,0.91,0.29,880,1.1,19,1.4,2024.0,220.0,61.517
2024,8,4,5,0,10.7,1.4,0.057,0.6,0,0,0,0,0,2.6,0,0,0,0,0.254,57.44,133.9,0.91,0.29,880,1.0,18,1.4,2024.0,220.0,68.274
2024,8,4,8,0,11.6,1.42,0.053,0.6,0,0,0,0,1,1.3,0,0,0,0,0.255,49.08,92.98,0.91,0.29,881,1.0,32,1.8,2024.0,220.0,64.789
2024,8,4,8,0,11.6,1.42,0.053,0.6,0,0,0,0,1,1.3,0,0,0,0,0.255,49.08,92.98,0.91,0.29,881,1.0,32,1.8,2024.0,220.0,0.0
2024,8,4,8,0,11.6,1.42,0.053,0.6,0,0,0,0,1,1.3,0,0,0,0,0.255,49.08,92.98,0.91,0.29,881,1.0,32,1.8,2024.0,220.0,0.0
2024,8,4,9,0,16.4,1.43,0.052,0.6,41,572,141,0,0,0.8,41,572,0,141,0.255,34.68,79.88,0.9,0.29,881,1.0,27,3.2,2024.0,220.0,0.0
2024,8,4,18,0,20.2,1.31,0.053,0.6,54,707,252,0,0,1.0,54,707,0,252,0.255,27.81,73.74,0.92,0.29,880,0.9,310,4.5,2024.0,220.0,52.038
2024,8,4,19,0,15.8,1.32,0.053,0.6,21,312,41,0,0,2.2,21,312,0,41,0.255,39.97,86.36,0.92,0.29,880,0.9,303,1.7,2024.0,220.0,58.18
2024,8,4,19,0,15.8,1.32,0.053,0.6,21,312,41,0,0,2.2,21,312,0,41,0.255,39.97,86.36,0.92,0.29,880,0.9,303,1.7,2024.0,220.0,57.783
2024,8,4,20,0,14.5,1.33,0.054,0.6,0,0,0,0,0,3.4,0,0,0,0,0.255,47.18,99.8,0.92,0.29,881,0.9,314,1.1,2024.0,220.0,59.212
2024,8,4,20,0,14.5,1.33,0.054,0.6,0,0,0,0,0,3.4,0,0,0,0,0.255,47.18,99.8,0.92,0.29,881,0.9,314,1.1,2024.0,220.0,58.665
2024,8,4,21,0,13.7,1.34,0.055,0.6,0,0,0,0,0,3.6,0,0,0,0,0.255,50.38,113.37,0.92,0.29,881,0.9,17,1.1,2024.0,220.0,60.969
2024,8,4,21,0,13.7,1.34,0.055,0.6,0,0,0,0,0,3.6,0,0,0,0,0.255,50.38,113.37,0.92,0.29,881,0.9,17,1.1,2024.0,220.0,60.626
2024,8,4,22,0,13.0,1.35,0.057,0.6,0,0,0,0,0,3.1,0,0,0,0,0.254,50.88,127.13,0.91,0.29,881,0.9,38,1.3,2024.0,220.0,63.255
2024,8,4,22,0,13.0,1.35,0.057,0.6,0,0,0,0,0,3.1,0,0,0,0,0.254,50.88,127.13,0.91,0.29,881,0.9,38,1.3,2024.0,220.0,66.028
2024,8,4,23,0,12.7,1.36,0.058,0.6,0,0,0,0,0,2.4,0,0,0,0,0.254,49.67,140.99,0.91,0.29,882,0.9,35,1.4,2024.0,220.0,62.603
2024,8,4,23,0,12.7,1.36,0.058,0.6,0,0,0,0,0,2.4,0,0,0,0,0.254,49.67,140.99,0.91,0.29,882,0.9,35,1.4,2024.0,220.0,63.986
2024,8,4,23,0,12.7,1.36,0.058,0.6,0,0,0,0,0,2.4,0,0,0,0,0.254,49.67,140.99,0.91,0.29,882,0.9,35,1.4,2024.0,220.0,67.955
2024,8,5,1,0,12.1,1.37,0.059,0.6,0,0,0,0,0,1.9,0,0,0,0,0.254,49.63,168.17,0.91,0.29,882,0.9,26,1.5,2024.0,220.0,67.778
2024,8,5,4,0,11.9,1.39,0.057,0.6,0,0,0,0,0,0.2,0,0,0,0,0.253,44.58,147.68,0.91,0.29,880,0.9,55,1.6,2024.0,220.0,65.131
2024,8,5,5,0,11.8,1.4,0.057,0.6,0,0,0,0,0,-0.6,0,0,0,0,0.253,42.24,133.81,0.91,0.29,880,0.9,56,1.7,2024.0,220.0,64.91
2024,8,5,7,0,11.4,1.41,0.056,0.6,0,0,0,0,0,-2.1,0,0,0,0,0.253,38.9,106.3,0.91,0.29,881,0.9,49,1.9,2024.0,220.0,66.503
2024,8,5,8,0,12.1,1.42,0.054,0.6,0,0,0,1,3,-2.9,0,0,1,0,0.252,34.98,92.85,0.91,0.29,881,0.9,48,1.9,2024.0,220.0,65.519
2024,8,5,8,0,12.1,1.42,0.054,0.6,0,0,0,1,3,-2.9,0,0,1,0,0.252,34.98,92.85,0.91,0.29,881,0.9,48,1.9,2024.0,220.0,68.039
2024,8,5,8,0,12.1,1.42,0.054,0.6,0,0,0,1,3,-2.9,0,0,1,0,0.252,34.98,92.85,0.91,0.29,881,0.9,48,1.9,2024.0,220.0,78.724
2024,8,5,8,0,12.1,1.42,0.054,0.6,0,0,0,1,3,-2.9,0,0,1,0,0.252,34.98,92.85,0.91,0.29,881,0.9,48,1.9,2024.0,220.0,62.636
2024,8,5,8,0,12.1,1.42,0.054,0.6,0,0,0,1,3,-2.9,0,0,1,0,0.252,34.98,92.85,0.91,0.29,881,0.9,48,1.9,2024.0,220.0,60.448
2024,8,5,8,0,12.1,1.42,0.054,0.6,0,0,0,1,3,-2.9,0,0,1,0,0.252,34.98,92.85,0.91,0.29,881,0.9,48,1.9,2024.0,220.0,51.485
2024,8,5,9,0,16.4,1.43,0.053,0.6,42,579,145,0,0,-3.0,42,579,0,145,0.251,26.33,79.73,0.91,0.29,881,0.9,43,3.2,2024.0,220.0,38.893
2024,8,5,9,0,16.4,1.43,0.053,0.6,42,579,145,0,0,-3.0,42,579,0,145,0.251,26.33,79.73,0.91,0.29,881,0.9,43,3.2,2024.0,220.0,0.0
2024,8,5,9,0,16.4,1.43,0.053,0.6,42,579,145,0,0,-3.0,42,579,0,145,0.251,26.33,79.73,0.91,0.29,881,0.9,43,3.2,2024.0,220.0,0.0
2024,8,5,14,0,24.6,1.36,0.048,0.6,87,968,837,0,0,-1.0,87,968,0,837,0.245,18.42,39.21,0.91,0.29,880,0.8,312,4.9,2024.0,220.0,31.177
2024,8,5,17,0,22.1,1.31,0.051,0.6,71,856,476,0,0,-0.2,71,856,0,476,0.243,22.73,61.7,0.92,0.29,880,0.8,303,4.2,2024.0,220.0,29.899
2024,8,5,18,0,19.7,1.29,0.052,0.6,54,716,256,0,0,0.6,54,716,0,256,0.243,27.87,73.63,0.92,0.29,880,0.8,299,2.8,2024.0,220.0,67.402
2024,8,5,18,0,19.7,1.29,0.052,0.6,54,716,256,0,0,0.6,54,716,0,256,0.243,27.87,73.63,0.92,0.29,880,0.8,299,2.8,2024.0,220.0,92.732
2024,8,5,19,0,15.3,1.28,0.053,0.6,22,320,43,0,0,2.2,22,320,0,43,0.243,41.12,86.28,0.92,0.29,880,0.8,288,1.3,2024.0,220.0,91.058
2024,8,5,19,0,15.3,1.28,0.053,0.6,22,320,43,0,0,2.2,22,320,0,43,0.243,41.12,86.28,0.92,0.29,880,0.8,288,1.3,2024.0,220.0,97.955
2024,8,5,19,0,15.3,1.28,0.053,0.6,22,320,43,0,0,2.2,22,320,0,43,0.243,41.12,86.28,0.92,0.29,880,0.8,288,1.3,2024.0,220.0,90.905
2024,8,5,21,0,13.0,1.29,0.054,0.6,0,0,0,0,0,3.6,0,0,0,0,0.243,52.92,113.31,0.92,0.29,881,0.8,6,0.9,2024.0,220.0,92.096
2024,8,5,22,0,12.3,1.3,0.055,0.6,0,0,0,0,0,3.2,0,0,0,0,0.244,53.91,127.08,0.92,0.29,882,0.8,47,1.4,2024.0,220.0,92.121
2024,8,5,22,0,12.3,1.3,0.055,0.6,0,0,0,0,0,3.2,0,0,0,0,0.244,53.91,127.08,0.92,0.29,882,0.8,47,1.4,2024.0,220.0,91.82
2024,8,5,24,0,11.7,1.32,0.055,0.6,0,0,0,0,0,2.2,0,0,0,0,0.247,52.3,154.76,0.92,0.29,882,0.8,34,1.7,2024.0,220.0,92.729
2024,8,5,24,0,11.7,1.32,0.055,0.6,0,0,0,0,0,2.2,0,0,0,0,0.247,52.3,154.76,0.92,0.29,882,0.8,34,1.7,2024.0,220.0,92.736
2024,8,5,24,0,11.7,1.32,0.055,0.6,0,0,0,0,0,2.2,0,0,0,0,0.247,52.3,154.76,0.92,0.29,882,0.8,34,1.7,2024.0,220.0,69.584
2024,8,6,1,0,11.2,1.32,0.055,0.6,0,0,0,0,0,2.3,0,0,0,0,0.249,54.19,168.05,0.92,0.29,882,0.8,28,1.8,2024.0,220.0,60.676
2024,8,6,1,0,11.2,1.32,0.055,0.6,0,0,0,0,0,2.3,0,0,0,0,0.249,54.19,168.05,0.92,0.29,882,0.8,28,1.8,2024.0,220.0,59.234
2024,8,6,3,0,10.5,1.33,0.056,0.6,0,0,0,0,0,2.2,0,0,0,0,0.252,56.64,161.28,0.92,0.29,881,0.8,33,1.8,2024.0,220.0,58.266
2024,8,6,3,0,10.5,1.33,0.056,0.6,0,0,0,0,0,2.2,0,0,0,0,0.252,56.64,161.28,0.92,0.29,881,0.8,33,1.8,2024.0,220.0,52.042
2024,8,6,5,0,10.2,1.33,0.055,0.6,0,0,0,0,0,1.7,0,0,0,0,0.254,55.69,133.71,0.92,0.29,880,0.8,43,1.5,2024.0,220.0,62.357
2024,8,6,6,0,10.1,1.33,0.054,0.6,0,0,0,0,0,1.3,0,0,0,0,0.255,54.48,119.88,0.92,0.29,880,0.8,51,1.4,2024.0,220.0,63.959
2024,8,6,7,0,10.1,1.34,0.052,0.6,0,0,0,0,4,0.6,0,0,0,0,0.256,51.82,106.18,0.92,0.29,880,0.8,62,1.4,2024.0,220.0,65.052
2024,8,6,7,0,10.1,1.34,0.052,0.6,0,0,0,0,4,0.6,0,0,0,0,0.256,51.82,106.18,0.92,0.29,880,0.8,62,1.4,2024.0,220.0,65.946
2024,8,6,7,0,10.1,1.34,0.052,0.6,0,0,0,0,4,0.6,0,0,0,0,0.256,51.82,106.18,0.92,0.29,880,0.8,62,1.4,2024.0,220.0,88.815
2024,8,6,8,0,10.9,1.35,0.051,0.6,0,0,0,0,0,-0.3,0,0,0,0,0.256,45.83,92.72,0.92,0.29,881,0.8,68,1.4,2024.0,220.0,60.359
2024,8,6,8,0,10.9,1.35,0.051,0.6,0,0,0,0,0,-0.3,0,0,0,0,0.256,45.83,92.72,0.92,0.29,881,0.8,68,1.4,2024.0,220.0,41.695
2024,8,6,9,0,15.1,1.36,0.049,0.6,42,595,149,0,0,-0.8,42,595,0,149,0.257,33.69,79.58,0.92,0.29,881,0.8,63,1.3,2024.0,220.0,36.311
2024,8,6,9,0,15.1,1.36,0.049,0.6,42,595,149,0,0,-0.8,42,595,0,149,0.257,33.69,79.58,0.92,0.29,881,0.8,63,1.3,2024.0,220.0,0.0
2024,8,6,9,0,15.1,1.36,0.049,0.6,42,595,149,0,0,-0.8,42,595,0,149,0.257,33.69,79.58,0.92,0.29,881,0.8,63,1.3,2024.0,220.0,0.0
2024,8,6,18,0,18.0,1.2,0.058,0.6,57,701,256,0,0,1.4,57,701,0,256,0.262,32.71,73.51,0.94,0.29,881,0.9,295,2.2,2024.0,220.0,0.0
2024,8,6,18,0,18.0,1.2,0.058,0.6,57,701,256,0,0,1.4,57,701,0,256,0.262,32.71,73.51,0.94,0.29,881,0.9,295,2.2,2024.0,220.0,39.576
2024,8,6,18,0,18.0,1.2,0.058,0.6,57,701,256,0,0,1.4,57,701,0,256,0.262,32.71,73.51,0.94,0.29,881,0.9,295,2.2,2024.0,220.0,39.576
2024,8,6,18,0,18.0,1.2,0.058,0.6,57,701,256,0,0,1.4,57,701,0,256,0.262,32.71,73.51,0.94,0.29,881,0.9,295,2.2,2024.0,220.0,73.996
2024,8,6,23,0,11.0,1.24,0.05,0.6,0,0,0,0,0,2.9,0,0,0,0,0.266,57.29,140.89,0.93,0.29,881,0.8,53,1.5,2024.0,220.0,101.727
2024,8,6,23,0,11.0,1.24,0.05,0.6,0,0,0,0,0,2.9,0,0,0,0,0.266,57.29,140.89,0.93,0.29,881,0.8,53,1.5,2024.0,220.0,88.421
2024,8,6,24,0,11.0,1.26,0.048,0.6,0,0,0,0,0,2.3,0,0,0,0,0.265,55.09,154.7,0.93,0.29,881,0.7,42,1.5,2024.0,220.0,64.242
2024,8,6,24,0,11.0,1.26,0.048,0.6,0,0,0,0,0,2.3,0,0,0,0,0.265,55.09,154.7,0.93,0.29,881,0.7,42,1.5,2024.0,220.0,62.589
2024,8,7,1,0,10.5,1.26,0.048,0.6,0,0,0,0,0,2.2,0,0,0,0,0.265,56.48,167.93,0.93,0.29,881,0.7,29,1.4,2024.0,220.0,63.935
2024,8,7,1,0,10.5,1.26,0.048,0.6,0,0,0,0,0,2.2,0,0,0,0,0.265,56.48,167.93,0.93,0.29,881,0.7,29,1.4,2024.0,220.0,62.2
2024,8,7,2,0,10.1,1.25,0.048,0.6,0,0,0,0,0,2.3,0,0,0,0,0.264,58.44,172.9,0.92,0.29,880,0.7,18,1.3,2024.0,220.0,64.643
2024,8,7,2,0,10.1,1.25,0.048,0.6,0,0,0,0,0,2.3,0,0,0,0,0.264,58.44,172.9,0.92,0.29,880,0.7,18,1.3,2024.0,220.0,63.044
2024,8,7,2,0,10.1,1.25,0.048,0.6,0,0,0,0,0,2.3,0,0,0,0,0.264,58.44,172.9,0.92,0.29,880,0.7,18,1.3,2024.0,220.0,58.866
2024,8,7,3,0,9.7,1.24,0.049,0.6,0,0,0,0,1,2.4,0,0,0,0,0.264,60.52,161.15,0.92,0.29,880,0.7,8,1.2,2024.0,220.0,58.474
2024,8,7,3,0,9.7,1.24,0.049,0.6,0,0,0,0,1,2.4,0,0,0,0,0.264,60.52,161.15,0.92,0.29,880,0.7,8,1.2,2024.0,220.0,66.196
2024,8,7,4,0,9.4,1.24,0.051,0.6,0,0,0,0,1,2.4,0,0,0,0,0.265,61.51,147.48,0.93,0.29,880,0.7,4,1.2,2024.0,220.0,60.28
2024,8,7,6,0,9.1,1.25,0.05,0.6,0,0,0,0,4,1.4,0,0,0,0,0.267,58.65,119.77,0.93,0.29,879,0.8,22,1.5,2024.0,220.0,67.287
2024,8,7,7,0,8.9,1.26,0.049,0.6,0,0,0,0,4,0.8,0,0,0,0,0.269,56.8,106.06,0.93,0.29,880,0.7,36,1.4,2024.0,220.0,65.934
2024,8,7,7,0,8.9,1.26,0.049,0.6,0,0,0,0,4,0.8,0,0,0,0,0.269,56.8,106.06,0.93,0.29,880,0.7,36,1.4,2024.0,220.0,77.583
2024,8,7,8,0,9.8,1.28,0.047,0.6,0,0,0,0,5,0.0,0,0,0,0,0.27,50.52,92.59,0.93,0.29,880,0.7,45,1.3,2024.0,220.0,59.992
2024,8,7,8,0,9.8,1.28,0.047,0.6,0,0,0,0,5,0.0,0,0,0,0,0.27,50.52,92.59,0.93,0.29,880,0.7,45,1.3,2024.0,220.0,54.138
2024,8,7,8,0,9.8,1.28,0.047,0.6,0,0,0,0,5,0.0,0,0,0,0,0.27,50.52,92.59,0.93,0.29,880,0.7,45,1.3,2024.0,220.0,43.101
2024,8,7,9,0,14.5,1.29,0.045,0.6,41,611,153,0,0,-0.3,41,611,0,153,0.268,36.3,79.43,0.92,0.29,880,0.7,37,1.2,2024.0,220.0,0.0
2024,8,7,9,0,14.5,1.29,0.045,0.6,41,611,153,0,0,-0.3,41,611,0,153,0.268,36.3,79.43,0.92,0.29,880,0.7,37,1.2,2024.0,220.0,0.0
2024,8,7,15,0,23.5,1.24,0.038,0.6,80,972,795,0,0,-1.9,80,972,0,795,0.257,18.37,42.69,0.93,0.29,879,0.7,304,4.7,2024.0,220.0,0.0
2024,8,7,16,0,23.1,1.23,0.036,0.6,74,950,674,0,0,-2.5,74,950,0,674,0.257,18.08,50.81,0.93,0.29,878,0.6,300,4.4,2024.0,220.0,0.0
2024,8,7,18,0,19.8,1.21,0.034,0.6,50,763,268,0,0,-2.5,50,763,0,268,0.254,22.08,73.4,0.92,0.29,878,0.6,297,2.8,2024.0,220.0,44.614
2024,8,7,18,0,19.8,1.21,0.034,0.6,50,763,268,0,0,-2.5,50,763,0,268,0.254,22.08,73.4,0.92,0.29,878,0.6,297,2.8,2024.0,220.0,64.536
2024,8,7,23,0,12.1,1.26,0.031,0.6,0,0,0,0,0,-1.1,0,0,0,0,0.253,39.97,140.85,0.92,0.29,880,0.6,37,1.3,2024.0,220.0,66.419
2024,8,7,24,0,11.9,1.27,0.03,0.6,0,0,0,0,0,-1.8,0,0,0,0,0.254,38.58,154.64,0.92,0.29,880,0.6,35,1.3,2024.0,220.0,65.912
2024,8,7,24,0,11.9,1.27,0.03,0.6,0,0,0,0,0,-1.8,0,0,0,0,0.254,38.58,154.64,0.92,0.29,880,0.6,35,1.3,2024.0,220.0,68.337
2024,8,8,1,0,11.9,1.28,0.029,0.6,0,0,0,0,0,-2.4,0,0,0,0,0.256,36.92,167.81,0.91,0.29,880,0.7,35,1.1,2024.0,220.0,68.761
2024,8,8,1,0,11.9,1.28,0.029,0.6,0,0,0,0,0,-2.4,0,0,0,0,0.256,36.92,167.81,0.91,0.29,880,0.7,35,1.1,2024.0,220.0,68.756
2024,8,8,2,0,12.0,1.29,0.028,0.6,0,0,0,0,0,-3.2,0,0,0,0,0.257,34.46,172.64,0.91,0.29,879,0.6,39,0.9,2024.0,220.0,68.839
2024,8,8,3,0,12.1,1.3,0.027,0.6,0,0,0,0,1,-4.3,0,0,0,0,0.259,31.64,161.02,0.91,0.29,879,0.6,44,0.9,2024.0,220.0,70.358
2024,8,8,5,0,12.0,1.32,0.025,0.6,0,0,0,0,4,-6.6,0,0,0,0,0.263,26.73,133.5,0.9,0.29,878,0.6,50,1.1,2024.0,220.0,67.464
2024,8,8,7,0,11.6,1.32,0.025,0.6,0,0,0,0,4,-8.8,0,0,0,0,0.265,23.07,105.94,0.9,0.29,878,0.6,48,1.3,2024.0,220.0,68.242
2024,8,8,7,0,11.6,1.32,0.025,0.6,0,0,0,0,4,-8.8,0,0,0,0,0.265,23.07,105.94,0.9,0.29,878,0.6,48,1.3,2024.0,220.0,67.344
2024,8,8,7,0,11.6,1.32,0.025,0.6,0,0,0,0,4,-8.8,0,0,0,0,0.265,23.07,105.94,0.9,0.29,878,0.6,48,1.3,2024.0,220.0,78.714
2024,8,8,8,0,12.3,1.33,0.025,0.6,0,0,0,0,4,-10.2,0,0,0,0,0.265,19.81,92.45,0.9,0.29,878,0.6,45,1.3,2024.0,220.0,52.188
2024,8,8,8,0,12.3,1.33,0.025,0.6,0,0,0,0,4,-10.2,0,0,0,0,0.265,19.81,92.45,0.9,0.29,878,0.6,45,1.3,2024.0,220.0,0.0
2024,8,8,9,0,16.6,1.33,0.025,0.6,36,667,161,0,0,-10.7,36,667,0,161,0.266,14.41,79.27,0.9,0.29,879,0.6,40,1.9,2024.0,220.0,0.0
2024,8,8,18,0,20.4,1.16,0.036,0.6,50,761,269,0,0,-2.3,50,761,0,269,0.259,21.64,73.29,0.92,0.29,878,0.6,287,2.9,2024.0,220.0,63.925
2024,8,9,1,0,12.8,1.25,0.03,0.6,0,0,0,0,0,-2.5,0,0,0,0,0.259,34.4,167.68,0.91,0.29,881,0.6,53,1.2,2024.0,220.0,69.801
2024,8,9,1,0,12.8,1.25,0.03,0.6,0,0,0,0,0,-2.5,0,0,0,0,0.259,34.4,167.68,0.91,0.29,881,0.6,53,1.2,2024.0,220.0,68.259
2024,8,9,1,0,12.8,1.25,0.03,0.6,0,0,0,0,0,-2.5,0,0,0,0,0.259,34.4,167.68,0.91,0.29,881,0.6,53,1.2,2024.0,220.0,66.849
2024,8,9,2,0,12.8,1.26,0.029,0.6,0,0,0,0,0,-3.2,0,0,0,0,0.258,32.64,172.37,0.9,0.29,880,0.6,55,1.1,2024.0,220.0,69.106
2024,8,9,2,0,12.8,1.26,0.029,0.6,0,0,0,0,0,-3.2,0,0,0,0,0.258,32.64,172.37,0.9,0.29,880,0.6,55,1.1,2024.0,220.0,71.186
2024,8,9,7,0,11.5,1.31,0.024,0.6,0,0,0,0,4,-9.0,0,0,0,0,0.258,22.86,105.81,0.89,0.29,880,0.5,70,1.3,2024.0,220.0,81.051
2024,8,9,7,0,11.5,1.31,0.024,0.6,0,0,0,0,4,-9.0,0,0,0,0,0.258,22.86,105.81,0.89,0.29,880,0.5,70,1.3,2024.0,220.0,85.72
2024,8,9,7,0,11.5,1.31,0.024,0.6,0,0,0,0,4,-9.0,0,0,0,0,0.258,22.86,105.81,0.89,0.29,880,0.5,70,1.3,2024.0,220.0,85.741
2024,8,9,8,0,12.3,1.33,0.022,0.6,0,0,0,0,4,-11.5,0,0,0,0,0.257,17.79,92.31,0.88,0.29,880,0.4,71,1.3,2024.0,220.0,175.096
2024,8,9,8,0,12.3,1.33,0.022,0.6,0,0,0,0,4,-11.5,0,0,0,0,0.257,17.79,92.31,0.88,0.29,880,0.4,71,1.3,2024.0,220.0,249.735
2024,8,9,8,0,12.3,1.33,0.022,0.6,0,0,0,0,4,-11.5,0,0,0,0,0.257,17.79,92.31,0.88,0.29,880,0.4,71,1.3,2024.0,220.0,272.373
2024,8,9,8,0,12.3,1.33,0.022,0.6,0,0,0,0,4,-11.5,0,0,0,0,0.257,17.79,92.31,0.88,0.29,880,0.4,71,1.3,2024.0,220.0,310.831
2024,8,9,8,0,12.3,1.33,0.022,0.6,0,0,0,0,4,-11.5,0,0,0,0,0.257,17.79,92.31,0.88,0.29,880,0.4,71,1.3,2024.0,220.0,348.355
2024,8,9,8,0,12.3,1.33,0.022,0.6,0,0,0,0,4,-11.5,0,0,0,0,0.257,17.79,92.31,0.88,0.29,880,0.4,71,1.3,2024.0,220.0,92.071
2024,8,9,8,0,12.3,1.33,0.022,0.6,0,0,0,0,4,-11.5,0,0,0,0,0.257,17.79,92.31,0.88,0.29,880,0.4,71,1.3,2024.0,220.0,75.343
2024,8,9,9,0,17.7,1.34,0.02,0.6,35,702,168,0,0,-13.6,35,702,0,168,0.257,10.64,79.11,0.88,0.29,881,0.4,68,1.5,2024.0,220.0,52.784
2024,8,9,9,0,17.7,1.34,0.02,0.6,35,702,168,0,0,-13.6,35,702,0,168,0.257,10.64,79.11,0.88,0.29,881,0.4,68,1.5,2024.0,220.0,34.918
2024,8,9,9,0,17.7,1.34,0.02,0.6,35,702,168,0,0,-13.6,35,702,0,168,0.257,10.64,79.11,0.88,0.29,881,0.4,68,1.5,2024.0,220.0,0.0
2024,8,9,9,0,17.7,1.34,0.02,0.6,35,702,168,0,0,-13.6,35,702,0,168,0.257,10.64,79.11,0.88,0.29,881,0.4,68,1.5,2024.0,220.0,0.0
2024,8,9,10,0,22.2,1.34,0.02,0.6,51,886,402,0,0,-11.0,51,886,0,402,0.257,9.91,66.64,0.88,0.29,881,0.4,59,2.1,2024.0,220.0,0.0
2024,8,9,10,0,22.2,1.34,0.02,0.6,51,886,402,0,0,-11.0,51,886,0,402,0.257,9.91,66.64,0.88,0.29,881,0.4,59,2.1,2024.0,220.0,0.0
2024,8,9,14,0,27.5,1.31,0.024,0.6,73,1030,884,0,0,-9.1,73,1030,0,884,0.26,8.42,38.09,0.9,0.29,880,0.3,253,4.5,2024.0,220.0,0.0
2024,8,9,18,0,22.2,1.15,0.034,0.6,50,784,277,0,0,-5.6,50,784,0,277,0.262,15.14,73.17,0.91,0.29,879,0.4,253,2.8,2024.0,220.0,0.0
2024,8,9,18,0,22.2,1.15,0.034,0.6,50,784,277,0,0,-5.6,50,784,0,277,0.262,15.14,73.17,0.91,0.29,879,0.4,253,2.8,2024.0,220.0,55.291
2024,8,9,18,0,22.2,1.15,0.034,0.6,50,784,277,0,0,-5.6,50,784,0,277,0.262,15.14,73.17,0.91,0.29,879,0.4,253,2.8,2024.0,220.0,65.89
2024,8,9,24,0,13.2,1.2,0.029,0.6,0,0,0,0,1,-9.3,0,0,0,0,0.264,20.0,154.52,0.9,0.29,881,0.3,93,1.4,2024.0,220.0,66.415
2024,8,10,1,0,13.2,1.21,0.028,0.6,0,0,0,0,0,-10.4,0,0,0,0,0.265,18.37,167.54,0.9,0.29,881,0.3,87,1.3,2024.0,220.0,66.259
2024,8,10,1,0,13.2,1.21,0.028,0.6,0,0,0,0,0,-10.4,0,0,0,0,0.265,18.37,167.54,0.9,0.29,881,0.3,87,1.3,2024.0,220.0,63.748
2024,8,10,3,0,12.7,1.21,0.03,0.6,0,0,0,0,0,-10.2,0,0,0,0,0.267,19.27,160.72,0.9,0.29,880,0.3,72,1.2,2024.0,220.0,63.76
2024,8,10,5,0,11.7,1.2,0.03,0.6,0,0,0,0,0,-9.3,0,0,0,0,0.269,22.01,133.27,0.91,0.29,880,0.3,62,1.2,2024.0,220.0,63.019
2024,8,10,6,0,11.3,1.22,0.03,0.6,0,0,0,0,4,-9.6,0,0,0,0,0.27,22.19,119.42,0.91,0.29,879,0.3,64,1.2,2024.0,220.0,63.187
2024,8,10,7,0,11.1,1.22,0.029,0.6,0,0,0,0,4,-10.3,0,0,0,0,0.269,21.27,105.68,0.91,0.29,880,0.3,65,1.3,2024.0,220.0,62.651
2024,8,10,7,0,11.1,1.22,0.029,0.6,0,0,0,0,4,-10.3,0,0,0,0,0.269,21.27,105.68,0.91,0.29,880,0.3,65,1.3,2024.0,220.0,62.711
2024,8,10,8,0,12.0,1.22,0.029,0.6,0,0,0,0,4,-11.3,0,0,0,0,0.268,18.51,92.16,0.91,0.29,880,0.3,62,1.3,2024.0,220.0,61.041
2024,8,10,8,0,12.0,1.22,0.029,0.6,0,0,0,0,4,-11.3,0,0,0,0,0.268,18.51,92.16,0.91,0.29,880,0.3,62,1.3,2024.0,220.0,49.509
2024,8,10,9,0,16.9,1.23,0.029,0.6,39,696,172,0,1,-12.1,39,696,0,172,0.267,12.58,78.95,0.91,0.29,881,0.3,53,1.7,2024.0,220.0,0.0
2024,8,10,10,0,21.0,1.25,0.03,0.6,57,883,410,0,0,-11.7,57,883,0,410,0.267,10.07,66.45,0.91,0.29,881,0.3,28,2.5,2024.0,220.0,0.0
2024,8,10,18,0,20.3,1.08,0.049,0.6,56,757,276,0,8,-4.2,153,174,0,204,0.261,18.87,73.06,0.92,0.29,880,0.4,253,2.6,2024.0,220.0,56.676
2024,8,10,18,0,20.3,1.08,0.049,0.6,56,757,276,0,8,-4.2,153,174,0,204,0.261,18.87,73.06,0.92,0.29,880,0.4,253,2.6,2024.0,220.0,62.29
2024,8,10,18,0,20.3,1.08,0.049,0.6,56,757,276,0,8,-4.2,153,174,0,204,0.261,18.87,73.06,0.92,0.29,880,0.4,253,2.6,2024.0,220.0,66.196
2024,8,10,18,0,20.3,1.08,0.049,0.6,56,757,276,0,8,-4.2,153,174,0,204,0.261,18.87,73.06,0.92,0.29,880,0.4,253,2.6,2024.0,220.0,72.741
2024,8,10,19,0,16.0,1.08,0.048,0.6,24,375,51,7,8,-2.3,24,1,7,24,0.26,28.54,85.84,0.93,0.29,881,0.4,248,1.4,2024.0,220.0,88.449
2024,8,10,19,0,16.0,1.08,0.048,0.6,24,375,51,7,8,-2.3,24,1,7,24,0.26,28.54,85.84,0.93,0.29,881,0.4,248,1.4,2024.0,220.0,88.481
2024,8,10,19,0,16.0,1.08,0.048,0.6,24,375,51,7,8,-2.3,24,1,7,24,0.26,28.54,85.84,0.93,0.29,881,0.4,248,1.4,2024.0,220.0,66.754
2024,8,10,20,0,15.2,1.08,0.047,0.6,0,0,0,0,7,-1.5,0,0,0,0,0.26,31.74,99.37,0.93,0.29,881,0.3,196,0.6,2024.0,220.0,63.364
2024,8,10,20,0,15.2,1.08,0.047,0.6,0,0,0,0,7,-1.5,0,0,0,0,0.26,31.74,99.37,0.93,0.29,881,0.3,196,0.6,2024.0,220.0,68.45
2024,8,10,21,0,14.3,1.1,0.044,0.6,0,0,0,0,8,-2.9,0,0,0,0,0.259,30.44,113.02,0.93,0.29,881,0.3,95,0.9,2024.0,220.0,87.612
2024,8,10,22,0,13.7,1.11,0.042,0.6,0,0,0,0,0,-5.6,0,0,0,0,0.259,25.76,126.84,0.92,0.29,881,0.3,82,1.2,2024.0,220.0,73.604
2024,8,10,22,0,13.7,1.11,0.042,0.6,0,0,0,0,0,-5.6,0,0,0,0,0.259,25.76,126.84,0.92,0.29,881,0.3,82,1.2,2024.0,220.0,70.603
2024,8,11,1,0,13.0,1.13,0.04,0.6,0,0,0,0,0,-11.0,0,0,0,0,0.258,17.74,167.4,0.92,0.29,881,0.3,70,1.0,2024.0,220.0,68.257
2024,8,11,1,0,13.0,1.13,0.04,0.6,0,0,0,0,0,-11.0,0,0,0,0,0.258,17.74,167.4,0.92,0.29,881,0.3,70,1.0,2024.0,220.0,69.41
2024,8,11,2,0,12.9,1.13,0.041,0.6,0,0,0,0,0,-11.3,0,0,0,0,0.258,17.38,171.81,0.92,0.29,880,0.3,67,0.9,2024.0,220.0,68.159
2024,8,11,5,0,13.2,1.15,0.041,0.6,0,0,0,0,0,-13.8,0,0,0,0,0.26,13.99,133.15,0.92,0.29,879,0.3,64,1.1,2024.0,220.0,65.046
2024,8,11,6,0,13.1,1.16,0.041,0.6,0,0,0,0,1,-14.8,0,0,0,0,0.26,12.99,119.29,0.92,0.29,879,0.3,69,1.2,2024.0,220.0,66.184
2024,8,11,8,0,13.5,1.17,0.04,0.6,0,0,0,0,1,-17.6,0,0,0,0,0.262,9.97,92.01,0.92,0.29,879,0.2,72,1.1,2024.0,220.0,67.819
2024,8,11,8,0,13.5,1.17,0.04,0.6,0,0,0,0,1,-17.6,0,0,0,0,0.262,9.97,92.01,0.92,0.29,879,0.2,72,1.1,2024.0,220.0,40.572
2024,8,11,8,0,13.5,1.17,0.04,0.6,0,0,0,0,1,-17.6,0,0,0,0,0.262,9.97,92.01,0.92,0.29,879,0.2,72,1.1,2024.0,220.0,0.0
2024,8,11,9,0,17.2,1.19,0.04,0.6,43,690,177,0,0,-18.7,43,690,0,177,0.263,7.17,78.78,0.92,0.29,880,0.2,72,1.6,2024.0,220.0,0.0
2024,8,11,18,0,21.5,1.15,0.07,0.6,63,735,278,0,7,-7.5,35,0,0,35,0.275,13.66,72.95,0.93,0.29,878,0.3,250,2.8,2024.0,220.0,62.594
2024,8,11,19,0,17.4,1.13,0.068,0.6,26,342,52,7,8,-4.6,36,6,7,36,0.275,22.0,85.76,0.93,0.29,879,0.3,251,1.6,2024.0,220.0,66.444
2024,8,11,19,0,17.4,1.13,0.068,0.6,26,342,52,7,8,-4.6,36,6,7,36,0.275,22.0,85.76,0.93,0.29,879,0.3,251,1.6,2024.0,220.0,65.323
2024,8,11,20,0,16.7,1.12,0.065,0.6,0,0,0,0,1,-3.5,0,0,0,0,0.275,24.83,99.31,0.93,0.29,879,0.3,220,1.0,2024.0,220.0,65.531
2024,8,11,21,0,15.8,1.12,0.063,0.6,0,0,0,0,6,-4.8,0,0,0,0,0.275,23.83,112.97,0.93,0.29,879,0.3,109,0.5,2024.0,220.0,69.657
2024,8,11,23,0,15.2,1.14,0.062,0.6,0,0,0,0,8,-9.8,0,0,0,0,0.275,16.92,140.65,0.93,0.29,879,0.3,79,0.7,2024.0,220.0,66.601
2024,8,11,24,0,15.2,1.14,0.062,0.6,0,0,0,0,0,-10.7,0,0,0,0,0.276,15.79,154.39,0.93,0.29,879,0.3,73,0.6,2024.0,220.0,65.364
2024,8,11,24,0,15.2,1.14,0.062,0.6,0,0,0,0,0,-10.7,0,0,0,0,0.276,15.79,154.39,0.93,0.29,879,0.3,73,0.6,2024.0,220.0,63.531
2024,8,11,24,0,15.2,1.14,0.062,0.6,0,0,0,0,0,-10.7,0,0,0,0,0.276,15.79,154.39,0.93,0.29,879,0.3,73,0.6,2024.0,220.0,65.652
2024,8,11,24,0,15.2,1.14,0.062,0.6,0,0,0,0,0,-10.7,0,0,0,0,0.276,15.79,154.39,0.93,0.29,879,0.3,73,0.6,2024.0,220.0,67.738
2024,8,12,1,0,15.4,1.15,0.061,0.6,0,0,0,0,8,-10.5,0,0,0,0,0.277,15.77,167.25,0.93,0.29,879,0.3,65,0.5,2024.0,220.0,66.904
2024,8,12,1,0,15.4,1.15,0.061,0.6,0,0,0,0,8,-10.5,0,0,0,0,0.277,15.77,167.25,0.93,0.29,879,0.3,65,0.5,2024.0,220.0,65.478
2024,8,12,1,0,15.4,1.15,0.061,0.6,0,0,0,0,8,-10.5,0,0,0,0,0.277,15.77,167.25,0.93,0.29,879,0.3,65,0.5,2024.0,220.0,65.371
2024,8,12,5,0,14.3,1.18,0.062,0.6,0,0,0,0,4,-9.3,0,0,0,0,0.28,18.61,133.02,0.93,0.29,877,0.3,25,1.5,2024.0,220.0,66.42
2024,8,12,6,0,14.0,1.19,0.061,0.6,0,0,0,0,0,-9.5,0,0,0,0,0.281,18.73,119.16,0.92,0.29,877,0.3,35,1.5,2024.0,220.0,66.379
2024,8,12,7,0,13.4,1.2,0.059,0.6,0,0,0,0,4,-10.0,0,0,0,0,0.281,18.62,105.4,0.92,0.29,878,0.3,45,1.5,2024.0,220.0,64.655
2024,8,12,7,0,13.4,1.2,0.059,0.6,0,0,0,0,4,-10.0,0,0,0,0,0.281,18.62,105.4,0.92,0.29,878,0.3,45,1.5,2024.0,220.0,65.877
2024,8,12,7,0,13.4,1.2,0.059,0.6,0,0,0,0,4,-10.0,0,0,0,0,0.281,18.62,105.4,0.92,0.29,878,0.3,45,1.5,2024.0,220.0,86.783
2024,8,12,7,0,13.4,1.2,0.059,0.6,0,0,0,0,4,-10.0,0,0,0,0,0.281,18.62,105.4,0.92,0.29,878,0.3,45,1.5,2024.0,220.0,86.322
2024,8,12,8,0,13.4,1.2,0.057,0.6,0,0,0,0,1,-10.7,0,0,0,0,0.281,17.69,91.86,0.92,0.29,878,0.3,50,1.6,2024.0,220.0,62.615
2024,8,12,8,0,13.4,1.2,0.057,0.6,0,0,0,0,1,-10.7,0,0,0,0,0.281,17.69,91.86,0.92,0.29,878,0.3,50,1.6,2024.0,220.0,61.217
2024,8,12,8,0,13.4,1.2,0.057,0.6,0,0,0,0,1,-10.7,0,0,0,0,0.281,17.69,91.86,0.92,0.29,878,0.3,50,1.6,2024.0,220.0,49.926
2024,8,12,8,0,13.4,1.2,0.057,0.6,0,0,0,0,1,-10.7,0,0,0,0,0.281,17.69,91.86,0.92,0.29,878,0.3,50,1.6,2024.0,220.0,0.0
2024,8,12,9,0,17.1,1.21,0.055,0.6,46,648,174,0,1,-10.9,46,648,0,174,0.281,13.69,78.6,0.92,0.29,878,0.3,46,2.9,2024.0,220.0,0.0
2024,8,12,18,0,21.8,1.32,0.05,0.6,55,764,281,0,0,-4.2,55,764,0,281,0.262,17.2,72.83,0.91,0.29,877,0.4,291,3.5,2024.0,220.0,49.848
2024,8,12,18,0,21.8,1.32,0.05,0.6,55,764,281,0,0,-4.2,55,764,0,281,0.262,17.2,72.83,0.91,0.29,877,0.4,291,3.5,2024.0,220.0,67.031
2024,8,12,19,0,17.3,1.33,0.049,0.6,24,393,54,0,0,-2.6,24,393,0,54,0.261,25.53,85.68,0.91,0.29,877,0.4,288,1.4,2024.0,220.0,68.013
2024,8,12,24,0,15.0,1.36,0.042,0.6,0,0,0,0,0,-7.0,0,0,0,0,0.258,21.27,154.32,0.9,0.29,878,0.4,38,1.5,2024.0,220.0,66.879
2024,8,13,1,0,14.4,1.36,0.042,0.6,0,0,0,0,0,-6.4,0,0,0,0,0.259,23.19,167.09,0.9,0.29,878,0.4,16,1.6,2024.0,220.0,65.047
2024,8,13,5,0,12.5,1.38,0.041,0.6,0,0,0,0,5,-5.5,0,0,0,0,0.267,28.09,132.89,0.9,0.29,878,0.4,19,1.4,2024.0,220.0,64.654
2024,8,13,6,0,12.2,1.38,0.039,0.6,0,0,0,0,4,-5.9,0,0,0,0,0.269,27.73,119.03,0.9,0.29,878,0.3,31,1.4,2024.0,220.0,64.497
2024,8,13,6,0,12.2,1.38,0.039,0.6,0,0,0,0,4,-5.9,0,0,0,0,0.269,27.73,119.03,0.9,0.29,878,0.3,31,1.4,2024.0,220.0,66.819
2024,8,13,7,0,11.8,1.38,0.037,0.6,0,0,0,0,5,-6.6,0,0,0,0,0.269,27.02,105.26,0.89,0.29,878,0.3,42,1.5,2024.0,220.0,68.116
2024,8,13,8,0,12.7,1.38,0.035,0.6,0,0,0,0,5,-7.5,0,0,0,0,0.269,23.72,91.7,0.89,0.29,879,0.3,48,1.5,2024.0,220.0,81.871
2024,8,13,8,0,12.7,1.38,0.035,0.6,0,0,0,0,5,-7.5,0,0,0,0,0.269,23.72,91.7,0.89,0.29,879,0.3,48,1.5,2024.0,220.0,75.657
2024,8,13,8,0,12.7,1.38,0.035,0.6,0,0,0,0,5,-7.5,0,0,0,0,0.269,23.72,91.7,0.89,0.29,879,0.3,48,1.5,2024.0,220.0,58.836
2024,8,13,8,0,12.7,1.38,0.035,0.6,0,0,0,0,5,-7.5,0,0,0,0,0.269,23.72,91.7,0.89,0.29,879,0.3,48,1.5,2024.0,220.0,50.199
2024,8,13,9,0,17.3,1.39,0.034,0.6,41,700,181,0,0,-8.2,41,700,0,181,0.269,16.72,78.43,0.89,0.29,879,0.3,46,2.9,2024.0,220.0,0.0
2024,8,13,9,0,17.3,1.39,0.034,0.6,41,700,181,0,0,-8.2,41,700,0,181,0.269,16.72,78.43,0.89,0.29,879,0.3,46,2.9,2024.0,220.0,0.0
2024,8,13,13,0,26.8,1.36,0.034,0.6,80,1022,883,0,0,-11.3,80,1022,0,883,0.268,7.36,38.2,0.9,0.29,879,0.3,309,4.6,2024.0,220.0,0.0
2024,8,13,18,0,22.7,1.36,0.037,0.6,52,800,289,0,0,-9.0,52,800,0,289,0.268,11.24,72.72,0.9,0.29,878,0.3,309,3.7,2024.0,220.0,0.0
2024,8,13,18,0,22.7,1.36,0.037,0.6,52,800,289,0,0,-9.0,52,800,0,289,0.268,11.24,72.72,0.9,0.29,878,0.3,309,3.7,2024.0,220.0,51.473
2024,8,13,18,0,22.7,1.36,0.037,0.6,52,800,289,0,0,-9.0,52,800,0,289,0.268,11.24,72.72,0.9,0.29,878,0.3,309,3.7,2024.0,220.0,50.692
2024,8,13,21,0,15.7,1.38,0.038,0.6,0,0,0,0,0,-6.4,0,0,0,0,0.265,21.31,112.86,0.89,0.29,879,0.4,52,0.8,2024.0,220.0,67.128
2024,8,13,23,0,15.2,1.39,0.04,0.6,0,0,0,0,0,-8.9,0,0,0,0,0.265,18.09,140.55,0.89,0.29,880,0.4,55,1.4,2024.0,220.0,64.651
2024,8,13,23,0,15.2,1.39,0.04,0.6,0,0,0,0,0,-8.9,0,0,0,0,0.265,18.09,140.55,0.89,0.29,880,0.4,55,1.4,2024.0,220.0,65.909
2024,8,13,23,0,15.2,1.39,0.04,0.6,0,0,0,0,0,-8.9,0,0,0,0,0.265,18.09,140.55,0.89,0.29,880,0.4,55,1.4,2024.0,220.0,63.788
2024,8,14,1,0,14.7,1.39,0.041,0.6,0,0,0,0,0,-9.7,0,0,0,0,0.265,17.52,166.93,0.89,0.29,880,0.4,38,1.4,2024.0,220.0,63.654
2024,8,14,1,0,14.7,1.39,0.041,0.6,0,0,0,0,0,-9.7,0,0,0,0,0.265,17.52,166.93,0.89,0.29,880,0.4,38,1.4,2024.0,220.0,62.227
2024,8,14,3,0,14.0,1.4,0.041,0.6,0,0,0,0,1,-9.7,0,0,0,0,0.265,18.39,160.05,0.89,0.29,879,0.4,37,1.3,2024.0,220.0,61.09
2024,8,14,5,0,13.3,1.41,0.04,0.6,0,0,0,0,1,-10.2,0,0,0,0,0.265,18.45,132.76,0.89,0.29,879,0.4,47,1.3,2024.0,220.0,62.575
2024,8,14,6,0,13.0,1.41,0.039,0.6,0,0,0,0,4,-10.7,0,0,0,0,0.265,18.1,118.89,0.89,0.29,879,0.4,50,1.3,2024.0,220.0,67.723
2024,8,14,6,0,13.0,1.41,0.039,0.6,0,0,0,0,4,-10.7,0,0,0,0,0.265,18.1,118.89,0.89,0.29,879,0.4,50,1.3,2024.0,220.0,63.517
2024,8,14,7,0,12.5,1.41,0.038,0.6,0,0,0,0,5,-11.3,0,0,0,0,0.265,17.88,105.11,0.89,0.29,879,0.4,52,1.4,2024.0,220.0,60.98
2024,8,14,8,0,13.5,1.41,0.036,0.6,0,0,0,0,5,-11.6,0,0,0,0,0.265,16.3,91.54,0.89,0.29,879,0.4,50,1.4,2024.0,220.0,66.387
2024,8,14,8,0,13.5,1.41,0.036,0.6,0,0,0,0,5,-11.6,0,0,0,0,0.265,16.3,91.54,0.89,0.29,879,0.4,50,1.4,2024.0,220.0,53.989
2024,8,14,8,0,13.5,1.41,0.036,0.6,0,0,0,0,5,-11.6,0,0,0,0,0.265,16.3,91.54,0.89,0.29,879,0.4,50,1.4,2024.0,220.0,45.32
2024,8,14,8,0,13.5,1.41,0.036,0.6,0,0,0,0,5,-11.6,0,0,0,0,0.265,16.3,91.54,0.89,0.29,879,0.4,50,1.4,2024.0,220.0,34.688
2024,8,14,9,0,19.1,1.42,0.036,0.6,41,688,182,0,0,-10.8,41,688,0,182,0.265,12.18,78.25,0.89,0.29,880,0.4,43,2.5,2024.0,220.0,0.0
2024,8,14,9,0,19.1,1.42,0.036,0.6,41,688,182,0,0,-10.8,41,688,0,182,0.265,12.18,78.25,0.89,0.29,880,0.4,43,2.5,2024.0,220.0,0.0
2024,8,14,10,0,23.1,1.42,0.035,0.6,59,874,420,0,0,-9.5,59,874,0,420,0.266,10.6,65.65,0.89,0.29,880,0.4,13,2.8,2024.0,220.0,0.0
2024,8,14,18,0,22.4,1.37,0.055,0.6,57,750,281,0,0,-4.4,57,750,0,281,0.257,16.33,72.61,0.89,0.29,879,0.5,294,3.5,2024.0,220.0,44.004
2024,8,14,18,0,22.4,1.37,0.055,0.6,57,750,281,0,0,-4.4,57,750,0,281,0.257,16.33,72.61,0.89,0.29,879,0.5,294,3.5,2024.0,220.0,59.92
2024,8,14,20,0,17.5,1.4,0.051,0.6,0,0,0,0,0,-3.1,0,0,0,0,0.258,24.29,99.1,0.89,0.29,880,0.5,310,0.6,2024.0,220.0,63.627
2024,8,14,21,0,16.0,1.4,0.049,0.6,0,0,0,0,0,-3.5,0,0,0,0,0.258,26.1,112.8,0.89,0.29,880,0.5,63,0.8,2024.0,220.0,62.467
2024,8,14,24,0,14.9,1.41,0.045,0.6,0,0,0,0,0,-7.1,0,0,0,0,0.26,21.33,154.17,0.88,0.29,880,0.5,50,1.3,2024.0,220.0,68.013
2024,8,15,1,0,14.8,1.42,0.045,0.6,0,0,0,0,0,-7.6,0,0,0,0,0.261,20.56,166.76,0.88,0.29,880,0.5,40,1.3,2024.0,220.0,65.255
2024,8,15,2,0,14.6,1.42,0.046,0.6,0,0,0,0,0,-7.3,0,0,0,0,0.262,21.26,170.64,0.89,0.29,880,0.6,35,1.4,2024.0,220.0,62.114
2024,8,15,3,0,14.2,1.42,0.046,0.6,0,0,0,0,0,-7.5,0,0,0,0,0.263,21.63,159.86,0.89,0.29,879,0.6,38,1.4,2024.0,220.0,57.092
2024,8,15,3,0,14.2,1.42,0.046,0.6,0,0,0,0,0,-7.5,0,0,0,0,0.263,21.63,159.86,0.89,0.29,879,0.6,38,1.4,2024.0,220.0,55.453
2024,8,15,4,0,13.8,1.43,0.044,0.6,0,0,0,0,1,-8.1,0,0,0,0,0.264,21.18,146.44,0.89,0.29,879,0.6,44,1.3,2024.0,220.0,59.299
2024,8,15,5,0,13.5,1.43,0.043,0.6,0,0,0,0,3,-9.0,0,0,0,0,0.264,20.16,132.62,0.89,0.29,879,0.6,49,1.3,2024.0,220.0,58.845
2024,8,15,6,0,13.5,1.43,0.041,0.6,0,0,0,0,0,-9.7,0,0,0,0,0.264,18.97,118.75,0.88,0.29,879,0.6,51,1.2,2024.0,220.0,63.425
2024,8,15,8,0,14.5,1.42,0.041,0.6,0,0,0,0,4,-10.3,0,0,0,0,0.261,16.98,91.37,0.88,0.29,880,0.6,47,1.2,2024.0,220.0,0.0
2024,8,15,9,0,19.5,1.43,0.041,0.6,43,665,180,0,0,-9.9,43,665,0,180,0.26,12.82,78.06,0.89,0.29,880,0.6,36,1.5,2024.0,220.0,0.0
2024,8,15,11,0,25.5,1.42,0.043,0.6,74,931,624,0,0,-4.8,74,931,0,624,0.26,13.12,53.8,0.89,0.29,881,0.6,321,3.4,2024.0,220.0,0.0
2024,8,15,13,0,27.9,1.39,0.046,0.6,87,988,870,0,0,-4.2,87,988,0,870,0.258,11.92,37.58,0.9,0.29,880,0.6,303,4.2,2024.0,220.0,0.0
2024,8,15,14,0,28.1,1.37,0.048,0.6,89,984,882,0,0,-3.9,89,984,0,882,0.256,12.08,36.31,0.9,0.29,879,0.7,300,4.6,2024.0,220.0,0.0
2024,8,15,16,0,27.2,1.44,0.066,0.6,88,923,691,0,0,-3.2,88,923,0,691,0.254,13.38,49.26,0.89,0.29,878,0.7,293,4.6,2024.0,220.0,0.0
2024,8,15,17,0,26.0,1.43,0.066,0.6,77,858,503,0,0,-2.8,77,858,0,503,0.252,14.84,60.23,0.89,0.29,878,0.7,287,4.1,2024.0,220.0,0.0
2024,8,15,18,0,23.6,1.42,0.065,0.6,59,723,277,0,0,-2.1,59,723,0,277,0.252,18.08,72.5,0.89,0.29,879,0.7,277,3.0,2024.0,220.0,0.0
2024,8,15,18,0,23.6,1.42,0.065,0.6,59,723,277,0,0,-2.1,59,723,0,277,0.252,18.08,72.5,0.89,0.29,879,0.7,277,3.0,2024.0,220.0,62.75
2024,8,15,19,0,18.6,1.42,0.064,0.6,25,354,54,0,0,-0.8,25,354,0,54,0.253,26.98,85.43,0.89,0.29,879,0.7,254,1.3,2024.0,220.0,64.645
2024,8,15,20,0,17.4,1.42,0.064,0.6,0,0,0,0,8,0.0,0,0,0,0,0.253,30.71,99.04,0.89,0.29,879,0.7,212,0.7,2024.0,220.0,68.176
2024,8,15,22,0,15.9,1.42,0.062,0.6,0,0,0,0,0,-1.4,0,0,0,0,0.253,30.66,126.59,0.89,0.29,880,0.7,100,1.3,2024.0,220.0,62.484
2024,8,15,23,0,15.7,1.43,0.061,0.6,0,0,0,0,0,-2.4,0,0,0,0,0.253,28.79,140.45,0.89,0.29,880,0.7,85,1.5,2024.0,220.0,59.598
2024,8,15,23,0,15.7,1.43,0.061,0.6,0,0,0,0,0,-2.4,0,0,0,0,0.253,28.79,140.45,0.89,0.29,880,0.7,85,1.5,2024.0,220.0,58.558
2024,8,15,24,0,15.4,1.44,0.061,0.6,0,0,0,0,0,-3.0,0,0,0,0,0.254,27.97,154.09,0.89,0.29,880,0.7,74,1.6,2024.0,220.0,63.68
2024,8,15,24,0,15.4,1.44,0.061,0.6,0,0,0,0,0,-3.0,0,0,0,0,0.254,27.97,154.09,0.89,0.29,880,0.7,74,1.6,2024.0,220.0,67.446
2024,8,15,24,0,15.4,1.44,0.061,0.6,0,0,0,0,0,-3.0,0,0,0,0,0.254,27.97,154.09,0.89,0.29,880,0.7,74,1.6,2024.0,220.0,67.446
2024,8,15,24,0,15.4,1.44,0.061,0.6,0,0,0,0,0,-3.0,0,0,0,0,0.254,27.97,154.09,0.89,0.29,880,0.7,74,1.6,2024.0,220.0,63.604
2024,8,16,1,0,15.0,1.44,0.063,0.6,0,0,0,0,0,-2.9,0,0,0,0,0.254,28.95,166.59,0.89,0.29,880,0.7,65,1.7,2024.0,220.0,60.731
2024,8,16,1,0,15.0,1.44,0.063,0.6,0,0,0,0,0,-2.9,0,0,0,0,0.254,28.95,166.59,0.89,0.29,880,0.7,65,1.7,2024.0,220.0,59.445
2024,8,16,3,0,14.5,1.43,0.069,0.6,0,0,0,0,0,-1.7,0,0,0,0,0.254,32.72,159.67,0.91,0.29,879,0.8,45,1.5,2024.0,220.0,57.461
2024,8,16,6,0,13.1,1.43,0.079,0.6,0,0,0,0,1,-4.0,0,0,0,0,0.254,30.23,118.6,0.93,0.29,879,0.9,56,1.3,2024.0,220.0,61.657
2024,8,16,7,0,13.3,1.44,0.079,0.6,0,0,0,0,5,-5.3,0,0,0,0,0.254,27.01,104.81,0.93,0.29,879,0.9,59,1.3,2024.0,220.0,62.716
2024,8,16,8,0,15.0,1.44,0.077,0.6,0,0,0,0,0,-6.0,0,0,0,0,0.254,22.95,91.2,0.93,0.29,879,0.9,57,1.1,2024.0,220.0,73.592
2024,8,16,8,0,15.0,1.44,0.077,0.6,0,0,0,0,0,-6.0,0,0,0,0,0.254,22.95,91.2,0.93,0.29,879,0.9,57,1.1,2024.0,220.0,53.257
2024,8,16,8,0,15.0,1.44,0.077,0.6,0,0,0,0,0,-6.0,0,0,0,0,0.254,22.95,91.2,0.93,0.29,879,0.9,57,1.1,2024.0,220.0,0.0
2024,8,16,9,0,20.5,1.45,0.073,0.6,50,594,175,0,0,-6.3,50,594,0,175,0.253,15.85,77.88,0.92,0.29,879,0.9,48,1.1,2024.0,220.0,0.0
2024,8,16,10,0,24.2,1.45,0.069,0.6,73,805,410,0,8,-5.5,198,359,0,348,0.253,13.48,65.22,0.92,0.29,879,0.8,320,1.4,2024.0,220.0,0.0
2024,8,16,18,0,24.3,1.32,0.082,0.6,65,692,275,0,0,-3.5,65,692,0,275,0.25,15.61,72.39,0.92,0.29,878,0.8,270,3.2,2024.0,220.0,55.342
2024,8,16,18,0,24.3,1.32,0.082,0.6,65,692,275,0,0,-3.5,65,692,0,275,0.25,15.61,72.39,0.92,0.29,878,0.8,270,3.2,2024.0,220.0,55.967
2024,8,16,19,0,20.3,1.32,0.079,0.6,27,319,53,0,1,-1.9,27,319,0,53,0.25,22.44,85.35,0.91,0.29,878,0.8,261,1.4,2024.0,220.0,63.064
2024,8,16,23,0,16.7,1.33,0.084,0.6,0,0,0,0,0,-2.8,0,0,0,0,0.249,26.27,140.39,0.91,0.29,880,0.9,51,1.5,2024.0,220.0,63.516
2024,8,16,24,0,16.2,1.33,0.086,0.6,0,0,0,0,0,-2.6,0,0,0,0,0.25,27.41,154.01,0.91,0.29,880,0.9,48,1.4,2024.0,220.0,63.425
2024,8,17,1,0,16.1,1.34,0.087,0.6,0,0,0,0,0,-2.4,0,0,0,0,0.25,28.11,166.41,0.91,0.29,879,1.0,42,1.3,2024.0,220.0,63.003
2024,8,17,1,0,16.1,1.34,0.087,0.6,0,0,0,0,0,-2.4,0,0,0,0,0.25,28.11,166.41,0.91,0.29,879,1.0,42,1.3,2024.0,220.0,67.846
2024,8,17,2,0,16.0,1.35,0.086,0.6,0,0,0,0,0,-2.0,0,0,0,0,0.25,29.13,170.02,0.91,0.29,879,1.0,32,1.1,2024.0,220.0,68.93
2024,8,17,2,0,16.0,1.35,0.086,0.6,0,0,0,0,0,-2.0,0,0,0,0,0.25,29.13,170.02,0.91,0.29,879,1.0,32,1.1,2024.0,220.0,68.438
2024,8,17,3,0,15.9,1.36,0.087,0.6,0,0,0,0,0,-1.5,0,0,0,0,0.251,30.26,159.47,0.91,0.29,879,1.0,24,1.1,2024.0,220.0,65.435
2024,8,17,6,0,15.2,1.39,0.085,0.6,0,0,0,0,0,-1.2,0,0,0,0,0.252,32.44,118.45,0.92,0.29,879,1.1,36,1.4,2024.0,220.0,68.816
2024,8,17,6,0,15.2,1.39,0.085,0.6,0,0,0,0,0,-1.2,0,0,0,0,0.252,32.44,118.45,0.92,0.29,879,1.1,36,1.4,2024.0,220.0,69.224
2024,8,17,7,0,14.9,1.41,0.085,0.6,0,0,0,0,0,-1.4,0,0,0,0,0.251,32.56,104.65,0.92,0.29,879,1.1,44,1.4,2024.0,220.0,70.067
2024,8,17,7,0,14.9,1.41,0.085,0.6,0,0,0,0,0,-1.4,0,0,0,0,0.251,32.56,104.65,0.92,0.29,879,1.1,44,1.4,2024.0,220.0,70.684
2024,8,17,8,0,15.4,1.43,0.084,0.6,0,0,0,0,0,-1.9,0,0,0,0,0.25,30.4,91.03,0.92,0.29,880,1.1,48,1.4,2024.0,220.0,55.921
2024,8,17,8,0,15.4,1.43,0.084,0.6,0,0,0,0,0,-1.9,0,0,0,0,0.25,30.4,91.03,0.92,0.29,880,1.1,48,1.4,2024.0,220.0,0.0
2024,8,17,8,0,15.4,1.43,0.084,0.6,0,0,0,0,0,-1.9,0,0,0,0,0.25,30.4,91.03,0.92,0.29,880,1.1,48,1.4,2024.0,220.0,0.0
2024,8,17,9,0,19.6,1.44,0.084,0.6,53,573,175,0,0,-2.0,53,573,0,175,0.25,23.15,77.69,0.92,0.29,880,1.1,40,1.8,2024.0,220.0,0.0
2024,8,17,9,0,19.6,1.44,0.084,0.6,53,573,175,0,0,-2.0,53,573,0,175,0.25,23.15,77.69,0.92,0.29,880,1.1,40,1.8,2024.0,220.0,0.0
2024,8,17,18,0,22.7,1.34,0.088,0.6,67,669,270,0,0,0.0,67,669,0,270,0.251,22.15,72.29,0.93,0.29,879,1.2,278,3.8,2024.0,220.0,41.371
2024,8,17,18,0,22.7,1.34,0.088,0.6,67,669,270,0,0,0.0,67,669,0,270,0.251,22.15,72.29,0.93,0.29,879,1.2,278,3.8,2024.0,220.0,78.005
2024,8,17,20,0,16.7,1.35,0.09,0.6,0,0,0,0,0,2.3,0,0,0,0,0.252,38.01,98.91,0.93,0.29,880,1.3,286,1.0,2024.0,220.0,78.723
2024,8,17,20,0,16.7,1.35,0.09,0.6,0,0,0,0,0,2.3,0,0,0,0,0.252,38.01,98.91,0.93,0.29,880,1.3,286,1.0,2024.0,220.0,65.312
2024,8,17,20,0,16.7,1.35,0.09,0.6,0,0,0,0,0,2.3,0,0,0,0,0.252,38.01,98.91,0.93,0.29,880,1.3,286,1.0,2024.0,220.0,65.312
2024,8,17,20,0,16.7,1.35,0.09,0.6,0,0,0,0,0,2.3,0,0,0,0,0.252,38.01,98.91,0.93,0.29,880,1.3,286,1.0,2024.0,220.0,64.355
2024,8,17,21,0,16.2,1.36,0.091,0.6,0,0,0,0,0,2.4,0,0,0,0,0.252,39.57,112.64,0.93,0.29,881,1.3,37,0.9,2024.0,220.0,68.384
2024,8,17,21,0,16.2,1.36,0.091,0.6,0,0,0,0,0,2.4,0,0,0,0,0.252,39.57,112.64,0.93,0.29,881,1.3,37,0.9,2024.0,220.0,68.384
2024,8,17,21,0,16.2,1.36,0.091,0.6,0,0,0,0,0,2.4,0,0,0,0,0.252,39.57,112.64,0.93,0.29,881,1.3,37,0.9,2024.0,220.0,84.53
2024,8,17,22,0,15.5,1.38,0.09,0.6,0,0,0,0,0,1.7,0,0,0,0,0.253,39.38,126.49,0.93,0.29,881,1.3,66,1.1,2024.0,220.0,68.636
2024,8,17,22,0,15.5,1.38,0.09,0.6,0,0,0,0,0,1.7,0,0,0,0,0.253,39.38,126.49,0.93,0.29,881,1.3,66,1.1,2024.0,220.0,67.868
2024,8,17,22,0,15.5,1.38,0.09,0.6,0,0,0,0,0,1.7,0,0,0,0,0.253,39.38,126.49,0.93,0.29,881,1.3,66,1.1,2024.0,220.0,67.803
2024,8,17,23,0,15.4,1.39,0.088,0.6,0,0,0,0,0,0.8,0,0,0,0,0.252,37.04,140.34,0.93,0.29,881,1.3,66,1.2,2024.0,220.0,83.382
2024,8,17,23,0,15.4,1.39,0.088,0.6,0,0,0,0,0,0.8,0,0,0,0,0.252,37.04,140.34,0.93,0.29,881,1.3,66,1.2,2024.0,220.0,69.482
2024,8,17,24,0,15.5,1.4,0.086,0.6,0,0,0,0,0,0.1,0,0,0,0,0.252,35.09,153.93,0.93,0.29,881,1.3,63,1.1,2024.0,220.0,69.174
2024,8,18,1,0,15.5,1.41,0.084,0.6,0,0,0,0,0,-0.2,0,0,0,0,0.25,34.32,166.23,0.93,0.29,880,1.3,54,1.1,2024.0,220.0,67.283
2024,8,18,3,0,15.1,1.42,0.083,0.6,0,0,0,0,0,0.0,0,0,0,0,0.247,35.7,159.27,0.92,0.29,880,1.3,25,1.3,2024.0,220.0,66.661
2024,8,18,3,0,15.1,1.42,0.083,0.6,0,0,0,0,0,0.0,0,0,0,0,0.247,35.7,159.27,0.92,0.29,880,1.3,25,1.3,2024.0,220.0,65.697
2024,8,18,3,0,15.1,1.42,0.083,0.6,0,0,0,0,0,0.0,0,0,0,0,0.247,35.7,159.27,0.92,0.29,880,1.3,25,1.3,2024.0,220.0,63.952
2024,8,18,4,0,14.9,1.42,0.083,0.6,0,0,0,0,0,0.1,0,0,0,0,0.246,36.34,145.96,0.92,0.29,879,1.3,15,1.4,2024.0,220.0,67.045
2024,8,18,7,0,14.1,1.45,0.076,0.6,0,0,0,0,1,-2.0,0,0,0,0,0.245,32.83,104.48,0.91,0.29,879,1.3,59,1.4,2024.0,220.0,64.463
2024,8,18,8,0,15.4,1.45,0.073,0.6,0,0,0,0,0,-3.1,0,0,0,0,0.245,27.86,90.86,0.91,0.29,880,1.3,63,1.2,2024.0,220.0,55.65
2024,8,18,8,0,15.4,1.45,0.073,0.6,0,0,0,0,0,-3.1,0,0,0,0,0.245,27.86,90.86,0.91,0.29,880,1.3,63,1.2,2024.0,220.0,0.0
2024,8,18,8,0,15.4,1.45,0.073,0.6,0,0,0,0,0,-3.1,0,0,0,0,0.245,27.86,90.86,0.91,0.29,880,1.3,63,1.2,2024.0,220.0,0.0
2024,8,18,9,0,20.7,1.46,0.069,0.6,50,599,180,0,0,-3.7,50,599,0,180,0.245,19.05,77.49,0.91,0.29,880,1.2,58,1.2,2024.0,220.0,0.0
2024,8,18,17,0,25.8,1.31,0.062,0.6,77,851,505,0,0,-1.8,77,851,0,505,0.252,16.19,59.8,0.92,0.29,878,1.0,275,4.0,2024.0,220.0,43.333
2024,8,18,18,0,23.7,1.37,0.071,0.6,62,704,277,0,0,-1.1,62,704,0,277,0.253,19.22,72.18,0.91,0.29,878,1.0,274,3.3,2024.0,220.0,53.145
2024,8,18,18,0,23.7,1.37,0.071,0.6,62,704,277,0,0,-1.1,62,704,0,277,0.253,19.22,72.18,0.91,0.29,878,1.0,274,3.3,2024.0,220.0,62.138
2024,8,18,18,0,23.7,1.37,0.071,0.6,62,704,277,0,0,-1.1,62,704,0,277,0.253,19.22,72.18,0.91,0.29,878,1.0,274,3.3,2024.0,220.0,65.888
2024,8,18,19,0,19.6,1.37,0.069,0.6,27,342,56,0,0,-0.3,27,342,0,56,0.253,26.34,85.18,0.91,0.29,878,1.0,275,1.5,2024.0,220.0,83.583
2024,8,18,19,0,19.6,1.37,0.069,0.6,27,342,56,0,0,-0.3,27,342,0,56,0.253,26.34,85.18,0.91,0.29,878,1.0,275,1.5,2024.0,220.0,94.098
2024,8,18,20,0,18.4,1.37,0.067,0.6,0,0,0,0,0,0.8,0,0,0,0,0.252,30.58,98.84,0.91,0.29,879,1.0,310,0.8,2024.0,220.0,255.936
2024,8,18,21,0,17.1,1.37,0.065,0.6,0,0,0,0,0,1.0,0,0,0,0,0.251,33.64,112.59,0.91,0.3,879,1.0,67,0.9,2024.0,220.0,107.996
2024,8,18,23,0,16.5,1.38,0.063,0.6,0,0,0,0,0,-0.1,0,0,0,0,0.25,32.48,140.28,0.91,0.3,879,1.0,63,1.3,2024.0,220.0,102.898
2024,8,18,24,0,16.9,1.39,0.063,0.6,0,0,0,0,0,-0.5,0,0,0,0,0.25,30.61,153.84,0.91,0.3,879,1.0,48,1.2,2024.0,220.0,71.898
2024,8,19,1,0,16.7,1.4,0.064,0.6,0,0,0,0,0,-0.7,0,0,0,0,0.249,30.56,166.04,0.91,0.3,880,1.0,19,1.1,2024.0,220.0,71.573
2024,8,19,2,0,15.8,1.4,0.065,0.6,0,0,0,0,0,-0.7,0,0,0,0,0.249,32.38,169.38,0.91,0.3,880,1.0,360,0.6,2024.0,220.0,71.58
2024,8,19,2,0,15.8,1.4,0.065,0.6,0,0,0,0,0,-0.7,0,0,0,0,0.249,32.38,169.38,0.91,0.3,880,1.0,360,0.6,2024.0,220.0,68.454
2024,8,19,3,0,15.1,1.41,0.067,0.6,0,0,0,0,0,-0.7,0,0,0,0,0.248,33.95,159.05,0.91,0.3,880,1.1,6,0.3,2024.0,220.0,65.232
2024,8,19,3,0,15.1,1.41,0.067,0.6,0,0,0,0,0,-0.7,0,0,0,0,0.248,33.95,159.05,0.91,0.3,880,1.1,6,0.3,2024.0,220.0,66.491
2024,8,19,3,0,15.1,1.41,0.067,0.6,0,0,0,0,0,-0.7,0,0,0,0,0.248,33.95,159.05,0.91,0.3,880,1.1,6,0.3,2024.0,220.0,68.15
2024,8,19,6,0,14.0,1.43,0.068,0.6,0,0,0,0,0,-0.9,0,0,0,0,0.245,35.88,118.14,0.91,0.3,880,1.1,46,1.5,2024.0,220.0,71.422
2024,8,19,6,0,14.0,1.43,0.068,0.6,0,0,0,0,0,-0.9,0,0,0,0,0.245,35.88,118.14,0.91,0.3,880,1.1,46,1.5,2024.0,220.0,71.396
2024,8,19,7,0,13.7,1.44,0.067,0.6,0,0,0,0,0,-1.3,0,0,0,0,0.244,35.4,104.32,0.91,0.3,880,1.0,47,1.6,2024.0,220.0,75.956
2024,8,19,7,0,13.7,1.44,0.067,0.6,0,0,0,0,0,-1.3,0,0,0,0,0.244,35.4,104.32,0.91,0.3,880,1.0,47,1.6,2024.0,220.0,110.808
2024,8,19,8,0,14.8,1.45,0.065,0.6,0,0,0,1,0,-2.0,0,0,1,0,0.243,31.39,90.17,0.9,0.3,881,1.0,44,1.4,2024.0,220.0,116.855
2024,8,19,8,0,14.8,1.45,0.065,0.6,0,0,0,1,0,-2.0,0,0,1,0,0.243,31.39,90.17,0.9,0.3,881,1.0,44,1.4,2024.0,220.0,96.928
2024,8,19,8,0,14.8,1.45,0.065,0.6,0,0,0,1,0,-2.0,0,0,1,0,0.243,31.39,90.17,0.9,0.3,881,1.0,44,1.4,2024.0,220.0,90.325
2024,8,19,8,0,14.8,1.45,0.065,0.6,0,0,0,1,0,-2.0,0,0,1,0,0.243,31.39,90.17,0.9,0.3,881,1.0,44,1.4,2024.0,220.0,66.115
2024,8,19,8,0,14.8,1.45,0.065,0.6,0,0,0,1,0,-2.0,0,0,1,0,0.243,31.39,90.17,0.9,0.3,881,1.0,44,1.4,2024.0,220.0,56.501
2024,8,19,8,0,14.8,1.45,0.065,0.6,0,0,0,1,0,-2.0,0,0,1,0,0.243,31.39,90.17,0.9,0.3,881,1.0,44,1.4,2024.0,220.0,54.427
2024,8,19,9,0,19.9,1.46,0.064,0.6,49,620,186,0,0,-2.2,49,620,0,186,0.243,22.43,77.29,0.9,0.3,881,1.0,30,1.9,2024.0,220.0,0.0
2024,8,19,9,0,19.9,1.46,0.064,0.6,49,620,186,0,0,-2.2,49,620,0,186,0.243,22.43,77.29,0.9,0.3,881,1.0,30,1.9,2024.0,220.0,37.521
2024,8,19,10,0,23.2,1.47,0.063,0.6,71,816,421,0,0,-1.4,71,816,0,421,0.243,19.47,64.56,0.9,0.3,881,0.9,347,2.3,2024.0,220.0,0.0
2024,8,19,18,0,23.2,1.39,0.077,0.6,63,703,279,0,0,0.7,63,703,0,279,0.237,22.71,72.07,0.89,0.3,879,0.9,277,4.4,2024.0,220.0,55.3
2024,8,19,18,0,23.2,1.39,0.077,0.6,63,703,279,0,0,0.7,63,703,0,279,0.237,22.71,72.07,0.89,0.3,879,0.9,277,4.4,2024.0,220.0,59.448
2024,8,19,18,0,23.2,1.39,0.077,0.6,63,703,279,0,0,0.7,63,703,0,279,0.237,22.71,72.07,0.89,0.3,879,0.9,277,4.4,2024.0,220.0,70.586
2024,8,19,18,0,23.2,1.39,0.077,0.6,63,703,279,0,0,0.7,63,703,0,279,0.237,22.71,72.07,0.89,0.3,879,0.9,277,4.4,2024.0,220.0,86.899
2024,8,19,18,0,23.2,1.39,0.077,0.6,63,703,279,0,0,0.7,63,703,0,279,0.237,22.71,72.07,0.89,0.3,879,0.9,277,4.4,2024.0,220.0,131.406
2024,8,19,19,0,18.8,1.39,0.077,0.6,27,335,56,0,0,1.8,27,335,0,56,0.237,32.09,85.1,0.89,0.3,879,0.9,266,2.2,2024.0,220.0,111.381
2024,8,19,19,0,18.8,1.39,0.077,0.6,27,335,56,0,0,1.8,27,335,0,56,0.237,32.09,85.1,0.89,0.3,879,0.9,266,2.2,2024.0,220.0,67.67
2024,8,19,20,0,17.3,1.4,0.079,0.6,0,0,0,0,0,2.9,0,0,0,0,0.236,38.2,98.78,0.89,0.3,879,0.9,251,1.5,2024.0,220.0,84.116
2024,8,19,21,0,16.5,1.41,0.082,0.6,0,0,0,0,0,3.2,0,0,0,0,0.236,40.9,112.54,0.89,0.29,880,0.9,122,1.5,2024.0,220.0,108.515
2024,8,19,22,0,15.8,1.43,0.085,0.6,0,0,0,0,0,2.6,0,0,0,0,0.236,41.05,126.39,0.89,0.29,880,0.9,81,1.8,2024.0,220.0,103.875
2024,8,19,24,0,15.6,1.46,0.104,0.6,0,0,0,0,0,0.6,0,0,0,0,0.236,36.17,153.75,0.89,0.29,880,1.0,60,1.5,2024.0,220.0,88.214
2024,8,20,1,0,15.3,1.43,0.137,0.6,0,0,0,0,0,0.1,0,0,0,0,0.237,35.44,165.84,0.91,0.29,880,1.1,47,1.3,2024.0,220.0,86.431
2024,8,20,1,0,15.3,1.43,0.137,0.6,0,0,0,0,0,0.1,0,0,0,0,0.237,35.44,165.84,0.91,0.29,880,1.1,47,1.3,2024.0,220.0,76.833
2024,8,20,1,0,15.3,1.43,0.137,0.6,0,0,0,0,0,0.1,0,0,0,0,0.237,35.44,165.84,0.91,0.29,880,1.1,47,1.3,2024.0,220.0,69.643
2024,8,20,3,0,14.7,1.43,0.168,0.6,0,0,0,0,0,-0.1,0,0,0,0,0.239,36.35,158.84,0.93,0.29,879,1.1,16,1.2,2024.0,220.0,66.929
2024,8,20,6,0,13.8,1.51,0.123,0.6,0,0,0,0,0,-1.1,0,0,0,0,0.243,35.86,117.97,0.9,0.29,879,1.1,22,1.1,2024.0,220.0,64.743
2024,8,20,6,0,13.8,1.51,0.123,0.6,0,0,0,0,0,-1.1,0,0,0,0,0.243,35.86,117.97,0.9,0.29,879,1.1,22,1.1,2024.0,220.0,68.449
2024,8,20,7,0,13.4,1.53,0.116,0.6,0,0,0,0,0,-1.9,0,0,0,0,0.244,34.61,104.15,0.9,0.29,879,1.1,34,1.4,2024.0,220.0,67.694
2024,8,20,7,0,13.4,1.53,0.116,0.6,0,0,0,0,0,-1.9,0,0,0,0,0.244,34.61,104.15,0.9,0.29,879,1.1,34,1.4,2024.0,220.0,75.864
2024,8,20,8,0,14.6,1.53,0.11,0.6,0,0,0,0,0,-2.8,0,0,0,0,0.244,30.04,90.01,0.89,0.29,879,1.1,39,1.4,2024.0,220.0,75.913
2024,8,20,8,0,14.6,1.53,0.11,0.6,0,0,0,0,0,-2.8,0,0,0,0,0.244,30.04,90.01,0.89,0.29,879,1.1,39,1.4,2024.0,220.0,74.918
2024,8,20,8,0,14.6,1.53,0.11,0.6,0,0,0,0,0,-2.8,0,0,0,0,0.244,30.04,90.01,0.89,0.29,879,1.1,39,1.4,2024.0,220.0,62.862
2024,8,20,8,0,14.6,1.53,0.11,0.6,0,0,0,0,0,-2.8,0,0,0,0,0.244,30.04,90.01,0.89,0.29,879,1.1,39,1.4,2024.0,220.0,59.471
2024,8,20,8,0,14.6,1.53,0.11,0.6,0,0,0,0,0,-2.8,0,0,0,0,0.244,30.04,90.01,0.89,0.29,879,1.1,39,1.4,2024.0,220.0,50.649
2024,8,20,8,0,14.6,1.53,0.11,0.6,0,0,0,0,0,-2.8,0,0,0,0,0.244,30.04,90.01,0.89,0.29,879,1.1,39,1.4,2024.0,220.0,46.979
2024,8,20,9,0,19.3,1.53,0.105,0.6,57,559,182,0,0,-3.0,57,559,0,182,0.244,22.0,77.09,0.89,0.29,879,1.1,27,1.8,2024.0,220.0,33.948
2024,8,20,9,0,19.3,1.53,0.105,0.6,57,559,182,0,0,-3.0,57,559,0,182,0.244,22.0,77.09,0.89,0.29,879,1.1,27,1.8,2024.0,220.0,0.0
2024,8,20,12,0,25.3,1.49,0.117,0.6,116,890,772,0,8,-0.5,353,356,0,615,0.245,18.32,42.54,0.9,0.29,880,1.1,311,3.2,2024.0,220.0,0.0
2024,8,20,13,0,26.0,1.46,0.128,0.6,127,901,856,0,8,0.1,396,342,0,673,0.245,18.4,35.95,0.91,0.29,879,1.2,310,3.8,2024.0,220.0,0.0
2024,8,20,13,0,26.0,1.46,0.128,0.6,127,901,856,0,8,0.1,396,342,0,673,0.245,18.4,35.95,0.91,0.29,879,1.2,310,3.8,2024.0,220.0,0.0
2024,8,20,14,0,26.1,1.44,0.126,0.6,126,906,871,0,8,0.8,428,239,0,624,0.245,19.16,34.73,0.9,0.29,879,1.2,311,4.3,2024.0,220.0,0.0
2024,8,20,16,0,24.4,1.38,0.109,0.6,107,864,682,0,8,2.3,296,404,0,565,0.245,23.65,48.29,0.9,0.29,878,1.3,308,4.8,2024.0,220.0,0.0
2024,8,20,17,0,22.6,1.34,0.109,0.6,93,791,495,0,8,3.2,238,282,0,381,0.246,28.03,59.51,0.9,0.29,878,1.3,307,4.6,2024.0,220.0,47.35
2024,8,20,18,0,20.0,1.3,0.111,0.6,72,640,270,0,8,4.1,149,241,0,224,0.246,35.06,71.96,0.9,0.29,878,1.3,304,3.8,2024.0,220.0,53.345
2024,8,20,18,0,20.0,1.3,0.111,0.6,72,640,270,0,8,4.1,149,241,0,224,0.246,35.06,71.96,0.9,0.29,878,1.3,304,3.8,2024.0,220.0,57.632
2024,8,20,18,0,20.0,1.3,0.111,0.6,72,640,270,0,8,4.1,149,241,0,224,0.246,35.06,71.96,0.9,0.29,878,1.3,304,3.8,2024.0,220.0,66.506
2024,8,20,18,0,20.0,1.3,0.111,0.6,72,640,270,0,8,4.1,149,241,0,224,0.246,35.06,71.96,0.9,0.29,878,1.3,304,3.8,2024.0,220.0,67.09
2024,8,20,19,0,16.5,1.28,0.111,0.6,30,267,53,0,0,5.2,30,267,0,53,0.247,47.25,85.02,0.9,0.29,879,1.3,296,1.7,2024.0,220.0,69.34
2024,8,20,19,0,16.5,1.28,0.111,0.6,30,267,53,0,0,5.2,30,267,0,53,0.247,47.25,85.02,0.9,0.29,879,1.3,296,1.7,2024.0,220.0,74.869
2024,8,21,1,0,11.2,1.24,0.111,0.6,0,0,0,0,0,6.5,0,0,0,0,0.247,72.8,165.64,0.92,0.3,881,1.6,345,1.6,2024.0,220.0,89.237
2024,8,21,7,0,9.5,1.29,0.135,0.6,0,0,0,0,0,6.7,0,0,0,0,0.249,82.76,103.98,0.93,0.3,880,1.3,16,1.5,2024.0,220.0,107.666
2024,8,21,8,0,10.8,1.34,0.12,0.6,0,0,0,0,0,6.4,0,0,0,0,0.25,74.5,89.85,0.93,0.3,881,1.3,17,1.4,2024.0,220.0,85.859
2024,8,21,9,0,14.1,1.39,0.105,0.6,59,556,185,0,0,5.3,59,556,0,185,0.251,55.49,76.89,0.92,0.3,881,1.2,2,1.9,2024.0,220.0,69.167
2024,8,21,9,0,14.1,1.39,0.105,0.6,59,556,185,0,0,5.3,59,556,0,185,0.251,55.49,76.89,0.92,0.3,881,1.2,2,1.9,2024.0,220.0,61.363
2024,8,21,9,0,14.1,1.39,0.105,0.6,59,556,185,0,0,5.3,59,556,0,185,0.251,55.49,76.89,0.92,0.3,881,1.2,2,1.9,2024.0,220.0,48.638
2024,8,21,9,0,14.1,1.39,0.105,0.6,59,556,185,0,0,5.3,59,556,0,185,0.251,55.49,76.89,0.92,0.3,881,1.2,2,1.9,2024.0,220.0,27.566
2024,8,21,10,0,16.9,1.41,0.095,0.6,83,772,420,0,0,3.6,83,772,0,420,0.253,41.16,64.1,0.92,0.3,881,1.1,348,1.2,2024.0,220.0,0.0
2024,8,21,11,0,19.2,1.4,0.09,0.6,97,871,630,0,0,3.0,97,871,0,630,0.254,34.02,52.27,0.92,0.3,881,1.0,338,1.3,2024.0,220.0,0.0
2024,8,21,15,0,21.1,1.3,0.092,0.6,112,925,829,0,0,3.8,112,925,0,829,0.261,32.15,39.15,0.94,0.3,880,1.0,311,4.6,2024.0,220.0,0.0
2024,8,21,18,0,17.7,1.27,0.092,0.6,70,677,281,0,0,4.4,70,677,0,281,0.263,41.24,71.86,0.94,0.3,880,1.0,311,3.6,2024.0,220.0,53.647
2024,8,21,18,0,17.7,1.27,0.092,0.6,70,677,281,0,0,4.4,70,677,0,281,0.263,41.24,71.86,0.94,0.3,880,1.0,311,3.6,2024.0,220.0,58.922
2024,8,21,18,0,17.7,1.27,0.092,0.6,70,677,281,0,0,4.4,70,677,0,281,0.263,41.24,71.86,0.94,0.3,880,1.0,311,3.6,2024.0,220.0,68.392
2024,8,21,19,0,14.8,1.25,0.095,0.6,31,297,57,0,0,4.9,31,297,0,57,0.263,51.64,84.95,0.94,0.3,880,1.1,303,1.8,2024.0,220.0,83.289
2024,8,21,20,0,12.9,1.24,0.096,0.6,0,0,0,0,0,5.4,0,0,0,0,0.263,60.21,98.65,0.94,0.3,880,1.1,300,1.2,2024.0,220.0,83.697
2024,8,21,22,0,11.4,1.25,0.1,0.6,0,0,0,0,0,5.7,0,0,0,0,0.261,67.88,126.29,0.95,0.3,881,1.1,12,1.3,2024.0,220.0,80.517
2024,8,22,1,0,10.4,1.25,0.102,0.6,0,0,0,0,0,6.4,0,0,0,0,0.258,76.35,165.43,0.95,0.3,880,1.0,355,1.2,2024.0,220.0,71.31
2024,8,22,1,0,10.4,1.25,0.102,0.6,0,0,0,0,0,6.4,0,0,0,0,0.258,76.35,165.43,0.95,0.3,880,1.0,355,1.2,2024.0,220.0,71.112
2024,8,22,1,0,10.4,1.25,0.102,0.6,0,0,0,0,0,6.4,0,0,0,0,0.258,76.35,165.43,0.95,0.3,880,1.0,355,1.2,2024.0,220.0,67.371
2024,8,22,2,0,9.8,1.23,0.103,0.6,0,0,0,0,0,6.6,0,0,0,0,0.257,80.47,168.39,0.95,0.3,880,1.0,353,1.2,2024.0,220.0,71.615
2024,8,22,3,0,9.2,1.21,0.106,0.6,0,0,0,0,0,6.6,0,0,0,0,0.256,83.66,158.38,0.95,0.3,879,1.0,355,1.3,2024.0,220.0,71.644
2024,8,22,3,0,9.2,1.21,0.106,0.6,0,0,0,0,0,6.6,0,0,0,0,0.256,83.66,158.38,0.95,0.3,879,1.0,355,1.3,2024.0,220.0,73.238
2024,8,22,5,0,8.6,1.19,0.108,0.6,0,0,0,0,4,6.2,0,0,0,0,0.255,85.15,131.51,0.95,0.3,879,1.0,356,1.2,2024.0,220.0,70.859
2024,8,22,7,0,8.4,1.21,0.106,0.6,0,0,0,0,4,5.8,0,0,0,0,0.256,83.7,103.8,0.96,0.3,879,0.9,13,1.1,2024.0,220.0,70.535
2024,8,22,8,0,10.1,1.23,0.095,0.6,0,0,0,7,8,5.6,0,0,7,0,0.255,73.85,89.68,0.95,0.3,880,0.9,19,1.1,2024.0,220.0,59.444
2024,8,22,8,0,10.1,1.23,0.095,0.6,0,0,0,7,8,5.6,0,0,7,0,0.255,73.85,89.68,0.95,0.3,880,0.9,19,1.1,2024.0,220.0,54.739
2024,8,22,8,0,10.1,1.23,0.095,0.6,0,0,0,7,8,5.6,0,0,7,0,0.255,73.85,89.68,0.95,0.3,880,0.9,19,1.1,2024.0,220.0,50.095
2024,8,22,9,0,14.1,1.26,0.082,0.6,57,604,196,0,0,5.3,57,604,0,196,0.255,55.58,76.68,0.95,0.3,880,0.9,357,0.9,2024.0,220.0,43.617
2024,8,22,9,0,14.1,1.26,0.082,0.6,57,604,196,0,0,5.3,57,604,0,196,0.255,55.58,76.68,0.95,0.3,880,0.9,357,0.9,2024.0,220.0,0.0
2024,8,22,9,0,14.1,1.26,0.082,0.6,57,604,196,0,0,5.3,57,604,0,196,0.255,55.58,76.68,0.95,0.3,880,0.9,357,0.9,2024.0,220.0,0.0
2024,8,22,15,0,22.6,1.26,0.069,0.6,100,955,844,0,0,2.1,100,955,0,844,0.255,26.0,38.89,0.93,0.3,880,0.8,307,4.9,2024.0,220.0,0.0
2024,8,22,16,0,21.9,1.24,0.069,0.6,94,927,715,0,0,1.7,94,927,0,715,0.254,26.3,47.9,0.93,0.3,880,0.7,304,4.7,2024.0,220.0,0.0
2024,8,22,18,0,19.0,1.22,0.064,0.6,62,735,292,0,0,1.4,62,735,0,292,0.254,30.88,71.75,0.93,0.3,880,0.7,305,3.5,2024.0,220.0,52.149
2024,8,22,18,0,19.0,1.22,0.064,0.6,62,735,292,0,0,1.4,62,735,0,292,0.254,30.88,71.75,0.93,0.3,880,0.7,305,3.5,2024.0,220.0,60.414
2024,8,22,18,0,19.0,1.22,0.064,0.6,62,735,292,0,0,1.4,62,735,0,292,0.254,30.88,71.75,0.93,0.3,880,0.7,305,3.5,2024.0,220.0,60.822
2024,8,22,19,0,15.3,1.22,0.061,0.6,29,380,63,0,0,2.4,29,380,0,63,0.255,41.74,84.87,0.93,0.3,880,0.7,300,1.8,2024.0,220.0,63.935
2024,8,22,19,0,15.3,1.22,0.061,0.6,29,380,63,0,0,2.4,29,380,0,63,0.255,41.74,84.87,0.93,0.3,880,0.7,300,1.8,2024.0,220.0,60.716
2024,8,22,19,0,15.3,1.22,0.061,0.6,29,380,63,0,0,2.4,29,380,0,63,0.255,41.74,84.87,0.93,0.3,880,0.7,300,1.8,2024.0,220.0,58.815
2024,8,22,20,0,13.4,1.23,0.059,0.6,0,0,0,0,0,3.3,0,0,0,0,0.255,50.54,98.59,0.93,0.3,881,0.7,293,1.0,2024.0,220.0,64.427
2024,8,22,23,0,12.0,1.28,0.05,0.6,0,0,0,0,8,3.3,0,0,0,0,0.255,55.36,140.04,0.92,0.3,882,0.6,55,1.2,2024.0,220.0,65.758
2024,8,22,23,0,12.0,1.28,0.05,0.6,0,0,0,0,8,3.3,0,0,0,0,0.255,55.36,140.04,0.92,0.3,882,0.6,55,1.2,2024.0,220.0,67.344
2024,8,23,1,0,12.0,1.31,0.043,0.6,0,0,0,0,0,3.1,0,0,0,0,0.256,54.56,165.22,0.92,0.3,881,0.5,67,1.2,2024.0,220.0,69.035
2024,8,23,3,0,12.1,1.34,0.037,0.6,0,0,0,0,4,1.2,0,0,0,0,0.257,47.38,158.14,0.9,0.3,880,0.4,69,1.2,2024.0,220.0,64.893
2024,8,23,7,0,11.7,1.36,0.03,0.6,0,0,0,0,1,-5.2,0,0,0,0,0.259,30.25,103.62,0.89,0.3,879,0.4,58,1.2,2024.0,220.0,69.387
2024,8,23,8,0,13.1,1.38,0.029,0.6,0,0,0,7,5,-7.0,0,0,7,0,0.258,24.01,89.52,0.89,0.3,880,0.4,65,1.2,2024.0,220.0,65.33
2024,8,23,8,0,13.1,1.38,0.029,0.6,0,0,0,7,5,-7.0,0,0,7,0,0.258,24.01,89.52,0.89,0.3,880,0.4,65,1.2,2024.0,220.0,50.234
2024,8,23,8,0,13.1,1.38,0.029,0.6,0,0,0,7,5,-7.0,0,0,7,0,0.258,24.01,89.52,0.89,0.3,880,0.4,65,1.2,2024.0,220.0,47.814
2024,8,23,8,0,13.1,1.38,0.029,0.6,0,0,0,7,5,-7.0,0,0,7,0,0.258,24.01,89.52,0.89,0.3,880,0.4,65,1.2,2024.0,220.0,43.217
2024,8,23,9,0,18.0,1.4,0.027,0.6,43,759,220,0,0,-9.1,43,759,0,220,0.259,14.94,76.48,0.89,0.3,880,0.3,79,1.7,2024.0,220.0,24.02
2024,8,23,9,0,18.0,1.4,0.027,0.6,43,759,220,0,0,-9.1,43,759,0,220,0.259,14.94,76.48,0.89,0.3,880,0.3,79,1.7,2024.0,220.0,0.0
2024,8,23,9,0,18.0,1.4,0.027,0.6,43,759,220,0,0,-9.1,43,759,0,220,0.259,14.94,76.48,0.89,0.3,880,0.3,79,1.7,2024.0,220.0,54.888
2024,8,23,9,0,18.0,1.4,0.027,0.6,43,759,220,0,0,-9.1,43,759,0,220,0.259,14.94,76.48,0.89,0.3,880,0.3,79,1.7,2024.0,220.0,0.0
2024,8,23,10,0,22.2,1.43,0.026,0.6,58,919,466,0,0,-10.0,58,919,0,466,0.259,10.73,63.64,0.89,0.3,881,0.3,194,2.3,2024.0,220.0,0.0
2024,8,23,15,0,27.8,1.18,0.039,0.6,84,1009,873,0,0,-14.3,84,1009,0,873,0.262,5.44,38.63,0.91,0.3,879,0.4,232,5.0,2024.0,220.0,0.0
2024,8,23,18,0,23.7,1.16,0.05,0.6,58,782,304,0,0,-12.2,58,782,0,304,0.263,8.25,71.65,0.89,0.3,879,0.4,229,3.2,2024.0,220.0,0.0
2024,8,23,18,0,23.7,1.16,0.05,0.6,58,782,304,0,0,-12.2,58,782,0,304,0.263,8.25,71.65,0.89,0.3,879,0.4,229,3.2,2024.0,220.0,60.172
2024,8,23,19,0,17.8,1.16,0.047,0.6,27,438,67,0,0,-9.3,27,438,0,67,0.264,14.9,84.79,0.89,0.3,880,0.4,223,1.5,2024.0,220.0,79.27
2024,8,23,24,0,14.5,1.24,0.04,0.6,0,0,0,0,0,-13.0,0,0,0,0,0.263,13.7,153.36,0.89,0.3,881,0.5,78,1.5,2024.0,220.0,71.716
2024,8,24,1,0,14.4,1.25,0.039,0.6,0,0,0,0,0,-14.3,0,0,0,0,0.263,12.43,165.0,0.89,0.3,880,0.5,69,1.5,2024.0,220.0,75.005
2024,8,24,1,0,14.4,1.25,0.039,0.6,0,0,0,0,0,-14.3,0,0,0,0,0.263,12.43,165.0,0.89,0.3,880,0.5,69,1.5,2024.0,220.0,74.813
2024,8,24,1,0,14.4,1.25,0.039,0.6,0,0,0,0,0,-14.3,0,0,0,0,0.263,12.43,165.0,0.89,0.3,880,0.5,69,1.5,2024.0,220.0,68.458
2024,8,24,1,0,14.4,1.25,0.039,0.6,0,0,0,0,0,-14.3,0,0,0,0,0.263,12.43,165.0,0.89,0.3,880,0.5,69,1.5,2024.0,220.0,68.458
2024,8,24,4,0,14.7,1.27,0.038,0.6,0,0,0,0,0,-14.8,0,0,0,0,0.262,11.66,144.86,0.89,0.3,879,0.5,60,1.1,2024.0,220.0,66.574
2024,8,24,4,0,14.7,1.27,0.038,0.6,0,0,0,0,0,-14.8,0,0,0,0,0.262,11.66,144.86,0.89,0.3,879,0.5,60,1.1,2024.0,220.0,66.459
2024,8,24,6,0,13.8,1.27,0.038,0.6,0,0,0,0,0,-14.1,0,0,0,0,0.262,13.09,117.29,0.9,0.3,879,0.5,72,1.1,2024.0,220.0,62.903
2024,8,24,7,0,13.0,1.29,0.036,0.6,0,0,0,0,1,-14.6,0,0,0,0,0.262,13.3,103.44,0.9,0.3,879,0.4,77,1.0,2024.0,220.0,64.493
2024,8,24,8,0,14.3,1.3,0.035,0.6,0,0,0,0,1,-15.1,0,0,0,0,0.261,11.64,89.35,0.9,0.3,879,0.4,78,1.3,2024.0,220.0,60.728
2024,8,24,8,0,14.3,1.3,0.035,0.6,0,0,0,0,1,-15.1,0,0,0,0,0.261,11.64,89.35,0.9,0.3,879,0.4,78,1.3,2024.0,220.0,52.658
2024,8,24,8,0,14.3,1.3,0.035,0.6,0,0,0,0,1,-15.1,0,0,0,0,0.261,11.64,89.35,0.9,0.3,879,0.4,78,1.3,2024.0,220.0,0.0
2024,8,24,8,0,14.3,1.3,0.035,0.6,0,0,0,0,1,-15.1,0,0,0,0,0.261,11.64,89.35,0.9,0.3,879,0.4,78,1.3,2024.0,220.0,0.0
2024,8,24,8,0,14.3,1.3,0.035,0.6,0,0,0,0,1,-15.1,0,0,0,0,0.261,11.64,89.35,0.9,0.3,879,0.4,78,1.3,2024.0,220.0,0.0
2024,8,24,8,0,14.3,1.3,0.035,0.6,0,0,0,0,1,-15.1,0,0,0,0,0.261,11.64,89.35,0.9,0.3,879,0.4,78,1.3,2024.0,220.0,0.0
2024,8,24,9,0,20.2,1.32,0.034,0.6,45,736,220,0,0,-15.5,45,736,0,220,0.262,7.8,76.27,0.9,0.3,879,0.4,76,2.6,2024.0,220.0,0.0
2024,8,24,9,0,20.2,1.32,0.034,0.6,45,736,220,0,0,-15.5,45,736,0,220,0.262,7.8,76.27,0.9,0.3,879,0.4,76,2.6,2024.0,220.0,0.0
2024,8,24,18,0,23.5,1.16,0.057,0.6,60,762,301,0,0,-5.3,60,762,0,301,0.266,14.24,71.55,0.9,0.3,879,0.5,254,5.1,2024.0,220.0,3.968
2024,8,24,18,0,23.5,1.16,0.057,0.6,60,762,301,0,0,-5.3,60,762,0,301,0.266,14.24,71.55,0.9,0.3,879,0.5,254,5.1,2024.0,220.0,55.169
2024,8,24,18,0,23.5,1.16,0.057,0.6,60,762,301,0,0,-5.3,60,762,0,301,0.266,14.24,71.55,0.9,0.3,879,0.5,254,5.1,2024.0,220.0,61.649
2024,8,24,19,0,18.3,1.15,0.057,0.6,28,407,66,0,0,-3.4,28,407,0,66,0.267,22.6,84.72,0.9,0.3,879,0.5,251,3.7,2024.0,220.0,85.279
2024,8,24,19,0,18.3,1.15,0.057,0.6,28,407,66,0,0,-3.4,28,407,0,66,0.267,22.6,84.72,0.9,0.3,879,0.5,251,3.7,2024.0,220.0,84.602
2024,8,24,20,0,16.5,1.15,0.055,0.6,0,0,0,0,0,-1.8,0,0,0,0,0.268,28.53,98.46,0.9,0.3,880,0.5,235,2.9,2024.0,220.0,72.864
2024,8,25,1,0,14.0,1.19,0.057,0.6,0,0,0,0,0,-4.0,0,0,0,0,0.27,28.48,164.77,0.9,0.3,881,0.5,58,3.3,2024.0,220.0,75.847
2024,8,25,1,0,14.0,1.19,0.057,0.6,0,0,0,0,0,-4.0,0,0,0,0,0.27,28.48,164.77,0.9,0.3,881,0.5,58,3.3,2024.0,220.0,85.615
2024,8,25,3,0,13.9,1.2,0.062,0.6,0,0,0,0,0,-3.5,0,0,0,0,0.271,29.88,157.65,0.9,0.3,880,0.5,48,2.5,2024.0,220.0,77.189
2024,8,25,8,0,14.5,1.25,0.06,0.6,0,0,0,0,1,-4.5,0,0,0,0,0.273,26.65,89.18,0.9,0.3,881,0.5,49,1.9,2024.0,220.0,76.077
2024,8,25,8,0,14.5,1.25,0.06,0.6,0,0,0,0,1,-4.5,0,0,0,0,0.273,26.65,89.18,0.9,0.3,881,0.5,49,1.9,2024.0,220.0,76.077
2024,8,25,8,0,14.5,1.25,0.06,0.6,0,0,0,0,1,-4.5,0,0,0,0,0.273,26.65,89.18,0.9,0.3,881,0.5,49,1.9,2024.0,220.0,64.995
2024,8,25,8,0,14.5,1.25,0.06,0.6,0,0,0,0,1,-4.5,0,0,0,0,0.273,26.65,89.18,0.9,0.3,881,0.5,49,1.9,2024.0,220.0,3.967
2024,8,25,8,0,14.5,1.25,0.06,0.6,0,0,0,0,1,-4.5,0,0,0,0,0.273,26.65,89.18,0.9,0.3,881,0.5,49,1.9,2024.0,220.0,0.0
2024,8,25,8,0,14.5,1.25,0.06,0.6,0,0,0,0,1,-4.5,0,0,0,0,0.273,26.65,89.18,0.9,0.3,881,0.5,49,1.9,2024.0,220.0,0.0
2024,8,25,18,0,22.9,1.26,0.069,0.6,64,746,302,0,0,-2.0,64,746,0,302,0.275,18.88,71.45,0.92,0.3,879,0.5,251,3.7,2024.0,220.0,3.935
2024,8,25,18,0,22.9,1.26,0.069,0.6,64,746,302,0,0,-2.0,64,746,0,302,0.275,18.88,71.45,0.92,0.3,879,0.5,251,3.7,2024.0,220.0,31.425
2024,8,25,18,0,22.9,1.26,0.069,0.6,64,746,302,0,0,-2.0,64,746,0,302,0.275,18.88,71.45,0.92,0.3,879,0.5,251,3.7,2024.0,220.0,56.571
2024,8,25,18,0,22.9,1.26,0.069,0.6,64,746,302,0,0,-2.0,64,746,0,302,0.275,18.88,71.45,0.92,0.3,879,0.5,251,3.7,2024.0,220.0,63.273
2024,8,25,20,0,15.7,1.25,0.068,0.6,0,0,0,0,0,1.4,0,0,0,0,0.274,37.92,98.4,0.92,0.3,880,0.5,231,0.9,2024.0,220.0,65.978
2024,8,25,21,0,15.0,1.25,0.066,0.6,0,0,0,0,0,1.5,0,0,0,0,0.273,40.03,112.22,0.92,0.3,881,0.5,160,0.9,2024.0,220.0,60.875
2024,8,25,22,0,14.4,1.25,0.064,0.6,0,0,0,0,0,0.3,0,0,0,0,0.271,38.26,126.08,0.92,0.3,881,0.5,108,1.3,2024.0,220.0,67.252
2024,8,26,1,0,15.1,1.26,0.058,0.6,0,0,0,0,0,-4.1,0,0,0,0,0.27,26.26,164.54,0.91,0.3,881,0.5,78,1.2,2024.0,220.0,76.368
2024,8,26,2,0,15.0,1.25,0.058,0.6,0,0,0,0,0,-4.3,0,0,0,0,0.269,26.16,167.01,0.91,0.3,881,0.5,73,1.2,2024.0,220.0,66.76
2024,8,26,3,0,14.5,1.24,0.059,0.6,0,0,0,0,0,-4.1,0,0,0,0,0.268,27.44,157.4,0.91,0.3,880,0.5,65,1.3,2024.0,220.0,65.96
2024,8,26,7,0,12.6,1.24,0.056,0.6,0,0,0,0,4,-5.7,0,0,0,0,0.267,27.45,103.06,0.91,0.3,880,0.5,57,1.4,2024.0,220.0,64.424
2024,8,26,7,0,12.6,1.24,0.056,0.6,0,0,0,0,4,-5.7,0,0,0,0,0.267,27.45,103.06,0.91,0.3,880,0.5,57,1.4,2024.0,220.0,72.561
2024,8,26,8,0,13.7,1.26,0.054,0.6,0,0,0,7,5,-7.3,0,0,7,0,0.267,22.69,89.0,0.91,0.3,881,0.5,60,1.2,2024.0,220.0,56.193
2024,8,26,8,0,13.7,1.26,0.054,0.6,0,0,0,7,5,-7.3,0,0,7,0,0.267,22.69,89.0,0.91,0.3,881,0.5,60,1.2,2024.0,220.0,3.618
2024,8,26,8,0,13.7,1.26,0.054,0.6,0,0,0,7,5,-7.3,0,0,7,0,0.267,22.69,89.0,0.91,0.3,881,0.5,60,1.2,2024.0,220.0,0.0
2024,8,26,9,0,18.5,1.28,0.052,0.6,51,709,224,0,0,-8.5,51,709,0,224,0.267,15.14,75.84,0.9,0.3,881,0.4,60,1.9,2024.0,220.0,0.0
2024,8,26,18,0,23.2,1.36,0.081,0.6,67,725,299,0,0,-3.9,67,725,0,299,0.265,16.2,71.35,0.91,0.3,879,0.6,266,3.1,2024.0,220.0,45.645
2024,8,26,18,0,23.2,1.36,0.081,0.6,67,725,299,0,0,-3.9,67,725,0,299,0.265,16.2,71.35,0.91,0.3,879,0.6,266,3.1,2024.0,220.0,53.627
2024,8,26,18,0,23.2,1.36,0.081,0.6,67,725,299,0,0,-3.9,67,725,0,299,0.265,16.2,71.35,0.91,0.3,879,0.6,266,3.1,2024.0,220.0,61.696
2024,8,26,22,0,15.0,1.38,0.104,0.6,0,0,0,0,0,-1.0,0,0,0,0,0.267,33.46,126.03,0.92,0.3,880,0.7,72,0.9,2024.0,220.0,66.858
2024,8,26,23,0,15.3,1.37,0.11,0.6,0,0,0,0,0,-2.4,0,0,0,0,0.268,29.57,139.77,0.92,0.3,880,0.7,66,1.2,2024.0,220.0,69.377
2024,8,26,24,0,15.8,1.37,0.117,0.6,0,0,0,0,0,-3.5,0,0,0,0,0.269,26.38,153.03,0.93,0.3,880,0.7,59,1.3,2024.0,220.0,69.482
2024,8,27,1,0,16.0,1.36,0.133,0.6,0,0,0,0,0,-3.9,0,0,0,0,0.27,25.25,164.3,0.93,0.3,880,0.7,45,1.2,2024.0,220.0,70.385
2024,8,27,1,0,16.0,1.36,0.133,0.6,0,0,0,0,0,-3.9,0,0,0,0,0.27,25.25,164.3,0.93,0.3,880,0.7,45,1.2,2024.0,220.0,67.879
2024,8,27,2,0,15.7,1.35,0.145,0.6,0,0,0,0,0,-3.5,0,0,0,0,0.271,26.47,166.66,0.94,0.3,879,0.7,26,1.1,2024.0,220.0,63.589
2024,8,27,7,0,13.5,1.44,0.098,0.6,0,0,0,0,1,-3.5,0,0,0,0,0.275,30.67,102.87,0.91,0.3,879,0.6,62,1.5,2024.0,220.0,64.362
2024,8,27,7,0,13.5,1.44,0.098,0.6,0,0,0,0,1,-3.5,0,0,0,0,0.275,30.67,102.87,0.91,0.3,879,0.6,62,1.5,2024.0,220.0,67.605
2024,8,27,7,0,13.5,1.44,0.098,0.6,0,0,0,0,1,-3.5,0,0,0,0,0.275,30.67,102.87,0.91,0.3,879,0.6,62,1.5,2024.0,220.0,72.212
2024,8,27,7,0,13.5,1.44,0.098,0.6,0,0,0,0,1,-3.5,0,0,0,0,0.275,30.67,102.87,0.91,0.3,879,0.6,62,1.5,2024.0,220.0,72.212
2024,8,27,8,0,14.6,1.46,0.089,0.6,11,114,13,7,5,-4.7,5,0,7,5,0.274,26.07,88.81,0.9,0.3,879,0.6,65,1.5,2024.0,220.0,59.749
2024,8,27,8,0,14.6,1.46,0.089,0.6,11,114,13,7,5,-4.7,5,0,7,5,0.274,26.07,88.81,0.9,0.3,879,0.6,65,1.5,2024.0,220.0,58.91
2024,8,27,8,0,14.6,1.46,0.089,0.6,11,114,13,7,5,-4.7,5,0,7,5,0.274,26.07,88.81,0.9,0.3,879,0.6,65,1.5,2024.0,220.0,50.89
2024,8,27,8,0,14.6,1.46,0.089,0.6,11,114,13,7,5,-4.7,5,0,7,5,0.274,26.07,88.81,0.9,0.3,879,0.6,65,1.5,2024.0,220.0,3.498
2024,8,27,8,0,14.6,1.46,0.089,0.6,11,114,13,7,5,-4.7,5,0,7,5,0.274,26.07,88.81,0.9,0.3,879,0.6,65,1.5,2024.0,220.0,0.0
2024,8,27,9,0,19.1,1.48,0.081,0.6,57,651,219,0,0,-5.0,57,651,0,219,0.274,19.06,75.62,0.9,0.3,880,0.6,56,2.2,2024.0,220.0,0.0
2024,8,27,18,0,23.1,1.28,0.051,0.6,59,779,310,0,0,-3.3,59,779,0,310,0.271,16.99,71.25,0.93,0.3,878,0.5,293,3.2,2024.0,220.0,46.944
2024,8,27,18,0,23.1,1.28,0.051,0.6,59,779,310,0,0,-3.3,59,779,0,310,0.271,16.99,71.25,0.93,0.3,878,0.5,293,3.2,2024.0,220.0,54.505
2024,8,27,18,0,23.1,1.28,0.051,0.6,59,779,310,0,0,-3.3,59,779,0,310,0.271,16.99,71.25,0.93,0.3,878,0.5,293,3.2,2024.0,220.0,67.329
2024,8,27,19,0,18.5,1.28,0.049,0.6,29,452,72,0,0,-1.9,29,452,0,72,0.272,25.02,84.49,0.93,0.3,878,0.4,289,1.5,2024.0,220.0,71.146
2024,8,27,19,0,18.5,1.28,0.049,0.6,29,452,72,0,0,-1.9,29,452,0,72,0.272,25.02,84.49,0.93,0.3,878,0.4,289,1.5,2024.0,220.0,69.72
2024,8,27,19,0,18.5,1.28,0.049,0.6,29,452,72,0,0,-1.9,29,452,0,72,0.272,25.02,84.49,0.93,0.3,878,0.4,289,1.5,2024.0,220.0,58.315
2024,8,27,19,0,18.5,1.28,0.049,0.6,29,452,72,0,0,-1.9,29,452,0,72,0.272,25.02,84.49,0.93,0.3,878,0.4,289,1.5,2024.0,220.0,57.651
2024,8,27,20,0,17.4,1.29,0.046,0.6,0,0,0,0,0,-1.2,0,0,0,0,0.272,28.28,98.28,0.93,0.3,878,0.4,311,0.9,2024.0,220.0,58.915
2024,8,27,20,0,17.4,1.29,0.046,0.6,0,0,0,0,0,-1.2,0,0,0,0,0.272,28.28,98.28,0.93,0.3,878,0.4,311,0.9,2024.0,220.0,60.898
2024,8,27,21,0,16.2,1.31,0.043,0.6,0,0,0,0,0,-1.6,0,0,0,0,0.271,29.58,112.11,0.92,0.3,879,0.4,64,0.9,2024.0,220.0,72.922
2024,8,27,21,0,16.2,1.31,0.043,0.6,0,0,0,0,0,-1.6,0,0,0,0,0.271,29.58,112.11,0.92,0.3,879,0.4,64,0.9,2024.0,220.0,84.566
2024,8,27,22,0,15.2,1.33,0.039,0.6,0,0,0,0,0,-2.8,0,0,0,0,0.271,28.9,125.97,0.92,0.3,879,0.4,71,1.4,2024.0,220.0,86.143
2024,8,27,23,0,15.2,1.34,0.036,0.6,0,0,0,0,0,-4.4,0,0,0,0,0.27,25.69,139.7,0.91,0.3,878,0.4,69,1.6,2024.0,220.0,85.738
2024,8,27,24,0,14.7,1.34,0.035,0.6,0,0,0,0,0,-5.0,0,0,0,0,0.27,25.26,152.91,0.9,0.3,878,0.4,60,1.5,2024.0,220.0,86.275
2024,8,27,24,0,14.7,1.34,0.035,0.6,0,0,0,0,0,-5.0,0,0,0,0,0.27,25.26,152.91,0.9,0.3,878,0.4,60,1.5,2024.0,220.0,63.786
2024,8,27,24,0,14.7,1.34,0.035,0.6,0,0,0,0,0,-5.0,0,0,0,0,0.27,25.26,152.91,0.9,0.3,878,0.4,60,1.5,2024.0,220.0,76.789
2024,8,28,1,0,13.6,1.32,0.037,0.6,0,0,0,0,0,-4.0,0,0,0,0,0.27,29.24,164.06,0.9,0.3,878,0.4,41,1.4,2024.0,220.0,64.481
2024,8,28,1,0,13.6,1.32,0.037,0.6,0,0,0,0,0,-4.0,0,0,0,0,0.27,29.24,164.06,0.9,0.3,878,0.4,41,1.4,2024.0,220.0,65.859
2024,8,28,1,0,13.6,1.32,0.037,0.6,0,0,0,0,0,-4.0,0,0,0,0,0.27,29.24,164.06,0.9,0.3,878,0.4,41,1.4,2024.0,220.0,64.803
2024,8,28,3,0,12.5,1.28,0.041,0.6,0,0,0,0,8,-2.1,0,0,0,0,0.269,36.12,156.87,0.9,0.3,878,0.5,2,1.2,2024.0,220.0,64.371
2024,8,28,6,0,12.2,1.35,0.037,0.6,0,0,0,0,3,-4.7,0,0,0,0,0.266,30.32,116.54,0.9,0.3,878,0.5,44,1.6,2024.0,220.0,63.053
2024,8,28,7,0,12.2,1.36,0.037,0.6,0,0,0,0,4,-5.3,0,0,0,0,0.264,29.06,102.68,0.9,0.3,879,0.5,43,1.7,2024.0,220.0,64.217
2024,8,28,7,0,12.2,1.36,0.037,0.6,0,0,0,0,4,-5.3,0,0,0,0,0.264,29.06,102.68,0.9,0.3,879,0.5,43,1.7,2024.0,220.0,78.433
2024,8,28,8,0,13.6,1.37,0.037,0.6,12,232,18,0,1,-5.5,12,232,0,18,0.263,26.15,88.63,0.9,0.3,879,0.4,42,1.7,2024.0,220.0,60.297
2024,8,28,8,0,13.6,1.37,0.037,0.6,12,232,18,0,1,-5.5,12,232,0,18,0.263,26.15,88.63,0.9,0.3,879,0.4,42,1.7,2024.0,220.0,28.543
2024,8,28,8,0,13.6,1.37,0.037,0.6,12,232,18,0,1,-5.5,12,232,0,18,0.263,26.15,88.63,0.9,0.3,879,0.4,42,1.7,2024.0,220.0,0.0
2024,8,28,9,0,19.1,1.38,0.037,0.6,47,749,236,0,0,-4.8,47,749,0,236,0.264,19.43,75.4,0.89,0.3,879,0.4,36,2.5,2024.0,220.0,0.0
2024,8,28,12,0,25.4,1.3,0.047,0.6,87,992,847,0,0,-3.5,87,992,0,847,0.265,14.63,40.01,0.9,0.3,879,0.5,329,3.2,2024.0,220.0,0.0
2024,8,28,12,0,25.4,1.3,0.047,0.6,87,992,847,0,0,-3.5,87,992,0,847,0.265,14.63,40.01,0.9,0.3,879,0.5,329,3.2,2024.0,220.0,0.0
2024,8,28,14,0,25.4,1.23,0.058,0.6,98,1002,947,0,0,-0.8,98,1002,0,947,0.266,17.77,32.08,0.91,0.3,878,0.5,315,4.5,2024.0,220.0,0.0
2024,8,28,18,0,20.2,1.23,0.061,0.6,63,757,307,0,0,1.9,63,757,0,307,0.266,29.59,71.15,0.93,0.3,878,0.6,300,2.6,2024.0,220.0,0.0
2024,8,28,18,0,20.2,1.23,0.061,0.6,63,757,307,0,0,1.9,63,757,0,307,0.266,29.59,71.15,0.93,0.3,878,0.6,300,2.6,2024.0,220.0,48.514
2024,8,28,18,0,20.2,1.23,0.061,0.6,63,757,307,0,0,1.9,63,757,0,307,0.266,29.59,71.15,0.93,0.3,878,0.6,300,2.6,2024.0,220.0,50.081
2024,8,28,19,0,16.6,1.25,0.061,0.6,30,404,69,0,0,2.7,30,404,0,69,0.266,39.31,84.42,0.93,0.3,879,0.7,298,1.3,2024.0,220.0,72.402
2024,8,28,19,0,16.6,1.25,0.061,0.6,30,404,69,0,0,2.7,30,404,0,69,0.266,39.31,84.42,0.93,0.3,879,0.7,298,1.3,2024.0,220.0,76.958
2024,8,28,19,0,16.6,1.25,0.061,0.6,30,404,69,0,0,2.7,30,404,0,69,0.266,39.31,84.42,0.93,0.3,879,0.7,298,1.3,2024.0,220.0,72.412
2024,8,28,19,0,16.6,1.25,0.061,0.6,30,404,69,0,0,2.7,30,404,0,69,0.266,39.31,84.42,0.93,0.3,879,0.7,298,1.3,2024.0,220.0,63.573
2024,8,28,19,0,16.6,1.25,0.061,0.6,30,404,69,0,0,2.7,30,404,0,69,0.266,39.31,84.42,0.93,0.3,879,0.7,298,1.3,2024.0,220.0,68.329
2024,8,28,20,0,14.9,1.27,0.06,0.6,0,0,0,0,0,3.4,0,0,0,0,0.267,46.22,98.22,0.92,0.3,879,0.7,324,0.6,2024.0,220.0,60.236
2024,8,28,20,0,14.9,1.27,0.06,0.6,0,0,0,0,0,3.4,0,0,0,0,0.267,46.22,98.22,0.92,0.3,879,0.7,324,0.6,2024.0,220.0,60.627
2024,8,28,20,0,14.9,1.27,0.06,0.6,0,0,0,0,0,3.4,0,0,0,0,0.267,46.22,98.22,0.92,0.3,879,0.7,324,0.6,2024.0,220.0,60.288
2024,8,28,20,0,14.9,1.27,0.06,0.6,0,0,0,0,0,3.4,0,0,0,0,0.267,46.22,98.22,0.92,0.3,879,0.7,324,0.6,2024.0,220.0,59.782
2024,8,28,20,0,14.9,1.27,0.06,0.6,0,0,0,0,0,3.4,0,0,0,0,0.267,46.22,98.22,0.92,0.3,879,0.7,324,0.6,2024.0,220.0,59.568
2024,8,28,21,0,13.9,1.29,0.059,0.6,0,0,0,0,0,3.5,0,0,0,0,0.268,49.53,112.05,0.92,0.3,879,0.7,53,1.1,2024.0,220.0,62.052
2024,8,28,21,0,13.9,1.29,0.059,0.6,0,0,0,0,0,3.5,0,0,0,0,0.268,49.53,112.05,0.92,0.3,879,0.7,53,1.1,2024.0,220.0,64.545
2024,8,28,21,0,13.9,1.29,0.059,0.6,0,0,0,0,0,3.5,0,0,0,0,0.268,49.53,112.05,0.92,0.3,879,0.7,53,1.1,2024.0,220.0,72.418
2024,8,28,22,0,13.3,1.3,0.059,0.6,0,0,0,0,0,3.2,0,0,0,0,0.268,50.22,125.91,0.91,0.3,879,0.7,59,1.6,2024.0,220.0,71.929
2024,8,28,22,0,13.3,1.3,0.059,0.6,0,0,0,0,0,3.2,0,0,0,0,0.268,50.22,125.91,0.91,0.3,879,0.7,59,1.6,2024.0,220.0,71.929
2024,8,28,22,0,13.3,1.3,0.059,0.6,0,0,0,0,0,3.2,0,0,0,0,0.268,50.22,125.91,0.91,0.3,879,0.7,59,1.6,2024.0,220.0,60.463
2024,8,28,23,0,13.1,1.31,0.06,0.6,0,0,0,0,0,2.8,0,0,0,0,0.268,49.61,139.62,0.91,0.3,880,0.7,48,1.6,2024.0,220.0,72.495
2024,8,28,23,0,13.1,1.31,0.06,0.6,0,0,0,0,0,2.8,0,0,0,0,0.268,49.61,139.62,0.91,0.3,880,0.7,48,1.6,2024.0,220.0,72.495
2024,8,28,23,0,13.1,1.31,0.06,0.6,0,0,0,0,0,2.8,0,0,0,0,0.268,49.61,139.62,0.91,0.3,880,0.7,48,1.6,2024.0,220.0,63.353
2024,8,28,24,0,12.3,1.3,0.064,0.6,0,0,0,0,0,2.9,0,0,0,0,0.269,52.68,152.79,0.91,0.3,880,0.7,33,1.6,2024.0,220.0,73.551
2024,8,28,24,0,12.3,1.3,0.064,0.6,0,0,0,0,0,2.9,0,0,0,0,0.269,52.68,152.79,0.91,0.3,880,0.7,33,1.6,2024.0,220.0,73.749
2024,8,28,24,0,12.3,1.3,0.064,0.6,0,0,0,0,0,2.9,0,0,0,0,0.269,52.68,152.79,0.91,0.3,880,0.7,33,1.6,2024.0,220.0,73.466
2024,8,29,1,0,11.4,1.27,0.074,0.6,0,0,0,0,0,3.4,0,0,0,0,0.269,57.86,163.81,0.91,0.3,880,0.8,15,1.5,2024.0,220.0,64.139
2024,8,29,1,0,11.4,1.27,0.074,0.6,0,0,0,0,0,3.4,0,0,0,0,0.269,57.86,163.81,0.91,0.3,880,0.8,15,1.5,2024.0,220.0,62.08
2024,8,29,1,0,11.4,1.27,0.074,0.6,0,0,0,0,0,3.4,0,0,0,0,0.269,57.86,163.81,0.91,0.3,880,0.8,15,1.5,2024.0,220.0,60.272
2024,8,29,2,0,11.0,1.26,0.079,0.6,0,0,0,1,0,3.8,0,0,1,0,0.27,61.07,165.94,0.92,0.3,880,0.8,1,1.4,2024.0,220.0,62.566
2024,8,29,3,0,10.7,1.27,0.097,0.6,0,0,0,0,1,3.9,0,0,0,0,0.27,62.84,156.6,0.92,0.3,880,0.8,2,1.4,2024.0,220.0,61.416
2024,8,29,4,0,10.5,1.28,0.106,0.6,0,0,0,0,0,3.7,0,0,0,0,0.27,62.71,143.81,0.92,0.3,879,0.8,18,1.4,2024.0,220.0,63.6
2024,8,29,4,0,10.5,1.28,0.106,0.6,0,0,0,0,0,3.7,0,0,0,0,0.27,62.71,143.81,0.92,0.3,879,0.8,18,1.4,2024.0,220.0,63.399
2024,8,29,4,0,10.5,1.28,0.106,0.6,0,0,0,0,0,3.7,0,0,0,0,0.27,62.71,143.81,0.92,0.3,879,0.8,18,1.4,2024.0,220.0,65.513
2024,8,29,5,0,10.3,1.3,0.098,0.6,0,0,0,0,1,3.2,0,0,0,0,0.27,61.25,130.19,0.91,0.3,879,0.8,31,1.5,2024.0,220.0,60.821
2024,8,29,6,0,10.2,1.32,0.095,0.6,0,0,0,0,1,2.5,0,0,0,0,0.27,58.84,116.35,0.91,0.3,879,0.8,32,1.6,2024.0,220.0,61.355
2024,8,29,6,0,10.2,1.32,0.095,0.6,0,0,0,0,1,2.5,0,0,0,0,0.27,58.84,116.35,0.91,0.3,879,0.8,32,1.6,2024.0,220.0,71.512
2024,8,29,7,0,10.1,1.34,0.09,0.6,0,0,0,0,1,1.9,0,0,0,0,0.27,56.68,102.48,0.9,0.3,879,0.8,32,1.7,2024.0,220.0,63.986
2024,8,29,7,0,10.1,1.34,0.09,0.6,0,0,0,0,1,1.9,0,0,0,0,0.27,56.68,102.48,0.9,0.3,879,0.8,32,1.7,2024.0,220.0,63.077
2024,8,29,7,0,10.1,1.34,0.09,0.6,0,0,0,0,1,1.9,0,0,0,0,0.27,56.68,102.48,0.9,0.3,879,0.8,32,1.7,2024.0,220.0,63.144
2024,8,29,8,0,11.8,1.35,0.083,0.6,13,137,17,7,5,1.3,11,0,7,11,0.27,48.56,88.43,0.9,0.3,880,0.7,33,1.6,2024.0,220.0,61.282
2024,8,29,8,0,11.8,1.35,0.083,0.6,13,137,17,7,5,1.3,11,0,7,11,0.27,48.56,88.43,0.9,0.3,880,0.7,33,1.6,2024.0,220.0,58.732
2024,8,29,8,0,11.8,1.35,0.083,0.6,13,137,17,7,5,1.3,11,0,7,11,0.27,48.56,88.43,0.9,0.3,880,0.7,33,1.6,2024.0,220.0,29.365
2024,8,29,8,0,11.8,1.35,0.083,0.6,13,137,17,7,5,1.3,11,0,7,11,0.27,48.56,88.43,0.9,0.3,880,0.7,33,1.6,2024.0,220.0,0.0
2024,8,29,17,0,19.0,1.27,0.113,0.6,100,808,525,0,0,5.0,100,808,0,525,0.26,39.63,58.27,0.93,0.3,880,1.0,310,5.4,2024.0,220.0,53.441
2024,8,29,18,0,16.8,1.27,0.116,0.6,78,659,292,0,0,5.5,78,659,0,292,0.26,47.41,71.05,0.93,0.3,880,1.0,309,4.2,2024.0,220.0,52.29
2024,8,29,18,0,16.8,1.27,0.116,0.6,78,659,292,0,0,5.5,78,659,0,292,0.26,47.41,71.05,0.93,0.3,880,1.0,309,4.2,2024.0,220.0,52.274
2024,8,29,18,0,16.8,1.27,0.116,0.6,78,659,292,0,0,5.5,78,659,0,292,0.26,47.41,71.05,0.93,0.3,880,1.0,309,4.2,2024.0,220.0,56.383
2024,8,29,18,0,16.8,1.27,0.116,0.6,78,659,292,0,0,5.5,78,659,0,292,0.26,47.41,71.05,0.93,0.3,880,1.0,309,4.2,2024.0,220.0,0.0
2024,8,29,18,0,16.8,1.27,0.116,0.6,78,659,292,0,0,5.5,78,659,0,292,0.26,47.41,71.05,0.93,0.3,880,1.0,309,4.2,2024.0,220.0,60.571
2024,8,29,18,0,16.8,1.27,0.116,0.6,78,659,292,0,0,5.5,78,659,0,292,0.26,47.41,71.05,0.93,0.3,880,1.0,309,4.2,2024.0,220.0,69.42
2024,8,29,18,0,16.8,1.27,0.116,0.6,78,659,292,0,0,5.5,78,659,0,292,0.26,47.41,71.05,0.93,0.3,880,1.0,309,4.2,2024.0,220.0,73.351
2024,8,29,19,0,14.1,1.27,0.119,0.6,35,294,64,0,0,6.2,35,294,0,64,0.26,59.1,84.34,0.93,0.3,881,1.0,307,1.6,2024.0,220.0,74.608
2024,8,29,19,0,14.1,1.27,0.119,0.6,35,294,64,0,0,6.2,35,294,0,64,0.26,59.1,84.34,0.93,0.3,881,1.0,307,1.6,2024.0,220.0,82.227
2024,8,29,19,0,14.1,1.27,0.119,0.6,35,294,64,0,0,6.2,35,294,0,64,0.26,59.1,84.34,0.93,0.3,881,1.0,307,1.6,2024.0,220.0,63.063
2024,8,29,20,0,12.4,1.27,0.122,0.6,0,0,0,0,0,6.7,0,0,0,0,0.261,68.37,98.16,0.93,0.3,881,1.0,315,1.1,2024.0,220.0,60.921
2024,8,29,20,0,12.4,1.27,0.122,0.6,0,0,0,0,0,6.7,0,0,0,0,0.261,68.37,98.16,0.93,0.3,881,1.0,315,1.1,2024.0,220.0,56.0
2024,8,29,20,0,12.4,1.27,0.122,0.6,0,0,0,0,0,6.7,0,0,0,0,0.261,68.37,98.16,0.93,0.3,881,1.0,315,1.1,2024.0,220.0,54.622
2024,8,29,21,0,11.5,1.27,0.13,0.6,0,0,0,0,0,6.9,0,0,0,0,0.26,73.43,112.0,0.94,0.3,881,1.0,345,1.2,2024.0,220.0,58.37
2024,8,29,22,0,10.8,1.27,0.139,0.6,0,0,0,0,0,7.0,0,0,0,0,0.261,77.23,125.85,0.94,0.3,882,1.1,6,1.5,2024.0,220.0,59.773
2024,8,29,22,0,10.8,1.27,0.139,0.6,0,0,0,0,0,7.0,0,0,0,0,0.261,77.23,125.85,0.94,0.3,882,1.1,6,1.5,2024.0,220.0,65.69
2024,8,29,22,0,10.8,1.27,0.139,0.6,0,0,0,0,0,7.0,0,0,0,0,0.261,77.23,125.85,0.94,0.3,882,1.1,6,1.5,2024.0,220.0,68.977
2024,8,29,23,0,10.4,1.26,0.141,0.6,0,0,0,0,0,7.0,0,0,0,0,0.261,79.54,139.55,0.94,0.3,882,1.1,7,1.7,2024.0,220.0,66.832
2024,8,29,23,0,10.4,1.26,0.141,0.6,0,0,0,0,0,7.0,0,0,0,0,0.261,79.54,139.55,0.94,0.3,882,1.1,7,1.7,2024.0,220.0,97.743
2024,8,29,24,0,10.1,1.25,0.158,0.6,0,0,0,0,0,7.1,0,0,0,0,0.261,81.36,152.66,0.95,0.3,881,1.0,4,1.7,2024.0,220.0,68.847
2024,8,29,24,0,10.1,1.25,0.158,0.6,0,0,0,0,0,7.1,0,0,0,0,0.261,81.36,152.66,0.95,0.3,881,1.0,4,1.7,2024.0,220.0,67.481
2024,8,30,1,0,9.9,1.25,0.169,0.6,0,0,0,0,0,7.0,0,0,0,0,0.261,82.03,163.56,0.96,0.3,881,1.0,1,1.6,2024.0,220.0,68.095
2024,8,30,2,0,9.7,1.26,0.161,0.6,0,0,0,1,0,6.6,0,0,1,0,0.262,81.23,165.58,0.96,0.3,880,1.0,355,1.6,2024.0,220.0,68.158
2024,8,30,3,0,9.4,1.26,0.175,0.6,0,0,0,0,0,6.3,0,0,0,0,0.263,80.85,156.33,0.96,0.3,880,0.9,343,1.6,2024.0,220.0,67.748
2024,8,30,3,0,9.4,1.26,0.175,0.6,0,0,0,0,0,6.3,0,0,0,0,0.263,80.85,156.33,0.96,0.3,880,0.9,343,1.6,2024.0,220.0,66.49
2024,8,30,5,0,8.7,1.26,0.177,0.6,0,0,0,0,0,5.7,0,0,0,0,0.268,81.63,129.99,0.96,0.3,880,0.8,79,1.6,2024.0,220.0,62.827
2024,8,30,6,0,8.6,1.29,0.171,0.6,0,0,0,0,0,5.3,0,0,0,0,0.27,79.97,116.15,0.96,0.3,880,0.8,107,1.7,2024.0,220.0,69.851
2024,8,30,6,0,8.6,1.29,0.171,0.6,0,0,0,0,0,5.3,0,0,0,0,0.27,79.97,116.15,0.96,0.3,880,0.8,107,1.7,2024.0,220.0,69.354
2024,8,30,7,0,8.4,1.36,0.151,0.6,0,0,0,0,4,4.8,0,0,0,0,0.272,78.23,102.28,0.95,0.3,880,0.7,96,1.7,2024.0,220.0,80.56
2024,8,30,8,0,10.1,1.43,0.123,0.6,15,109,18,0,1,4.1,15,109,0,18,0.272,66.35,88.24,0.93,0.3,881,0.7,90,1.6,2024.0,220.0,66.849
2024,8,30,8,0,10.1,1.43,0.123,0.6,15,109,18,0,1,4.1,15,109,0,18,0.272,66.35,88.24,0.93,0.3,881,0.7,90,1.6,2024.0,220.0,0.0
2024,8,30,18,0,19.2,1.31,0.057,0.6,61,768,312,0,0,0.3,61,768,0,312,0.264,28.15,70.95,0.93,0.3,879,0.6,310,3.0,2024.0,220.0,64.311
2024,8,30,18,0,19.2,1.31,0.057,0.6,61,768,312,0,0,0.3,61,768,0,312,0.264,28.15,70.95,0.93,0.3,879,0.6,310,3.0,2024.0,220.0,73.259
2024,8,30,23,0,11.7,1.36,0.056,0.6,0,0,0,0,0,1.9,0,0,0,0,0.262,51.19,139.47,0.92,0.3,880,0.6,35,1.3,2024.0,220.0,97.167
2024,8,30,23,0,11.7,1.36,0.056,0.6,0,0,0,0,0,1.9,0,0,0,0,0.262,51.19,139.47,0.92,0.3,880,0.6,35,1.3,2024.0,220.0,76.047
2024,8,31,1,0,10.6,1.36,0.062,0.6,0,0,0,0,1,2.7,0,0,0,0,0.262,57.99,163.3,0.92,0.3,879,0.6,356,1.5,2024.0,220.0,65.029
2024,8,31,1,0,10.6,1.36,0.062,0.6,0,0,0,0,1,2.7,0,0,0,0,0.262,57.99,163.3,0.92,0.3,879,0.6,356,1.5,2024.0,220.0,65.029
2024,8,31,2,0,10.1,1.36,0.065,0.6,0,0,0,1,1,3.0,0,0,1,0,0.262,61.28,165.21,0.93,0.3,879,0.7,355,1.5,2024.0,220.0,65.677
2024,8,31,2,0,10.1,1.36,0.065,0.6,0,0,0,1,1,3.0,0,0,1,0,0.262,61.28,165.21,0.93,0.3,879,0.7,355,1.5,2024.0,220.0,60.212
2024,8,31,3,0,9.7,1.36,0.068,0.6,0,0,0,0,1,3.1,0,0,0,0,0.262,63.3,156.04,0.93,0.3,879,0.7,3,1.5,2024.0,220.0,59.783
2024,8,31,3,0,9.7,1.36,0.068,0.6,0,0,0,0,1,3.1,0,0,0,0,0.262,63.3,156.04,0.93,0.3,879,0.7,3,1.5,2024.0,220.0,63.43
2024,8,31,4,0,9.6,1.37,0.069,0.6,0,0,0,0,0,2.9,0,0,0,0,0.261,63.02,143.35,0.93,0.3,879,0.7,15,1.5,2024.0,220.0,64.956
2024,8,31,5,0,9.7,1.38,0.069,0.6,0,0,0,0,0,2.6,0,0,0,0,0.261,61.11,129.78,0.93,0.3,879,0.8,27,1.4,2024.0,220.0,60.914
2024,8,31,6,0,9.7,1.39,0.068,0.6,0,0,0,0,4,2.2,0,0,0,0,0.26,59.44,115.95,0.93,0.3,879,0.8,44,1.3,2024.0,220.0,58.89
2024,8,31,7,0,9.7,1.4,0.066,0.6,0,0,0,0,4,1.7,0,0,0,0,0.26,57.36,102.08,0.92,0.3,880,0.8,73,1.4,2024.0,220.0,61.952
2024,8,31,8,0,12.0,1.42,0.062,0.6,15,203,22,7,8,0.8,7,0,7,7,0.26,46.12,88.04,0.92,0.3,880,0.7,88,1.4,2024.0,220.0,56.359
2024,8,31,8,0,12.0,1.42,0.062,0.6,15,203,22,7,8,0.8,7,0,7,7,0.26,46.12,88.04,0.92,0.3,880,0.7,88,1.4,2024.0,220.0,54.152
2024,8,31,8,0,12.0,1.42,0.062,0.6,15,203,22,7,8,0.8,7,0,7,7,0.26,46.12,88.04,0.92,0.3,880,0.7,88,1.4,2024.0,220.0,0.0
2024,8,31,8,0,12.0,1.42,0.062,0.6,15,203,22,7,8,0.8,7,0,7,7,0.26,46.12,88.04,0.92,0.3,880,0.7,88,1.4,2024.0,220.0,0.0
2024,8,31,8,0,12.0,1.42,0.062,0.6,15,203,22,7,8,0.8,7,0,7,7,0.26,46.12,88.04,0.92,0.3,880,0.7,88,1.4,2024.0,220.0,0.0
2024,8,31,11,0,22.9,1.45,0.052,0.6,82,942,695,0,0,-1.4,82,942,0,695,0.258,19.73,49.48,0.89,0.3,880,0.7,333,2.3,2024.0,220.0,0.0
2024,8,31,18,0,21.7,1.32,0.051,0.6,59,780,315,0,0,-0.7,59,780,0,315,0.251,22.44,70.86,0.9,0.3,879,0.6,294,4.8,2024.0,220.0,0.0
2024,8,31,18,0,21.7,1.32,0.051,0.6,59,780,315,0,0,-0.7,59,780,0,315,0.251,22.44,70.86,0.9,0.3,879,0.6,294,4.8,2024.0,220.0,62.089
2024,8,31,18,0,21.7,1.32,0.051,0.6,59,780,315,0,0,-0.7,59,780,0,315,0.251,22.44,70.86,0.9,0.3,879,0.6,294,4.8,2024.0,220.0,62.089
2024,8,31,19,0,17.3,1.32,0.05,0.6,29,449,75,0,0,0.3,29,449,0,75,0.252,31.79,84.2,0.9,0.3,879,0.6,292,2.5,2024.0,220.0,80.081
2024,8,31,19,0,17.3,1.32,0.05,0.6,29,449,75,0,0,0.3,29,449,0,75,0.252,31.79,84.2,0.9,0.3,879,0.6,292,2.5,2024.0,220.0,81.099
2024,8,31,20,0,15.3,1.32,0.049,0.6,0,0,0,0,0,1.6,0,0,0,0,0.253,39.62,98.04,0.9,0.3,879,0.6,307,1.7,2024.0,220.0,79.351
2024,8,31,20,0,15.3,1.32,0.049,0.6,0,0,0,0,0,1.6,0,0,0,0,0.253,39.62,98.04,0.9,0.3,879,0.6,307,1.7,2024.0,220.0,84.411
2024,8,31,22,0,13.6,1.32,0.05,0.61,0,0,0,0,0,1.2,0,0,0,0,0.255,42.86,125.73,0.9,0.3,880,0.7,66,1.2,2024.0,220.0,86.88
2024,8,31,22,0,13.6,1.32,0.05,0.61,0,0,0,0,0,1.2,0,0,0,0,0.255,42.86,125.73,0.9,0.3,880,0.7,66,1.2,2024.0,220.0,85.991
2024,8,31,22,0,13.6,1.32,0.05,0.61,0,0,0,0,0,1.2,0,0,0,0,0.255,42.86,125.73,0.9,0.3,880,0.7,66,1.2,2024.0,220.0,73.799
2024,8,31,23,0,13.8,1.32,0.05,0.61,0,0,0,0,0,0.2,0,0,0,0,0.256,39.46,139.39,0.9,0.3,880,0.7,64,1.1,2024.0,220.0,90.512
2024,8,31,23,0,13.8,1.32,0.05,0.61,0,0,0,0,0,0.2,0,0,0,0,0.256,39.46,139.39,0.9,0.3,880,0.7,64,1.1,2024.0,220.0,422.428
2024,10,1,1,0,16.0,1.44,0.093,0.61,0,0,0,0,0,0.2,0,0,0,0,0.269,34.09,153.4,0.87,0.31,880,0.6,60,1.3,2024.0,220.0,74.321
2024,10,1,8,0,17.1,1.52,0.082,0.61,42,514,120,0,0,-2.4,42,514,0,120,0.263,26.24,81.21,0.85,0.31,880,0.6,75,1.3,2024.0,220.0,68.998
2024,10,1,8,0,17.1,1.52,0.082,0.61,42,514,120,0,0,-2.4,42,514,0,120,0.263,26.24,81.21,0.85,0.31,880,0.6,75,1.3,2024.0,220.0,35.342
2024,10,1,9,0,21.2,1.52,0.083,0.61,73,793,378,0,0,-2.0,73,793,0,378,0.262,21.08,67.4,0.85,0.31,880,0.6,18,2.1,2024.0,220.0,0.0
2024,10,1,10,0,24.1,1.53,0.085,0.61,92,908,630,0,0,-1.1,92,908,0,630,0.26,18.85,53.71,0.85,0.31,880,0.6,277,3.1,2024.0,220.0,0.0
2024,10,1,19,0,22.6,1.42,0.088,0.61,40,469,105,0,0,-0.1,40,469,0,105,0.253,22.16,82.08,0.87,0.31,878,0.6,248,3.6,2024.0,220.0,52.777
2024,10,1,20,0,18.9,1.41,0.089,0.61,0,0,0,0,0,1.5,0,0,0,0,0.254,31.34,96.01,0.87,0.31,879,0.6,247,1.8,2024.0,220.0,63.38
2024,10,1,20,0,18.9,1.41,0.089,0.61,0,0,0,0,0,1.5,0,0,0,0,0.254,31.34,96.01,0.87,0.31,879,0.6,247,1.8,2024.0,220.0,72.938
2024,10,1,20,0,18.9,1.41,0.089,0.61,0,0,0,0,0,1.5,0,0,0,0,0.254,31.34,96.01,0.87,0.31,879,0.6,247,1.8,2024.0,220.0,72.923
2024,10,1,20,0,18.9,1.41,0.089,0.61,0,0,0,0,0,1.5,0,0,0,0,0.254,31.34,96.01,0.87,0.31,879,0.6,247,1.8,2024.0,220.0,72.923
2024,10,1,22,0,17.2,1.41,0.089,0.61,0,0,0,0,0,2.1,0,0,0,0,0.254,36.33,122.98,0.87,0.31,879,0.6,112,0.7,2024.0,220.0,82.172
2024,10,1,22,0,17.2,1.41,0.089,0.61,0,0,0,0,0,2.1,0,0,0,0,0.254,36.33,122.98,0.87,0.31,879,0.6,112,0.7,2024.0,220.0,72.152
2024,10,1,22,0,17.2,1.41,0.089,0.61,0,0,0,0,0,2.1,0,0,0,0,0.254,36.33,122.98,0.87,0.31,879,0.6,112,0.7,2024.0,220.0,71.526
2024,10,1,23,0,16.8,1.42,0.09,0.61,0,0,0,0,0,1.2,0,0,0,0,0.255,34.85,135.48,0.87,0.31,879,0.6,85,0.8,2024.0,220.0,63.047
2024,10,1,23,0,16.8,1.42,0.09,0.61,0,0,0,0,0,1.2,0,0,0,0,0.255,34.85,135.48,0.87,0.31,879,0.6,85,0.8,2024.0,220.0,76.788
2024,10,1,24,0,16.9,1.41,0.094,0.61,0,0,0,0,0,0.2,0,0,0,0,0.256,32.22,146.24,0.88,0.31,879,0.6,80,1.0,2024.0,220.0,90.29
2024,10,1,24,0,16.9,1.41,0.094,0.61,0,0,0,0,0,0.2,0,0,0,0,0.256,32.22,146.24,0.88,0.31,879,0.6,80,1.0,2024.0,220.0,78.494
2024,10,2,1,0,17.1,1.39,0.101,0.61,0,0,0,0,0,-0.4,0,0,0,0,0.257,30.42,153.04,0.89,0.31,878,0.6,77,1.1,2024.0,220.0,96.121
2024,10,2,1,0,17.1,1.39,0.101,0.61,0,0,0,0,0,-0.4,0,0,0,0,0.257,30.42,153.04,0.89,0.31,878,0.6,77,1.1,2024.0,220.0,74.874
2024,10,2,3,0,16.5,1.36,0.106,0.61,0,0,0,0,0,-0.1,0,0,0,0,0.258,32.27,145.5,0.89,0.31,878,0.6,53,1.1,2024.0,220.0,73.504
2024,10,2,3,0,16.5,1.36,0.106,0.61,0,0,0,0,0,-0.1,0,0,0,0,0.258,32.27,145.5,0.89,0.31,878,0.6,53,1.1,2024.0,220.0,65.336
2024,10,2,4,0,15.8,1.38,0.103,0.61,0,0,0,0,0,0.1,0,0,0,0,0.259,34.44,134.55,0.89,0.31,877,0.7,33,1.2,2024.0,220.0,63.837
2024,10,2,5,0,15.2,1.42,0.094,0.61,0,0,0,0,0,0.2,0,0,0,0,0.259,36.08,121.96,0.88,0.31,877,0.7,25,1.1,2024.0,220.0,69.826
2024,10,2,6,0,15.0,1.44,0.086,0.61,0,0,0,0,0,0.0,0,0,0,0,0.26,35.85,108.62,0.87,0.31,878,0.7,32,1.1,2024.0,220.0,68.036
2024,10,2,6,0,15.0,1.44,0.086,0.61,0,0,0,0,0,0.0,0,0,0,0,0.26,35.85,108.62,0.87,0.31,878,0.7,32,1.1,2024.0,220.0,75.882
2024,10,2,6,0,15.0,1.44,0.086,0.61,0,0,0,0,0,0.0,0,0,0,0,0.26,35.85,108.62,0.87,0.31,878,0.7,32,1.1,2024.0,220.0,75.882
2024,10,2,8,0,17.7,1.46,0.078,0.61,42,521,124,0,0,-1.7,42,521,0,124,0.259,26.77,80.99,0.86,0.31,878,0.7,61,1.4,2024.0,220.0,52.826
2024,10,2,8,0,17.7,1.46,0.078,0.61,42,521,124,0,0,-1.7,42,521,0,124,0.259,26.77,80.99,0.86,0.31,878,0.7,61,1.4,2024.0,220.0,0.135
2024,10,2,9,0,22.0,1.47,0.076,0.61,72,798,382,0,0,-1.6,72,798,0,382,0.26,20.65,67.17,0.86,0.31,879,0.7,60,1.8,2024.0,220.0,0.0
2024,10,2,11,0,28.8,1.49,0.073,0.61,100,974,844,0,0,-4.3,100,974,0,844,0.26,11.22,40.2,0.86,0.31,878,0.7,256,3.3,2024.0,220.0,0.0
2024,10,2,20,0,20.0,1.29,0.098,0.61,0,0,0,0,0,2.1,0,0,0,0,0.268,30.4,95.93,0.89,0.31,877,0.8,268,1.6,2024.0,220.0,29.713
2024,10,2,20,0,20.0,1.29,0.098,0.61,0,0,0,0,0,2.1,0,0,0,0,0.268,30.4,95.93,0.89,0.31,877,0.8,268,1.6,2024.0,220.0,56.796
2024,10,2,20,0,20.0,1.29,0.098,0.61,0,0,0,0,0,2.1,0,0,0,0,0.268,30.4,95.93,0.89,0.31,877,0.8,268,1.6,2024.0,220.0,63.025
2024,10,2,20,0,20.0,1.29,0.098,0.61,0,0,0,0,0,2.1,0,0,0,0,0.268,30.4,95.93,0.89,0.31,877,0.8,268,1.6,2024.0,220.0,70.929
2024,10,2,23,0,17.8,1.32,0.089,0.61,0,0,0,0,0,2.2,0,0,0,0,0.268,35.12,135.3,0.88,0.31,878,0.8,80,1.2,2024.0,220.0,66.801
2024,10,2,24,0,17.5,1.32,0.087,0.61,0,0,0,0,0,1.6,0,0,0,0,0.268,34.46,145.98,0.88,0.31,878,0.8,74,1.2,2024.0,220.0,78.036
2024,10,3,1,0,17.3,1.31,0.088,0.61,0,0,0,0,0,1.7,0,0,0,0,0.268,35.0,152.69,0.88,0.31,878,0.8,60,1.1,2024.0,220.0,73.809
2024,10,3,2,0,16.8,1.29,0.09,0.61,0,0,0,0,0,2.3,0,0,0,0,0.269,37.61,152.34,0.88,0.31,878,0.8,13,1.1,2024.0,220.0,66.425
2024,10,3,2,0,16.8,1.29,0.09,0.61,0,0,0,0,0,2.3,0,0,0,0,0.269,37.61,152.34,0.88,0.31,878,0.8,13,1.1,2024.0,220.0,62.327
2024,10,3,3,0,15.8,1.28,0.094,0.61,0,0,0,0,0,2.9,0,0,0,0,0.268,41.95,145.16,0.88,0.31,878,0.8,333,1.1,2024.0,220.0,62.705
2024,10,3,3,0,15.8,1.28,0.094,0.61,0,0,0,0,0,2.9,0,0,0,0,0.268,41.95,145.16,0.88,0.31,878,0.8,333,1.1,2024.0,220.0,67.041
2024,10,3,6,0,14.6,1.34,0.079,0.61,0,0,0,0,1,1.9,0,0,0,0,0.266,42.1,108.39,0.88,0.31,878,0.7,62,1.0,2024.0,220.0,62.209
2024,10,3,7,0,15.1,1.35,0.076,0.61,0,0,0,0,3,0.5,0,0,0,0,0.266,36.89,94.71,0.88,0.31,878,0.7,86,0.9,2024.0,220.0,64.755
2024,10,3,7,0,15.1,1.35,0.076,0.61,0,0,0,0,3,0.5,0,0,0,0,0.266,36.89,94.71,0.88,0.31,878,0.7,86,0.9,2024.0,220.0,69.975
2024,10,3,8,0,18.3,1.35,0.073,0.61,43,533,128,0,0,-0.9,43,533,0,128,0.265,27.28,80.77,0.88,0.31,878,0.7,93,0.9,2024.0,220.0,80.674
2024,10,3,8,0,18.3,1.35,0.073,0.61,43,533,128,0,0,-0.9,43,533,0,128,0.265,27.28,80.77,0.88,0.31,878,0.7,93,0.9,2024.0,220.0,89.948
2024,10,3,8,0,18.3,1.35,0.073,0.61,43,533,128,0,0,-0.9,43,533,0,128,0.265,27.28,80.77,0.88,0.31,878,0.7,93,0.9,2024.0,220.0,55.26
2024,10,3,8,0,18.3,1.35,0.073,0.61,43,533,128,0,0,-0.9,43,533,0,128,0.265,27.28,80.77,0.88,0.31,878,0.7,93,0.9,2024.0,220.0,32.97
2024,10,3,9,0,22.3,1.36,0.073,0.61,72,804,387,0,0,-1.0,72,804,0,387,0.266,21.11,66.96,0.88,0.31,879,0.7,124,1.3,2024.0,220.0,26.768
2024,10,3,9,0,22.3,1.36,0.073,0.61,72,804,387,0,0,-1.0,72,804,0,387,0.266,21.11,66.96,0.88,0.31,879,0.7,124,1.3,2024.0,220.0,0.0
2024,10,3,9,0,22.3,1.36,0.073,0.61,72,804,387,0,0,-1.0,72,804,0,387,0.266,21.11,66.96,0.88,0.31,879,0.7,124,1.3,2024.0,220.0,0.0
2024,10,3,19,0,23.0,1.21,0.084,0.61,42,462,107,0,0,2.2,42,462,0,107,0.264,25.46,81.94,0.92,0.31,878,0.8,260,2.8,2024.0,220.0,29.184
2024,10,3,19,0,23.0,1.21,0.084,0.61,42,462,107,0,0,2.2,42,462,0,107,0.264,25.46,81.94,0.92,0.31,878,0.8,260,2.8,2024.0,220.0,50.005
2024,10,3,19,0,23.0,1.21,0.084,0.61,42,462,107,0,0,2.2,42,462,0,107,0.264,25.46,81.94,0.92,0.31,878,0.8,260,2.8,2024.0,220.0,65.463
2024,10,3,20,0,19.2,1.21,0.087,0.61,0,0,0,0,0,3.8,0,0,0,0,0.264,36.08,95.85,0.92,0.31,878,0.9,272,1.6,2024.0,220.0,74.565
2024,10,3,20,0,19.2,1.21,0.087,0.61,0,0,0,0,0,3.8,0,0,0,0,0.264,36.08,95.85,0.92,0.31,878,0.9,272,1.6,2024.0,220.0,95.923
2024,10,3,21,0,17.4,1.22,0.091,0.61,0,0,0,0,0,5.0,0,0,0,0,0.264,43.9,109.49,0.92,0.31,879,0.9,309,0.7,2024.0,220.0,209.732
2024,10,3,22,0,16.6,1.23,0.095,0.61,0,0,0,0,0,5.3,0,0,0,0,0.264,47.12,122.73,0.92,0.31,880,0.9,360,0.9,2024.0,220.0,163.396
2024,10,3,22,0,16.6,1.23,0.095,0.61,0,0,0,0,0,5.3,0,0,0,0,0.264,47.12,122.73,0.92,0.31,880,0.9,360,0.9,2024.0,220.0,105.179
2024,10,3,22,0,16.6,1.23,0.095,0.61,0,0,0,0,0,5.3,0,0,0,0,0.264,47.12,122.73,0.92,0.31,880,0.9,360,0.9,2024.0,220.0,104.735
2024,10,3,23,0,16.3,1.26,0.095,0.61,0,0,0,0,0,4.7,0,0,0,0,0.265,46.11,135.12,0.92,0.31,880,0.9,38,1.3,2024.0,220.0,110.884
2024,10,3,23,0,16.3,1.26,0.095,0.61,0,0,0,0,0,4.7,0,0,0,0,0.265,46.11,135.12,0.92,0.31,880,0.9,38,1.3,2024.0,220.0,227.551
2024,10,4,1,0,17.5,1.29,0.092,0.61,0,0,0,0,0,2.6,0,0,0,0,0.265,36.83,152.33,0.91,0.31,879,0.9,84,1.3,2024.0,220.0,248.992
2024,10,4,2,0,17.9,1.29,0.095,0.61,0,0,0,0,0,1.9,0,0,0,0,0.266,34.22,151.95,0.91,0.31,879,0.9,99,1.3,2024.0,220.0,233.985
2024,10,4,5,0,17.1,1.23,0.133,0.61,0,0,0,0,1,0.1,0,0,0,0,0.267,31.61,121.45,0.93,0.31,878,0.9,83,0.8,2024.0,220.0,142.725
2024,10,4,7,0,17.0,1.23,0.153,0.61,0,0,0,0,1,-1.1,0,0,0,0,0.268,29.08,94.49,0.94,0.31,879,0.8,67,1.1,2024.0,220.0,244.412
2024,10,4,7,0,17.0,1.23,0.153,0.61,0,0,0,0,1,-1.1,0,0,0,0,0.268,29.08,94.49,0.94,0.31,879,0.8,67,1.1,2024.0,220.0,264.702
2024,10,4,7,0,17.0,1.23,0.153,0.61,0,0,0,0,1,-1.1,0,0,0,0,0.268,29.08,94.49,0.94,0.31,879,0.8,67,1.1,2024.0,220.0,272.914
2024,10,4,8,0,19.7,1.25,0.15,0.61,57,408,124,0,1,-1.2,57,408,0,124,0.269,24.5,80.56,0.94,0.31,879,0.8,59,1.3,2024.0,220.0,293.449
2024,10,4,8,0,19.7,1.25,0.15,0.61,57,408,124,0,1,-1.2,57,408,0,124,0.269,24.5,80.56,0.94,0.31,879,0.8,59,1.3,2024.0,220.0,137.379
2024,10,4,8,0,19.7,1.25,0.15,0.61,57,408,124,0,1,-1.2,57,408,0,124,0.269,24.5,80.56,0.94,0.31,879,0.8,59,1.3,2024.0,220.0,95.307
2024,10,4,9,0,23.8,1.28,0.139,0.61,97,715,380,0,0,-0.5,97,715,0,380,0.27,20.07,66.74,0.94,0.31,880,0.8,25,1.3,2024.0,220.0,56.636
2024,10,4,9,0,23.8,1.28,0.139,0.61,97,715,380,0,0,-0.5,97,715,0,380,0.27,20.07,66.74,0.94,0.31,880,0.8,25,1.3,2024.0,220.0,15.203
2024,10,4,9,0,23.8,1.28,0.139,0.61,97,715,380,0,0,-0.5,97,715,0,380,0.27,20.07,66.74,0.94,0.31,880,0.8,25,1.3,2024.0,220.0,0.0
2024,10,4,10,0,26.7,1.31,0.13,0.61,117,853,630,0,0,-1.4,117,853,0,630,0.271,15.83,53.01,0.93,0.31,880,0.8,316,1.1,2024.0,220.0,0.0
2024,10,4,19,0,22.9,1.21,0.143,0.61,51,363,102,0,0,0.6,51,363,0,102,0.27,22.86,81.86,0.95,0.31,878,1.0,262,2.3,2024.0,220.0,15.357
2024,10,4,19,0,22.9,1.21,0.143,0.61,51,363,102,0,0,0.6,51,363,0,102,0.27,22.86,81.86,0.95,0.31,878,1.0,262,2.3,2024.0,220.0,29.576
2024,10,4,19,0,22.9,1.21,0.143,0.61,51,363,102,0,0,0.6,51,363,0,102,0.27,22.86,81.86,0.95,0.31,878,1.0,262,2.3,2024.0,220.0,90.679
2024,10,4,20,0,20.7,1.22,0.142,0.61,0,0,0,0,0,1.9,0,0,0,0,0.271,28.73,95.77,0.95,0.31,878,1.0,256,1.4,2024.0,220.0,124.086
2024,10,4,20,0,20.7,1.22,0.142,0.61,0,0,0,0,0,1.9,0,0,0,0,0.271,28.73,95.77,0.95,0.31,878,1.0,256,1.4,2024.0,220.0,132.081
2024,10,4,20,0,20.7,1.22,0.142,0.61,0,0,0,0,0,1.9,0,0,0,0,0.271,28.73,95.77,0.95,0.31,878,1.0,256,1.4,2024.0,220.0,138.122
2024,10,4,21,0,20.1,1.24,0.142,0.61,0,0,0,0,8,2.5,0,0,0,0,0.27,31.12,109.39,0.94,0.31,879,1.0,213,0.7,2024.0,220.0,132.131
2024,10,4,21,0,20.1,1.24,0.142,0.61,0,0,0,0,8,2.5,0,0,0,0,0.27,31.12,109.39,0.94,0.31,879,1.0,213,0.7,2024.0,220.0,125.818
2024,10,4,22,0,19.6,1.26,0.145,0.61,0,0,0,0,0,2.3,0,0,0,0,0.27,31.68,122.6,0.94,0.31,879,1.0,93,0.6,2024.0,220.0,142.294
2024,10,4,23,0,19.2,1.27,0.147,0.61,0,0,0,0,0,1.9,0,0,0,0,0.27,31.49,134.94,0.93,0.31,879,1.0,71,1.0,2024.0,220.0,129.742
2024,10,4,24,0,18.8,1.31,0.146,0.61,0,0,0,0,0,1.5,0,0,0,0,0.27,31.37,145.46,0.92,0.31,879,1.0,47,1.1,2024.0,220.0,93.247
2024,10,5,1,0,18.3,1.33,0.151,0.61,0,0,0,0,0,1.2,0,0,0,0,0.27,31.69,151.98,0.91,0.31,879,1.0,21,1.1,2024.0,220.0,86.424
2024,10,5,1,0,18.3,1.33,0.151,0.61,0,0,0,0,0,1.2,0,0,0,0,0.27,31.69,151.98,0.91,0.31,879,1.0,21,1.1,2024.0,220.0,89.716
2024,10,5,2,0,17.9,1.32,0.17,0.61,0,0,0,1,0,1.0,0,0,1,0,0.27,32.15,151.56,0.91,0.31,878,1.0,9,1.0,2024.0,220.0,98.679
2024,10,5,2,0,17.9,1.32,0.17,0.61,0,0,0,1,0,1.0,0,0,1,0,0.27,32.15,151.56,0.91,0.31,878,1.0,9,1.0,2024.0,220.0,108.876
2024,10,5,8,0,19.1,1.33,0.202,0.61,62,349,120,0,1,-1.2,62,349,0,120,0.266,25.41,80.35,0.92,0.31,879,1.1,67,1.1,2024.0,220.0,0.0
2024,10,5,8,0,19.1,1.33,0.202,0.61,62,349,120,0,1,-1.2,62,349,0,120,0.266,25.41,80.35,0.92,0.31,879,1.1,67,1.1,2024.0,220.0,0.0
2024,10,5,9,0,22.3,1.36,0.186,0.61,107,654,367,0,0,-1.0,107,654,0,367,0.266,21.11,66.52,0.91,0.31,879,1.2,29,1.8,2024.0,220.0,0.0
2024,10,5,15,0,30.8,1.46,0.165,0.61,150,900,942,0,0,-3.9,150,900,0,942,0.27,10.32,28.36,0.89,0.31,877,1.7,293,5.0,2024.0,220.0,0.0
2024,10,5,15,0,30.8,1.46,0.165,0.61,150,900,942,0,0,-3.9,150,900,0,942,0.27,10.32,28.36,0.89,0.31,877,1.7,293,5.0,2024.0,220.0,0.0
2024,10,5,19,0,23.8,1.38,0.146,0.61,46,354,97,0,0,-0.6,46,354,0,97,0.274,19.91,81.79,0.89,0.31,878,1.7,306,2.5,2024.0,220.0,76.113
2024,10,5,20,0,20.2,1.36,0.149,0.61,0,0,0,0,0,1.4,0,0,0,0,0.274,28.64,95.69,0.9,0.31,879,1.7,314,1.5,2024.0,220.0,93.026
2024,10,5,21,0,18.7,1.36,0.15,0.61,0,0,0,0,0,2.7,0,0,0,0,0.274,34.4,109.29,0.9,0.31,879,1.7,338,0.7,2024.0,220.0,86.96
2024,10,5,24,0,17.6,1.38,0.163,0.61,0,0,0,0,0,3.2,0,0,0,0,0.274,38.26,145.2,0.91,0.31,880,2.0,16,0.9,2024.0,220.0,96.871
2024,10,5,24,0,17.6,1.38,0.163,0.61,0,0,0,0,0,3.2,0,0,0,0,0.274,38.26,145.2,0.91,0.31,880,2.0,16,0.9,2024.0,220.0,103.622
2024,10,5,24,0,17.6,1.38,0.163,0.61,0,0,0,0,0,3.2,0,0,0,0,0.274,38.26,145.2,0.91,0.31,880,2.0,16,0.9,2024.0,220.0,105.508
2024,10,6,1,0,16.9,1.38,0.171,0.61,0,0,0,0,0,3.5,0,0,0,0,0.274,40.87,151.62,0.91,0.31,880,2.1,360,0.8,2024.0,220.0,101.581
2024,10,6,1,0,16.9,1.38,0.171,0.61,0,0,0,0,0,3.5,0,0,0,0,0.274,40.87,151.62,0.91,0.31,880,2.1,360,0.8,2024.0,220.0,82.445
2024,10,6,1,0,16.9,1.38,0.171,0.61,0,0,0,0,0,3.5,0,0,0,0,0.274,40.87,151.62,0.91,0.31,880,2.1,360,0.8,2024.0,220.0,108.985
2024,10,6,2,0,16.3,1.37,0.184,0.61,0,0,0,1,0,3.8,0,0,1,0,0.274,43.37,151.17,0.92,0.31,880,2.2,355,0.8,2024.0,220.0,114.592
2024,10,6,5,0,16.0,1.39,0.194,0.61,0,0,0,0,8,3.9,0,0,0,0,0.276,44.47,120.94,0.92,0.31,879,2.3,35,0.8,2024.0,220.0,106.669
2024,10,6,6,0,16.0,1.4,0.197,0.61,0,0,0,0,1,3.8,0,0,0,0,0.277,44.21,107.69,0.91,0.31,880,2.3,43,0.9,2024.0,220.0,74.43
2024,10,6,7,0,16.0,1.42,0.201,0.61,0,0,0,0,8,3.6,0,0,0,0,0.277,43.62,94.05,0.91,0.31,880,2.2,56,1.1,2024.0,220.0,67.133
2024,10,6,8,0,18.8,1.43,0.207,0.61,59,333,116,0,5,3.7,31,0,0,31,0.278,36.69,80.14,0.9,0.31,880,2.2,51,1.7,2024.0,220.0,0.0
2024,10,6,9,0,22.0,1.44,0.216,0.61,111,603,354,0,0,5.0,111,603,0,354,0.278,33.04,66.31,0.9,0.31,880,2.2,355,2.5,2024.0,220.0,0.0
2024,10,6,10,0,24.6,1.45,0.232,0.61,148,730,591,0,0,4.8,148,730,0,591,0.278,27.84,52.56,0.9,0.31,880,2.1,325,2.8,2024.0,220.0,0.0
2024,10,6,10,0,24.6,1.45,0.232,0.61,148,730,591,0,0,4.8,148,730,0,591,0.278,27.84,52.56,0.9,0.31,880,2.1,325,2.8,2024.0,220.0,0.0
2024,10,6,10,0,24.6,1.45,0.232,0.61,148,730,591,0,0,4.8,148,730,0,591,0.278,27.84,52.56,0.9,0.31,880,2.1,325,2.8,2024.0,220.0,0.0
2024,10,6,11,0,26.4,1.43,0.25,0.61,175,793,790,0,0,4.1,175,793,0,790,0.277,23.85,39.17,0.9,0.31,880,2.1,313,3.5,2024.0,220.0,0.0
2024,10,6,13,0,28.2,1.39,0.253,0.61,199,858,1015,0,0,2.5,199,858,0,1015,0.276,19.12,18.03,0.91,0.31,879,1.8,305,5.1,2024.0,220.0,0.0
2024,10,6,14,0,28.6,1.41,0.234,0.61,191,872,1017,0,0,1.3,191,872,0,1017,0.276,17.16,18.69,0.91,0.31,879,1.7,304,5.8,2024.0,220.0,0.0
2024,10,6,17,0,27.0,1.38,0.215,0.61,142,746,579,0,0,-0.5,142,746,0,579,0.276,16.61,54.14,0.91,0.31,878,1.5,298,4.7,2024.0,220.0,0.0
2024,10,6,18,0,25.2,1.33,0.243,0.61,118,568,331,0,7,-0.2,206,319,0,326,0.276,18.85,67.91,0.92,0.31,878,1.5,299,3.9,2024.0,220.0,0.0
2024,10,6,19,0,22.8,1.32,0.256,0.61,58,247,93,7,5,0.6,83,36,7,88,0.276,23.09,81.72,0.93,0.31,879,1.5,302,2.9,2024.0,220.0,66.752
2024,10,6,19,0,22.8,1.32,0.256,0.61,58,247,93,7,5,0.6,83,36,7,88,0.276,23.09,81.72,0.93,0.31,879,1.5,302,2.9,2024.0,220.0,146.161
2024,10,6,20,0,20.6,1.33,0.261,0.61,0,0,0,0,0,1.8,0,0,0,0,0.277,28.77,95.61,0.93,0.31,880,1.5,305,1.8,2024.0,220.0,203.842
2024,10,6,21,0,19.5,1.36,0.274,0.61,0,0,0,0,0,2.7,0,0,0,0,0.277,32.71,109.19,0.92,0.31,880,1.6,318,1.5,2024.0,220.0,95.64
2024,10,6,21,0,19.5,1.36,0.274,0.61,0,0,0,0,0,2.7,0,0,0,0,0.277,32.71,109.19,0.92,0.31,880,1.6,318,1.5,2024.0,220.0,102.406
2024,10,6,21,0,19.5,1.36,0.274,0.61,0,0,0,0,0,2.7,0,0,0,0,0.277,32.71,109.19,0.92,0.31,880,1.6,318,1.5,2024.0,220.0,159.607
2024,10,6,22,0,18.6,1.4,0.336,0.61,0,0,0,0,0,3.0,0,0,0,0,0.276,35.43,122.33,0.92,0.31,880,1.8,341,1.5,2024.0,220.0,97.872
2024,10,6,23,0,17.8,1.44,0.418,0.61,0,0,0,0,3,3.2,0,0,0,0,0.276,37.74,134.58,0.91,0.31,880,1.9,359,1.4,2024.0,220.0,69.544
2024,10,6,24,0,17.0,1.46,0.436,0.61,0,0,0,0,7,3.6,0,0,0,0,0.276,40.79,144.94,0.91,0.31,880,2.0,5,1.3,2024.0,220.0,68.659
2024,10,7,1,0,16.5,1.49,0.418,0.61,0,0,0,0,5,4.2,0,0,0,0,0.277,44.08,151.26,0.91,0.31,880,2.0,5,1.2,2024.0,220.0,66.346
2024,10,7,1,0,16.5,1.49,0.418,0.61,0,0,0,0,5,4.2,0,0,0,0,0.277,44.08,151.26,0.91,0.31,880,2.0,5,1.2,2024.0,220.0,61.561
2024,10,7,1,0,16.5,1.49,0.418,0.61,0,0,0,0,5,4.2,0,0,0,0,0.277,44.08,151.26,0.91,0.31,880,2.0,5,1.2,2024.0,220.0,70.556
2024,10,7,2,0,15.8,1.51,0.415,0.61,0,0,0,1,8,4.6,0,0,1,0,0.278,47.33,150.79,0.91,0.31,879,2.1,9,1.0,2024.0,220.0,106.26
2024,10,7,2,0,15.8,1.51,0.415,0.61,0,0,0,1,8,4.6,0,0,1,0,0.278,47.33,150.79,0.91,0.31,879,2.1,9,1.0,2024.0,220.0,68.12
2024,10,7,3,0,15.8,1.48,0.47,0.61,0,0,0,0,3,4.5,0,0,0,0,0.279,47.13,143.78,0.91,0.31,879,2.1,25,0.9,2024.0,220.0,106.828
2024,10,7,7,0,17.0,1.38,0.555,0.61,0,0,0,0,3,2.8,0,0,0,0,0.281,38.7,93.84,0.93,0.31,878,2.3,51,1.2,2024.0,220.0,105.294
2024,10,7,8,0,18.6,1.39,0.515,0.61,76,156,104,0,5,3.0,33,0,0,33,0.281,35.3,79.94,0.93,0.31,878,2.3,14,1.9,2024.0,220.0,0.0
2024,10,7,9,0,20.9,1.38,0.507,0.61,173,397,333,0,5,2.7,89,0,0,89,0.281,30.08,66.1,0.93,0.31,879,2.3,330,3.4,2024.0,220.0,18.902
2024,10,7,9,0,20.9,1.38,0.507,0.61,173,397,333,0,5,2.7,89,0,0,89,0.281,30.08,66.1,0.93,0.31,879,2.3,330,3.4,2024.0,220.0,66.458
2024,10,7,10,0,22.9,1.38,0.501,0.61,231,549,566,0,3,2.4,411,152,0,504,0.281,25.98,52.34,0.93,0.31,879,2.3,325,4.4,2024.0,220.0,16.732
2024,10,7,10,0,22.9,1.38,0.501,0.61,231,549,566,0,3,2.4,411,152,0,504,0.281,25.98,52.34,0.93,0.31,879,2.3,325,4.4,2024.0,220.0,0.0
2024,10,7,11,0,24.5,1.39,0.47,0.61,258,654,767,0,8,2.2,452,205,0,611,0.281,23.4,38.92,0.93,0.31,879,2.3,325,5.2,2024.0,220.0,0.0
2024,10,7,19,0,20.0,1.44,0.206,0.61,52,292,95,7,7,4.9,57,4,7,57,0.283,37.11,81.64,0.91,0.31,878,2.0,320,3.5,2024.0,220.0,52.314
2024,10,7,19,0,20.0,1.44,0.206,0.61,52,292,95,7,7,4.9,57,4,7,57,0.283,37.11,81.64,0.91,0.31,878,2.0,320,3.5,2024.0,220.0,66.651
2024,10,7,20,0,18.1,1.45,0.19,0.61,0,0,0,0,5,5.7,0,0,0,0,0.284,44.27,95.52,0.91,0.31,879,2.0,320,1.8,2024.0,220.0,88.333
2024,10,7,20,0,18.1,1.45,0.19,0.61,0,0,0,0,5,5.7,0,0,0,0,0.284,44.27,95.52,0.91,0.31,879,2.0,320,1.8,2024.0,220.0,118.095
2024,10,7,21,0,16.6,1.45,0.18,0.61,0,0,0,0,5,6.5,0,0,0,0,0.284,51.27,109.09,0.91,0.31,879,2.0,332,1.0,2024.0,220.0,96.098
2024,10,7,21,0,16.6,1.45,0.18,0.61,0,0,0,0,5,6.5,0,0,0,0,0.284,51.27,109.09,0.91,0.31,879,2.0,332,1.0,2024.0,220.0,91.096
2024,10,7,23,0,15.2,1.39,0.199,0.61,0,0,0,0,3,7.2,0,0,0,0,0.285,58.66,134.39,0.92,0.31,880,2.1,357,1.1,2024.0,220.0,78.076
2024,10,7,23,0,15.2,1.39,0.199,0.61,0,0,0,0,3,7.2,0,0,0,0,0.285,58.66,134.39,0.92,0.31,880,2.1,357,1.1,2024.0,220.0,67.667
2024,10,7,24,0,15.1,1.37,0.213,0.61,0,0,0,0,3,7.3,0,0,0,0,0.285,59.49,144.67,0.93,0.31,880,2.1,356,1.1,2024.0,220.0,69.644
2024,10,8,1,0,15.0,1.36,0.222,0.61,0,0,0,0,3,7.3,0,0,0,0,0.286,60.22,150.9,0.93,0.31,879,2.1,355,1.1,2024.0,220.0,66.966
2024,10,8,2,0,14.8,1.36,0.225,0.61,0,0,0,1,0,7.4,0,0,1,0,0.286,61.42,150.4,0.93,0.31,879,2.1,4,1.0,2024.0,220.0,78.695
2024,10,8,4,0,14.4,1.36,0.223,0.61,0,0,0,0,3,7.6,0,0,0,0,0.286,63.56,132.79,0.93,0.31,878,1.9,47,1.0,2024.0,220.0,93.701
2024,10,8,4,0,14.4,1.36,0.223,0.61,0,0,0,0,3,7.6,0,0,0,0,0.286,63.56,132.79,0.93,0.31,878,1.9,47,1.0,2024.0,220.0,94.125
2024,10,8,5,0,14.3,1.35,0.222,0.61,0,0,0,0,3,7.5,0,0,0,0,0.287,63.75,120.43,0.93,0.31,877,1.9,45,1.1,2024.0,220.0,104.435
2024,10,8,7,0,14.1,1.36,0.205,0.61,0,0,0,0,0,7.6,0,0,0,0,0.287,64.89,93.62,0.93,0.31,878,1.8,31,1.1,2024.0,220.0,209.447
2024,10,8,7,0,14.1,1.36,0.205,0.61,0,0,0,0,0,7.6,0,0,0,0,0.287,64.89,93.62,0.93,0.31,878,1.8,31,1.1,2024.0,220.0,248.52
2024,10,8,8,0,15.8,1.36,0.201,0.61,64,357,128,0,0,7.6,64,357,0,128,0.287,58.23,79.73,0.93,0.31,879,1.7,16,1.7,2024.0,220.0,200.974
2024,10,8,8,0,15.8,1.36,0.201,0.61,64,357,128,0,0,7.6,64,357,0,128,0.287,58.23,79.73,0.93,0.31,879,1.7,16,1.7,2024.0,220.0,96.441
2024,10,8,9,0,18.0,1.37,0.191,0.61,110,643,372,0,0,7.1,110,643,0,372,0.287,49.01,65.9,0.92,0.31,879,1.7,349,2.3,2024.0,220.0,65.504
2024,10,8,9,0,18.0,1.37,0.191,0.61,110,643,372,0,0,7.1,110,643,0,372,0.287,49.01,65.9,0.92,0.31,879,1.7,349,2.3,2024.0,220.0,16.575
2024,10,8,9,0,18.0,1.37,0.191,0.61,110,643,372,0,0,7.1,110,643,0,372,0.287,49.01,65.9,0.92,0.31,879,1.7,349,2.3,2024.0,220.0,0.0
2024,10,8,20,0,16.1,1.34,0.086,0.61,0,0,0,0,0,8.1,0,0,0,0,0.295,58.96,95.43,0.9,0.31,879,1.3,312,1.7,2024.0,220.0,94.941
2024,10,8,20,0,16.1,1.34,0.086,0.61,0,0,0,0,0,8.1,0,0,0,0,0.295,58.96,95.43,0.9,0.31,879,1.3,312,1.7,2024.0,220.0,142.778
2024,10,8,21,0,14.8,1.33,0.087,0.61,0,0,0,0,0,8.5,0,0,0,0,0.295,65.91,108.98,0.9,0.31,880,1.3,315,1.0,2024.0,220.0,156.448
2024,10,8,21,0,14.8,1.33,0.087,0.61,0,0,0,0,0,8.5,0,0,0,0,0.295,65.91,108.98,0.9,0.31,880,1.3,315,1.0,2024.0,220.0,175.955
2024,10,8,21,0,14.8,1.33,0.087,0.61,0,0,0,0,0,8.5,0,0,0,0,0.295,65.91,108.98,0.9,0.31,880,1.3,315,1.0,2024.0,220.0,192.566
2024,10,8,22,0,14.0,1.31,0.089,0.61,0,0,0,0,0,8.6,0,0,0,0,0.297,70.06,122.05,0.91,0.31,880,1.3,333,0.7,2024.0,220.0,146.926
2024,10,8,22,0,14.0,1.31,0.089,0.61,0,0,0,0,0,8.6,0,0,0,0,0.297,70.06,122.05,0.91,0.31,880,1.3,333,0.7,2024.0,220.0,198.758
2024,10,8,23,0,13.5,1.31,0.09,0.61,0,0,0,0,0,8.7,0,0,0,0,0.298,72.52,134.2,0.91,0.31,880,1.3,355,0.9,2024.0,220.0,236.472
2024,10,8,24,0,13.1,1.31,0.089,0.61,0,0,0,0,0,8.7,0,0,0,0,0.297,74.49,144.4,0.91,0.31,880,1.3,6,1.0,2024.0,220.0,380.312
2024,10,9,1,0,12.9,1.32,0.088,0.61,0,0,0,0,0,8.7,0,0,0,0,0.293,75.73,150.55,0.91,0.31,880,1.3,11,1.1,2024.0,220.0,358.765
2024,10,9,1,0,12.9,1.32,0.088,0.61,0,0,0,0,0,8.7,0,0,0,0,0.293,75.73,150.55,0.91,0.31,880,1.3,11,1.1,2024.0,220.0,343.524
2024,10,9,1,0,12.9,1.32,0.088,0.61,0,0,0,0,0,8.7,0,0,0,0,0.293,75.73,150.55,0.91,0.31,880,1.3,11,1.1,2024.0,220.0,325.357
2024,10,9,1,0,12.9,1.32,0.088,0.61,0,0,0,0,0,8.7,0,0,0,0,0.293,75.73,150.55,0.91,0.31,880,1.3,11,1.1,2024.0,220.0,296.352
2024,10,9,1,0,12.9,1.32,0.088,0.61,0,0,0,0,0,8.7,0,0,0,0,0.293,75.73,150.55,0.91,0.31,880,1.3,11,1.1,2024.0,220.0,287.015
2024,10,9,1,0,12.9,1.32,0.088,0.61,0,0,0,0,0,8.7,0,0,0,0,0.293,75.73,150.55,0.91,0.31,880,1.3,11,1.1,2024.0,220.0,282.728
2024,10,9,2,0,12.6,1.32,0.087,0.61,0,0,0,1,0,8.7,0,0,1,0,0.289,77.06,150.02,0.92,0.31,879,1.3,12,0.9,2024.0,220.0,247.414
2024,10,9,3,0,12.3,1.32,0.089,0.61,0,0,0,0,0,8.5,0,0,0,0,0.286,77.68,143.09,0.92,0.31,879,1.3,12,0.8,2024.0,220.0,295.95
2024,10,9,3,0,12.3,1.32,0.089,0.61,0,0,0,0,0,8.5,0,0,0,0,0.286,77.68,143.09,0.92,0.31,879,1.3,12,0.8,2024.0,220.0,332.399
2024,10,9,4,0,12.1,1.31,0.098,0.61,0,0,0,0,0,8.2,0,0,0,0,0.283,77.18,132.5,0.93,0.31,879,1.3,12,0.8,2024.0,220.0,364.792
2024,10,9,6,0,12.1,1.3,0.105,0.61,0,0,0,0,0,7.6,0,0,0,0,0.279,74.04,107.01,0.94,0.31,879,1.3,22,0.9,2024.0,220.0,343.159
2024,10,9,7,0,12.1,1.32,0.097,0.61,0,0,0,0,0,7.2,0,0,0,0,0.28,72.2,93.41,0.94,0.31,879,1.3,30,0.8,2024.0,220.0,318.02
2024,10,9,7,0,12.1,1.32,0.097,0.61,0,0,0,0,0,7.2,0,0,0,0,0.28,72.2,93.41,0.94,0.31,879,1.3,30,0.8,2024.0,220.0,316.924
2024,10,9,8,0,14.8,1.33,0.087,0.61,50,522,145,0,0,6.7,50,522,0,145,0.28,58.33,79.53,0.93,0.31,880,1.3,21,1.2,2024.0,220.0,291.479
2024,10,9,8,0,14.8,1.33,0.087,0.61,50,522,145,0,0,6.7,50,522,0,145,0.28,58.33,79.53,0.93,0.31,880,1.3,21,1.2,2024.0,220.0,283.73
2024,10,9,8,0,14.8,1.33,0.087,0.61,50,522,145,0,0,6.7,50,522,0,145,0.28,58.33,79.53,0.93,0.31,880,1.3,21,1.2,2024.0,220.0,278.828
2024,10,9,8,0,14.8,1.33,0.087,0.61,50,522,145,0,0,6.7,50,522,0,145,0.28,58.33,79.53,0.93,0.31,880,1.3,21,1.2,2024.0,220.0,235.74
2024,10,9,8,0,14.8,1.33,0.087,0.61,50,522,145,0,0,6.7,50,522,0,145,0.28,58.33,79.53,0.93,0.31,880,1.3,21,1.2,2024.0,220.0,212.952
2024,10,9,8,0,14.8,1.33,0.087,0.61,50,522,145,0,0,6.7,50,522,0,145,0.28,58.33,79.53,0.93,0.31,880,1.3,21,1.2,2024.0,220.0,144.291
2024,10,9,8,0,14.8,1.33,0.087,0.61,50,522,145,0,0,6.7,50,522,0,145,0.28,58.33,79.53,0.93,0.31,880,1.3,21,1.2,2024.0,220.0,0.0
2024,10,9,20,0,14.2,1.16,0.073,0.61,0,0,0,0,0,7.8,0,0,0,0,0.276,65.23,95.35,0.92,0.31,880,1.2,313,1.1,2024.0,220.0,82.739
2024,10,9,21,0,13.1,1.15,0.084,0.61,0,0,0,0,0,8.1,0,0,0,0,0.276,71.55,108.87,0.93,0.31,880,1.2,317,1.0,2024.0,220.0,59.81
2024,10,9,21,0,13.1,1.15,0.084,0.61,0,0,0,0,0,8.1,0,0,0,0,0.276,71.55,108.87,0.93,0.31,880,1.2,317,1.0,2024.0,220.0,70.387
2024,10,9,22,0,12.5,1.15,0.091,0.61,0,0,0,0,0,8.2,0,0,0,0,0.276,75.1,121.91,0.94,0.31,881,1.2,335,1.1,2024.0,220.0,57.253
2024,10,9,22,0,12.5,1.15,0.091,0.61,0,0,0,0,0,8.2,0,0,0,0,0.276,75.1,121.91,0.94,0.31,881,1.2,335,1.1,2024.0,220.0,55.547
2024,10,9,23,0,12.2,1.15,0.09,0.61,0,0,0,0,0,8.3,0,0,0,0,0.277,77.01,134.0,0.94,0.31,881,1.1,345,1.0,2024.0,220.0,33.899
2024,10,9,23,0,12.2,1.15,0.09,0.61,0,0,0,0,0,8.3,0,0,0,0,0.277,77.01,134.0,0.94,0.31,881,1.1,345,1.0,2024.0,220.0,55.989
2024,10,9,23,0,12.2,1.15,0.09,0.61,0,0,0,0,0,8.3,0,0,0,0,0.277,77.01,134.0,0.94,0.31,881,1.1,345,1.0,2024.0,220.0,59.791
2024,10,9,24,0,11.6,1.16,0.093,0.61,0,0,0,0,0,8.3,0,0,0,0,0.277,80.1,144.13,0.94,0.31,881,1.1,344,0.9,2024.0,220.0,62.92
2024,10,9,24,0,11.6,1.16,0.093,0.61,0,0,0,0,0,8.3,0,0,0,0,0.277,80.1,144.13,0.94,0.31,881,1.1,344,0.9,2024.0,220.0,64.568
2024,10,9,24,0,11.6,1.16,0.093,0.61,0,0,0,0,0,8.3,0,0,0,0,0.277,80.1,144.13,0.94,0.31,881,1.1,344,0.9,2024.0,220.0,66.168
2024,10,9,24,0,11.6,1.16,0.093,0.61,0,0,0,0,0,8.3,0,0,0,0,0.277,80.1,144.13,0.94,0.31,881,1.1,344,0.9,2024.0,220.0,84.886
2024,10,10,1,0,11.0,1.16,0.097,0.61,0,0,0,0,0,8.2,0,0,0,0,0.277,82.76,150.19,0.95,0.31,881,1.0,346,1.0,2024.0,220.0,81.433
2024,10,10,1,0,11.0,1.16,0.097,0.61,0,0,0,0,0,8.2,0,0,0,0,0.277,82.76,150.19,0.95,0.31,881,1.0,346,1.0,2024.0,220.0,79.716
2024,10,10,1,0,11.0,1.16,0.097,0.61,0,0,0,0,0,8.2,0,0,0,0,0.277,82.76,150.19,0.95,0.31,881,1.0,346,1.0,2024.0,220.0,253.025
2024,10,10,2,0,10.6,1.17,0.097,0.61,0,0,0,1,0,7.9,0,0,1,0,0.277,83.4,149.63,0.95,0.31,880,1.0,350,1.0,2024.0,220.0,76.416
2024,10,10,2,0,10.6,1.17,0.097,0.61,0,0,0,1,0,7.9,0,0,1,0,0.277,83.4,149.63,0.95,0.31,880,1.0,350,1.0,2024.0,220.0,67.747
2024,10,10,2,0,10.6,1.17,0.097,0.61,0,0,0,1,0,7.9,0,0,1,0,0.277,83.4,149.63,0.95,0.31,880,1.0,350,1.0,2024.0,220.0,63.037
2024,10,10,3,0,10.3,1.16,0.115,0.61,0,0,0,0,0,7.5,0,0,0,0,0.277,82.86,142.75,0.96,0.31,880,0.9,356,1.1,2024.0,220.0,68.401
2024,10,10,3,0,10.3,1.16,0.115,0.61,0,0,0,0,0,7.5,0,0,0,0,0.277,82.86,142.75,0.96,0.31,880,0.9,356,1.1,2024.0,220.0,76.859
2024,10,10,3,0,10.3,1.16,0.115,0.61,0,0,0,0,0,7.5,0,0,0,0,0.277,82.86,142.75,0.96,0.31,880,0.9,356,1.1,2024.0,220.0,214.312
2024,10,10,4,0,10.2,1.17,0.123,0.61,0,0,0,0,0,7.0,0,0,0,0,0.277,80.66,132.21,0.96,0.31,879,0.9,354,1.1,2024.0,220.0,73.511
2024,10,10,5,0,10.0,1.18,0.117,0.61,0,0,0,0,0,6.6,0,0,0,0,0.277,79.17,119.93,0.96,0.31,879,0.9,350,1.0,2024.0,220.0,209.611
2024,10,10,5,0,10.0,1.18,0.117,0.61,0,0,0,0,0,6.6,0,0,0,0,0.277,79.17,119.93,0.96,0.31,879,0.9,350,1.0,2024.0,220.0,210.795
2024,10,10,7,0,9.8,1.17,0.146,0.61,0,0,0,0,0,6.0,0,0,0,0,0.277,77.19,93.2,0.97,0.31,880,0.9,340,1.3,2024.0,220.0,237.137
2024,10,10,7,0,9.8,1.17,0.146,0.61,0,0,0,0,0,6.0,0,0,0,0,0.277,77.19,93.2,0.97,0.31,880,0.9,340,1.3,2024.0,220.0,245.904
2024,10,10,8,0,11.0,1.2,0.123,0.61,59,480,148,0,3,5.7,47,0,0,47,0.277,69.97,79.33,0.96,0.31,880,0.9,337,1.9,2024.0,220.0,32.382
2024,10,10,9,0,13.4,1.27,0.093,0.61,85,784,410,0,0,4.8,85,784,0,410,0.277,56.13,65.49,0.95,0.31,881,0.9,334,2.2,2024.0,220.0,18.809
2024,10,10,9,0,13.4,1.27,0.093,0.61,85,784,410,0,0,4.8,85,784,0,410,0.277,56.13,65.49,0.95,0.31,881,0.9,334,2.2,2024.0,220.0,0.0
2024,10,10,20,0,14.8,1.27,0.035,0.61,0,0,0,0,0,-1.1,0,0,0,0,0.274,33.55,95.26,0.86,0.31,880,0.5,344,1.7,2024.0,220.0,53.922
2024,10,10,20,0,14.8,1.27,0.035,0.61,0,0,0,0,0,-1.1,0,0,0,0,0.274,33.55,95.26,0.86,0.31,880,0.5,344,1.7,2024.0,220.0,91.067
2024,10,10,21,0,13.8,1.28,0.034,0.61,0,0,0,0,0,-0.2,0,0,0,0,0.273,38.14,108.76,0.86,0.31,880,0.5,20,0.6,2024.0,220.0,96.639
2024,10,10,22,0,12.9,1.3,0.032,0.61,0,0,0,0,0,-0.4,0,0,0,0,0.272,39.96,121.77,0.86,0.31,880,0.5,48,0.5,2024.0,220.0,98.032
2024,10,10,23,0,12.5,1.32,0.032,0.61,0,0,0,0,0,-1.1,0,0,0,0,0.271,38.99,133.81,0.86,0.31,880,0.4,54,1.1,2024.0,220.0,72.753
2024,10,10,23,0,12.5,1.32,0.032,0.61,0,0,0,0,0,-1.1,0,0,0,0,0.271,38.99,133.81,0.86,0.31,880,0.4,54,1.1,2024.0,220.0,69.086
2024,10,10,23,0,12.5,1.32,0.032,0.61,0,0,0,0,0,-1.1,0,0,0,0,0.271,38.99,133.81,0.86,0.31,880,0.4,54,1.1,2024.0,220.0,68.708
2024,10,10,24,0,12.4,1.33,0.031,0.61,0,0,0,0,0,-1.8,0,0,0,0,0.27,37.24,143.86,0.86,0.31,880,0.4,55,1.3,2024.0,220.0,69.501
2024,10,10,24,0,12.4,1.33,0.031,0.61,0,0,0,0,0,-1.8,0,0,0,0,0.27,37.24,143.86,0.86,0.31,880,0.4,55,1.3,2024.0,220.0,69.306
2024,10,11,1,0,12.2,1.34,0.031,0.61,0,0,0,0,0,-2.2,0,0,0,0,0.27,36.56,149.83,0.86,0.31,880,0.4,53,1.3,2024.0,220.0,69.351
2024,10,11,1,0,12.2,1.34,0.031,0.61,0,0,0,0,0,-2.2,0,0,0,0,0.27,36.56,149.83,0.86,0.31,880,0.4,53,1.3,2024.0,220.0,71.218
2024,10,11,1,0,12.2,1.34,0.031,0.61,0,0,0,0,0,-2.2,0,0,0,0,0.27,36.56,149.83,0.86,0.31,880,0.4,53,1.3,2024.0,220.0,76.171
2024,10,11,2,0,12.1,1.35,0.032,0.61,0,0,0,1,0,-2.6,0,0,1,0,0.27,35.93,149.25,0.86,0.31,879,0.4,52,1.2,2024.0,220.0,76.61
2024,10,11,2,0,12.1,1.35,0.032,0.61,0,0,0,1,0,-2.6,0,0,1,0,0.27,35.93,149.25,0.86,0.31,879,0.4,52,1.2,2024.0,220.0,76.449
2024,10,11,3,0,11.9,1.36,0.032,0.61,0,0,0,0,0,-2.9,0,0,0,0,0.27,35.43,142.41,0.86,0.31,879,0.4,51,1.0,2024.0,220.0,71.23
2024,10,11,3,0,11.9,1.36,0.032,0.61,0,0,0,0,0,-2.9,0,0,0,0,0.27,35.43,142.41,0.86,0.31,879,0.4,51,1.0,2024.0,220.0,70.037
2024,10,11,3,0,11.9,1.36,0.032,0.61,0,0,0,0,0,-2.9,0,0,0,0,0.27,35.43,142.41,0.86,0.31,879,0.4,51,1.0,2024.0,220.0,65.617
2024,10,11,4,0,11.7,1.36,0.032,0.61,0,0,0,0,0,-3.3,0,0,0,0,0.27,34.8,131.93,0.86,0.31,879,0.4,50,1.0,2024.0,220.0,71.704
2024,10,11,7,0,11.8,1.39,0.032,0.61,0,0,0,0,5,-5.6,0,0,0,0,0.27,29.19,93.0,0.86,0.31,879,0.4,62,1.0,2024.0,220.0,72.146
2024,10,11,7,0,11.8,1.39,0.032,0.61,0,0,0,0,5,-5.6,0,0,0,0,0.27,29.19,93.0,0.86,0.31,879,0.4,62,1.0,2024.0,220.0,70.914
2024,10,11,7,0,11.8,1.39,0.032,0.61,0,0,0,0,5,-5.6,0,0,0,0,0.27,29.19,93.0,0.86,0.31,879,0.4,62,1.0,2024.0,220.0,73.751
2024,10,11,8,0,15.5,1.41,0.031,0.61,39,698,171,0,1,-6.9,39,698,0,171,0.27,20.7,79.13,0.86,0.31,879,0.4,69,1.1,2024.0,220.0,0.0
2024,10,11,9,0,19.8,1.43,0.034,0.61,61,905,439,0,0,-7.6,61,905,0,439,0.27,14.99,65.3,0.85,0.31,879,0.4,48,1.1,2024.0,220.0,0.0
2024,10,11,10,0,23.0,1.44,0.034,0.61,74,1007,700,0,0,-9.3,74,1007,0,700,0.27,10.83,51.5,0.85,0.31,879,0.3,329,1.8,2024.0,220.0,0.0
2024,10,11,10,0,23.0,1.44,0.034,0.61,74,1007,700,0,0,-9.3,74,1007,0,700,0.27,10.83,51.5,0.85,0.31,879,0.3,329,1.8,2024.0,220.0,0.0
2024,10,11,20,0,17.3,1.22,0.045,0.61,0,0,0,0,0,0.4,0,0,0,0,0.27,31.96,95.16,0.88,0.31,878,0.6,276,2.4,2024.0,220.0,69.734
2024,10,11,21,0,16.2,1.22,0.045,0.61,0,0,0,0,0,1.8,0,0,0,0,0.27,37.95,108.65,0.88,0.31,879,0.6,284,0.9,2024.0,220.0,92.373
2024,10,11,22,0,15.6,1.22,0.046,0.61,0,0,0,0,0,1.9,0,0,0,0,0.271,39.57,121.62,0.88,0.31,879,0.6,62,0.9,2024.0,220.0,97.694
2024,10,11,22,0,15.6,1.22,0.046,0.61,0,0,0,0,0,1.9,0,0,0,0,0.271,39.57,121.62,0.88,0.31,879,0.6,62,0.9,2024.0,220.0,75.82
2024,10,11,23,0,15.0,1.23,0.046,0.61,0,0,0,0,0,1.2,0,0,0,0,0.273,39.07,133.61,0.89,0.31,879,0.6,66,1.1,2024.0,220.0,76.301
2024,10,11,23,0,15.0,1.23,0.046,0.61,0,0,0,0,0,1.2,0,0,0,0,0.273,39.07,133.61,0.89,0.31,879,0.6,66,1.1,2024.0,220.0,74.043
2024,10,11,23,0,15.0,1.23,0.046,0.61,0,0,0,0,0,1.2,0,0,0,0,0.273,39.07,133.61,0.89,0.31,879,0.6,66,1.1,2024.0,220.0,77.749
2024,10,11,24,0,15.1,1.23,0.047,0.61,0,0,0,0,0,0.6,0,0,0,0,0.274,37.27,143.58,0.89,0.31,879,0.6,58,1.2,2024.0,220.0,74.115
2024,10,11,24,0,15.1,1.23,0.047,0.61,0,0,0,0,0,0.6,0,0,0,0,0.274,37.27,143.58,0.89,0.31,879,0.6,58,1.2,2024.0,220.0,73.399
2024,10,11,24,0,15.1,1.23,0.047,0.61,0,0,0,0,0,0.6,0,0,0,0,0.274,37.27,143.58,0.89,0.31,879,0.6,58,1.2,2024.0,220.0,69.122
2024,10,11,24,0,15.1,1.23,0.047,0.61,0,0,0,0,0,0.6,0,0,0,0,0.274,37.27,143.58,0.89,0.31,879,0.6,58,1.2,2024.0,220.0,67.857
2024,10,11,24,0,15.1,1.23,0.047,0.61,0,0,0,0,0,0.6,0,0,0,0,0.274,37.27,143.58,0.89,0.31,879,0.6,58,1.2,2024.0,220.0,67.61
2024,10,12,1,0,14.9,1.22,0.049,0.61,0,0,0,0,0,0.7,0,0,0,0,0.276,38.08,149.48,0.89,0.31,879,0.6,36,1.0,2024.0,220.0,67.028
2024,10,12,1,0,14.9,1.22,0.049,0.61,0,0,0,0,0,0.7,0,0,0,0,0.276,38.08,149.48,0.89,0.31,879,0.6,36,1.0,2024.0,220.0,69.286
2024,10,12,1,0,14.9,1.22,0.049,0.61,0,0,0,0,0,0.7,0,0,0,0,0.276,38.08,149.48,0.89,0.31,879,0.6,36,1.0,2024.0,220.0,69.585
2024,10,12,1,0,14.9,1.22,0.049,0.61,0,0,0,0,0,0.7,0,0,0,0,0.276,38.08,149.48,0.89,0.31,879,0.6,36,1.0,2024.0,220.0,70.283
2024,10,12,1,0,14.9,1.22,0.049,0.61,0,0,0,0,0,0.7,0,0,0,0,0.276,38.08,149.48,0.89,0.31,879,0.6,36,1.0,2024.0,220.0,76.23
2024,10,12,1,0,14.9,1.22,0.049,0.61,0,0,0,0,0,0.7,0,0,0,0,0.276,38.08,149.48,0.89,0.31,879,0.6,36,1.0,2024.0,220.0,76.982
2024,10,12,2,0,14.4,1.2,0.05,0.61,0,0,0,1,0,1.1,0,0,1,0,0.276,40.29,148.87,0.89,0.31,879,0.6,14,0.9,2024.0,220.0,72.823
2024,10,12,3,0,13.8,1.21,0.05,0.61,0,0,0,0,0,1.0,0,0,0,0,0.277,41.57,142.08,0.89,0.31,879,0.6,51,0.9,2024.0,220.0,75.39
2024,10,12,3,0,13.8,1.21,0.05,0.61,0,0,0,0,0,1.0,0,0,0,0,0.277,41.57,142.08,0.89,0.31,879,0.6,51,0.9,2024.0,220.0,78.818
2024,10,12,3,0,13.8,1.21,0.05,0.61,0,0,0,0,0,1.0,0,0,0,0,0.277,41.57,142.08,0.89,0.31,879,0.6,51,0.9,2024.0,220.0,78.818
2024,10,12,7,0,12.7,1.3,0.041,0.61,0,0,0,0,4,-4.5,0,0,0,0,0.28,30.0,92.8,0.88,0.31,879,0.4,74,1.2,2024.0,220.0,73.06
2024,10,12,7,0,12.7,1.3,0.041,0.61,0,0,0,0,4,-4.5,0,0,0,0,0.28,30.0,92.8,0.88,0.31,879,0.4,74,1.2,2024.0,220.0,69.882
2024,10,12,8,0,17.0,1.32,0.039,0.61,42,683,173,0,1,-6.0,42,683,0,173,0.281,20.16,78.94,0.88,0.31,879,0.4,68,1.3,2024.0,220.0,74.842
2024,10,12,8,0,17.0,1.32,0.039,0.61,42,683,173,0,1,-6.0,42,683,0,173,0.281,20.16,78.94,0.88,0.31,879,0.4,68,1.3,2024.0,220.0,61.233
2024,10,12,8,0,17.0,1.32,0.039,0.61,42,683,173,0,1,-6.0,42,683,0,173,0.281,20.16,78.94,0.88,0.31,879,0.4,68,1.3,2024.0,220.0,0.0
2024,10,12,8,0,17.0,1.32,0.039,0.61,42,683,173,0,1,-6.0,42,683,0,173,0.281,20.16,78.94,0.88,0.31,879,0.4,68,1.3,2024.0,220.0,0.0
2024,10,12,20,0,17.7,1.17,0.041,0.61,0,0,0,0,0,2.3,0,0,0,0,0.289,35.77,95.07,0.91,0.31,880,0.5,261,2.5,2024.0,220.0,65.639
2024,10,12,21,0,16.1,1.16,0.041,0.61,0,0,0,0,0,3.8,0,0,0,0,0.289,43.77,108.53,0.92,0.31,880,0.6,261,1.7,2024.0,220.0,72.27
2024,10,12,21,0,16.1,1.16,0.041,0.61,0,0,0,0,0,3.8,0,0,0,0,0.289,43.77,108.53,0.92,0.31,880,0.6,261,1.7,2024.0,220.0,69.499
2024,10,12,21,0,16.1,1.16,0.041,0.61,0,0,0,0,0,3.8,0,0,0,0,0.289,43.77,108.53,0.92,0.31,880,0.6,261,1.7,2024.0,220.0,69.188
2024,10,12,22,0,15.5,1.16,0.042,0.61,0,0,0,0,0,4.0,0,0,0,0,0.289,46.25,121.47,0.92,0.31,881,0.6,50,1.2,2024.0,220.0,67.725
2024,10,12,22,0,15.5,1.16,0.042,0.61,0,0,0,0,0,4.0,0,0,0,0,0.289,46.25,121.47,0.92,0.31,881,0.6,50,1.2,2024.0,220.0,72.626
2024,10,12,22,0,15.5,1.16,0.042,0.61,0,0,0,0,0,4.0,0,0,0,0,0.289,46.25,121.47,0.92,0.31,881,0.6,50,1.2,2024.0,220.0,76.615
2024,10,12,23,0,15.0,1.17,0.043,0.61,0,0,0,0,0,3.5,0,0,0,0,0.288,46.02,133.41,0.92,0.31,882,0.6,52,1.2,2024.0,220.0,72.148
2024,10,12,23,0,15.0,1.17,0.043,0.61,0,0,0,0,0,3.5,0,0,0,0,0.288,46.02,133.41,0.92,0.31,882,0.6,52,1.2,2024.0,220.0,71.645
2024,10,12,24,0,14.8,1.18,0.043,0.61,0,0,0,0,0,2.8,0,0,0,0,0.287,44.5,143.31,0.92,0.31,882,0.6,37,1.0,2024.0,220.0,71.193
2024,10,12,24,0,14.8,1.18,0.043,0.61,0,0,0,0,0,2.8,0,0,0,0,0.287,44.5,143.31,0.92,0.31,882,0.6,37,1.0,2024.0,220.0,67.851
2024,10,12,24,0,14.8,1.18,0.043,0.61,0,0,0,0,0,2.8,0,0,0,0,0.287,44.5,143.31,0.92,0.31,882,0.6,37,1.0,2024.0,220.0,71.231
2024,10,13,1,0,14.5,1.19,0.043,0.61,0,0,0,0,0,2.5,0,0,0,0,0.287,44.49,149.12,0.92,0.31,881,0.6,18,0.9,2024.0,220.0,74.428
2024,10,13,1,0,14.5,1.19,0.043,0.61,0,0,0,0,0,2.5,0,0,0,0,0.287,44.49,149.12,0.92,0.31,881,0.6,18,0.9,2024.0,220.0,73.565
2024,10,13,1,0,14.5,1.19,0.043,0.61,0,0,0,0,0,2.5,0,0,0,0,0.287,44.49,149.12,0.92,0.31,881,0.6,18,0.9,2024.0,220.0,77.933
2024,10,13,2,0,14.1,1.19,0.042,0.61,0,0,0,0,0,2.6,0,0,0,0,0.286,45.91,148.5,0.92,0.31,881,0.6,2,0.9,2024.0,220.0,78.707
2024,10,13,3,0,13.8,1.2,0.041,0.61,0,0,0,0,0,2.7,0,0,0,0,0.286,46.99,141.75,0.92,0.31,881,0.6,358,0.9,2024.0,220.0,81.986
2024,10,13,8,0,17.8,1.27,0.03,0.61,41,707,179,0,0,-4.2,41,707,0,179,0.284,22.03,78.75,0.9,0.31,881,0.4,92,1.8,2024.0,220.0,79.9
2024,10,13,8,0,17.8,1.27,0.03,0.61,41,707,179,0,0,-4.2,41,707,0,179,0.284,22.03,78.75,0.9,0.31,881,0.4,92,1.8,2024.0,220.0,64.821
2024,10,13,8,0,17.8,1.27,0.03,0.61,41,707,179,0,0,-4.2,41,707,0,179,0.284,22.03,78.75,0.9,0.31,881,0.4,92,1.8,2024.0,220.0,0.0
2024,10,13,8,0,17.8,1.27,0.03,0.61,41,707,179,0,0,-4.2,41,707,0,179,0.284,22.03,78.75,0.9,0.31,881,0.4,92,1.8,2024.0,220.0,0.0
2024,10,13,9,0,22.7,1.29,0.029,0.61,60,927,453,0,0,-5.1,60,927,0,453,0.284,15.16,64.92,0.9,0.31,881,0.3,97,2.1,2024.0,220.0,0.0
2024,10,13,20,0,19.3,1.13,0.043,0.61,0,0,0,0,0,0.6,0,0,0,0,0.265,28.64,94.98,0.91,0.31,880,0.5,257,1.7,2024.0,220.0,66.839
2024,10,13,20,0,19.3,1.13,0.043,0.61,0,0,0,0,0,0.6,0,0,0,0,0.265,28.64,94.98,0.91,0.31,880,0.5,257,1.7,2024.0,220.0,63.977
2024,10,13,21,0,18.0,1.13,0.045,0.61,0,0,0,0,0,2.2,0,0,0,0,0.265,34.63,108.42,0.92,0.31,881,0.5,270,1.1,2024.0,220.0,61.62
2024,10,13,21,0,18.0,1.13,0.045,0.61,0,0,0,0,0,2.2,0,0,0,0,0.265,34.63,108.42,0.92,0.31,881,0.5,270,1.1,2024.0,220.0,62.813
2024,10,13,21,0,18.0,1.13,0.045,0.61,0,0,0,0,0,2.2,0,0,0,0,0.265,34.63,108.42,0.92,0.31,881,0.5,270,1.1,2024.0,220.0,63.649
2024,10,13,21,0,18.0,1.13,0.045,0.61,0,0,0,0,0,2.2,0,0,0,0,0.265,34.63,108.42,0.92,0.31,881,0.5,270,1.1,2024.0,220.0,68.083
2024,10,13,21,0,18.0,1.13,0.045,0.61,0,0,0,0,0,2.2,0,0,0,0,0.265,34.63,108.42,0.92,0.31,881,0.5,270,1.1,2024.0,220.0,68.737
2024,10,13,22,0,17.2,1.15,0.046,0.61,0,0,0,0,0,2.0,0,0,0,0,0.265,36.12,121.32,0.92,0.31,881,0.6,55,0.8,2024.0,220.0,63.805
2024,10,13,22,0,17.2,1.15,0.046,0.61,0,0,0,0,0,2.0,0,0,0,0,0.265,36.12,121.32,0.92,0.31,881,0.6,55,0.8,2024.0,220.0,53.632
2024,10,13,23,0,16.6,1.16,0.047,0.61,0,0,0,0,0,1.0,0,0,0,0,0.265,34.74,133.21,0.92,0.31,881,0.6,56,0.9,2024.0,220.0,59.082
2024,10,13,24,0,16.8,1.17,0.048,0.61,0,0,0,0,0,-0.1,0,0,0,0,0.266,31.65,143.03,0.92,0.31,881,0.6,48,1.0,2024.0,220.0,74.103
2024,10,13,24,0,16.8,1.17,0.048,0.61,0,0,0,0,0,-0.1,0,0,0,0,0.266,31.65,143.03,0.92,0.31,881,0.6,48,1.0,2024.0,220.0,73.532
2024,10,14,1,0,17.2,1.18,0.049,0.61,0,0,0,0,0,-0.5,0,0,0,0,0.268,30.02,148.77,0.92,0.31,881,0.6,31,1.0,2024.0,220.0,71.997
2024,10,14,1,0,17.2,1.18,0.049,0.61,0,0,0,0,0,-0.5,0,0,0,0,0.268,30.02,148.77,0.92,0.31,881,0.6,31,1.0,2024.0,220.0,67.526
2024,10,14,2,0,17.0,1.19,0.049,0.61,0,0,0,0,0,-0.4,0,0,0,0,0.27,30.69,148.12,0.92,0.31,880,0.6,6,1.0,2024.0,220.0,72.526
2024,10,14,2,0,17.0,1.19,0.049,0.61,0,0,0,0,0,-0.4,0,0,0,0,0.27,30.69,148.12,0.92,0.31,880,0.6,6,1.0,2024.0,220.0,71.844
2024,10,14,2,0,17.0,1.19,0.049,0.61,0,0,0,0,0,-0.4,0,0,0,0,0.27,30.69,148.12,0.92,0.31,880,0.6,6,1.0,2024.0,220.0,67.62
2024,10,14,5,0,15.6,1.26,0.044,0.61,0,0,0,0,1,-2.5,0,0,0,0,0.276,28.66,118.95,0.92,0.31,879,0.6,75,0.9,2024.0,220.0,74.93
2024,10,14,5,0,15.6,1.26,0.044,0.61,0,0,0,0,1,-2.5,0,0,0,0,0.276,28.66,118.95,0.92,0.31,879,0.6,75,0.9,2024.0,220.0,73.753
2024,10,14,5,0,15.6,1.26,0.044,0.61,0,0,0,0,1,-2.5,0,0,0,0,0.276,28.66,118.95,0.92,0.31,879,0.6,75,0.9,2024.0,220.0,77.561
2024,10,14,6,0,15.5,1.28,0.041,0.61,0,0,0,0,1,-4.4,0,0,0,0,0.277,25.14,105.91,0.92,0.31,880,0.5,86,1.2,2024.0,220.0,71.119
2024,10,14,6,0,15.5,1.28,0.041,0.61,0,0,0,0,1,-4.4,0,0,0,0,0.277,25.14,105.91,0.92,0.31,880,0.5,86,1.2,2024.0,220.0,70.242
2024,10,14,6,0,15.5,1.28,0.041,0.61,0,0,0,0,1,-4.4,0,0,0,0,0.277,25.14,105.91,0.92,0.31,880,0.5,86,1.2,2024.0,220.0,66.349
2024,10,14,6,0,15.5,1.28,0.041,0.61,0,0,0,0,1,-4.4,0,0,0,0,0.277,25.14,105.91,0.92,0.31,880,0.5,86,1.2,2024.0,220.0,70.265
2024,10,14,6,0,15.5,1.28,0.041,0.61,0,0,0,0,1,-4.4,0,0,0,0,0.277,25.14,105.91,0.92,0.31,880,0.5,86,1.2,2024.0,220.0,70.628
2024,10,14,6,0,15.5,1.28,0.041,0.61,0,0,0,0,1,-4.4,0,0,0,0,0.277,25.14,105.91,0.92,0.31,880,0.5,86,1.2,2024.0,220.0,74.673
2024,10,14,7,0,16.0,1.3,0.039,0.61,0,0,0,0,3,-6.6,0,0,0,0,0.277,20.58,92.4,0.91,0.31,880,0.5,87,1.3,2024.0,220.0,72.693
2024,10,14,7,0,16.0,1.3,0.039,0.61,0,0,0,0,3,-6.6,0,0,0,0,0.277,20.58,92.4,0.91,0.31,880,0.5,87,1.3,2024.0,220.0,71.753
2024,10,14,8,0,20.2,1.31,0.037,0.61,43,688,179,0,1,-8.7,43,688,0,179,0.277,13.42,78.56,0.91,0.31,880,0.5,82,2.1,2024.0,220.0,73.334
2024,10,14,8,0,20.2,1.31,0.037,0.61,43,688,179,0,1,-8.7,43,688,0,179,0.277,13.42,78.56,0.91,0.31,880,0.5,82,2.1,2024.0,220.0,80.729
2024,10,14,8,0,20.2,1.31,0.037,0.61,43,688,179,0,1,-8.7,43,688,0,179,0.277,13.42,78.56,0.91,0.31,880,0.5,82,2.1,2024.0,220.0,61.042
2024,10,14,8,0,20.2,1.31,0.037,0.61,43,688,179,0,1,-8.7,43,688,0,179,0.277,13.42,78.56,0.91,0.31,880,0.5,82,2.1,2024.0,220.0,32.081
2024,10,14,8,0,20.2,1.31,0.037,0.61,43,688,179,0,1,-8.7,43,688,0,179,0.277,13.42,78.56,0.91,0.31,880,0.5,82,2.1,2024.0,220.0,0.0
2024,10,14,8,0,20.2,1.31,0.037,0.61,43,688,179,0,1,-8.7,43,688,0,179,0.277,13.42,78.56,0.91,0.31,880,0.5,82,2.1,2024.0,220.0,0.0
2024,10,14,9,0,24.7,1.32,0.037,0.61,64,906,451,0,0,-7.1,64,906,0,451,0.276,11.55,64.73,0.9,0.31,880,0.4,81,3.0,2024.0,220.0,0.0
2024,10,14,14,0,32.1,1.26,0.045,0.61,100,1056,1113,0,0,-4.3,100,1056,0,1113,0.273,9.28,16.26,0.92,0.31,879,0.6,258,5.6,2024.0,220.0,0.0
2024,10,14,14,0,32.1,1.26,0.045,0.61,100,1056,1113,0,0,-4.3,100,1056,0,1113,0.273,9.28,16.26,0.92,0.31,879,0.6,258,5.6,2024.0,220.0,0.0
2024,10,14,20,0,20.1,1.07,0.058,0.61,0,0,0,0,0,3.2,0,0,0,0,0.272,32.62,94.88,0.93,0.31,880,0.8,265,1.9,2024.0,220.0,50.254
2024,10,14,20,0,20.1,1.07,0.058,0.61,0,0,0,0,0,3.2,0,0,0,0,0.272,32.62,94.88,0.93,0.31,880,0.8,265,1.9,2024.0,220.0,67.172
2024,10,14,21,0,18.5,1.06,0.058,0.61,0,0,0,0,0,4.0,0,0,0,0,0.271,38.11,108.3,0.93,0.31,880,0.8,273,1.0,2024.0,220.0,83.209
2024,10,14,21,0,18.5,1.06,0.058,0.61,0,0,0,0,0,4.0,0,0,0,0,0.271,38.11,108.3,0.93,0.31,880,0.8,273,1.0,2024.0,220.0,91.862
2024,10,14,22,0,18.1,1.07,0.057,0.61,0,0,0,0,0,3.6,0,0,0,0,0.271,38.26,121.17,0.93,0.31,881,0.8,73,0.5,2024.0,220.0,86.627
2024,10,14,22,0,18.1,1.07,0.057,0.61,0,0,0,0,0,3.6,0,0,0,0,0.271,38.26,121.17,0.93,0.31,881,0.8,73,0.5,2024.0,220.0,71.03
2024,10,14,23,0,17.7,1.08,0.056,0.61,0,0,0,0,0,2.7,0,0,0,0,0.271,36.61,133.0,0.93,0.31,881,0.8,76,0.9,2024.0,220.0,72.714
2024,10,14,23,0,17.7,1.08,0.056,0.61,0,0,0,0,0,2.7,0,0,0,0,0.271,36.61,133.0,0.93,0.31,881,0.8,76,0.9,2024.0,220.0,69.204
2024,10,14,24,0,17.6,1.1,0.054,0.61,0,0,0,0,0,1.5,0,0,0,0,0.271,33.8,142.75,0.93,0.31,881,0.7,68,1.1,2024.0,220.0,74.795
2024,10,15,1,0,17.5,1.11,0.053,0.61,0,0,0,0,0,0.4,0,0,0,0,0.27,31.6,148.42,0.92,0.31,880,0.7,56,1.1,2024.0,220.0,73.855
2024,10,15,1,0,17.5,1.11,0.053,0.61,0,0,0,0,0,0.4,0,0,0,0,0.27,31.6,148.42,0.92,0.31,880,0.7,56,1.1,2024.0,220.0,72.118
2024,10,15,2,0,17.5,1.12,0.052,0.61,0,0,0,0,0,-0.1,0,0,0,0,0.27,30.32,147.75,0.92,0.31,880,0.7,42,1.1,2024.0,220.0,71.732
2024,10,15,2,0,17.5,1.12,0.052,0.61,0,0,0,0,0,-0.1,0,0,0,0,0.27,30.32,147.75,0.92,0.31,880,0.7,42,1.1,2024.0,220.0,75.967
2024,10,15,2,0,17.5,1.12,0.052,0.61,0,0,0,0,0,-0.1,0,0,0,0,0.27,30.32,147.75,0.92,0.31,880,0.7,42,1.1,2024.0,220.0,73.109
2024,10,15,3,0,17.2,1.13,0.051,0.61,0,0,0,0,0,-0.4,0,0,0,0,0.269,30.41,141.08,0.92,0.31,880,0.7,25,1.0,2024.0,220.0,72.535
2024,10,15,3,0,17.2,1.13,0.051,0.61,0,0,0,0,0,-0.4,0,0,0,0,0.269,30.41,141.08,0.92,0.31,880,0.7,25,1.0,2024.0,220.0,72.401
2024,10,15,4,0,16.7,1.14,0.05,0.61,0,0,0,0,0,-0.3,0,0,0,0,0.268,31.6,130.8,0.92,0.31,879,0.7,20,0.9,2024.0,220.0,68.633
2024,10,15,4,0,16.7,1.14,0.05,0.61,0,0,0,0,0,-0.3,0,0,0,0,0.268,31.6,130.8,0.92,0.31,879,0.7,20,0.9,2024.0,220.0,73.566
2024,10,15,6,0,16.0,1.18,0.045,0.61,0,0,0,0,3,-0.9,0,0,0,0,0.267,31.51,105.7,0.91,0.31,880,0.6,46,0.8,2024.0,220.0,72.654
2024,10,15,6,0,16.0,1.18,0.045,0.61,0,0,0,0,3,-0.9,0,0,0,0,0.267,31.51,105.7,0.91,0.31,880,0.6,46,0.8,2024.0,220.0,74.174
2024,10,15,6,0,16.0,1.18,0.045,0.61,0,0,0,0,3,-0.9,0,0,0,0,0.267,31.51,105.7,0.91,0.31,880,0.6,46,0.8,2024.0,220.0,114.316
2024,10,15,6,0,16.0,1.18,0.045,0.61,0,0,0,0,3,-0.9,0,0,0,0,0.267,31.51,105.7,0.91,0.31,880,0.6,46,0.8,2024.0,220.0,97.105
2024,10,15,7,0,16.0,1.2,0.043,0.61,0,0,0,0,3,-1.8,0,0,0,0,0.267,29.51,92.2,0.91,0.31,880,0.6,56,1.0,2024.0,220.0,103.69
2024,10,15,7,0,16.0,1.2,0.043,0.61,0,0,0,0,3,-1.8,0,0,0,0,0.267,29.51,92.2,0.91,0.31,880,0.6,56,1.0,2024.0,220.0,113.053
2024,10,15,7,0,16.0,1.2,0.043,0.61,0,0,0,0,3,-1.8,0,0,0,0,0.267,29.51,92.2,0.91,0.31,880,0.6,56,1.0,2024.0,220.0,246.526
2024,10,15,8,0,20.0,1.21,0.042,0.61,45,680,182,0,0,-3.0,45,680,0,182,0.267,21.04,78.38,0.91,0.31,880,0.5,61,1.5,2024.0,220.0,257.821
2024,10,15,8,0,20.0,1.21,0.042,0.61,45,680,182,0,0,-3.0,45,680,0,182,0.267,21.04,78.38,0.91,0.31,880,0.5,61,1.5,2024.0,220.0,262.52
2024,10,15,8,0,20.0,1.21,0.042,0.61,45,680,182,0,0,-3.0,45,680,0,182,0.267,21.04,78.38,0.91,0.31,880,0.5,61,1.5,2024.0,220.0,87.396
2024,10,15,8,0,20.0,1.21,0.042,0.61,45,680,182,0,0,-3.0,45,680,0,182,0.267,21.04,78.38,0.91,0.31,880,0.5,61,1.5,2024.0,220.0,67.13
2024,10,15,8,0,20.0,1.21,0.042,0.61,45,680,182,0,0,-3.0,45,680,0,182,0.267,21.04,78.38,0.91,0.31,880,0.5,61,1.5,2024.0,220.0,0.0
2024,10,15,9,0,24.5,1.24,0.041,0.61,66,893,450,0,0,-2.6,66,893,0,450,0.267,16.48,64.55,0.91,0.31,880,0.5,55,1.8,2024.0,220.0,0.0
2024,10,15,14,0,32.0,1.18,0.046,0.61,101,1056,1115,0,0,-4.0,101,1056,0,1115,0.27,9.6,15.98,0.92,0.31,879,0.6,257,5.7,2024.0,220.0,0.0
2024,10,15,15,0,31.3,1.14,0.05,0.61,100,1038,1028,0,0,-2.9,100,1038,0,1028,0.27,10.8,26.64,0.93,0.31,878,0.6,258,5.8,2024.0,220.0,0.0
2024,10,15,19,0,24.3,1.09,0.057,0.61,42,548,127,0,0,0.2,42,548,0,127,0.272,20.49,81.0,0.93,0.31,879,0.8,256,3.4,2024.0,220.0,84.945
2024,10,15,20,0,20.3,1.1,0.058,0.61,0,0,0,0,0,2.0,0,0,0,0,0.273,29.58,94.78,0.93,0.31,879,0.8,262,1.9,2024.0,220.0,211.458
2024,10,15,22,0,18.1,1.12,0.058,0.61,0,0,0,0,0,3.0,0,0,0,0,0.271,36.48,121.02,0.93,0.31,880,0.8,7,0.6,2024.0,220.0,137.186
2024,10,15,24,0,17.2,1.14,0.058,0.61,0,0,0,0,0,1.7,0,0,0,0,0.271,35.32,142.48,0.93,0.31,880,0.8,54,1.1,2024.0,220.0,140.146
2024,10,15,24,0,17.2,1.14,0.058,0.61,0,0,0,0,0,1.7,0,0,0,0,0.271,35.32,142.48,0.93,0.31,880,0.8,54,1.1,2024.0,220.0,185.297
2024,10,15,24,0,17.2,1.14,0.058,0.61,0,0,0,0,0,1.7,0,0,0,0,0.271,35.32,142.48,0.93,0.31,880,0.8,54,1.1,2024.0,220.0,228.371
2024,10,15,24,0,17.2,1.14,0.058,0.61,0,0,0,0,0,1.7,0,0,0,0,0.271,35.32,142.48,0.93,0.31,880,0.8,54,1.1,2024.0,220.0,184.269
2024,10,16,1,0,17.0,1.14,0.057,0.61,0,0,0,0,0,1.2,0,0,0,0,0.271,34.39,148.07,0.93,0.31,880,0.8,43,1.2,2024.0,220.0,223.7
2024,10,16,1,0,17.0,1.14,0.057,0.61,0,0,0,0,0,1.2,0,0,0,0,0.271,34.39,148.07,0.93,0.31,880,0.8,43,1.2,2024.0,220.0,123.463
2024,10,16,2,0,16.5,1.16,0.056,0.61,0,0,0,0,0,1.1,0,0,0,0,0.271,35.29,147.39,0.93,0.31,880,0.8,23,1.1,2024.0,220.0,102.708
2024,10,16,2,0,16.5,1.16,0.056,0.61,0,0,0,0,0,1.1,0,0,0,0,0.271,35.29,147.39,0.93,0.31,880,0.8,23,1.1,2024.0,220.0,89.423
2024,10,16,2,0,16.5,1.16,0.056,0.61,0,0,0,0,0,1.1,0,0,0,0,0.271,35.29,147.39,0.93,0.31,880,0.8,23,1.1,2024.0,220.0,81.01
2024,10,16,2,0,16.5,1.16,0.056,0.61,0,0,0,0,0,1.1,0,0,0,0,0.271,35.29,147.39,0.93,0.31,880,0.8,23,1.1,2024.0,220.0,71.26
2024,10,16,3,0,15.8,1.17,0.054,0.61,0,0,0,0,0,1.3,0,0,0,0,0.27,37.35,140.76,0.93,0.31,879,0.8,3,1.0,2024.0,220.0,81.907
2024,10,16,3,0,15.8,1.17,0.054,0.61,0,0,0,0,0,1.3,0,0,0,0,0.27,37.35,140.76,0.93,0.31,879,0.8,3,1.0,2024.0,220.0,89.939
2024,10,16,4,0,15.1,1.18,0.053,0.61,0,0,0,0,0,1.3,0,0,0,0,0.27,39.29,130.52,0.93,0.31,879,0.8,357,1.0,2024.0,220.0,71.06
2024,10,16,5,0,14.7,1.2,0.052,0.61,0,0,0,0,0,1.1,0,0,0,0,0.27,39.63,118.47,0.93,0.31,879,0.8,19,1.0,2024.0,220.0,77.012
2024,10,16,6,0,14.7,1.22,0.051,0.61,0,0,0,0,3,0.5,0,0,0,0,0.27,37.89,105.49,0.93,0.31,880,0.8,50,1.0,2024.0,220.0,72.824
2024,10,16,6,0,14.7,1.22,0.051,0.61,0,0,0,0,3,0.5,0,0,0,0,0.27,37.89,105.49,0.93,0.31,880,0.8,50,1.0,2024.0,220.0,72.993
2024,10,16,6,0,14.7,1.22,0.051,0.61,0,0,0,0,3,0.5,0,0,0,0,0.27,37.89,105.49,0.93,0.31,880,0.8,50,1.0,2024.0,220.0,91.415
2024,10,16,7,0,15.0,1.24,0.049,0.61,0,0,0,0,1,-0.4,0,0,0,0,0.27,34.8,92.01,0.93,0.31,880,0.8,74,1.2,2024.0,220.0,71.065
2024,10,16,7,0,15.0,1.24,0.049,0.61,0,0,0,0,1,-0.4,0,0,0,0,0.27,34.8,92.01,0.93,0.31,880,0.8,74,1.2,2024.0,220.0,86.685
2024,10,16,7,0,15.0,1.24,0.049,0.61,0,0,0,0,1,-0.4,0,0,0,0,0.27,34.8,92.01,0.93,0.31,880,0.8,74,1.2,2024.0,220.0,99.147
2024,10,16,8,0,18.7,1.25,0.048,0.61,46,652,180,0,0,-1.3,46,652,0,180,0.271,25.85,78.2,0.93,0.31,880,0.8,79,1.4,2024.0,220.0,119.432
2024,10,16,8,0,18.7,1.25,0.048,0.61,46,652,180,0,0,-1.3,46,652,0,180,0.271,25.85,78.2,0.93,0.31,880,0.8,79,1.4,2024.0,220.0,77.651
2024,10,16,8,0,18.7,1.25,0.048,0.61,46,652,180,0,0,-1.3,46,652,0,180,0.271,25.85,78.2,0.93,0.31,880,0.8,79,1.4,2024.0,220.0,55.847
2024,10,16,8,0,18.7,1.25,0.048,0.61,46,652,180,0,0,-1.3,46,652,0,180,0.271,25.85,78.2,0.93,0.31,880,0.8,79,1.4,2024.0,220.0,0.0
2024,10,16,10,0,25.9,1.29,0.048,0.61,83,964,696,0,0,-4.4,83,964,0,696,0.272,13.23,50.53,0.92,0.31,880,0.7,275,2.8,2024.0,220.0,0.0
2024,10,16,16,0,29.3,1.22,0.053,0.61,94,991,858,0,0,-2.4,94,991,0,858,0.27,12.6,39.6,0.93,0.31,878,0.9,257,5.4,2024.0,220.0,0.0
2024,10,16,18,0,26.3,1.18,0.055,0.61,68,821,387,0,0,-0.7,68,821,0,387,0.271,17.02,67.13,0.93,0.31,878,0.9,248,4.5,2024.0,220.0,0.0
2024,10,16,20,0,19.9,1.19,0.056,0.61,0,0,0,0,0,1.7,0,0,0,0,0.271,29.77,94.68,0.92,0.31,879,0.9,248,1.3,2024.0,220.0,0.0
2024,10,16,20,0,19.9,1.19,0.056,0.61,0,0,0,0,0,1.7,0,0,0,0,0.271,29.77,94.68,0.92,0.31,879,0.9,248,1.3,2024.0,220.0,75.379
2024,10,16,21,0,18.6,1.21,0.056,0.61,0,0,0,0,0,2.4,0,0,0,0,0.271,33.87,108.06,0.92,0.32,880,0.9,238,0.4,2024.0,220.0,92.702
2024,10,16,21,0,18.6,1.21,0.056,0.61,0,0,0,0,0,2.4,0,0,0,0,0.271,33.87,108.06,0.92,0.32,880,0.9,238,0.4,2024.0,220.0,74.356
2024,10,16,22,0,18.0,1.23,0.056,0.61,0,0,0,0,0,2.1,0,0,0,0,0.271,34.58,120.86,0.92,0.32,880,0.9,108,0.8,2024.0,220.0,73.241
2024,10,16,23,0,17.5,1.25,0.056,0.61,0,0,0,0,0,1.4,0,0,0,0,0.271,33.81,132.59,0.92,0.32,880,0.9,79,1.4,2024.0,220.0,76.532
2024,10,16,23,0,17.5,1.25,0.056,0.61,0,0,0,0,0,1.4,0,0,0,0,0.271,33.81,132.59,0.92,0.32,880,0.9,79,1.4,2024.0,220.0,73.922
2024,10,16,24,0,17.3,1.26,0.057,0.61,0,0,0,0,0,0.6,0,0,0,0,0.271,32.37,142.2,0.92,0.32,879,0.9,68,1.5,2024.0,220.0,64.057
2024,10,17,1,0,17.1,1.26,0.058,0.61,0,0,0,0,0,0.2,0,0,0,0,0.27,31.96,147.72,0.92,0.32,879,0.9,61,1.4,2024.0,220.0,65.198
2024,10,17,1,0,17.1,1.26,0.058,0.61,0,0,0,0,0,0.2,0,0,0,0,0.27,31.96,147.72,0.92,0.32,879,0.9,61,1.4,2024.0,220.0,70.657
2024,10,17,1,0,17.1,1.26,0.058,0.61,0,0,0,0,0,0.2,0,0,0,0,0.27,31.96,147.72,0.92,0.32,879,0.9,61,1.4,2024.0,220.0,76.702
2024,10,17,4,0,16.4,1.27,0.062,0.61,0,0,0,0,0,0.3,0,0,0,0,0.269,33.55,130.25,0.92,0.32,878,0.9,35,1.0,2024.0,220.0,73.175
2024,10,17,4,0,16.4,1.27,0.062,0.61,0,0,0,0,0,0.3,0,0,0,0,0.269,33.55,130.25,0.92,0.32,878,0.9,35,1.0,2024.0,220.0,75.925
2024,10,17,5,0,16.3,1.28,0.062,0.61,0,0,0,0,0,-0.1,0,0,0,0,0.269,32.9,118.23,0.92,0.32,878,0.9,35,1.0,2024.0,220.0,67.651
2024,10,17,6,0,16.0,1.29,0.061,0.61,0,0,0,0,1,-0.8,0,0,0,0,0.268,31.82,105.28,0.92,0.32,878,0.9,55,1.1,2024.0,220.0,64.835
2024,10,17,7,0,15.9,1.31,0.06,0.61,0,0,0,0,3,-2.0,0,0,0,0,0.268,29.35,91.82,0.92,0.32,878,0.9,72,1.2,2024.0,220.0,94.861
2024,10,17,8,0,19.8,1.32,0.058,0.61,49,639,181,0,0,-3.4,49,639,0,181,0.268,20.7,78.02,0.92,0.32,878,0.8,80,1.6,2024.0,220.0,99.653
2024,10,17,8,0,19.8,1.32,0.058,0.61,49,639,181,0,0,-3.4,49,639,0,181,0.268,20.7,78.02,0.92,0.32,878,0.8,80,1.6,2024.0,220.0,59.353
2024,10,17,8,0,19.8,1.32,0.058,0.61,49,639,181,0,0,-3.4,49,639,0,181,0.268,20.7,78.02,0.92,0.32,878,0.8,80,1.6,2024.0,220.0,0.0
2024,10,17,10,0,28.0,1.35,0.054,0.61,86,960,699,0,0,-4.4,86,960,0,699,0.268,11.67,50.35,0.91,0.32,878,0.7,177,3.0,2024.0,220.0,0.0
2024,10,17,20,0,21.2,1.12,0.049,0.61,0,0,0,0,0,-0.1,0,0,0,0,0.281,24.09,94.58,0.91,0.32,877,0.7,230,1.3,2024.0,220.0,83.046
2024,10,17,21,0,20.4,1.14,0.047,0.61,0,0,0,0,0,0.3,0,0,0,0,0.282,26.13,107.94,0.9,0.32,878,0.7,193,0.7,2024.0,220.0,69.049
2024,10,17,22,0,19.8,1.16,0.045,0.61,0,0,0,0,0,0.1,0,0,0,0,0.282,26.72,120.7,0.9,0.32,878,0.7,133,0.8,2024.0,220.0,65.458
2024,10,17,23,0,19.3,1.18,0.044,0.61,0,0,0,0,0,-0.8,0,0,0,0,0.283,25.87,132.38,0.9,0.32,878,0.7,99,1.2,2024.0,220.0,77.615
2024,10,17,23,0,19.3,1.18,0.044,0.61,0,0,0,0,0,-0.8,0,0,0,0,0.283,25.87,132.38,0.9,0.32,878,0.7,99,1.2,2024.0,220.0,75.54
2024,10,17,24,0,18.9,1.19,0.043,0.61,0,0,0,0,0,-1.7,0,0,0,0,0.284,24.7,141.92,0.9,0.32,878,0.7,83,1.3,2024.0,220.0,67.762
2024,10,17,24,0,18.9,1.19,0.043,0.61,0,0,0,0,0,-1.7,0,0,0,0,0.284,24.7,141.92,0.9,0.32,878,0.7,83,1.3,2024.0,220.0,65.534
2024,10,17,24,0,18.9,1.19,0.043,0.61,0,0,0,0,0,-1.7,0,0,0,0,0.284,24.7,141.92,0.9,0.32,878,0.7,83,1.3,2024.0,220.0,69.065
2024,10,17,24,0,18.9,1.19,0.043,0.61,0,0,0,0,0,-1.7,0,0,0,0,0.284,24.7,141.92,0.9,0.32,878,0.7,83,1.3,2024.0,220.0,76.473
2024,10,17,24,0,18.9,1.19,0.043,0.61,0,0,0,0,0,-1.7,0,0,0,0,0.284,24.7,141.92,0.9,0.32,878,0.7,83,1.3,2024.0,220.0,84.479
2024,10,18,1,0,18.4,1.21,0.042,0.61,0,0,0,0,0,-2.5,0,0,0,0,0.284,24.08,147.37,0.89,0.32,878,0.7,74,1.2,2024.0,220.0,81.833
2024,10,18,1,0,18.4,1.21,0.042,0.61,0,0,0,0,0,-2.5,0,0,0,0,0.284,24.08,147.37,0.89,0.32,878,0.7,74,1.2,2024.0,220.0,103.569
2024,10,18,2,0,17.8,1.22,0.042,0.61,0,0,0,0,0,-2.8,0,0,0,0,0.284,24.43,146.66,0.89,0.32,877,0.7,69,1.2,2024.0,220.0,75.821
2024,10,18,2,0,17.8,1.22,0.042,0.61,0,0,0,0,0,-2.8,0,0,0,0,0.284,24.43,146.66,0.89,0.32,877,0.7,69,1.2,2024.0,220.0,72.265
2024,10,18,4,0,17.1,1.23,0.042,0.61,0,0,0,0,0,-3.2,0,0,0,0,0.283,24.87,129.98,0.89,0.32,877,0.6,64,1.0,2024.0,220.0,77.015
2024,10,18,7,0,15.9,1.22,0.043,0.61,0,0,0,0,3,-2.6,0,0,0,0,0.281,27.93,91.63,0.89,0.32,877,0.6,57,1.2,2024.0,220.0,74.835
2024,10,18,8,0,19.8,1.23,0.043,0.61,45,684,189,0,0,-3.1,45,684,0,189,0.281,21.05,77.85,0.88,0.32,877,0.6,57,1.9,2024.0,220.0,78.65
2024,10,18,8,0,19.8,1.23,0.043,0.61,45,684,189,0,0,-3.1,45,684,0,189,0.281,21.05,77.85,0.88,0.32,877,0.6,57,1.9,2024.0,220.0,4.167
2024,10,18,8,0,19.8,1.23,0.043,0.61,45,684,189,0,0,-3.1,45,684,0,189,0.281,21.05,77.85,0.88,0.32,877,0.6,57,1.9,2024.0,220.0,0.0
2024,10,18,8,0,19.8,1.23,0.043,0.61,45,684,189,0,0,-3.1,45,684,0,189,0.281,21.05,77.85,0.88,0.32,877,0.6,57,1.9,2024.0,220.0,0.0
2024,10,18,13,0,31.5,1.25,0.045,0.61,100,1067,1137,0,0,-3.7,100,1067,0,1137,0.27,10.05,13.6,0.89,0.32,877,0.5,256,5.4,2024.0,220.0,0.0
2024,10,18,20,0,20.5,1.17,0.051,0.61,0,0,0,0,0,1.7,0,0,0,0,0.26,28.63,94.48,0.89,0.32,877,0.5,245,1.5,2024.0,220.0,88.55
2024,10,18,20,0,20.5,1.17,0.051,0.61,0,0,0,0,0,1.7,0,0,0,0,0.26,28.63,94.48,0.89,0.32,877,0.5,245,1.5,2024.0,220.0,69.413
2024,10,18,24,0,17.5,1.2,0.045,0.61,0,0,0,0,0,0.0,0,0,0,0,0.262,30.6,141.63,0.88,0.32,878,0.5,73,1.3,2024.0,220.0,66.702
2024,10,19,1,0,17.2,1.2,0.045,0.61,0,0,0,0,0,-0.9,0,0,0,0,0.264,29.16,147.02,0.88,0.32,877,0.5,60,1.2,2024.0,220.0,74.573
2024,10,19,1,0,17.2,1.2,0.045,0.61,0,0,0,0,0,-0.9,0,0,0,0,0.264,29.16,147.02,0.88,0.32,877,0.5,60,1.2,2024.0,220.0,74.184
2024,10,19,2,0,16.5,1.19,0.047,0.61,0,0,0,0,0,-1.0,0,0,0,0,0.265,30.3,146.3,0.88,0.32,877,0.5,49,1.1,2024.0,220.0,71.331
2024,10,19,2,0,16.5,1.19,0.047,0.61,0,0,0,0,0,-1.0,0,0,0,0,0.265,30.3,146.3,0.88,0.32,877,0.5,49,1.1,2024.0,220.0,74.539
2024,10,19,3,0,16.0,1.18,0.049,0.61,0,0,0,0,0,-0.6,0,0,0,0,0.267,32.21,139.79,0.88,0.32,877,0.5,36,1.1,2024.0,220.0,72.628
2024,10,19,8,0,19.0,1.27,0.046,0.61,47,702,197,0,0,-1.4,47,702,0,197,0.269,25.09,77.68,0.89,0.32,877,0.4,47,1.6,2024.0,220.0,61.567
2024,10,19,8,0,19.0,1.27,0.046,0.61,47,702,197,0,0,-1.4,47,702,0,197,0.269,25.09,77.68,0.89,0.32,877,0.4,47,1.6,2024.0,220.0,58.685
2024,10,19,8,0,19.0,1.27,0.046,0.61,47,702,197,0,0,-1.4,47,702,0,197,0.269,25.09,77.68,0.89,0.32,877,0.4,47,1.6,2024.0,220.0,58.782
2024,10,19,8,0,19.0,1.27,0.046,0.61,47,702,197,0,0,-1.4,47,702,0,197,0.269,25.09,77.68,0.89,0.32,877,0.4,47,1.6,2024.0,220.0,34.956
2024,10,19,8,0,19.0,1.27,0.046,0.61,47,702,197,0,0,-1.4,47,702,0,197,0.269,25.09,77.68,0.89,0.32,877,0.4,47,1.6,2024.0,220.0,1.42
2024,10,19,8,0,19.0,1.27,0.046,0.61,47,702,197,0,0,-1.4,47,702,0,197,0.269,25.09,77.68,0.89,0.32,877,0.4,47,1.6,2024.0,220.0,0.0
2024,10,19,8,0,19.0,1.27,0.046,0.61,47,702,197,0,0,-1.4,47,702,0,197,0.269,25.09,77.68,0.89,0.32,877,0.4,47,1.6,2024.0,220.0,0.0
2024,10,19,11,0,29.0,1.3,0.042,0.61,90,1044,931,0,0,-5.8,90,1044,0,931,0.27,9.96,36.32,0.89,0.32,877,0.4,265,3.2,2024.0,220.0,0.0
2024,10,19,20,0,18.6,1.15,0.052,0.61,0,0,0,0,0,1.6,0,0,0,0,0.272,31.99,94.38,0.92,0.32,877,0.6,269,1.7,2024.0,220.0,66.861
2024,10,19,20,0,18.6,1.15,0.052,0.61,0,0,0,0,0,1.6,0,0,0,0,0.272,31.99,94.38,0.92,0.32,877,0.6,269,1.7,2024.0,220.0,66.861
2024,10,19,20,0,18.6,1.15,0.052,0.61,0,0,0,0,0,1.6,0,0,0,0,0.272,31.99,94.38,0.92,0.32,877,0.6,269,1.7,2024.0,220.0,72.344
2024,10,19,20,0,18.6,1.15,0.052,0.61,0,0,0,0,0,1.6,0,0,0,0,0.272,31.99,94.38,0.92,0.32,877,0.6,269,1.7,2024.0,220.0,79.695
2024,10,19,20,0,18.6,1.15,0.052,0.61,0,0,0,0,0,1.6,0,0,0,0,0.272,31.99,94.38,0.92,0.32,877,0.6,269,1.7,2024.0,220.0,71.379
2024,10,19,21,0,16.8,1.16,0.052,0.61,0,0,0,0,0,2.7,0,0,0,0,0.273,38.95,107.68,0.92,0.31,877,0.6,281,0.9,2024.0,220.0,68.158
2024,10,19,21,0,16.8,1.16,0.052,0.61,0,0,0,0,0,2.7,0,0,0,0,0.273,38.95,107.68,0.92,0.31,877,0.6,281,0.9,2024.0,220.0,74.939
2024,10,19,22,0,16.2,1.16,0.052,0.61,0,0,0,0,0,2.9,0,0,0,0,0.272,40.97,120.38,0.92,0.31,878,0.6,19,0.5,2024.0,220.0,68.516
2024,10,19,23,0,15.6,1.18,0.051,0.61,0,0,0,0,0,2.4,0,0,0,0,0.272,41.16,131.95,0.92,0.31,878,0.6,65,0.9,2024.0,220.0,73.32
2024,10,19,23,0,15.6,1.18,0.051,0.61,0,0,0,0,0,2.4,0,0,0,0,0.272,41.16,131.95,0.92,0.31,878,0.6,65,0.9,2024.0,220.0,79.793
2024,10,19,24,0,15.4,1.19,0.05,0.61,0,0,0,0,0,1.7,0,0,0,0,0.271,39.6,141.35,0.91,0.31,878,0.5,72,1.0,2024.0,220.0,78.718
2024,10,19,24,0,15.4,1.19,0.05,0.61,0,0,0,0,0,1.7,0,0,0,0,0.271,39.6,141.35,0.91,0.31,878,0.5,72,1.0,2024.0,220.0,73.733
2024,10,19,24,0,15.4,1.19,0.05,0.61,0,0,0,0,0,1.7,0,0,0,0,0.271,39.6,141.35,0.91,0.31,878,0.5,72,1.0,2024.0,220.0,78.228
2024,10,19,24,0,15.4,1.19,0.05,0.61,0,0,0,0,0,1.7,0,0,0,0,0.271,39.6,141.35,0.91,0.31,878,0.5,72,1.0,2024.0,220.0,77.695
2024,10,20,1,0,15.3,1.2,0.049,0.61,0,0,0,0,0,1.1,0,0,0,0,0.271,38.11,146.67,0.91,0.31,877,0.5,76,1.1,2024.0,220.0,75.173
2024,10,20,1,0,15.3,1.2,0.049,0.61,0,0,0,0,0,1.1,0,0,0,0,0.271,38.11,146.67,0.91,0.31,877,0.5,76,1.1,2024.0,220.0,73.301
2024,10,20,1,0,15.3,1.2,0.049,0.61,0,0,0,0,0,1.1,0,0,0,0,0.271,38.11,146.67,0.91,0.31,877,0.5,76,1.1,2024.0,220.0,73.401
2024,10,20,2,0,15.1,1.21,0.048,0.61,0,0,0,0,0,0.9,0,0,0,0,0.27,37.96,145.94,0.91,0.31,877,0.5,77,1.1,2024.0,220.0,75.635
2024,10,20,4,0,14.5,1.2,0.052,0.61,0,0,0,0,3,1.1,0,0,0,0,0.268,40.23,129.44,0.91,0.31,876,0.5,58,1.0,2024.0,220.0,72.524
2024,10,20,5,0,13.9,1.18,0.055,0.61,0,0,0,0,3,1.3,0,0,0,0,0.268,42.32,117.54,0.91,0.31,876,0.6,39,1.1,2024.0,220.0,75.289
2024,10,20,8,0,16.2,1.22,0.057,0.61,50,673,196,0,1,0.2,50,673,0,196,0.266,33.7,77.51,0.9,0.31,877,0.5,37,1.7,2024.0,220.0,64.987
2024,10,20,8,0,16.2,1.22,0.057,0.61,50,673,196,0,1,0.2,50,673,0,196,0.266,33.7,77.51,0.9,0.31,877,0.5,37,1.7,2024.0,220.0,60.691
2024,10,20,8,0,16.2,1.22,0.057,0.61,50,673,196,0,1,0.2,50,673,0,196,0.266,33.7,77.51,0.9,0.31,877,0.5,37,1.7,2024.0,220.0,1.158
2024,10,20,8,0,16.2,1.22,0.057,0.61,50,673,196,0,1,0.2,50,673,0,196,0.266,33.7,77.51,0.9,0.31,877,0.5,37,1.7,2024.0,220.0,0.0
2024,10,20,9,0,20.1,1.25,0.052,0.61,71,888,465,0,0,-0.1,71,888,0,465,0.266,25.77,63.7,0.9,0.31,877,0.5,354,2.7,2024.0,220.0,0.0
2024,10,20,11,0,25.5,1.28,0.05,0.61,95,1029,926,0,0,-1.2,95,1029,0,926,0.265,17.23,36.14,0.91,0.31,877,0.5,278,4.5,2024.0,220.0,0.0
2024,10,20,20,0,17.3,1.19,0.055,0.61,0,0,0,0,0,2.6,0,0,0,0,0.265,37.3,94.27,0.93,0.31,878,0.6,291,1.6,2024.0,220.0,53.765
2024,10,20,20,0,17.3,1.19,0.055,0.61,0,0,0,0,0,2.6,0,0,0,0,0.265,37.3,94.27,0.93,0.31,878,0.6,291,1.6,2024.0,220.0,63.646
2024,10,20,20,0,17.3,1.19,0.055,0.61,0,0,0,0,0,2.6,0,0,0,0,0.265,37.3,94.27,0.93,0.31,878,0.6,291,1.6,2024.0,220.0,76.327
2024,10,20,20,0,17.3,1.19,0.055,0.61,0,0,0,0,0,2.6,0,0,0,0,0.265,37.3,94.27,0.93,0.31,878,0.6,291,1.6,2024.0,220.0,80.702
2024,10,20,20,0,17.3,1.19,0.055,0.61,0,0,0,0,0,2.6,0,0,0,0,0.265,37.3,94.27,0.93,0.31,878,0.6,291,1.6,2024.0,220.0,262.84
2024,10,20,21,0,15.4,1.19,0.057,0.61,0,0,0,0,0,3.6,0,0,0,0,0.265,45.29,107.55,0.93,0.31,879,0.6,312,0.9,2024.0,220.0,220.885
2024,10,20,21,0,15.4,1.19,0.057,0.61,0,0,0,0,0,3.6,0,0,0,0,0.265,45.29,107.55,0.93,0.31,879,0.6,312,0.9,2024.0,220.0,80.644
2024,10,20,23,0,13.9,1.21,0.059,0.61,0,0,0,0,0,3.5,0,0,0,0,0.264,49.35,131.74,0.93,0.31,879,0.6,44,1.1,2024.0,220.0,72.834
2024,10,20,23,0,13.9,1.21,0.059,0.61,0,0,0,0,0,3.5,0,0,0,0,0.264,49.35,131.74,0.93,0.31,879,0.6,44,1.1,2024.0,220.0,78.261
2024,10,20,24,0,13.4,1.21,0.062,0.61,0,0,0,0,0,3.2,0,0,0,0,0.264,49.98,141.07,0.93,0.31,879,0.6,48,1.1,2024.0,220.0,87.762
2024,10,20,24,0,13.4,1.21,0.062,0.61,0,0,0,0,0,3.2,0,0,0,0,0.264,49.98,141.07,0.93,0.31,879,0.6,48,1.1,2024.0,220.0,102.999
2024,10,20,24,0,13.4,1.21,0.062,0.61,0,0,0,0,0,3.2,0,0,0,0,0.264,49.98,141.07,0.93,0.31,879,0.6,48,1.1,2024.0,220.0,102.999
2024,10,21,1,0,13.1,1.2,0.066,0.61,0,0,0,0,0,3.3,0,0,0,0,0.264,51.3,146.33,0.93,0.31,878,0.7,28,1.0,2024.0,220.0,105.718
2024,10,21,1,0,13.1,1.2,0.066,0.61,0,0,0,0,0,3.3,0,0,0,0,0.264,51.3,146.33,0.93,0.31,878,0.7,28,1.0,2024.0,220.0,104.71
2024,10,21,1,0,13.1,1.2,0.066,0.61,0,0,0,0,0,3.3,0,0,0,0,0.264,51.3,146.33,0.93,0.31,878,0.7,28,1.0,2024.0,220.0,98.43
2024,10,21,2,0,12.7,1.2,0.068,0.61,0,0,0,0,0,3.6,0,0,0,0,0.264,53.8,145.59,0.93,0.31,878,0.7,355,0.9,2024.0,220.0,78.842
2024,10,21,6,0,11.5,1.24,0.069,0.61,0,0,0,0,1,2.4,0,0,0,0,0.266,53.67,104.48,0.93,0.31,878,0.7,46,1.2,2024.0,220.0,95.554
2024,10,21,7,0,11.9,1.25,0.067,0.61,0,0,0,0,5,1.6,0,0,0,0,0.266,49.41,91.1,0.93,0.31,878,0.7,53,1.2,2024.0,220.0,91.287
2024,10,21,7,0,11.9,1.25,0.067,0.61,0,0,0,0,5,1.6,0,0,0,0,0.266,49.41,91.1,0.93,0.31,878,0.7,53,1.2,2024.0,220.0,100.659
2024,10,21,8,0,15.7,1.26,0.065,0.61,53,655,196,0,0,0.9,53,655,0,196,0.266,36.53,77.35,0.93,0.31,878,0.6,55,1.2,2024.0,220.0,86.673
2024,10,21,8,0,15.7,1.26,0.065,0.61,53,655,196,0,0,0.9,53,655,0,196,0.266,36.53,77.35,0.93,0.31,878,0.6,55,1.2,2024.0,220.0,66.606
2024,10,21,8,0,15.7,1.26,0.065,0.61,53,655,196,0,0,0.9,53,655,0,196,0.266,36.53,77.35,0.93,0.31,878,0.6,55,1.2,2024.0,220.0,63.214
2024,10,21,8,0,15.7,1.26,0.065,0.61,53,655,196,0,0,0.9,53,655,0,196,0.266,36.53,77.35,0.93,0.31,878,0.6,55,1.2,2024.0,220.0,0.0
2024,10,21,9,0,19.5,1.27,0.063,0.61,77,867,463,0,0,-0.6,77,867,0,463,0.266,25.87,63.54,0.93,0.31,878,0.6,28,2.0,2024.0,220.0,0.0
2024,10,21,17,0,24.7,1.22,0.079,0.61,97,921,653,0,0,-2.9,97,921,0,653,0.259,15.88,52.87,0.94,0.31,877,0.7,268,4.7,2024.0,220.0,0.0
2024,10,21,18,0,23.0,1.19,0.081,0.61,80,802,397,0,0,-2.6,80,802,0,397,0.259,18.03,66.72,0.95,0.31,877,0.7,268,4.1,2024.0,220.0,0.0
2024,10,21,20,0,17.2,1.17,0.09,0.61,0,0,0,0,0,0.7,0,0,0,0,0.259,32.78,94.17,0.96,0.31,878,0.8,277,1.4,2024.0,220.0,56.226
2024,10,21,20,0,17.2,1.17,0.09,0.61,0,0,0,0,0,0.7,0,0,0,0,0.259,32.78,94.17,0.96,0.31,878,0.8,277,1.4,2024.0,220.0,85.196
2024,10,21,20,0,17.2,1.17,0.09,0.61,0,0,0,0,0,0.7,0,0,0,0,0.259,32.78,94.17,0.96,0.31,878,0.8,277,1.4,2024.0,220.0,71.399
2024,10,21,21,0,15.4,1.17,0.088,0.61,0,0,0,0,0,2.1,0,0,0,0,0.259,40.71,107.42,0.96,0.31,879,0.8,291,0.6,2024.0,220.0,62.055
2024,10,21,21,0,15.4,1.17,0.088,0.61,0,0,0,0,0,2.1,0,0,0,0,0.259,40.71,107.42,0.96,0.31,879,0.8,291,0.6,2024.0,220.0,71.668
2024,10,21,22,0,14.7,1.19,0.083,0.61,0,0,0,0,0,2.7,0,0,0,0,0.259,44.26,120.05,0.96,0.31,880,0.8,330,0.8,2024.0,220.0,73.332
2024,10,21,22,0,14.7,1.19,0.083,0.61,0,0,0,0,0,2.7,0,0,0,0,0.259,44.26,120.05,0.96,0.31,880,0.8,330,0.8,2024.0,220.0,71.739
2024,10,21,22,0,14.7,1.19,0.083,0.61,0,0,0,0,0,2.7,0,0,0,0,0.259,44.26,120.05,0.96,0.31,880,0.8,330,0.8,2024.0,220.0,77.622
2024,10,21,22,0,14.7,1.19,0.083,0.61,0,0,0,0,0,2.7,0,0,0,0,0.259,44.26,120.05,0.96,0.31,880,0.8,330,0.8,2024.0,220.0,148.45
2024,10,21,22,0,14.7,1.19,0.083,0.61,0,0,0,0,0,2.7,0,0,0,0,0.259,44.26,120.05,0.96,0.31,880,0.8,330,0.8,2024.0,220.0,148.494
2024,10,21,23,0,14.0,1.21,0.079,0.61,0,0,0,0,0,2.7,0,0,0,0,0.258,46.44,131.52,0.95,0.31,880,0.8,5,1.2,2024.0,220.0,0.0
2024,10,21,24,0,13.6,1.22,0.078,0.61,0,0,0,0,0,2.4,0,0,0,0,0.258,46.69,140.79,0.95,0.31,880,0.9,27,1.3,2024.0,220.0,59.077
2024,10,21,24,0,13.6,1.22,0.078,0.61,0,0,0,0,0,2.4,0,0,0,0,0.258,46.69,140.79,0.95,0.31,880,0.9,27,1.3,2024.0,220.0,67.933
2024,10,21,24,0,13.6,1.22,0.078,0.61,0,0,0,0,0,2.4,0,0,0,0,0.258,46.69,140.79,0.95,0.31,880,0.9,27,1.3,2024.0,220.0,71.832
2024,10,22,1,0,13.7,1.22,0.08,0.61,0,0,0,0,0,2.0,0,0,0,0,0.257,44.99,145.99,0.95,0.31,879,0.9,42,1.2,2024.0,220.0,68.68
2024,10,22,1,0,13.7,1.22,0.08,0.61,0,0,0,0,0,2.0,0,0,0,0,0.257,44.99,145.99,0.95,0.31,879,0.9,42,1.2,2024.0,220.0,77.376
2024,10,22,1,0,13.7,1.22,0.08,0.61,0,0,0,0,0,2.0,0,0,0,0,0.257,44.99,145.99,0.95,0.31,879,0.9,42,1.2,2024.0,220.0,83.948
2024,10,22,2,0,13.6,1.24,0.08,0.61,0,0,0,0,0,1.7,0,0,0,0,0.256,44.37,145.23,0.95,0.31,879,0.9,44,1.0,2024.0,220.0,75.168
2024,10,22,2,0,13.6,1.24,0.08,0.61,0,0,0,0,0,1.7,0,0,0,0,0.256,44.37,145.23,0.95,0.31,879,0.9,44,1.0,2024.0,220.0,73.458
2024,10,22,4,0,12.9,1.29,0.074,0.61,0,0,0,0,0,1.4,0,0,0,0,0.254,45.49,128.92,0.94,0.31,878,0.9,47,0.9,2024.0,220.0,68.807
2024,10,22,4,0,12.9,1.29,0.074,0.61,0,0,0,0,0,1.4,0,0,0,0,0.254,45.49,128.92,0.94,0.31,878,0.9,47,0.9,2024.0,220.0,75.599
2024,10,22,6,0,12.4,1.32,0.074,0.61,0,0,0,0,3,0.8,0,0,0,0,0.254,45.06,104.29,0.94,0.31,878,0.9,51,1.0,2024.0,220.0,76.723
2024,10,22,7,0,12.6,1.33,0.076,0.61,0,0,0,0,3,0.6,0,0,0,0,0.254,43.79,90.92,0.93,0.31,878,0.9,54,1.0,2024.0,220.0,73.739
2024,10,22,7,0,12.6,1.33,0.076,0.61,0,0,0,0,3,0.6,0,0,0,0,0.254,43.79,90.92,0.93,0.31,878,0.9,54,1.0,2024.0,220.0,80.323
2024,10,22,8,0,16.6,1.34,0.078,0.61,56,621,193,0,0,0.5,56,621,0,193,0.254,33.71,77.19,0.93,0.31,879,0.9,54,1.1,2024.0,220.0,61.61
2024,10,22,8,0,16.6,1.34,0.078,0.61,56,621,193,0,0,0.5,56,621,0,193,0.254,33.71,77.19,0.93,0.31,879,0.9,54,1.1,2024.0,220.0,0.0
2024,10,22,9,0,20.0,1.35,0.075,0.61,81,843,459,0,0,0.0,81,843,0,459,0.254,26.18,63.39,0.93,0.31,879,0.8,344,1.6,2024.0,220.0,0.0
2024,10,22,11,0,24.5,1.38,0.064,0.61,102,1001,914,0,0,-1.1,102,1001,0,914,0.256,18.4,35.79,0.92,0.31,879,0.8,294,3.8,2024.0,220.0,0.0
2024,10,22,11,0,24.5,1.38,0.064,0.61,102,1001,914,0,0,-1.1,102,1001,0,914,0.256,18.4,35.79,0.92,0.31,879,0.8,294,3.8,2024.0,220.0,0.0
2024,10,22,17,0,25.3,1.31,0.046,0.61,80,954,657,0,0,-1.2,80,954,0,657,0.265,17.41,52.79,0.92,0.31,878,0.8,287,4.8,2024.0,220.0,0.0
2024,10,22,18,0,23.6,1.3,0.045,0.61,65,850,402,0,0,-0.9,65,850,0,402,0.266,19.73,66.64,0.92,0.31,879,0.8,290,4.0,2024.0,220.0,0.0
2024,10,22,19,0,21.1,1.3,0.044,0.61,40,610,142,0,0,-0.2,40,610,0,142,0.266,24.13,80.38,0.92,0.31,879,0.7,291,2.9,2024.0,220.0,53.856
2024,10,22,20,0,17.5,1.29,0.043,0.61,0,0,0,0,3,1.6,0,0,0,0,0.267,34.29,94.06,0.92,0.31,880,0.7,286,1.5,2024.0,220.0,90.103
2024,10,22,20,0,17.5,1.29,0.043,0.61,0,0,0,0,3,1.6,0,0,0,0,0.267,34.29,94.06,0.92,0.31,880,0.7,286,1.5,2024.0,220.0,113.486
2024,10,22,21,0,15.6,1.27,0.042,0.61,0,0,0,0,0,3.0,0,0,0,0,0.268,42.74,107.29,0.92,0.31,880,0.7,284,1.1,2024.0,220.0,92.839
2024,10,22,21,0,15.6,1.27,0.042,0.61,0,0,0,0,0,3.0,0,0,0,0,0.268,42.74,107.29,0.92,0.31,880,0.7,284,1.1,2024.0,220.0,91.002
2024,10,22,21,0,15.6,1.27,0.042,0.61,0,0,0,0,0,3.0,0,0,0,0,0.268,42.74,107.29,0.92,0.31,880,0.7,284,1.1,2024.0,220.0,84.449
2024,10,22,21,0,15.6,1.27,0.042,0.61,0,0,0,0,0,3.0,0,0,0,0,0.268,42.74,107.29,0.92,0.31,880,0.7,284,1.1,2024.0,220.0,79.22
2024,10,22,23,0,14.7,1.28,0.039,0.61,0,0,0,0,0,2.7,0,0,0,0,0.27,44.37,131.3,0.91,0.31,881,0.6,77,0.8,2024.0,220.0,72.323
2024,10,22,23,0,14.7,1.28,0.039,0.61,0,0,0,0,0,2.7,0,0,0,0,0.27,44.37,131.3,0.91,0.31,881,0.6,77,0.8,2024.0,220.0,65.946
2024,10,22,24,0,14.8,1.29,0.037,0.61,0,0,0,0,0,1.7,0,0,0,0,0.271,41.13,140.51,0.91,0.31,880,0.6,72,0.9,2024.0,220.0,66.441
2024,10,22,24,0,14.8,1.29,0.037,0.61,0,0,0,0,0,1.7,0,0,0,0,0.271,41.13,140.51,0.91,0.31,880,0.6,72,0.9,2024.0,220.0,62.61
2024,10,22,24,0,14.8,1.29,0.037,0.61,0,0,0,0,0,1.7,0,0,0,0,0.271,41.13,140.51,0.91,0.31,880,0.6,72,0.9,2024.0,220.0,70.953
2024,10,22,24,0,14.8,1.29,0.037,0.61,0,0,0,0,0,1.7,0,0,0,0,0.271,41.13,140.51,0.91,0.31,880,0.6,72,0.9,2024.0,220.0,81.854
2024,10,23,1,0,15.0,1.31,0.035,0.61,0,0,0,0,0,0.8,0,0,0,0,0.271,38.17,145.65,0.91,0.31,880,0.5,59,1.0,2024.0,220.0,73.763
2024,10,23,7,0,13.8,1.36,0.032,0.61,0,0,0,0,8,-1.5,0,0,0,0,0.272,34.72,90.24,0.89,0.31,879,0.5,35,0.9,2024.0,220.0,69.143
2024,10,23,8,0,17.4,1.37,0.032,0.61,44,738,210,0,0,-1.6,44,738,0,210,0.272,27.47,77.04,0.89,0.31,880,0.5,31,1.6,2024.0,220.0,60.495
2024,10,23,8,0,17.4,1.37,0.032,0.61,44,738,210,0,0,-1.6,44,738,0,210,0.272,27.47,77.04,0.89,0.31,880,0.5,31,1.6,2024.0,220.0,0.0
2024,10,23,8,0,17.4,1.37,0.032,0.61,44,738,210,0,0,-1.6,44,738,0,210,0.272,27.47,77.04,0.89,0.31,880,0.5,31,1.6,2024.0,220.0,0.0
2024,10,23,8,0,17.4,1.37,0.032,0.61,44,738,210,0,0,-1.6,44,738,0,210,0.272,27.47,77.04,0.89,0.31,880,0.5,31,1.6,2024.0,220.0,0.0
2024,10,23,16,0,28.2,1.2,0.038,0.61,86,1034,891,0,0,-4.2,86,1034,0,891,0.268,11.73,38.91,0.91,0.31,879,0.5,275,6.1,2024.0,220.0,0.0
2024,10,23,16,0,28.2,1.2,0.038,0.61,86,1034,891,0,0,-4.2,86,1034,0,891,0.268,11.73,38.91,0.91,0.31,879,0.5,275,6.1,2024.0,220.0,0.0
2024,10,23,20,0,19.1,1.19,0.04,0.61,0,0,0,0,0,-1.4,0,0,0,0,0.265,24.95,93.95,0.9,0.31,879,0.5,252,1.6,2024.0,220.0,67.137
2024,10,23,20,0,19.1,1.19,0.04,0.61,0,0,0,0,0,-1.4,0,0,0,0,0.265,24.95,93.95,0.9,0.31,879,0.5,252,1.6,2024.0,220.0,75.155
2024,10,23,21,0,17.7,1.18,0.04,0.61,0,0,0,0,0,-0.2,0,0,0,0,0.265,29.83,107.15,0.9,0.31,880,0.5,234,1.1,2024.0,220.0,67.436
2024,10,23,23,0,16.7,1.19,0.04,0.61,0,0,0,0,0,-0.6,0,0,0,0,0.265,30.91,131.08,0.9,0.31,880,0.5,66,1.0,2024.0,220.0,71.382
2024,10,23,23,0,16.7,1.19,0.04,0.61,0,0,0,0,0,-0.6,0,0,0,0,0.265,30.91,131.08,0.9,0.31,880,0.5,66,1.0,2024.0,220.0,59.488
2024,10,23,24,0,16.1,1.2,0.039,0.61,0,0,0,0,0,-1.0,0,0,0,0,0.266,31.04,140.22,0.9,0.31,880,0.5,43,1.0,2024.0,220.0,68.516
2024,10,24,1,0,15.3,1.2,0.04,0.61,0,0,0,0,0,-1.1,0,0,0,0,0.267,32.55,145.31,0.9,0.31,880,0.5,28,1.0,2024.0,220.0,67.324
2024,10,24,1,0,15.3,1.2,0.04,0.61,0,0,0,0,0,-1.1,0,0,0,0,0.267,32.55,145.31,0.9,0.31,880,0.5,28,1.0,2024.0,220.0,112.174
2024,10,24,2,0,14.6,1.21,0.04,0.61,0,0,0,0,0,-0.9,0,0,0,0,0.268,34.44,144.54,0.9,0.31,879,0.5,21,0.9,2024.0,220.0,80.713
2024,10,24,2,0,14.6,1.21,0.04,0.61,0,0,0,0,0,-0.9,0,0,0,0,0.268,34.44,144.54,0.9,0.31,879,0.5,21,0.9,2024.0,220.0,78.264
2024,10,24,3,0,14.1,1.23,0.039,0.61,0,0,0,0,0,-1.0,0,0,0,0,0.268,35.47,138.24,0.9,0.31,879,0.5,22,0.9,2024.0,220.0,72.95
2024,10,24,6,0,13.9,1.28,0.035,0.61,0,0,0,0,0,-3.0,0,0,0,0,0.27,30.92,103.91,0.9,0.31,878,0.5,44,1.2,2024.0,220.0,74.004
2024,10,24,7,0,14.4,1.3,0.034,0.61,0,0,0,0,7,-4.2,0,0,0,0,0.269,27.29,90.1,0.89,0.31,879,0.5,49,1.3,2024.0,220.0,72.631
2024,10,24,8,0,18.3,1.32,0.034,0.61,45,737,212,0,0,-5.0,45,737,0,212,0.269,20.18,76.89,0.89,0.31,879,0.5,45,2.0,2024.0,220.0,0.0
2024,10,24,8,0,18.3,1.32,0.034,0.61,45,737,212,0,0,-5.0,45,737,0,212,0.269,20.18,76.89,0.89,0.31,879,0.5,45,2.0,2024.0,220.0,0.0
2024,10,24,16,0,29.1,1.18,0.044,0.61,90,1029,892,0,0,-4.7,90,1029,0,892,0.271,10.73,38.81,0.9,0.31,876,0.5,264,5.7,2024.0,220.0,0.0
2024,10,24,16,0,29.1,1.18,0.044,0.61,90,1029,892,0,0,-4.7,90,1029,0,892,0.271,10.73,38.81,0.9,0.31,876,0.5,264,5.7,2024.0,220.0,0.0
2024,10,24,19,0,24.1,1.14,0.043,0.61,41,631,148,0,0,-3.1,41,631,0,148,0.273,16.2,80.19,0.9,0.31,876,0.5,261,3.1,2024.0,220.0,0.0
2024,10,24,20,0,19.7,1.14,0.043,0.61,0,0,0,0,0,-1.2,0,0,0,0,0.274,24.49,93.83,0.9,0.31,877,0.6,262,1.7,2024.0,220.0,33.975
2024,10,24,20,0,19.7,1.14,0.043,0.61,0,0,0,0,0,-1.2,0,0,0,0,0.274,24.49,93.83,0.9,0.31,877,0.6,262,1.7,2024.0,220.0,73.082
2024,10,24,21,0,18.5,1.14,0.043,0.61,0,0,0,0,0,-0.1,0,0,0,0,0.274,28.6,107.02,0.9,0.32,877,0.6,255,1.1,2024.0,220.0,67.644
2024,10,24,22,0,17.8,1.14,0.043,0.61,0,0,0,0,0,0.0,0,0,0,0,0.274,29.99,119.54,0.9,0.32,878,0.6,91,0.6,2024.0,220.0,67.9
2024,10,24,22,0,17.8,1.14,0.043,0.61,0,0,0,0,0,0.0,0,0,0,0,0.274,29.99,119.54,0.9,0.32,878,0.6,91,0.6,2024.0,220.0,59.758
2024,10,24,22,0,17.8,1.14,0.043,0.61,0,0,0,0,0,0.0,0,0,0,0,0.274,29.99,119.54,0.9,0.32,878,0.6,91,0.6,2024.0,220.0,57.682
2024,10,24,23,0,17.1,1.15,0.044,0.61,0,0,0,0,0,-0.7,0,0,0,0,0.274,29.93,130.86,0.9,0.32,878,0.6,73,1.0,2024.0,220.0,34.226
2024,10,24,24,0,16.8,1.16,0.044,0.61,0,0,0,0,0,-1.3,0,0,0,0,0.274,29.03,139.94,0.9,0.32,877,0.6,63,1.2,2024.0,220.0,37.105
2024,10,24,24,0,16.8,1.16,0.044,0.61,0,0,0,0,0,-1.3,0,0,0,0,0.274,29.03,139.94,0.9,0.32,877,0.6,63,1.2,2024.0,220.0,63.183
2024,10,24,24,0,16.8,1.16,0.044,0.61,0,0,0,0,0,-1.3,0,0,0,0,0.274,29.03,139.94,0.9,0.32,877,0.6,63,1.2,2024.0,220.0,66.709
2024,10,25,1,0,16.4,1.17,0.044,0.61,0,0,0,0,1,-1.4,0,0,0,0,0.274,29.55,144.97,0.9,0.32,877,0.6,53,1.2,2024.0,220.0,62.248
2024,10,25,3,0,15.3,1.16,0.046,0.61,0,0,0,0,1,-0.6,0,0,0,0,0.274,33.64,137.95,0.9,0.32,877,0.6,24,1.2,2024.0,220.0,35.252
2024,10,25,4,0,14.5,1.17,0.047,0.61,0,0,0,0,1,-0.3,0,0,0,0,0.274,36.34,128.16,0.9,0.32,877,0.6,12,1.3,2024.0,220.0,34.447
2024,10,25,8,0,18.0,1.24,0.045,0.61,49,717,213,0,3,-1.1,126,10,0,129,0.272,27.43,76.74,0.91,0.32,878,0.5,62,1.7,2024.0,220.0,0.0
2024,10,25,20,0,19.5,1.07,0.051,0.61,0,0,0,0,0,1.6,0,0,0,0,0.273,30.4,93.72,0.92,0.32,877,0.6,266,1.6,2024.0,220.0,0.0
2024,10,25,20,0,19.5,1.07,0.051,0.61,0,0,0,0,0,1.6,0,0,0,0,0.273,30.4,93.72,0.92,0.32,877,0.6,266,1.6,2024.0,220.0,33.341
2024,10,25,21,0,17.3,1.06,0.052,0.61,0,0,0,0,0,3.4,0,0,0,0,0.274,39.61,106.88,0.92,0.32,878,0.6,270,0.9,2024.0,220.0,31.771
2024,10,25,21,0,17.3,1.06,0.052,0.61,0,0,0,0,0,3.4,0,0,0,0,0.274,39.61,106.88,0.92,0.32,878,0.6,270,0.9,2024.0,220.0,66.429
2024,10,25,22,0,16.6,1.06,0.052,0.61,0,0,0,0,0,3.9,0,0,0,0,0.274,42.85,119.36,0.92,0.32,878,0.7,296,0.4,2024.0,220.0,59.709
2024,10,25,23,0,16.5,1.08,0.051,0.61,0,0,0,0,0,3.5,0,0,0,0,0.275,41.95,130.64,0.92,0.32,878,0.7,64,0.8,2024.0,220.0,67.215
2024,10,25,23,0,16.5,1.08,0.051,0.61,0,0,0,0,0,3.5,0,0,0,0,0.275,41.95,130.64,0.92,0.32,878,0.7,64,0.8,2024.0,220.0,62.653
2024,10,25,24,0,16.5,1.1,0.05,0.61,0,0,0,0,0,2.8,0,0,0,0,0.276,39.87,139.66,0.91,0.32,878,0.7,69,0.9,2024.0,220.0,64.036
2024,10,25,24,0,16.5,1.1,0.05,0.61,0,0,0,0,0,2.8,0,0,0,0,0.276,39.87,139.66,0.91,0.32,878,0.7,69,0.9,2024.0,220.0,69.761
2024,10,26,1,0,16.7,1.12,0.05,0.61,0,0,0,0,0,2.2,0,0,0,0,0.276,37.79,144.64,0.92,0.32,878,0.7,69,0.9,2024.0,220.0,77.7
2024,10,26,1,0,16.7,1.12,0.05,0.61,0,0,0,0,0,2.2,0,0,0,0,0.276,37.79,144.64,0.92,0.32,878,0.7,69,0.9,2024.0,220.0,73.485
2024,10,26,3,0,16.4,1.16,0.052,0.61,0,0,0,0,0,1.5,0,0,0,0,0.276,36.49,137.65,0.92,0.32,877,0.7,77,0.9,2024.0,220.0,77.429
2024,10,26,8,0,19.1,1.2,0.051,0.61,51,692,211,0,1,-1.7,51,692,0,211,0.275,24.39,76.6,0.92,0.32,878,0.7,69,2.0,2024.0,220.0,61.693
2024,10,26,8,0,19.1,1.2,0.051,0.61,51,692,211,0,1,-1.7,51,692,0,211,0.275,24.39,76.6,0.92,0.32,878,0.7,69,2.0,2024.0,220.0,0.0
2024,10,26,11,0,27.8,1.27,0.05,0.61,96,1022,931,0,0,-1.9,96,1022,0,931,0.274,14.21,35.17,0.92,0.32,877,0.7,271,4.0,2024.0,220.0,0.0
2024,10,26,11,0,27.8,1.27,0.05,0.61,96,1022,931,0,0,-1.9,96,1022,0,931,0.274,14.21,35.17,0.92,0.32,877,0.7,271,4.0,2024.0,220.0,0.0
2024,10,26,12,0,29.3,1.27,0.052,0.61,103,1045,1073,0,0,-2.4,103,1045,0,1073,0.273,12.6,21.82,0.92,0.32,877,0.7,267,4.9,2024.0,220.0,0.0
2024,10,26,12,0,29.3,1.27,0.052,0.61,103,1045,1073,0,0,-2.4,103,1045,0,1073,0.273,12.6,21.82,0.92,0.32,877,0.7,267,4.9,2024.0,220.0,0.0
2024,10,26,13,0,29.9,1.26,0.057,0.61,110,1052,1142,0,0,-2.1,110,1052,0,1142,0.272,12.43,10.96,0.93,0.32,876,0.7,266,5.5,2024.0,220.0,0.0
2024,10,26,14,0,29.7,1.23,0.066,0.61,115,1038,1126,0,0,-1.6,115,1038,0,1126,0.27,13.1,13.1,0.94,0.32,876,0.8,267,5.8,2024.0,220.0,0.0
2024,10,26,14,0,29.7,1.23,0.066,0.61,115,1038,1126,0,0,-1.6,115,1038,0,1126,0.27,13.1,13.1,0.94,0.32,876,0.8,267,5.8,2024.0,220.0,0.0
2024,10,26,20,0,19.6,1.07,0.118,0.61,0,0,0,0,0,2.6,0,0,0,0,0.267,32.4,93.6,0.96,0.32,877,1.0,282,1.4,2024.0,220.0,71.993
2024,10,26,20,0,19.6,1.07,0.118,0.61,0,0,0,0,0,2.6,0,0,0,0,0.267,32.4,93.6,0.96,0.32,877,1.0,282,1.4,2024.0,220.0,43.593
2024,10,26,21,0,17.5,1.07,0.103,0.61,0,0,0,0,0,4.2,0,0,0,0,0.267,41.15,106.74,0.95,0.31,878,1.0,300,0.7,2024.0,220.0,72.643
2024,10,26,22,0,16.5,1.09,0.095,0.61,0,0,0,0,7,4.7,0,0,0,0,0.267,45.65,119.19,0.95,0.31,879,1.0,337,0.5,2024.0,220.0,76.069
2024,10,26,23,0,16.4,1.1,0.1,0.61,0,0,0,0,1,4.7,0,0,0,0,0.267,45.72,130.42,0.95,0.31,879,1.1,14,1.0,2024.0,220.0,77.057
2024,10,26,23,0,16.4,1.1,0.1,0.61,0,0,0,0,1,4.7,0,0,0,0,0.267,45.72,130.42,0.95,0.31,879,1.1,14,1.0,2024.0,220.0,77.876
2024,10,26,24,0,16.4,1.11,0.108,0.61,0,0,0,0,0,4.3,0,0,0,0,0.267,44.57,139.38,0.95,0.31,879,1.1,32,1.0,2024.0,220.0,74.232
2024,10,27,1,0,16.4,1.12,0.112,0.61,0,0,0,0,0,4.0,0,0,0,0,0.267,43.73,144.31,0.95,0.31,878,1.1,24,1.0,2024.0,220.0,73.415
2024,10,27,1,0,16.4,1.12,0.112,0.61,0,0,0,0,0,4.0,0,0,0,0,0.267,43.73,144.31,0.95,0.31,878,1.1,24,1.0,2024.0,220.0,77.351
2024,10,27,4,0,14.1,1.19,0.088,0.61,0,0,0,0,7,4.7,0,0,0,0,0.266,53.18,127.67,0.94,0.31,878,1.1,354,0.6,2024.0,220.0,74.344
2024,10,27,4,0,14.1,1.19,0.088,0.61,0,0,0,0,7,4.7,0,0,0,0,0.266,53.18,127.67,0.94,0.31,878,1.1,354,0.6,2024.0,220.0,77.605
2024,10,27,6,0,14.3,1.24,0.075,0.61,0,0,0,0,1,3.7,0,0,0,0,0.266,49.03,103.38,0.93,0.31,878,1.1,56,0.9,2024.0,220.0,74.571
2024,10,27,7,0,15.0,1.25,0.071,0.61,0,0,0,7,8,2.7,0,0,7,0,0.266,43.44,89.69,0.92,0.31,878,1.0,77,1.3,2024.0,220.0,78.563
2024,10,27,7,0,15.0,1.25,0.071,0.61,0,0,0,7,8,2.7,0,0,7,0,0.266,43.44,89.69,0.92,0.31,878,1.0,77,1.3,2024.0,220.0,73.743
2024,10,27,8,0,19.3,1.26,0.068,0.61,55,650,207,0,1,1.8,55,650,0,207,0.266,31.09,76.46,0.92,0.31,878,1.0,78,1.7,2024.0,220.0,0.0
2024,10,27,8,0,19.3,1.26,0.068,0.61,55,650,207,0,1,1.8,55,650,0,207,0.266,31.09,76.46,0.92,0.31,878,1.0,78,1.7,2024.0,220.0,0.0
2024,10,27,13,0,30.5,1.31,0.057,0.61,108,1040,1130,0,0,-1.7,108,1040,0,1130,0.262,12.35,10.66,0.92,0.31,877,1.0,278,5.3,2024.0,220.0,0.0
2024,10,27,20,0,20.5,1.21,0.062,0.61,0,0,0,0,0,1.6,0,0,0,0,0.262,28.49,93.49,0.93,0.31,877,1.1,266,1.3,2024.0,220.0,0.0
2024,10,27,20,0,20.5,1.21,0.062,0.61,0,0,0,0,0,1.6,0,0,0,0,0.262,28.49,93.49,0.93,0.31,877,1.1,266,1.3,2024.0,220.0,35.1
2024,10,27,20,0,20.5,1.21,0.062,0.61,0,0,0,0,0,1.6,0,0,0,0,0.262,28.49,93.49,0.93,0.31,877,1.1,266,1.3,2024.0,220.0,64.957
2024,10,27,21,0,18.7,1.21,0.064,0.61,0,0,0,0,0,3.0,0,0,0,0,0.262,35.28,106.59,0.93,0.31,877,1.1,271,0.6,2024.0,220.0,74.911
2024,10,27,22,0,18.2,1.21,0.064,0.61,0,0,0,0,0,3.3,0,0,0,0,0.261,37.16,119.01,0.93,0.31,877,1.1,21,0.7,2024.0,220.0,76.1
2024,10,27,22,0,18.2,1.21,0.064,0.61,0,0,0,0,0,3.3,0,0,0,0,0.261,37.16,119.01,0.93,0.31,877,1.1,21,0.7,2024.0,220.0,81.143
2024,10,27,22,0,18.2,1.21,0.064,0.61,0,0,0,0,0,3.3,0,0,0,0,0.261,37.16,119.01,0.93,0.31,877,1.1,21,0.7,2024.0,220.0,86.565
2024,10,27,24,0,17.5,1.23,0.064,0.61,0,0,0,0,0,2.3,0,0,0,0,0.262,36.06,139.1,0.93,0.31,877,1.2,67,1.2,2024.0,220.0,80.032
2024,10,28,1,0,17.5,1.23,0.066,0.61,0,0,0,0,0,1.9,0,0,0,0,0.262,34.97,143.98,0.93,0.31,877,1.2,69,1.2,2024.0,220.0,71.377
2024,10,28,1,0,17.5,1.23,0.066,0.61,0,0,0,0,0,1.9,0,0,0,0,0.262,34.97,143.98,0.93,0.31,877,1.2,69,1.2,2024.0,220.0,77.483
2024,10,28,5,0,17.5,1.25,0.062,0.61,0,0,0,0,1,-0.1,0,0,0,0,0.264,30.32,115.85,0.93,0.31,876,1.1,105,0.9,2024.0,220.0,82.525
2024,10,28,7,0,17.5,1.26,0.06,0.61,0,0,0,7,8,-1.1,0,0,7,0,0.264,28.27,89.57,0.92,0.31,876,1.0,92,1.4,2024.0,220.0,77.587
2024,10,28,8,0,20.6,1.26,0.059,0.61,53,675,212,0,0,-1.0,53,675,0,212,0.265,23.43,76.33,0.92,0.31,876,0.9,86,1.8,2024.0,220.0,0.0
2024,10,28,19,0,24.4,1.15,0.069,0.61,47,563,147,0,0,2.6,47,563,0,147,0.271,24.18,79.8,0.93,0.31,876,0.9,250,2.8,2024.0,220.0,57.961
2024,10,28,20,0,20.7,1.15,0.066,0.61,0,0,0,0,0,3.6,0,0,0,0,0.271,32.54,93.37,0.93,0.31,877,0.9,250,1.7,2024.0,220.0,70.419
2024,10,28,20,0,20.7,1.15,0.066,0.61,0,0,0,0,0,3.6,0,0,0,0,0.271,32.54,93.37,0.93,0.31,877,0.9,250,1.7,2024.0,220.0,78.565
2024,10,28,20,0,20.7,1.15,0.066,0.61,0,0,0,0,0,3.6,0,0,0,0,0.271,32.54,93.37,0.93,0.31,877,0.9,250,1.7,2024.0,220.0,99.971
2024,10,28,22,0,18.5,1.16,0.066,0.61,0,0,0,0,0,4.9,0,0,0,0,0.271,40.63,118.83,0.93,0.31,878,0.9,165,0.6,2024.0,220.0,103.731
2024,10,28,24,0,17.4,1.17,0.068,0.61,0,0,0,0,0,4.5,0,0,0,0,0.27,42.4,138.82,0.93,0.31,879,1.0,65,1.1,2024.0,220.0,98.79
2024,10,29,1,0,17.2,1.18,0.068,0.61,0,0,0,0,0,4.2,0,0,0,0,0.269,42.08,143.66,0.93,0.31,878,1.0,57,1.1,2024.0,220.0,100.234
2024,10,29,1,0,17.2,1.18,0.068,0.61,0,0,0,0,0,4.2,0,0,0,0,0.269,42.08,143.66,0.93,0.31,878,1.0,57,1.1,2024.0,220.0,112.013
2024,10,29,2,0,17.1,1.19,0.067,0.61,0,0,0,0,0,4.0,0,0,0,0,0.268,41.88,142.88,0.93,0.31,878,1.0,52,1.0,2024.0,220.0,111.449
2024,10,29,8,0,20.8,1.27,0.054,0.61,52,687,216,0,0,0.7,52,687,0,216,0.264,26.14,76.2,0.92,0.31,878,0.9,99,1.9,2024.0,220.0,95.86
2024,10,29,8,0,20.8,1.27,0.054,0.61,52,687,216,0,0,0.7,52,687,0,216,0.264,26.14,76.2,0.92,0.31,878,0.9,99,1.9,2024.0,220.0,68.53
2024,10,29,8,0,20.8,1.27,0.054,0.61,52,687,216,0,0,0.7,52,687,0,216,0.264,26.14,76.2,0.92,0.31,878,0.9,99,1.9,2024.0,220.0,68.53
2024,10,29,8,0,20.8,1.27,0.054,0.61,52,687,216,0,0,0.7,52,687,0,216,0.264,26.14,76.2,0.92,0.31,878,0.9,99,1.9,2024.0,220.0,33.248
2024,10,29,8,0,20.8,1.27,0.054,0.61,52,687,216,0,0,0.7,52,687,0,216,0.264,26.14,76.2,0.92,0.31,878,0.9,99,1.9,2024.0,220.0,0.0
2024,10,29,8,0,20.8,1.27,0.054,0.61,52,687,216,0,0,0.7,52,687,0,216,0.264,26.14,76.2,0.92,0.31,878,0.9,99,1.9,2024.0,220.0,0.0
2024,10,29,8,0,20.8,1.27,0.054,0.61,52,687,216,0,0,0.7,52,687,0,216,0.264,26.14,76.2,0.92,0.31,878,0.9,99,1.9,2024.0,220.0,0.0
2024,10,29,19,0,24.6,1.17,0.061,0.61,46,582,150,0,0,3.8,46,582,0,150,0.272,26.0,79.7,0.93,0.31,877,0.9,246,3.2,2024.0,220.0,64.881
2024,10,29,20,0,21.0,1.18,0.061,0.61,0,0,0,0,0,4.8,0,0,0,0,0.272,34.68,93.25,0.93,0.31,878,0.9,245,1.7,2024.0,220.0,72.826
2024,10,29,20,0,21.0,1.18,0.061,0.61,0,0,0,0,0,4.8,0,0,0,0,0.272,34.68,93.25,0.93,0.31,878,0.9,245,1.7,2024.0,220.0,93.671
2024,10,29,20,0,21.0,1.18,0.061,0.61,0,0,0,0,0,4.8,0,0,0,0,0.272,34.68,93.25,0.93,0.31,878,0.9,245,1.7,2024.0,220.0,94.979
2024,10,29,20,0,21.0,1.18,0.061,0.61,0,0,0,0,0,4.8,0,0,0,0,0.272,34.68,93.25,0.93,0.31,878,0.9,245,1.7,2024.0,220.0,97.096
2024,10,29,21,0,19.5,1.2,0.062,0.61,0,0,0,0,0,5.6,0,0,0,0,0.271,40.07,106.3,0.93,0.31,878,0.9,233,1.0,2024.0,220.0,77.05
2024,10,29,21,0,19.5,1.2,0.062,0.61,0,0,0,0,0,5.6,0,0,0,0,0.271,40.07,106.3,0.93,0.31,878,0.9,233,1.0,2024.0,220.0,98.301
2024,10,30,1,0,17.7,1.23,0.068,0.61,0,0,0,0,0,4.8,0,0,0,0,0.271,42.66,143.33,0.93,0.31,879,0.9,47,1.2,2024.0,220.0,105.199
2024,10,30,1,0,17.7,1.23,0.068,0.61,0,0,0,0,0,4.8,0,0,0,0,0.271,42.66,143.33,0.93,0.31,879,0.9,47,1.2,2024.0,220.0,99.826
2024,10,30,3,0,16.7,1.24,0.069,0.61,0,0,0,0,0,5.2,0,0,0,0,0.271,46.7,136.51,0.94,0.31,878,0.9,18,1.2,2024.0,220.0,98.958
2024,10,30,7,0,16.6,1.31,0.06,0.61,0,0,0,0,1,3.6,0,0,0,0,0.273,41.99,89.32,0.93,0.31,878,0.9,74,1.0,2024.0,220.0,99.578
2024,10,30,7,0,16.6,1.31,0.06,0.61,0,0,0,0,1,3.6,0,0,0,0,0.273,41.99,89.32,0.93,0.31,878,0.9,74,1.0,2024.0,220.0,104.649
2024,10,30,8,0,20.8,1.33,0.058,0.61,54,688,219,0,0,2.7,54,688,0,219,0.273,30.27,76.08,0.93,0.31,878,0.8,73,1.2,2024.0,220.0,93.471
2024,10,30,8,0,20.8,1.33,0.058,0.61,54,688,219,0,0,2.7,54,688,0,219,0.273,30.27,76.08,0.93,0.31,878,0.8,73,1.2,2024.0,220.0,69.759
2024,10,30,8,0,20.8,1.33,0.058,0.61,54,688,219,0,0,2.7,54,688,0,219,0.273,30.27,76.08,0.93,0.31,878,0.8,73,1.2,2024.0,220.0,56.431
2024,10,30,8,0,20.8,1.33,0.058,0.61,54,688,219,0,0,2.7,54,688,0,219,0.273,30.27,76.08,0.93,0.31,878,0.8,73,1.2,2024.0,220.0,0.104
2024,10,30,9,0,24.6,1.34,0.055,0.61,74,881,484,0,0,1.8,74,881,0,484,0.273,22.6,62.34,0.92,0.31,878,0.8,66,1.6,2024.0,220.0,0.0
2024,10,30,10,0,27.6,1.36,0.053,0.61,88,971,731,0,0,-0.2,88,971,0,731,0.272,16.29,48.49,0.92,0.31,878,0.8,301,2.4,2024.0,220.0,0.0
2024,10,30,12,0,30.9,1.36,0.052,0.61,103,1044,1076,0,0,-1.1,103,1044,0,1076,0.27,12.65,21.15,0.93,0.31,877,0.8,271,4.2,2024.0,220.0,0.0
2024,10,30,13,0,31.6,1.34,0.053,0.61,106,1054,1145,0,0,-0.6,106,1054,0,1145,0.267,12.61,9.78,0.93,0.31,877,0.8,268,5.0,2024.0,220.0,0.0
2024,10,30,18,0,28.4,1.21,0.052,0.61,70,846,415,0,0,0.8,70,846,0,415,0.254,16.74,65.93,0.94,0.31,876,0.9,249,4.4,2024.0,220.0,0.0
2024,10,30,18,0,28.4,1.21,0.052,0.61,70,846,415,0,0,0.8,70,846,0,415,0.254,16.74,65.93,0.94,0.31,876,0.9,249,4.4,2024.0,220.0,0.0
2024,10,30,19,0,25.7,1.2,0.05,0.61,44,611,154,0,0,1.5,44,611,0,154,0.254,20.66,79.59,0.93,0.31,876,0.9,250,3.1,2024.0,220.0,0.0
2024,10,30,19,0,25.7,1.2,0.05,0.61,44,611,154,0,0,1.5,44,611,0,154,0.254,20.66,79.59,0.93,0.31,876,0.9,250,3.1,2024.0,220.0,0.0
2024,10,30,20,0,21.5,1.2,0.049,0.61,0,0,0,0,0,2.9,0,0,0,0,0.254,29.39,93.12,0.93,0.31,877,0.9,261,1.5,2024.0,220.0,66.438
2024,10,30,20,0,21.5,1.2,0.049,0.61,0,0,0,0,0,2.9,0,0,0,0,0.254,29.39,93.12,0.93,0.31,877,0.9,261,1.5,2024.0,220.0,94.134
2024,10,30,22,0,18.9,1.21,0.05,0.61,0,0,0,0,0,4.3,0,0,0,0,0.253,38.2,118.47,0.93,0.31,877,0.9,6,0.5,2024.0,220.0,96.296
2024,10,31,1,0,16.7,1.23,0.054,0.61,0,0,0,0,0,4.3,0,0,0,0,0.255,43.66,143.02,0.93,0.31,877,0.9,24,1.2,2024.0,220.0,70.229
2024,10,31,1,0,16.7,1.23,0.054,0.61,0,0,0,0,0,4.3,0,0,0,0,0.255,43.66,143.02,0.93,0.31,877,0.9,24,1.2,2024.0,220.0,70.079
2024,10,31,2,0,16.2,1.23,0.055,0.61,0,0,0,0,0,4.5,0,0,0,0,0.258,45.73,142.24,0.93,0.31,877,0.9,13,1.1,2024.0,220.0,73.92
2024,10,31,7,0,15.7,1.31,0.048,0.61,0,0,0,0,1,3.8,0,0,0,0,0.27,44.88,89.2,0.92,0.31,877,0.8,35,1.1,2024.0,220.0,69.484
2024,10,31,8,0,19.4,1.33,0.044,0.61,50,724,226,0,0,3.2,50,724,0,226,0.27,34.28,75.96,0.92,0.31,878,0.7,41,2.2,2024.0,220.0,0.0
2024,10,31,8,0,19.4,1.33,0.044,0.61,50,724,226,0,0,3.2,50,724,0,226,0.27,34.28,75.96,0.92,0.31,878,0.7,41,2.2,2024.0,220.0,0.0
2024,10,31,10,0,26.1,1.35,0.04,0.61,81,991,739,0,0,-0.5,81,991,0,739,0.27,17.49,48.38,0.91,0.31,878,0.7,299,2.2,2024.0,220.0,0.0
2024,10,31,14,0,30.2,1.32,0.043,0.61,99,1065,1141,0,0,-0.7,99,1065,0,1141,0.272,13.51,11.97,0.91,0.31,877,0.7,275,5.9,2024.0,220.0,0.0
2024,10,31,15,0,29.8,1.3,0.044,0.61,96,1051,1053,0,0,-0.3,96,1051,0,1053,0.273,14.32,24.49,0.91,0.31,876,0.7,276,5.8,2024.0,220.0,0.0
2024,10,31,17,0,27.7,1.26,0.044,0.61,80,970,677,0,0,0.4,80,970,0,677,0.275,16.91,52.01,0.91,0.31,876,0.7,281,4.9,2024.0,220.0,0.0
2024,10,31,18,0,25.6,1.26,0.046,0.61,66,861,419,0,0,0.8,66,861,0,419,0.277,19.78,65.83,0.91,0.31,876,0.8,281,4.1,2024.0,220.0,0.0
2024,10,31,18,0,25.6,1.26,0.046,0.61,66,861,419,0,0,0.8,66,861,0,419,0.277,19.78,65.83,0.91,0.31,876,0.8,281,4.1,2024.0,220.0,0.0
2024,10,31,18,0,25.6,1.26,0.046,0.61,66,861,419,0,0,0.8,66,861,0,419,0.277,19.78,65.83,0.91,0.31,876,0.8,281,4.1,2024.0,220.0,0.0
2024,10,31,20,0,19.3,1.25,0.048,0.61,0,0,0,0,0,3.6,0,0,0,0,0.279,35.32,93.0,0.91,0.31,877,0.8,280,1.8,2024.0,220.0,0.0
2024,10,31,20,0,19.3,1.25,0.048,0.61,0,0,0,0,0,3.6,0,0,0,0,0.279,35.32,93.0,0.91,0.31,877,0.8,280,1.8,2024.0,220.0,65.187
2024,10,31,20,0,19.3,1.25,0.048,0.61,0,0,0,0,0,3.6,0,0,0,0,0.279,35.32,93.0,0.91,0.31,877,0.8,280,1.8,2024.0,220.0,70.267
2024,10,31,21,0,17.5,1.26,0.05,0.63,0,0,0,0,0,4.7,0,0,0,0,0.279,42.71,106.01,0.91,0.31,878,0.8,285,1.1,2024.0,220.0,70.057
2024,10,31,21,0,17.5,1.26,0.05,0.63,0,0,0,0,0,4.7,0,0,0,0,0.279,42.71,106.01,0.91,0.31,878,0.8,285,1.1,2024.0,220.0,65.788
2024,10,31,21,0,17.5,1.26,0.05,0.63,0,0,0,0,0,4.7,0,0,0,0,0.279,42.71,106.01,0.91,0.31,878,0.8,285,1.1,2024.0,220.0,72.521
2024,10,31,23,0,16.4,1.29,0.049,0.63,0,0,0,0,0,4.5,0,0,0,0,0.277,45.17,129.29,0.91,0.31,878,0.8,58,0.8,2024.0,220.0,66.588
2024,10,31,24,0,16.1,1.29,0.049,0.63,0,0,0,0,0,3.9,0,0,0,0,0.275,44.22,137.98,0.91,0.31,877,0.8,61,0.9,2024.0,220.0,67.624
2024,11,1,1,0,15.8,1.29,0.049,0.63,0,0,0,0,0,3.6,0,0,0,0,0.274,44.09,142.7,0.91,0.31,877,0.8,54,0.8,2024.0,220.0,67.498
2024,11,1,3,0,15.1,1.27,0.056,0.63,0,0,0,0,0,3.6,0,0,0,0,0.274,46.02,135.96,0.91,0.31,876,0.9,34,0.7,2024.0,220.0,72.795
2024,11,1,3,0,15.1,1.27,0.056,0.63,0,0,0,0,0,3.6,0,0,0,0,0.274,46.02,135.96,0.91,0.31,876,0.9,34,0.7,2024.0,220.0,72.88
2024,11,1,8,0,18.4,1.33,0.05,0.63,51,709,225,0,0,1.5,51,709,0,225,0.27,32.25,75.85,0.91,0.31,877,0.8,47,1.8,2024.0,220.0,65.398
2024,11,1,8,0,18.4,1.33,0.05,0.63,51,709,225,0,0,1.5,51,709,0,225,0.27,32.25,75.85,0.91,0.31,877,0.8,47,1.8,2024.0,220.0,0.0
2024,11,1,8,0,18.4,1.33,0.05,0.63,51,709,225,0,0,1.5,51,709,0,225,0.27,32.25,75.85,0.91,0.31,877,0.8,47,1.8,2024.0,220.0,0.0
2024,11,1,8,0,18.4,1.33,0.05,0.63,51,709,225,0,0,1.5,51,709,0,225,0.27,32.25,75.85,0.91,0.31,877,0.8,47,1.8,2024.0,220.0,0.0
2024,11,1,9,0,21.6,1.34,0.049,0.63,72,892,489,0,0,1.4,72,892,0,489,0.27,26.28,62.13,0.9,0.31,878,0.8,30,2.0,2024.0,220.0,0.0
2024,11,1,11,0,26.3,1.35,0.048,0.63,94,1029,943,0,0,-0.2,94,1029,0,943,0.27,17.59,34.44,0.9,0.31,877,0.7,284,4.2,2024.0,220.0,0.0
2024,11,1,15,0,27.8,1.29,0.056,0.63,104,1037,1048,0,0,1.6,104,1037,0,1048,0.272,18.4,24.37,0.92,0.31,876,0.8,272,5.4,2024.0,220.0,0.0
2024,11,1,15,0,27.8,1.29,0.056,0.63,104,1037,1048,0,0,1.6,104,1037,0,1048,0.272,18.4,24.37,0.92,0.31,876,0.8,272,5.4,2024.0,220.0,0.0
2024,11,1,20,0,19.0,1.26,0.058,0.63,0,0,0,0,0,3.9,0,0,0,0,0.272,36.82,92.87,0.93,0.31,877,0.9,254,1.9,2024.0,220.0,0.0
2024,11,1,20,0,19.0,1.26,0.058,0.63,0,0,0,0,0,3.9,0,0,0,0,0.272,36.82,92.87,0.93,0.31,877,0.9,254,1.9,2024.0,220.0,69.139
2024,11,1,20,0,19.0,1.26,0.058,0.63,0,0,0,0,0,3.9,0,0,0,0,0.272,36.82,92.87,0.93,0.31,877,0.9,254,1.9,2024.0,220.0,69.139
2024,11,1,20,0,19.0,1.26,0.058,0.63,0,0,0,0,0,3.9,0,0,0,0,0.272,36.82,92.87,0.93,0.31,877,0.9,254,1.9,2024.0,220.0,81.725
2024,11,1,21,0,17.2,1.26,0.057,0.63,0,0,0,0,0,5.0,0,0,0,0,0.272,44.39,105.86,0.93,0.32,878,0.8,239,1.0,2024.0,220.0,92.08
2024,11,2,1,0,15.6,1.27,0.055,0.63,0,0,0,0,0,3.9,0,0,0,0,0.273,45.56,142.39,0.91,0.32,878,0.8,77,1.1,2024.0,220.0,93.669
2024,11,2,1,0,15.6,1.27,0.055,0.63,0,0,0,0,0,3.9,0,0,0,0,0.273,45.56,142.39,0.91,0.32,878,0.8,77,1.1,2024.0,220.0,71.957
2024,11,2,3,0,15.1,1.25,0.06,0.63,0,0,0,0,0,3.7,0,0,0,0,0.272,46.5,135.7,0.92,0.32,877,0.9,42,0.7,2024.0,220.0,71.095
2024,11,2,7,0,14.7,1.24,0.068,0.63,11,115,13,0,1,2.7,11,115,0,13,0.272,44.3,88.97,0.92,0.32,877,0.9,60,1.3,2024.0,220.0,63.278
2024,11,2,7,0,14.7,1.24,0.068,0.63,11,115,13,0,1,2.7,11,115,0,13,0.272,44.3,88.97,0.92,0.32,877,0.9,60,1.3,2024.0,220.0,0.0
2024,11,2,8,0,17.5,1.26,0.063,0.63,55,681,223,0,0,2.3,55,681,0,223,0.272,36.09,75.74,0.92,0.32,877,0.9,74,1.9,2024.0,220.0,0.0
2024,11,2,9,0,21.4,1.29,0.057,0.63,76,877,487,0,0,1.7,76,877,0,487,0.271,27.24,62.03,0.91,0.32,877,0.9,115,1.6,2024.0,220.0,0.0
2024,11,2,9,0,21.4,1.29,0.057,0.63,76,877,487,0,0,1.7,76,877,0,487,0.271,27.24,62.03,0.91,0.32,877,0.9,115,1.6,2024.0,220.0,0.0
2024,11,2,9,0,21.4,1.29,0.057,0.63,76,877,487,0,0,1.7,76,877,0,487,0.271,27.24,62.03,0.91,0.32,877,0.9,115,1.6,2024.0,220.0,0.0
2024,11,2,10,0,24.6,1.3,0.055,0.63,89,971,737,0,0,0.8,89,971,0,737,0.271,20.96,48.19,0.91,0.32,877,0.8,211,2.0,2024.0,220.0,0.0
2024,11,2,10,0,24.6,1.3,0.055,0.63,89,971,737,0,0,0.8,89,971,0,737,0.271,20.96,48.19,0.91,0.32,877,0.8,211,2.0,2024.0,220.0,0.0
2024,11,2,10,0,24.6,1.3,0.055,0.63,89,971,737,0,0,0.8,89,971,0,737,0.271,20.96,48.19,0.91,0.32,877,0.8,211,2.0,2024.0,220.0,0.0
2024,11,2,20,0,19.0,1.07,0.061,0.63,0,0,0,0,0,5.8,0,0,0,0,0.259,42.12,92.75,0.94,0.32,878,1.0,243,1.6,2024.0,220.0,53.047
2024,11,2,21,0,17.2,1.07,0.061,0.63,0,0,0,0,0,6.6,0,0,0,0,0.259,49.88,105.71,0.93,0.32,878,1.0,246,0.7,2024.0,220.0,67.079
2024,11,3,1,0,15.3,1.1,0.074,0.63,0,0,0,0,0,6.5,0,0,0,0,0.26,55.59,142.08,0.93,0.32,879,1.1,36,1.3,2024.0,220.0,75.129
2024,11,3,3,0,14.4,1.12,0.083,0.63,0,0,0,0,0,6.7,0,0,0,0,0.26,59.87,135.44,0.94,0.32,878,1.2,339,1.1,2024.0,220.0,75.038
2024,11,3,7,0,14.2,1.2,0.067,0.63,12,119,14,7,3,5.7,3,0,7,3,0.259,56.53,88.85,0.93,0.32,878,1.1,66,1.1,2024.0,220.0,64.366
2024,11,3,8,0,17.8,1.2,0.066,0.63,57,673,224,0,0,5.2,57,673,0,224,0.258,43.32,75.64,0.93,0.32,878,1.0,62,1.6,2024.0,220.0,0.0
2024,11,3,8,0,17.8,1.2,0.066,0.63,57,673,224,0,0,5.2,57,673,0,224,0.258,43.32,75.64,0.93,0.32,878,1.0,62,1.6,2024.0,220.0,0.0
2024,11,3,20,0,18.2,1.16,0.063,0.63,0,0,0,0,0,5.7,0,0,0,0,0.265,43.9,92.62,0.94,0.32,879,1.0,259,2.0,2024.0,220.0,64.078
2024,11,3,20,0,18.2,1.16,0.063,0.63,0,0,0,0,0,5.7,0,0,0,0,0.265,43.9,92.62,0.94,0.32,879,1.0,259,2.0,2024.0,220.0,72.804
2024,11,3,22,0,15.7,1.15,0.063,0.63,0,0,0,0,0,6.8,0,0,0,0,0.265,55.38,117.74,0.94,0.31,880,1.1,317,0.7,2024.0,220.0,78.099
2024,11,3,22,0,15.7,1.15,0.063,0.63,0,0,0,0,0,6.8,0,0,0,0,0.265,55.38,117.74,0.94,0.31,880,1.1,317,0.7,2024.0,220.0,94.251
2024,11,3,23,0,15.2,1.17,0.062,0.63,0,0,0,0,0,6.7,0,0,0,0,0.264,56.76,128.62,0.94,0.31,880,1.1,28,0.9,2024.0,220.0,78.289
2024,11,3,24,0,14.9,1.2,0.061,0.63,0,0,0,0,0,6.4,0,0,0,0,0.264,56.74,137.16,0.94,0.31,880,1.1,34,1.0,2024.0,220.0,73.848
2024,11,3,24,0,14.9,1.2,0.061,0.63,0,0,0,0,0,6.4,0,0,0,0,0.264,56.74,137.16,0.94,0.31,880,1.1,34,1.0,2024.0,220.0,75.948
2024,11,4,1,0,14.9,1.21,0.062,0.63,0,0,0,0,0,6.2,0,0,0,0,0.264,56.1,141.77,0.94,0.31,879,1.1,22,1.0,2024.0,220.0,73.115
2024,11,4,2,0,14.5,1.21,0.063,0.63,0,0,0,0,0,6.4,0,0,0,0,0.264,58.15,141.02,0.94,0.31,879,1.1,357,1.0,2024.0,220.0,76.939
2024,11,4,8,0,17.6,1.26,0.052,0.63,53,702,229,0,0,5.0,53,702,0,229,0.265,43.44,75.54,0.94,0.31,878,1.0,85,2.0,2024.0,220.0,62.966
2024,11,4,8,0,17.6,1.26,0.052,0.63,53,702,229,0,0,5.0,53,702,0,229,0.265,43.44,75.54,0.94,0.31,878,1.0,85,2.0,2024.0,220.0,0.0
2024,11,4,8,0,17.6,1.26,0.052,0.63,53,702,229,0,0,5.0,53,702,0,229,0.265,43.44,75.54,0.94,0.31,878,1.0,85,2.0,2024.0,220.0,0.0
2024,11,4,8,0,17.6,1.26,0.052,0.63,53,702,229,0,0,5.0,53,702,0,229,0.265,43.44,75.54,0.94,0.31,878,1.0,85,2.0,2024.0,220.0,0.0
2024,11,4,17,0,27.9,1.14,0.053,0.63,86,953,677,0,0,0.4,86,953,0,677,0.252,16.72,51.65,0.93,0.31,877,0.9,242,5.1,2024.0,220.0,0.0
2024,11,4,17,0,27.9,1.14,0.053,0.63,86,953,677,0,0,0.4,86,953,0,677,0.252,16.72,51.65,0.93,0.31,877,0.9,242,5.1,2024.0,220.0,0.0
2024,11,4,18,0,26.6,1.1,0.052,0.63,70,857,427,0,0,0.5,70,857,0,427,0.251,18.19,65.44,0.92,0.31,877,0.8,237,4.4,2024.0,220.0,0.0
2024,11,4,18,0,26.6,1.1,0.052,0.63,70,857,427,0,0,0.5,70,857,0,427,0.251,18.19,65.44,0.92,0.31,877,0.8,237,4.4,2024.0,220.0,0.0
2024,11,4,19,0,24.2,1.06,0.052,0.63,46,625,165,0,0,1.0,46,625,0,165,0.251,21.87,79.05,0.92,0.31,877,0.8,236,3.7,2024.0,220.0,0.0
2024,11,4,20,0,20.3,1.03,0.052,0.63,0,0,0,0,0,2.4,0,0,0,0,0.251,30.58,92.49,0.92,0.31,878,0.8,241,2.2,2024.0,220.0,42.311
2024,11,4,20,0,20.3,1.03,0.052,0.63,0,0,0,0,0,2.4,0,0,0,0,0.251,30.58,92.49,0.92,0.31,878,0.8,241,2.2,2024.0,220.0,49.985
2024,11,4,20,0,20.3,1.03,0.052,0.63,0,0,0,0,0,2.4,0,0,0,0,0.251,30.58,92.49,0.92,0.31,878,0.8,241,2.2,2024.0,220.0,81.846
2024,11,4,20,0,20.3,1.03,0.052,0.63,0,0,0,0,0,2.4,0,0,0,0,0.251,30.58,92.49,0.92,0.31,878,0.8,241,2.2,2024.0,220.0,93.36
2024,11,4,20,0,20.3,1.03,0.052,0.63,0,0,0,0,0,2.4,0,0,0,0,0.251,30.58,92.49,0.92,0.31,878,0.8,241,2.2,2024.0,220.0,96.644
2024,11,4,21,0,18.1,1.01,0.051,0.63,0,0,0,0,0,3.7,0,0,0,0,0.251,38.43,105.4,0.92,0.32,879,0.8,237,1.5,2024.0,220.0,69.902
2024,11,4,21,0,18.1,1.01,0.051,0.63,0,0,0,0,0,3.7,0,0,0,0,0.251,38.43,105.4,0.92,0.32,879,0.8,237,1.5,2024.0,220.0,67.278
2024,11,4,21,0,18.1,1.01,0.051,0.63,0,0,0,0,0,3.7,0,0,0,0,0.251,38.43,105.4,0.92,0.32,879,0.8,237,1.5,2024.0,220.0,71.923
2024,11,4,21,0,18.1,1.01,0.051,0.63,0,0,0,0,0,3.7,0,0,0,0,0.251,38.43,105.4,0.92,0.32,879,0.8,237,1.5,2024.0,220.0,72.631
2024,11,4,22,0,17.3,1.01,0.051,0.63,0,0,0,0,0,4.1,0,0,0,0,0.251,41.44,117.56,0.92,0.32,879,0.8,208,0.6,2024.0,220.0,86.375
2024,11,4,22,0,17.3,1.01,0.051,0.63,0,0,0,0,0,4.1,0,0,0,0,0.251,41.44,117.56,0.92,0.32,879,0.8,208,0.6,2024.0,220.0,97.873
2024,11,4,23,0,16.8,1.02,0.049,0.63,0,0,0,0,0,3.7,0,0,0,0,0.251,41.81,128.39,0.91,0.32,879,0.8,81,0.4,2024.0,220.0,106.815
2024,11,4,24,0,16.4,1.03,0.048,0.63,0,0,0,0,0,3.1,0,0,0,0,0.252,41.03,136.89,0.91,0.32,879,0.8,64,0.7,2024.0,220.0,72.72
2024,11,4,24,0,16.4,1.03,0.048,0.63,0,0,0,0,0,3.1,0,0,0,0,0.252,41.03,136.89,0.91,0.32,879,0.8,64,0.7,2024.0,220.0,71.344
2024,11,5,1,0,16.2,1.04,0.048,0.63,0,0,0,0,0,2.7,0,0,0,0,0.254,40.44,141.47,0.91,0.32,878,0.7,54,0.8,2024.0,220.0,71.165
2024,11,5,1,0,16.2,1.04,0.048,0.63,0,0,0,0,0,2.7,0,0,0,0,0.254,40.44,141.47,0.91,0.32,878,0.7,54,0.8,2024.0,220.0,77.466
2024,11,5,2,0,15.9,1.03,0.049,0.63,0,0,0,0,0,2.9,0,0,0,0,0.255,41.66,140.73,0.91,0.32,878,0.7,36,0.8,2024.0,220.0,72.195
2024,11,5,3,0,15.3,1.03,0.053,0.63,0,0,0,0,0,3.3,0,0,0,0,0.257,44.46,134.93,0.91,0.32,877,0.7,10,0.7,2024.0,220.0,71.691
2024,11,5,6,0,13.9,1.08,0.051,0.63,0,0,0,0,3,3.3,0,0,0,0,0.263,48.79,102.01,0.92,0.32,877,0.7,43,0.7,2024.0,220.0,70.794
2024,11,5,6,0,13.9,1.08,0.051,0.63,0,0,0,0,3,3.3,0,0,0,0,0.263,48.79,102.01,0.92,0.32,877,0.7,43,0.7,2024.0,220.0,75.451
2024,11,5,7,0,14.8,1.1,0.049,0.63,13,174,17,0,1,2.7,13,174,0,17,0.264,44.04,88.65,0.91,0.32,878,0.7,60,0.9,2024.0,220.0,84.158
2024,11,5,7,0,14.8,1.1,0.049,0.63,13,174,17,0,1,2.7,13,174,0,17,0.264,44.04,88.65,0.91,0.32,878,0.7,60,0.9,2024.0,220.0,92.212
2024,11,5,8,0,19.0,1.12,0.048,0.63,53,725,235,0,0,2.2,53,725,0,235,0.264,32.58,75.44,0.91,0.32,878,0.7,61,1.6,2024.0,220.0,0.0
2024,11,5,9,0,22.6,1.14,0.047,0.63,73,911,504,0,0,1.5,73,911,0,504,0.264,24.87,61.77,0.91,0.32,878,0.6,339,1.6,2024.0,220.0,0.0
2024,11,5,9,0,22.6,1.14,0.047,0.63,73,911,504,0,0,1.5,73,911,0,504,0.264,24.87,61.77,0.91,0.32,878,0.6,339,1.6,2024.0,220.0,0.0
2024,11,5,19,0,22.3,0.94,0.067,0.63,50,587,163,0,0,4.8,50,587,0,163,0.265,32.04,78.94,0.94,0.32,877,0.9,255,3.4,2024.0,220.0,0.0
2024,11,5,19,0,22.3,0.94,0.067,0.63,50,587,163,0,0,4.8,50,587,0,163,0.265,32.04,78.94,0.94,0.32,877,0.9,255,3.4,2024.0,220.0,0.0
2024,11,5,20,0,19.3,0.92,0.068,0.63,0,0,0,0,0,5.9,0,0,0,0,0.265,41.58,92.36,0.94,0.32,878,0.9,262,1.9,2024.0,220.0,0.0
2024,11,5,20,0,19.3,0.92,0.068,0.63,0,0,0,0,0,5.9,0,0,0,0,0.265,41.58,92.36,0.94,0.32,878,0.9,262,1.9,2024.0,220.0,59.873
2024,11,5,20,0,19.3,0.92,0.068,0.63,0,0,0,0,0,5.9,0,0,0,0,0.265,41.58,92.36,0.94,0.32,878,0.9,262,1.9,2024.0,220.0,78.037
2024,11,5,20,0,19.3,0.92,0.068,0.63,0,0,0,0,0,5.9,0,0,0,0,0.265,41.58,92.36,0.94,0.32,878,0.9,262,1.9,2024.0,220.0,89.28
2024,11,5,20,0,19.3,0.92,0.068,0.63,0,0,0,0,0,5.9,0,0,0,0,0.265,41.58,92.36,0.94,0.32,878,0.9,262,1.9,2024.0,220.0,93.179
2024,11,5,21,0,17.4,0.9,0.071,0.63,0,0,0,0,0,7.0,0,0,0,0,0.265,50.45,105.25,0.94,0.32,878,0.9,268,1.2,2024.0,220.0,90.288
2024,11,5,21,0,17.4,0.9,0.071,0.63,0,0,0,0,0,7.0,0,0,0,0,0.265,50.45,105.25,0.94,0.32,878,0.9,268,1.2,2024.0,220.0,84.012
2024,11,5,21,0,17.4,0.9,0.071,0.63,0,0,0,0,0,7.0,0,0,0,0,0.265,50.45,105.25,0.94,0.32,878,0.9,268,1.2,2024.0,220.0,69.478
2024,11,5,21,0,17.4,0.9,0.071,0.63,0,0,0,0,0,7.0,0,0,0,0,0.265,50.45,105.25,0.94,0.32,878,0.9,268,1.2,2024.0,220.0,67.764
2024,11,5,22,0,16.4,0.91,0.074,0.63,0,0,0,0,0,7.5,0,0,0,0,0.265,55.5,117.37,0.94,0.32,879,0.9,287,0.6,2024.0,220.0,89.676
2024,11,5,22,0,16.4,0.91,0.074,0.63,0,0,0,0,0,7.5,0,0,0,0,0.265,55.5,117.37,0.94,0.32,879,0.9,287,0.6,2024.0,220.0,95.29
2024,11,5,24,0,15.8,0.95,0.071,0.63,0,0,0,0,0,7.2,0,0,0,0,0.265,56.45,136.62,0.94,0.32,878,0.9,55,0.8,2024.0,220.0,102.532
2024,11,5,24,0,15.8,0.95,0.071,0.63,0,0,0,0,0,7.2,0,0,0,0,0.265,56.45,136.62,0.94,0.32,878,0.9,55,0.8,2024.0,220.0,101.657
2024,11,6,1,0,15.5,0.96,0.071,0.63,0,0,0,0,0,6.9,0,0,0,0,0.266,56.66,141.17,0.94,0.32,878,0.9,43,1.0,2024.0,220.0,98.745
2024,11,6,3,0,14.3,0.96,0.075,0.63,0,0,0,0,0,7.0,0,0,0,0,0.266,61.49,134.68,0.94,0.32,878,0.9,0,1.0,2024.0,220.0,70.381
2024,11,6,5,0,13.7,1.02,0.067,0.63,0,0,0,0,0,6.6,0,0,0,0,0.265,62.1,114.24,0.93,0.32,877,0.8,48,0.9,2024.0,220.0,63.637
2024,11,6,6,0,13.6,1.05,0.063,0.63,0,0,0,0,3,5.9,0,0,0,0,0.264,59.5,101.88,0.93,0.32,877,0.8,79,1.1,2024.0,220.0,69.667
2024,11,6,6,0,13.6,1.05,0.063,0.63,0,0,0,0,3,5.9,0,0,0,0,0.264,59.5,101.88,0.93,0.32,877,0.8,79,1.1,2024.0,220.0,68.85
2024,11,6,7,0,14.4,1.07,0.06,0.63,14,155,18,0,1,5.0,14,155,0,18,0.264,53.26,88.55,0.93,0.32,878,0.7,85,1.2,2024.0,220.0,66.41
2024,11,6,7,0,14.4,1.07,0.06,0.63,14,155,18,0,1,5.0,14,155,0,18,0.264,53.26,88.55,0.93,0.32,878,0.7,85,1.2,2024.0,220.0,71.909
2024,11,6,8,0,18.3,1.09,0.059,0.63,57,706,235,0,0,4.4,57,706,0,235,0.264,39.75,75.35,0.93,0.32,878,0.7,73,2.1,2024.0,220.0,52.858
2024,11,6,8,0,18.3,1.09,0.059,0.63,57,706,235,0,0,4.4,57,706,0,235,0.264,39.75,75.35,0.93,0.32,878,0.7,73,2.1,2024.0,220.0,0.0
2024,11,6,8,0,18.3,1.09,0.059,0.63,57,706,235,0,0,4.4,57,706,0,235,0.264,39.75,75.35,0.93,0.32,878,0.7,73,2.1,2024.0,220.0,0.0
2024,11,6,20,0,20.1,1.08,0.056,0.63,0,0,0,0,0,2.9,0,0,0,0,0.268,31.97,92.23,0.94,0.32,877,0.7,275,2.6,2024.0,220.0,0.0
2024,11,6,20,0,20.1,1.08,0.056,0.63,0,0,0,0,0,2.9,0,0,0,0,0.268,31.97,92.23,0.94,0.32,877,0.7,275,2.6,2024.0,220.0,60.512
2024,11,6,20,0,20.1,1.08,0.056,0.63,0,0,0,0,0,2.9,0,0,0,0,0.268,31.97,92.23,0.94,0.32,877,0.7,275,2.6,2024.0,220.0,63.98
2024,11,6,20,0,20.1,1.08,0.056,0.63,0,0,0,0,0,2.9,0,0,0,0,0.268,31.97,92.23,0.94,0.32,877,0.7,275,2.6,2024.0,220.0,66.936
2024,11,6,20,0,20.1,1.08,0.056,0.63,0,0,0,0,0,2.9,0,0,0,0,0.268,31.97,92.23,0.94,0.32,877,0.7,275,2.6,2024.0,220.0,83.694
2024,11,6,21,0,18.0,1.08,0.056,0.63,0,0,0,0,0,4.1,0,0,0,0,0.269,39.85,105.09,0.93,0.32,878,0.7,280,1.5,2024.0,220.0,68.015
2024,11,6,21,0,18.0,1.08,0.056,0.63,0,0,0,0,0,4.1,0,0,0,0,0.269,39.85,105.09,0.93,0.32,878,0.7,280,1.5,2024.0,220.0,64.388
2024,11,6,21,0,18.0,1.08,0.056,0.63,0,0,0,0,0,4.1,0,0,0,0,0.269,39.85,105.09,0.93,0.32,878,0.7,280,1.5,2024.0,220.0,61.114
2024,11,6,21,0,18.0,1.08,0.056,0.63,0,0,0,0,0,4.1,0,0,0,0,0.269,39.85,105.09,0.93,0.32,878,0.7,280,1.5,2024.0,220.0,62.208
2024,11,6,21,0,18.0,1.08,0.056,0.63,0,0,0,0,0,4.1,0,0,0,0,0.269,39.85,105.09,0.93,0.32,878,0.7,280,1.5,2024.0,220.0,62.634
2024,11,6,22,0,17.1,1.08,0.057,0.63,0,0,0,0,0,4.5,0,0,0,0,0.271,43.34,117.18,0.93,0.32,878,0.7,324,0.5,2024.0,220.0,59.803
2024,11,6,22,0,17.1,1.08,0.057,0.63,0,0,0,0,0,4.5,0,0,0,0,0.271,43.34,117.18,0.93,0.32,878,0.7,324,0.5,2024.0,220.0,67.174
2024,11,6,23,0,16.7,1.09,0.057,0.63,0,0,0,0,0,4.2,0,0,0,0,0.272,43.58,127.94,0.93,0.32,878,0.7,37,0.8,2024.0,220.0,62.458
2024,11,6,23,0,16.7,1.09,0.057,0.63,0,0,0,0,0,4.2,0,0,0,0,0.272,43.58,127.94,0.93,0.32,878,0.7,37,0.8,2024.0,220.0,56.572
2024,11,6,23,0,16.7,1.09,0.057,0.63,0,0,0,0,0,4.2,0,0,0,0,0.272,43.58,127.94,0.93,0.32,878,0.7,37,0.8,2024.0,220.0,0.0
2024,11,6,24,0,16.5,1.09,0.057,0.63,0,0,0,0,0,3.8,0,0,0,0,0.273,42.65,136.36,0.93,0.32,878,0.7,42,1.0,2024.0,220.0,69.828
2024,11,6,24,0,16.5,1.09,0.057,0.63,0,0,0,0,0,3.8,0,0,0,0,0.273,42.65,136.36,0.93,0.32,878,0.7,42,1.0,2024.0,220.0,68.805
2024,11,6,24,0,16.5,1.09,0.057,0.63,0,0,0,0,0,3.8,0,0,0,0,0.273,42.65,136.36,0.93,0.32,878,0.7,42,1.0,2024.0,220.0,64.553
2024,11,6,24,0,16.5,1.09,0.057,0.63,0,0,0,0,0,3.8,0,0,0,0,0.273,42.65,136.36,0.93,0.32,878,0.7,42,1.0,2024.0,220.0,59.584
2024,11,7,1,0,16.4,1.1,0.057,0.63,0,0,0,0,0,3.6,0,0,0,0,0.274,42.37,140.88,0.93,0.32,878,0.7,32,1.0,2024.0,220.0,64.477
2024,11,7,2,0,15.9,1.1,0.058,0.63,0,0,0,0,0,3.7,0,0,0,0,0.275,44.16,140.16,0.93,0.32,878,0.8,20,1.0,2024.0,220.0,63.729
2024,11,7,4,0,14.9,1.11,0.057,0.63,0,0,0,0,0,3.6,0,0,0,0,0.276,46.71,125.27,0.93,0.32,877,0.7,43,1.0,2024.0,220.0,65.854
2024,11,7,4,0,14.9,1.11,0.057,0.63,0,0,0,0,0,3.6,0,0,0,0,0.276,46.71,125.27,0.93,0.32,877,0.7,43,1.0,2024.0,220.0,66.611
2024,11,7,5,0,14.8,1.11,0.055,0.63,0,0,0,0,0,3.1,0,0,0,0,0.276,45.4,114.09,0.93,0.32,877,0.7,61,1.1,2024.0,220.0,68.449
2024,11,7,6,0,14.9,1.12,0.054,0.63,0,0,0,0,0,2.4,0,0,0,0,0.275,42.96,101.75,0.92,0.32,877,0.7,66,1.2,2024.0,220.0,67.644
2024,11,7,7,0,15.5,1.11,0.053,0.63,14,181,19,0,1,1.7,14,181,0,19,0.274,39.31,88.45,0.92,0.32,877,0.7,63,1.3,2024.0,220.0,68.068
2024,11,7,7,0,15.5,1.11,0.053,0.63,14,181,19,0,1,1.7,14,181,0,19,0.274,39.31,88.45,0.92,0.32,877,0.7,63,1.3,2024.0,220.0,88.71
2024,11,7,7,0,15.5,1.11,0.053,0.63,14,181,19,0,1,1.7,14,181,0,19,0.274,39.31,88.45,0.92,0.32,877,0.7,63,1.3,2024.0,220.0,94.189
2024,11,7,8,0,18.8,1.11,0.053,0.63,55,719,237,0,0,1.8,55,719,0,237,0.273,32.08,75.27,0.92,0.32,878,0.7,24,2.1,2024.0,220.0,88.272
2024,11,7,8,0,18.8,1.11,0.053,0.63,55,719,237,0,0,1.8,55,719,0,237,0.273,32.08,75.27,0.92,0.32,878,0.7,24,2.1,2024.0,220.0,0.0
2024,11,7,13,0,29.6,1.12,0.057,0.63,111,1060,1161,0,0,-0.3,111,1060,0,1161,0.267,14.4,7.8,0.93,0.32,877,0.7,259,5.7,2024.0,220.0,0.0
2024,11,7,14,0,29.7,1.09,0.06,0.63,113,1055,1151,0,0,0.0,113,1055,0,1151,0.266,14.62,10.61,0.94,0.32,877,0.7,257,5.9,2024.0,220.0,0.0
2024,11,7,20,0,20.0,0.97,0.061,0.63,0,0,0,0,0,2.8,0,0,0,0,0.266,32.03,92.09,0.93,0.32,877,0.7,246,1.6,2024.0,220.0,63.983
2024,11,7,20,0,20.0,0.97,0.061,0.63,0,0,0,0,0,2.8,0,0,0,0,0.266,32.03,92.09,0.93,0.32,877,0.7,246,1.6,2024.0,220.0,73.559
2024,11,7,21,0,17.9,0.96,0.061,0.63,0,0,0,0,0,4.1,0,0,0,0,0.267,40.12,104.94,0.93,0.32,878,0.7,238,1.0,2024.0,220.0,69.671
2024,11,7,21,0,17.9,0.96,0.061,0.63,0,0,0,0,0,4.1,0,0,0,0,0.267,40.12,104.94,0.93,0.32,878,0.7,238,1.0,2024.0,220.0,74.372
2024,11,7,23,0,16.6,0.96,0.061,0.63,0,0,0,0,0,4.3,0,0,0,0,0.268,44.16,127.72,0.93,0.32,879,0.7,97,0.8,2024.0,220.0,88.262
2024,11,8,1,0,15.9,0.98,0.059,0.63,0,0,0,0,0,3.2,0,0,0,0,0.266,42.67,140.59,0.92,0.32,878,0.7,71,1.1,2024.0,220.0,92.438
2024,11,8,3,0,15.7,0.99,0.059,0.63,0,0,0,0,0,2.6,0,0,0,0,0.264,41.45,134.2,0.92,0.32,877,0.7,73,1.1,2024.0,220.0,72.486
2024,11,8,4,0,15.5,0.98,0.062,0.63,0,0,0,0,0,2.5,0,0,0,0,0.263,41.7,125.08,0.92,0.32,877,0.7,71,1.1,2024.0,220.0,93.139
2024,11,8,6,0,15.2,0.98,0.065,0.63,0,0,0,0,1,2.3,0,0,0,0,0.263,41.83,101.63,0.92,0.32,877,0.7,53,1.2,2024.0,220.0,72.922
2024,11,8,6,0,15.2,0.98,0.065,0.63,0,0,0,0,1,2.3,0,0,0,0,0.263,41.83,101.63,0.92,0.32,877,0.7,53,1.2,2024.0,220.0,91.528
2024,11,8,7,0,15.4,0.99,0.066,0.63,15,152,19,7,3,2.1,15,152,5,19,0.262,40.81,88.36,0.93,0.32,878,0.7,41,1.2,2024.0,220.0,98.097
2024,11,8,7,0,15.4,0.99,0.066,0.63,15,152,19,7,3,2.1,15,152,5,19,0.262,40.81,88.36,0.93,0.32,878,0.7,41,1.2,2024.0,220.0,115.51
2024,11,8,8,0,18.3,1.01,0.063,0.63,58,700,237,0,0,2.1,58,700,0,237,0.262,33.95,75.19,0.93,0.32,878,0.7,18,2.2,2024.0,220.0,69.535
2024,11,8,8,0,18.3,1.01,0.063,0.63,58,700,237,0,0,2.1,58,700,0,237,0.262,33.95,75.19,0.93,0.32,878,0.7,18,2.2,2024.0,220.0,0.0
2024,11,8,19,0,23.3,1.0,0.068,0.63,52,603,171,0,0,2.7,52,603,0,171,0.267,25.92,78.6,0.94,0.32,876,0.8,250,3.9,2024.0,220.0,56.903
2024,11,8,20,0,19.9,0.99,0.068,0.63,0,0,0,0,0,4.0,0,0,0,0,0.268,34.98,91.96,0.94,0.32,876,0.8,256,2.2,2024.0,220.0,78.509
2024,11,8,20,0,19.9,0.99,0.068,0.63,0,0,0,0,0,4.0,0,0,0,0,0.268,34.98,91.96,0.94,0.32,876,0.8,256,2.2,2024.0,220.0,87.189
2024,11,8,21,0,17.8,0.98,0.069,0.63,0,0,0,0,0,5.2,0,0,0,0,0.267,43.58,104.78,0.94,0.32,877,0.8,255,1.5,2024.0,220.0,97.63
2024,11,8,21,0,17.8,0.98,0.069,0.63,0,0,0,0,0,5.2,0,0,0,0,0.267,43.58,104.78,0.94,0.32,877,0.8,255,1.5,2024.0,220.0,99.296
2024,11,8,22,0,16.9,0.97,0.07,0.63,0,0,0,0,0,5.6,0,0,0,0,0.267,47.35,116.81,0.94,0.32,877,0.8,250,1.0,2024.0,220.0,107.296
2024,11,8,23,0,16.5,0.97,0.07,0.63,0,0,0,0,0,5.4,0,0,0,0,0.266,47.91,127.49,0.94,0.32,877,0.9,89,1.0,2024.0,220.0,114.748
2024,11,8,23,0,16.5,0.97,0.07,0.63,0,0,0,0,0,5.4,0,0,0,0,0.266,47.91,127.49,0.94,0.32,877,0.9,89,1.0,2024.0,220.0,268.868
2024,11,8,23,0,16.5,0.97,0.07,0.63,0,0,0,0,0,5.4,0,0,0,0,0.266,47.91,127.49,0.94,0.32,877,0.9,89,1.0,2024.0,220.0,456.597
2024,11,8,24,0,16.2,0.97,0.07,0.63,0,0,0,0,0,5.0,0,0,0,0,0.266,47.4,135.83,0.94,0.32,877,0.8,85,1.0,2024.0,220.0,382.751
2024,11,8,24,0,16.2,0.97,0.07,0.63,0,0,0,0,0,5.0,0,0,0,0,0.266,47.4,135.83,0.94,0.32,877,0.8,85,1.0,2024.0,220.0,288.554
2024,11,8,24,0,16.2,0.97,0.07,0.63,0,0,0,0,0,5.0,0,0,0,0,0.266,47.4,135.83,0.94,0.32,877,0.8,85,1.0,2024.0,220.0,154.584
2024,11,8,24,0,16.2,0.97,0.07,0.63,0,0,0,0,0,5.0,0,0,0,0,0.266,47.4,135.83,0.94,0.32,877,0.8,85,1.0,2024.0,220.0,128.213
2024,11,8,24,0,16.2,0.97,0.07,0.63,0,0,0,0,0,5.0,0,0,0,0,0.266,47.4,135.83,0.94,0.32,877,0.8,85,1.0,2024.0,220.0,115.381
2024,11,9,1,0,16.1,0.97,0.072,0.63,0,0,0,0,0,4.7,0,0,0,0,0.265,46.86,140.3,0.94,0.32,877,0.8,82,1.0,2024.0,220.0,73.718
2024,11,9,1,0,16.1,0.97,0.072,0.63,0,0,0,0,0,4.7,0,0,0,0,0.265,46.86,140.3,0.94,0.32,877,0.8,82,1.0,2024.0,220.0,103.474
2024,11,9,2,0,15.7,0.95,0.077,0.63,0,0,0,0,0,4.9,0,0,0,0,0.265,48.74,139.6,0.94,0.32,876,0.9,39,0.8,2024.0,220.0,73.844
2024,11,9,4,0,13.6,0.95,0.094,0.63,0,0,0,0,0,6.0,0,0,0,0,0.265,60.24,124.9,0.94,0.32,876,0.9,294,0.5,2024.0,220.0,71.64
2024,11,9,5,0,13.1,0.95,0.092,0.63,0,0,0,0,3,6.4,0,0,0,0,0.265,63.77,113.79,0.95,0.32,877,0.9,303,0.4,2024.0,220.0,74.629
2024,11,9,5,0,13.1,0.95,0.092,0.63,0,0,0,0,3,6.4,0,0,0,0,0.265,63.77,113.79,0.95,0.32,877,0.9,303,0.4,2024.0,220.0,75.162
2024,11,9,7,0,13.6,1.0,0.097,0.63,16,103,19,7,7,6.3,15,1,7,15,0.264,61.14,88.28,0.95,0.32,877,1.0,82,0.6,2024.0,220.0,101.081
2024,11,9,7,0,13.6,1.0,0.097,0.63,16,103,19,7,7,6.3,15,1,7,15,0.264,61.14,88.28,0.95,0.32,877,1.0,82,0.6,2024.0,220.0,67.268
2024,11,9,7,0,13.6,1.0,0.097,0.63,16,103,19,7,7,6.3,15,1,7,15,0.264,61.14,88.28,0.95,0.32,877,1.0,82,0.6,2024.0,220.0,62.036
2024,11,9,8,0,16.5,1.03,0.09,0.63,66,640,231,0,0,6.0,66,640,0,231,0.264,49.98,75.11,0.95,0.32,878,1.0,87,0.8,2024.0,220.0,0.0
2024,11,9,16,0,27.0,1.15,0.079,0.63,112,971,884,0,0,4.6,112,971,0,884,0.265,23.87,37.33,0.95,0.32,877,1.3,292,5.9,2024.0,220.0,0.0
2024,11,9,20,0,19.3,1.13,0.075,0.63,0,0,0,0,0,5.2,0,0,0,0,0.268,39.59,91.82,0.95,0.32,878,1.1,289,2.5,2024.0,220.0,55.532
2024,11,9,20,0,19.3,1.13,0.075,0.63,0,0,0,0,0,5.2,0,0,0,0,0.268,39.59,91.82,0.95,0.32,878,1.1,289,2.5,2024.0,220.0,68.093
2024,11,9,20,0,19.3,1.13,0.075,0.63,0,0,0,0,0,5.2,0,0,0,0,0.268,39.59,91.82,0.95,0.32,878,1.1,289,2.5,2024.0,220.0,71.734
2024,11,9,21,0,17.0,1.12,0.075,0.63,0,0,0,0,0,6.0,0,0,0,0,0.268,48.47,104.62,0.95,0.32,879,1.1,289,1.5,2024.0,220.0,68.058
2024,11,9,21,0,17.0,1.12,0.075,0.63,0,0,0,0,0,6.0,0,0,0,0,0.268,48.47,104.62,0.95,0.32,879,1.1,289,1.5,2024.0,220.0,73.918
2024,11,9,21,0,17.0,1.12,0.075,0.63,0,0,0,0,0,6.0,0,0,0,0,0.268,48.47,104.62,0.95,0.32,879,1.1,289,1.5,2024.0,220.0,81.174
2024,11,9,22,0,15.7,1.1,0.076,0.63,0,0,0,0,0,6.5,0,0,0,0,0.268,54.23,116.62,0.95,0.32,879,1.1,304,0.6,2024.0,220.0,94.664
2024,11,9,24,0,14.9,1.1,0.073,0.63,0,0,0,0,0,6.6,0,0,0,0,0.267,57.64,135.57,0.95,0.32,880,1.1,330,0.8,2024.0,220.0,75.928
2024,11,10,1,0,14.4,1.11,0.072,0.63,0,0,0,0,0,6.6,0,0,0,0,0.267,59.46,140.02,0.95,0.32,879,1.1,316,0.9,2024.0,220.0,75.085
2024,11,10,1,0,14.4,1.11,0.072,0.63,0,0,0,0,0,6.6,0,0,0,0,0.267,59.46,140.02,0.95,0.32,879,1.1,316,0.9,2024.0,220.0,73.64
2024,11,10,3,0,13.6,1.13,0.071,0.63,0,0,0,0,0,6.4,0,0,0,0,0.268,61.87,133.74,0.95,0.32,879,1.0,326,0.9,2024.0,220.0,74.815
2024,11,10,4,0,13.4,1.14,0.07,0.63,0,0,0,0,0,6.2,0,0,0,0,0.269,61.6,124.72,0.95,0.32,879,1.0,20,0.9,2024.0,220.0,72.888
2024,11,10,4,0,13.4,1.14,0.07,0.63,0,0,0,0,0,6.2,0,0,0,0,0.269,61.6,124.72,0.95,0.32,879,1.0,20,0.9,2024.0,220.0,74.796
2024,11,10,6,0,13.4,1.15,0.07,0.63,0,0,0,0,0,5.4,0,0,0,0,0.27,58.6,101.41,0.95,0.32,879,1.0,100,0.8,2024.0,220.0,71.682
2024,11,10,6,0,13.4,1.15,0.07,0.63,0,0,0,0,0,5.4,0,0,0,0,0.27,58.6,101.41,0.95,0.32,879,1.0,100,0.8,2024.0,220.0,74.057
2024,11,10,8,0,17.8,1.15,0.07,0.63,61,683,237,0,0,4.7,61,683,0,237,0.27,41.9,75.04,0.95,0.32,880,0.9,90,1.7,2024.0,220.0,0.0
2024,11,10,20,0,20.3,1.15,0.074,0.63,0,0,0,0,0,2.7,0,0,0,0,0.275,31.27,91.69,0.95,0.32,879,1.0,269,2.1,2024.0,220.0,36.357
2024,11,10,21,0,18.0,1.15,0.078,0.63,0,0,0,0,0,4.6,0,0,0,0,0.275,41.04,104.46,0.95,0.32,880,1.0,274,1.1,2024.0,220.0,57.737
2024,11,10,21,0,18.0,1.15,0.078,0.63,0,0,0,0,0,4.6,0,0,0,0,0.275,41.04,104.46,0.95,0.32,880,1.0,274,1.1,2024.0,220.0,64.386
2024,11,10,22,0,16.6,1.15,0.081,0.63,0,0,0,0,0,5.3,0,0,0,0,0.275,47.07,116.44,0.95,0.32,880,1.0,299,0.4,2024.0,220.0,67.709
2024,11,10,22,0,16.6,1.15,0.081,0.63,0,0,0,0,0,5.3,0,0,0,0,0.275,47.07,116.44,0.95,0.32,880,1.0,299,0.4,2024.0,220.0,68.605
2024,11,10,24,0,15.8,1.17,0.084,0.63,0,0,0,0,0,4.9,0,0,0,0,0.274,48.29,135.31,0.95,0.32,881,1.1,30,1.1,2024.0,220.0,67.518
2024,11,11,1,0,15.4,1.17,0.085,0.63,0,0,0,0,0,4.7,0,0,0,0,0.274,48.87,139.74,0.95,0.32,881,1.1,23,1.1,2024.0,220.0,65.346
2024,11,11,3,0,14.1,1.18,0.087,0.63,0,0,0,0,0,5.0,0,0,0,0,0.272,54.28,133.52,0.96,0.32,880,1.1,340,1.0,2024.0,220.0,69.367
2024,11,11,6,0,13.3,1.23,0.071,0.63,0,0,0,0,0,4.0,0,0,0,0,0.271,53.28,101.3,0.95,0.32,880,1.1,68,0.9,2024.0,220.0,66.039
2024,11,11,8,0,18.1,1.23,0.064,0.63,58,692,238,0,0,2.0,58,692,0,238,0.273,34.0,74.98,0.94,0.32,880,1.0,102,1.4,2024.0,220.0,47.887
2024,11,11,8,0,18.1,1.23,0.064,0.63,58,692,238,0,0,2.0,58,692,0,238,0.273,34.0,74.98,0.94,0.32,880,1.0,102,1.4,2024.0,220.0,0.0
2024,11,11,20,0,20.2,1.2,0.067,0.63,0,0,0,0,0,4.2,0,0,0,0,0.271,34.93,91.55,0.94,0.32,878,1.1,270,2.2,2024.0,220.0,60.508
2024,11,11,20,0,20.2,1.2,0.067,0.63,0,0,0,0,0,4.2,0,0,0,0,0.271,34.93,91.55,0.94,0.32,878,1.1,270,2.2,2024.0,220.0,67.384
2024,11,11,22,0,16.7,1.18,0.068,0.63,0,0,0,0,0,6.4,0,0,0,0,0.27,50.55,116.25,0.94,0.32,879,1.1,316,0.4,2024.0,220.0,65.631
2024,11,11,22,0,16.7,1.18,0.068,0.63,0,0,0,0,0,6.4,0,0,0,0,0.27,50.55,116.25,0.94,0.32,879,1.1,316,0.4,2024.0,220.0,71.967
2024,11,11,22,0,16.7,1.18,0.068,0.63,0,0,0,0,0,6.4,0,0,0,0,0.27,50.55,116.25,0.94,0.32,879,1.1,316,0.4,2024.0,220.0,66.719
2024,11,11,23,0,16.2,1.18,0.07,0.63,0,0,0,0,0,6.4,0,0,0,0,0.27,52.21,126.83,0.94,0.32,879,1.1,29,0.7,2024.0,220.0,73.258
2024,11,11,24,0,15.8,1.19,0.072,0.63,0,0,0,0,0,6.1,0,0,0,0,0.27,52.58,135.06,0.94,0.32,879,1.1,53,1.0,2024.0,220.0,70.808
2024,11,11,24,0,15.8,1.19,0.072,0.63,0,0,0,0,0,6.1,0,0,0,0,0.27,52.58,135.06,0.94,0.32,879,1.1,53,1.0,2024.0,220.0,72.462
2024,11,12,1,0,15.6,1.2,0.074,0.63,0,0,0,0,0,6.0,0,0,0,0,0.27,52.66,139.47,0.94,0.32,878,1.1,55,1.0,2024.0,220.0,69.947
2024,11,12,3,0,14.9,1.18,0.083,0.63,0,0,0,0,0,6.2,0,0,0,0,0.27,55.92,133.31,0.94,0.32,877,1.2,13,0.7,2024.0,220.0,74.539
2024,11,12,4,0,14.4,1.17,0.087,0.63,0,0,0,0,0,6.4,0,0,0,0,0.271,58.46,124.38,0.94,0.32,877,1.2,345,0.7,2024.0,220.0,70.016
2024,11,12,6,0,14.0,1.19,0.084,0.63,0,0,0,0,1,6.2,0,0,0,0,0.272,59.17,101.2,0.94,0.32,877,1.2,68,0.8,2024.0,220.0,73.716
2024,11,12,6,0,14.0,1.19,0.084,0.63,0,0,0,0,1,6.2,0,0,0,0,0.272,59.17,101.2,0.94,0.32,877,1.2,68,0.8,2024.0,220.0,97.024
2024,11,12,7,0,14.6,1.21,0.08,0.63,16,152,21,7,3,5.7,6,0,7,6,0.272,55.1,88.05,0.94,0.32,877,1.2,91,0.8,2024.0,220.0,260.348
2024,11,12,7,0,14.6,1.21,0.08,0.63,16,152,21,7,3,5.7,6,0,7,6,0.272,55.1,88.05,0.94,0.32,877,1.2,91,0.8,2024.0,220.0,106.397
2024,11,12,7,0,14.6,1.21,0.08,0.63,16,152,21,7,3,5.7,6,0,7,6,0.272,55.1,88.05,0.94,0.32,877,1.2,91,0.8,2024.0,220.0,102.049
2024,11,12,7,0,14.6,1.21,0.08,0.63,16,152,21,7,3,5.7,6,0,7,6,0.272,55.1,88.05,0.94,0.32,877,1.2,91,0.8,2024.0,220.0,77.948
2024,11,12,7,0,14.6,1.21,0.08,0.63,16,152,21,7,3,5.7,6,0,7,6,0.272,55.1,88.05,0.94,0.32,877,1.2,91,0.8,2024.0,220.0,78.849
2024,11,12,8,0,17.8,1.23,0.075,0.63,61,671,236,0,0,5.0,61,671,0,236,0.273,42.89,74.92,0.94,0.32,878,1.1,86,1.2,2024.0,220.0,74.827
2024,11,12,8,0,17.8,1.23,0.075,0.63,61,671,236,0,0,5.0,61,671,0,236,0.273,42.89,74.92,0.94,0.32,878,1.1,86,1.2,2024.0,220.0,64.986
2024,11,12,8,0,17.8,1.23,0.075,0.63,61,671,236,0,0,5.0,61,671,0,236,0.273,42.89,74.92,0.94,0.32,878,1.1,86,1.2,2024.0,220.0,63.743
2024,11,12,8,0,17.8,1.23,0.075,0.63,61,671,236,0,0,5.0,61,671,0,236,0.273,42.89,74.92,0.94,0.32,878,1.1,86,1.2,2024.0,220.0,0.0
2024,11,12,20,0,19.4,1.12,0.081,0.63,0,0,0,0,0,5.4,0,0,0,0,0.279,39.72,91.41,0.95,0.32,876,0.9,272,2.6,2024.0,220.0,59.982
2024,11,12,20,0,19.4,1.12,0.081,0.63,0,0,0,0,0,5.4,0,0,0,0,0.279,39.72,91.41,0.95,0.32,876,0.9,272,2.6,2024.0,220.0,62.995
2024,11,12,20,0,19.4,1.12,0.081,0.63,0,0,0,0,0,5.4,0,0,0,0,0.279,39.72,91.41,0.95,0.32,876,0.9,272,2.6,2024.0,220.0,65.14
2024,11,12,20,0,19.4,1.12,0.081,0.63,0,0,0,0,0,5.4,0,0,0,0,0.279,39.72,91.41,0.95,0.32,876,0.9,272,2.6,2024.0,220.0,69.252
2024,11,12,20,0,19.4,1.12,0.081,0.63,0,0,0,0,0,5.4,0,0,0,0,0.279,39.72,91.41,0.95,0.32,876,0.9,272,2.6,2024.0,220.0,226.151
2024,11,12,20,0,19.4,1.12,0.081,0.63,0,0,0,0,0,5.4,0,0,0,0,0.279,39.72,91.41,0.95,0.32,876,0.9,272,2.6,2024.0,220.0,232.737
2024,11,12,21,0,17.3,1.11,0.084,0.63,0,0,0,0,0,6.5,0,0,0,0,0.279,48.94,104.14,0.95,0.32,877,1.0,278,1.4,2024.0,220.0,258.004
2024,11,12,21,0,17.3,1.11,0.084,0.63,0,0,0,0,0,6.5,0,0,0,0,0.279,48.94,104.14,0.95,0.32,877,1.0,278,1.4,2024.0,220.0,223.682
2024,11,12,21,0,17.3,1.11,0.084,0.63,0,0,0,0,0,6.5,0,0,0,0,0.279,48.94,104.14,0.95,0.32,877,1.0,278,1.4,2024.0,220.0,87.428
2024,11,12,21,0,17.3,1.11,0.084,0.63,0,0,0,0,0,6.5,0,0,0,0,0.279,48.94,104.14,0.95,0.32,877,1.0,278,1.4,2024.0,220.0,67.096
2024,11,12,22,0,16.2,1.11,0.087,0.63,0,0,0,0,0,6.9,0,0,0,0,0.279,54.19,116.06,0.95,0.32,877,1.0,310,0.5,2024.0,220.0,73.205
2024,11,12,23,0,15.8,1.12,0.087,0.63,0,0,0,0,0,7.0,0,0,0,0,0.28,56.0,126.61,0.95,0.32,878,1.0,8,0.6,2024.0,220.0,77.617
2024,11,12,23,0,15.8,1.12,0.087,0.63,0,0,0,0,0,7.0,0,0,0,0,0.28,56.0,126.61,0.95,0.32,878,1.0,8,0.6,2024.0,220.0,76.578
2024,11,13,1,0,15.1,1.13,0.086,0.63,0,0,0,0,0,6.8,0,0,0,0,0.279,57.58,139.2,0.95,0.32,877,1.0,30,0.9,2024.0,220.0,85.123
2024,11,13,1,0,15.1,1.13,0.086,0.63,0,0,0,0,0,6.8,0,0,0,0,0.279,57.58,139.2,0.95,0.32,877,1.0,30,0.9,2024.0,220.0,76.695
2024,11,13,1,0,15.1,1.13,0.086,0.63,0,0,0,0,0,6.8,0,0,0,0,0.279,57.58,139.2,0.95,0.32,877,1.0,30,0.9,2024.0,220.0,73.586
2024,11,13,1,0,15.1,1.13,0.086,0.63,0,0,0,0,0,6.8,0,0,0,0,0.279,57.58,139.2,0.95,0.32,877,1.0,30,0.9,2024.0,220.0,71.86
2024,11,13,2,0,14.7,1.13,0.087,0.63,0,0,0,0,0,6.8,0,0,0,0,0.279,59.24,138.56,0.95,0.32,877,1.0,7,1.0,2024.0,220.0,71.814
2024,11,13,3,0,14.1,1.12,0.089,0.63,0,0,0,0,0,7.1,0,0,0,0,0.279,62.72,133.1,0.95,0.32,877,1.0,345,0.8,2024.0,220.0,71.867
2024,11,13,5,0,13.5,1.14,0.085,0.63,0,0,0,0,0,7.2,0,0,0,0,0.279,65.74,113.26,0.95,0.32,877,0.9,10,0.6,2024.0,220.0,74.071
2024,11,13,6,0,13.5,1.16,0.08,0.63,0,0,0,0,1,6.8,0,0,0,0,0.279,63.78,101.1,0.95,0.32,877,0.9,51,0.6,2024.0,220.0,70.405
2024,11,13,7,0,14.4,1.18,0.076,0.63,17,168,22,0,1,6.1,17,168,0,22,0.279,57.49,87.98,0.94,0.32,877,0.9,62,0.7,2024.0,220.0,63.171
2024,11,13,7,0,14.4,1.18,0.076,0.63,17,168,22,0,1,6.1,17,168,0,22,0.279,57.49,87.98,0.94,0.32,877,0.9,62,0.7,2024.0,220.0,0.0
2024,11,13,8,0,17.8,1.2,0.072,0.63,61,686,240,0,0,5.3,61,686,0,240,0.279,43.88,74.86,0.94,0.32,878,0.9,43,1.2,2024.0,220.0,55.793
2024,11,13,8,0,17.8,1.2,0.072,0.63,61,686,240,0,0,5.3,61,686,0,240,0.279,43.88,74.86,0.94,0.32,878,0.9,43,1.2,2024.0,220.0,0.0
2024,11,13,10,0,23.7,1.24,0.065,0.63,96,963,747,0,0,2.9,96,963,0,747,0.28,25.69,47.53,0.94,0.32,878,0.9,310,2.2,2024.0,220.0,0.0
2024,11,13,18,0,25.1,1.22,0.059,0.63,74,843,437,0,0,2.7,74,843,0,437,0.276,23.35,64.51,0.94,0.32,876,1.2,284,4.8,2024.0,220.0,0.0
2024,11,13,19,0,22.7,1.22,0.06,0.63,50,625,180,0,0,3.3,50,625,0,180,0.276,28.12,78.0,0.94,0.32,876,1.2,288,4.2,2024.0,220.0,0.0
2024,11,13,19,0,22.7,1.22,0.06,0.63,50,625,180,0,0,3.3,50,625,0,180,0.276,28.12,78.0,0.94,0.32,876,1.2,288,4.2,2024.0,220.0,0.0
2024,11,13,20,0,19.6,1.21,0.061,0.63,0,0,0,0,0,4.6,0,0,0,0,0.277,37.24,91.28,0.94,0.32,877,1.2,291,2.6,2024.0,220.0,53.296
2024,11,13,20,0,19.6,1.21,0.061,0.63,0,0,0,0,0,4.6,0,0,0,0,0.277,37.24,91.28,0.94,0.32,877,1.2,291,2.6,2024.0,220.0,80.185
2024,11,13,20,0,19.6,1.21,0.061,0.63,0,0,0,0,0,4.6,0,0,0,0,0.277,37.24,91.28,0.94,0.32,877,1.2,291,2.6,2024.0,220.0,90.241
2024,11,13,21,0,17.5,1.2,0.064,0.63,0,0,0,0,0,5.9,0,0,0,0,0.277,46.46,103.98,0.94,0.32,878,1.2,300,1.6,2024.0,220.0,81.411
2024,11,13,24,0,15.4,1.19,0.068,0.63,0,0,0,0,0,7.3,0,0,0,0,0.276,58.43,134.56,0.94,0.32,879,1.3,20,1.0,2024.0,220.0,79.298
2024,11,14,1,0,15.1,1.19,0.068,0.63,0,0,0,0,0,7.6,0,0,0,0,0.275,60.68,138.94,0.94,0.32,878,1.3,20,1.0,2024.0,220.0,74.664
2024,11,14,1,0,15.1,1.19,0.068,0.63,0,0,0,0,0,7.6,0,0,0,0,0.275,60.68,138.94,0.94,0.32,878,1.3,20,1.0,2024.0,220.0,69.301
2024,11,14,1,0,15.1,1.19,0.068,0.63,0,0,0,0,0,7.6,0,0,0,0,0.275,60.68,138.94,0.94,0.32,878,1.3,20,1.0,2024.0,220.0,67.678
2024,11,14,2,0,14.8,1.18,0.069,0.63,0,0,0,0,0,7.9,0,0,0,0,0.275,63.18,138.32,0.94,0.32,878,1.3,14,1.1,2024.0,220.0,71.788
2024,11,14,2,0,14.8,1.18,0.069,0.63,0,0,0,0,0,7.9,0,0,0,0,0.275,63.18,138.32,0.94,0.32,878,1.3,14,1.1,2024.0,220.0,69.827
2024,11,14,3,0,14.5,1.18,0.07,0.63,0,0,0,0,0,8.1,0,0,0,0,0.274,65.51,132.9,0.94,0.32,878,1.4,8,1.0,2024.0,220.0,64.011
2024,11,14,3,0,14.5,1.18,0.07,0.63,0,0,0,0,0,8.1,0,0,0,0,0.274,65.51,132.9,0.94,0.32,878,1.4,8,1.0,2024.0,220.0,73.911
2024,11,14,4,0,14.4,1.18,0.071,0.63,0,0,0,0,0,8.2,0,0,0,0,0.274,66.29,124.05,0.94,0.32,877,1.4,10,0.9,2024.0,220.0,73.755
2024,11,14,4,0,14.4,1.18,0.071,0.63,0,0,0,0,0,8.2,0,0,0,0,0.274,66.29,124.05,0.94,0.32,877,1.4,10,0.9,2024.0,220.0,73.716
2024,11,14,5,0,14.3,1.18,0.072,0.63,0,0,0,0,1,8.1,0,0,0,0,0.274,66.43,113.14,0.94,0.32,877,1.4,34,0.8,2024.0,220.0,70.98
2024,11,14,6,0,14.1,1.18,0.071,0.63,0,0,0,0,0,7.9,0,0,0,0,0.274,66.37,101.01,0.95,0.32,877,1.3,70,0.8,2024.0,220.0,71.665
2024,11,14,6,0,14.1,1.18,0.071,0.63,0,0,0,0,0,7.9,0,0,0,0,0.274,66.37,101.01,0.95,0.32,877,1.3,70,0.8,2024.0,220.0,76.973
2024,11,14,7,0,15.0,1.19,0.071,0.63,17,174,23,0,0,7.6,17,174,0,23,0.274,61.2,87.91,0.95,0.32,878,1.3,82,0.8,2024.0,220.0,86.682
2024,11,14,7,0,15.0,1.19,0.071,0.63,17,174,23,0,0,7.6,17,174,0,23,0.274,61.2,87.91,0.95,0.32,878,1.3,82,0.8,2024.0,220.0,94.034
2024,11,14,7,0,15.0,1.19,0.071,0.63,17,174,23,0,0,7.6,17,174,0,23,0.274,61.2,87.91,0.95,0.32,878,1.3,82,0.8,2024.0,220.0,97.694
2024,11,14,8,0,18.4,1.2,0.071,0.63,61,673,237,0,0,7.7,61,673,0,237,0.275,49.58,74.82,0.95,0.32,878,1.3,66,1.0,2024.0,220.0,70.766
2024,11,14,8,0,18.4,1.2,0.071,0.63,61,673,237,0,0,7.7,61,673,0,237,0.275,49.58,74.82,0.95,0.32,878,1.3,66,1.0,2024.0,220.0,57.654
2024,11,14,8,0,18.4,1.2,0.071,0.63,61,673,237,0,0,7.7,61,673,0,237,0.275,49.58,74.82,0.95,0.32,878,1.3,66,1.0,2024.0,220.0,0.0
2024,11,14,10,0,24.4,1.21,0.077,0.63,103,939,737,0,0,6.3,103,939,0,737,0.275,31.33,47.51,0.95,0.32,878,1.2,303,2.1,2024.0,220.0,0.0
2024,11,14,20,0,20.4,1.19,0.064,0.63,0,0,0,0,0,5.9,0,0,0,0,0.277,38.7,91.14,0.94,0.32,876,1.3,284,2.6,2024.0,220.0,48.427
2024,11,14,20,0,20.4,1.19,0.064,0.63,0,0,0,0,0,5.9,0,0,0,0,0.277,38.7,91.14,0.94,0.32,876,1.3,284,2.6,2024.0,220.0,89.004
2024,11,14,21,0,18.3,1.21,0.057,0.63,0,0,0,0,0,6.7,0,0,0,0,0.277,46.77,103.82,0.94,0.31,877,1.3,283,1.6,2024.0,220.0,66.904
2024,11,14,21,0,18.3,1.21,0.057,0.63,0,0,0,0,0,6.7,0,0,0,0,0.277,46.77,103.82,0.94,0.31,877,1.3,283,1.6,2024.0,220.0,60.445
2024,11,14,21,0,18.3,1.21,0.057,0.63,0,0,0,0,0,6.7,0,0,0,0,0.277,46.77,103.82,0.94,0.31,877,1.3,283,1.6,2024.0,220.0,88.593
2024,11,14,23,0,16.5,1.21,0.056,0.63,0,0,0,0,0,7.2,0,0,0,0,0.276,54.26,126.18,0.94,0.31,878,1.3,30,0.5,2024.0,220.0,78.771
2024,11,14,23,0,16.5,1.21,0.056,0.63,0,0,0,0,0,7.2,0,0,0,0,0.276,54.26,126.18,0.94,0.31,878,1.3,30,0.5,2024.0,220.0,75.194
2024,11,14,23,0,16.5,1.21,0.056,0.63,0,0,0,0,0,7.2,0,0,0,0,0.276,54.26,126.18,0.94,0.31,878,1.3,30,0.5,2024.0,220.0,72.973
2024,11,14,24,0,16.1,1.23,0.055,0.63,0,0,0,0,0,7.3,0,0,0,0,0.275,55.81,134.32,0.94,0.31,878,1.3,51,0.8,2024.0,220.0,74.074
2024,11,14,24,0,16.1,1.23,0.055,0.63,0,0,0,0,0,7.3,0,0,0,0,0.275,55.81,134.32,0.94,0.31,878,1.3,51,0.8,2024.0,220.0,70.994
2024,11,15,1,0,15.8,1.24,0.055,0.63,0,0,0,0,0,7.4,0,0,0,0,0.275,57.26,138.68,0.93,0.31,877,1.3,51,1.0,2024.0,220.0,66.03
2024,11,15,1,0,15.8,1.24,0.055,0.63,0,0,0,0,0,7.4,0,0,0,0,0.275,57.26,138.68,0.93,0.31,877,1.3,51,1.0,2024.0,220.0,71.954
2024,11,15,1,0,15.8,1.24,0.055,0.63,0,0,0,0,0,7.4,0,0,0,0,0.275,57.26,138.68,0.93,0.31,877,1.3,51,1.0,2024.0,220.0,79.139
2024,11,15,1,0,15.8,1.24,0.055,0.63,0,0,0,0,0,7.4,0,0,0,0,0.275,57.26,138.68,0.93,0.31,877,1.3,51,1.0,2024.0,220.0,103.144
2024,11,15,1,0,15.8,1.24,0.055,0.63,0,0,0,0,0,7.4,0,0,0,0,0.275,57.26,138.68,0.93,0.31,877,1.3,51,1.0,2024.0,220.0,84.967
2024,11,15,3,0,15.2,1.27,0.055,0.63,0,0,0,0,0,7.8,0,0,0,0,0.274,61.19,132.7,0.93,0.31,877,1.4,20,0.9,2024.0,220.0,73.017
2024,11,15,3,0,15.2,1.27,0.055,0.63,0,0,0,0,0,7.8,0,0,0,0,0.274,61.19,132.7,0.93,0.31,877,1.4,20,0.9,2024.0,220.0,74.82
2024,11,15,6,0,14.3,1.28,0.056,0.63,0,0,0,0,0,8.2,0,0,0,0,0.274,66.98,100.93,0.93,0.31,877,1.4,22,1.0,2024.0,220.0,72.962
2024,11,15,6,0,14.3,1.28,0.056,0.63,0,0,0,0,0,8.2,0,0,0,0,0.274,66.98,100.93,0.93,0.31,877,1.4,22,1.0,2024.0,220.0,75.282
2024,11,15,6,0,14.3,1.28,0.056,0.63,0,0,0,0,0,8.2,0,0,0,0,0.274,66.98,100.93,0.93,0.31,877,1.4,22,1.0,2024.0,220.0,81.316
2024,11,15,7,0,15.0,1.28,0.056,0.63,16,209,24,0,0,8.2,16,209,0,24,0.274,63.85,87.86,0.93,0.31,877,1.4,46,1.1,2024.0,220.0,86.932
2024,11,15,7,0,15.0,1.28,0.056,0.63,16,209,24,0,0,8.2,16,209,0,24,0.274,63.85,87.86,0.93,0.31,877,1.4,46,1.1,2024.0,220.0,89.356
2024,11,15,7,0,15.0,1.28,0.056,0.63,16,209,24,0,0,8.2,16,209,0,24,0.274,63.85,87.86,0.93,0.31,877,1.4,46,1.1,2024.0,220.0,93.989
2024,11,15,8,0,17.9,1.29,0.056,0.63,55,695,238,0,0,8.1,55,695,0,238,0.274,52.6,74.77,0.93,0.31,877,1.5,20,1.3,2024.0,220.0,87.515
2024,11,15,8,0,17.9,1.29,0.056,0.63,55,695,238,0,0,8.1,55,695,0,238,0.274,52.6,74.77,0.93,0.31,877,1.5,20,1.3,2024.0,220.0,59.446
2024,11,15,8,0,17.9,1.29,0.056,0.63,55,695,238,0,0,8.1,55,695,0,238,0.274,52.6,74.77,0.93,0.31,877,1.5,20,1.3,2024.0,220.0,0.0
2024,11,15,10,0,23.8,1.32,0.058,0.63,91,950,733,0,0,5.7,91,950,0,733,0.274,31.08,47.49,0.93,0.31,877,1.5,303,2.4,2024.0,220.0,0.0
2024,11,15,13,0,28.0,1.29,0.077,0.63,121,1019,1133,0,0,5.2,121,1019,0,1133,0.274,23.44,6.53,0.93,0.31,876,1.5,277,5.7,2024.0,220.0,0.0
2024,11,15,20,0,19.8,1.22,0.097,0.63,0,0,0,0,0,6.3,0,0,0,0,0.275,41.4,91.0,0.95,0.31,877,1.5,274,2.0,2024.0,220.0,56.962
2024,11,15,21,0,17.8,1.23,0.093,0.63,0,0,0,0,0,7.2,0,0,0,0,0.275,49.75,103.66,0.95,0.31,878,1.5,280,1.3,2024.0,220.0,79.219
2024,11,15,23,0,16.2,1.26,0.084,0.63,0,0,0,0,0,7.8,0,0,0,0,0.276,57.43,125.96,0.94,0.31,879,1.5,2,0.4,2024.0,220.0,72.614
2024,11,15,23,0,16.2,1.26,0.084,0.63,0,0,0,0,0,7.8,0,0,0,0,0.276,57.43,125.96,0.94,0.31,879,1.5,2,0.4,2024.0,220.0,71.882
2024,11,15,23,0,16.2,1.26,0.084,0.63,0,0,0,0,0,7.8,0,0,0,0,0.276,57.43,125.96,0.94,0.31,879,1.5,2,0.4,2024.0,220.0,66.641
2024,11,15,24,0,16.0,1.27,0.081,0.63,0,0,0,0,0,7.7,0,0,0,0,0.277,57.99,134.07,0.94,0.31,878,1.5,38,0.7,2024.0,220.0,69.562
2024,11,16,1,0,16.0,1.28,0.079,0.63,0,0,0,0,0,7.6,0,0,0,0,0.277,57.59,138.43,0.94,0.31,878,1.5,52,0.7,2024.0,220.0,57.648
2024,11,16,1,0,16.0,1.28,0.079,0.63,0,0,0,0,0,7.6,0,0,0,0,0.277,57.59,138.43,0.94,0.31,878,1.5,52,0.7,2024.0,220.0,61.538
2024,11,16,1,0,16.0,1.28,0.079,0.63,0,0,0,0,0,7.6,0,0,0,0,0.277,57.59,138.43,0.94,0.31,878,1.5,52,0.7,2024.0,220.0,71.202
2024,11,16,1,0,16.0,1.28,0.079,0.63,0,0,0,0,0,7.6,0,0,0,0,0.277,57.59,138.43,0.94,0.31,878,1.5,52,0.7,2024.0,220.0,97.224
2024,11,16,3,0,15.9,1.29,0.074,0.63,0,0,0,0,0,7.6,0,0,0,0,0.277,57.82,132.51,0.94,0.31,877,1.5,37,0.6,2024.0,220.0,78.748
2024,11,16,3,0,15.9,1.29,0.074,0.63,0,0,0,0,0,7.6,0,0,0,0,0.277,57.82,132.51,0.94,0.31,877,1.5,37,0.6,2024.0,220.0,70.71
2024,11,16,3,0,15.9,1.29,0.074,0.63,0,0,0,0,0,7.6,0,0,0,0,0.277,57.82,132.51,0.94,0.31,877,1.5,37,0.6,2024.0,220.0,69.954
2024,11,16,4,0,15.7,1.29,0.074,0.63,0,0,0,0,0,7.7,0,0,0,0,0.276,59.09,123.75,0.94,0.31,877,1.5,19,0.6,2024.0,220.0,73.939
2024,11,16,6,0,15.2,1.29,0.078,0.63,0,0,0,0,1,7.9,0,0,0,0,0.275,61.68,100.85,0.94,0.31,877,1.4,30,0.7,2024.0,220.0,81.291
2024,11,16,6,0,15.2,1.29,0.078,0.63,0,0,0,0,1,7.9,0,0,0,0,0.275,61.68,100.85,0.94,0.31,877,1.4,30,0.7,2024.0,220.0,97.156
2024,11,16,7,0,15.9,1.28,0.079,0.63,17,171,24,7,3,7.7,12,0,7,12,0.274,58.35,87.8,0.94,0.31,877,1.4,54,1.0,2024.0,220.0,79.111
2024,11,16,7,0,15.9,1.28,0.079,0.63,17,171,24,7,3,7.7,12,0,7,12,0.274,58.35,87.8,0.94,0.31,877,1.4,54,1.0,2024.0,220.0,71.349
2024,11,16,7,0,15.9,1.28,0.079,0.63,17,171,24,7,3,7.7,12,0,7,12,0.274,58.35,87.8,0.94,0.31,877,1.4,54,1.0,2024.0,220.0,65.112
2024,11,16,7,0,15.9,1.28,0.079,0.63,17,171,24,7,3,7.7,12,0,7,12,0.274,58.35,87.8,0.94,0.31,877,1.4,54,1.0,2024.0,220.0,67.228
2024,11,16,7,0,15.9,1.28,0.079,0.63,17,171,24,7,3,7.7,12,0,7,12,0.274,58.35,87.8,0.94,0.31,877,1.4,54,1.0,2024.0,220.0,72.244
2024,11,16,8,0,19.4,1.26,0.08,0.63,63,662,237,0,0,7.3,63,662,0,237,0.274,45.29,74.73,0.94,0.31,877,1.3,44,1.6,2024.0,220.0,62.24
2024,11,16,8,0,19.4,1.26,0.08,0.63,63,662,237,0,0,7.3,63,662,0,237,0.274,45.29,74.73,0.94,0.31,877,1.3,44,1.6,2024.0,220.0,0.0
2024,11,16,8,0,19.4,1.26,0.08,0.63,63,662,237,0,0,7.3,63,662,0,237,0.274,45.29,74.73,0.94,0.31,877,1.3,44,1.6,2024.0,220.0,0.0
2024,11,16,11,0,27.2,1.32,0.07,0.63,108,997,938,0,0,3.8,108,997,0,938,0.273,22.27,33.63,0.94,0.31,877,1.2,284,3.9,2024.0,220.0,0.0
2024,11,16,16,0,28.5,1.25,0.084,0.63,114,969,891,0,0,3.6,114,969,0,891,0.263,20.37,36.67,0.94,0.31,876,1.4,267,5.3,2024.0,220.0,0.0
2024,11,16,17,0,27.3,1.22,0.089,0.63,105,907,682,0,0,4.0,105,907,0,682,0.262,22.37,50.49,0.95,0.31,876,1.4,268,4.8,2024.0,220.0,0.0
2024,11,16,20,0,20.1,1.17,0.099,0.63,0,0,0,0,0,6.5,0,0,0,0,0.261,41.13,90.85,0.95,0.31,878,1.5,274,2.5,2024.0,220.0,55.213
2024,11,16,22,0,16.9,1.16,0.097,0.63,0,0,0,0,0,8.2,0,0,0,0,0.261,56.39,115.32,0.95,0.31,879,1.4,294,0.8,2024.0,220.0,74.724
2024,11,16,22,0,16.9,1.16,0.097,0.63,0,0,0,0,0,8.2,0,0,0,0,0.261,56.39,115.32,0.95,0.31,879,1.4,294,0.8,2024.0,220.0,75.465
2024,11,16,22,0,16.9,1.16,0.097,0.63,0,0,0,0,0,8.2,0,0,0,0,0.261,56.39,115.32,0.95,0.31,879,1.4,294,0.8,2024.0,220.0,76.168
2024,11,16,23,0,16.5,1.16,0.096,0.63,0,0,0,0,0,8.2,0,0,0,0,0.26,58.16,125.75,0.95,0.31,879,1.4,19,0.6,2024.0,220.0,65.542
2024,11,16,23,0,16.5,1.16,0.096,0.63,0,0,0,0,0,8.2,0,0,0,0,0.26,58.16,125.75,0.95,0.31,879,1.4,19,0.6,2024.0,220.0,65.542
2024,11,16,24,0,16.1,1.17,0.097,0.63,0,0,0,0,0,8.2,0,0,0,0,0.26,59.57,133.84,0.95,0.31,879,1.4,40,0.8,2024.0,220.0,76.743
2024,11,16,24,0,16.1,1.17,0.097,0.63,0,0,0,0,0,8.2,0,0,0,0,0.26,59.57,133.84,0.95,0.31,879,1.4,40,0.8,2024.0,220.0,85.753
2024,11,17,1,0,15.7,1.16,0.101,0.63,0,0,0,0,0,8.4,0,0,0,0,0.261,61.65,138.18,0.95,0.31,879,1.5,17,0.8,2024.0,220.0,80.765
2024,11,17,1,0,15.7,1.16,0.101,0.63,0,0,0,0,0,8.4,0,0,0,0,0.261,61.65,138.18,0.95,0.31,879,1.5,17,0.8,2024.0,220.0,80.731
2024,11,17,2,0,15.1,1.15,0.102,0.63,0,0,0,0,0,8.6,0,0,0,0,0.262,65.2,137.62,0.95,0.31,879,1.5,353,0.7,2024.0,220.0,69.184
2024,11,17,2,0,15.1,1.15,0.102,0.63,0,0,0,0,0,8.6,0,0,0,0,0.262,65.2,137.62,0.95,0.31,879,1.5,353,0.7,2024.0,220.0,63.67
2024,11,17,2,0,15.1,1.15,0.102,0.63,0,0,0,0,0,8.6,0,0,0,0,0.262,65.2,137.62,0.95,0.31,879,1.5,353,0.7,2024.0,220.0,71.048
2024,11,17,3,0,14.6,1.16,0.106,0.63,0,0,0,0,0,8.8,0,0,0,0,0.263,68.41,132.32,0.95,0.31,878,1.5,342,0.7,2024.0,220.0,85.978
2024,11,17,4,0,14.3,1.17,0.108,0.63,0,0,0,0,0,9.0,0,0,0,0,0.265,70.6,123.61,0.95,0.31,878,1.5,341,0.7,2024.0,220.0,73.556
2024,11,17,4,0,14.3,1.17,0.108,0.63,0,0,0,0,0,9.0,0,0,0,0,0.265,70.6,123.61,0.95,0.31,878,1.5,341,0.7,2024.0,220.0,67.155
2024,11,17,5,0,14.0,1.18,0.105,0.63,0,0,0,0,0,9.1,0,0,0,0,0.266,72.54,112.81,0.95,0.31,878,1.5,344,0.8,2024.0,220.0,73.07
2024,11,17,5,0,14.0,1.18,0.105,0.63,0,0,0,0,0,9.1,0,0,0,0,0.266,72.54,112.81,0.95,0.31,878,1.5,344,0.8,2024.0,220.0,75.559
2024,11,17,7,0,14.7,1.22,0.099,0.63,18,142,24,7,7,9.0,16,0,7,16,0.267,68.68,87.75,0.95,0.31,879,1.4,52,1.1,2024.0,220.0,81.939
2024,11,17,8,0,17.9,1.25,0.093,0.63,67,638,235,0,3,8.6,154,21,0,159,0.268,54.34,74.7,0.95,0.31,879,1.4,50,1.5,2024.0,220.0,64.599
2024,11,17,8,0,17.9,1.25,0.093,0.63,67,638,235,0,3,8.6,154,21,0,159,0.268,54.34,74.7,0.95,0.31,879,1.4,50,1.5,2024.0,220.0,0.0
2024,11,17,8,0,17.9,1.25,0.093,0.63,67,638,235,0,3,8.6,154,21,0,159,0.268,54.34,74.7,0.95,0.31,879,1.4,50,1.5,2024.0,220.0,0.0
2024,11,17,9,0,21.4,1.28,0.088,0.63,90,832,491,0,0,7.5,90,832,0,491,0.269,40.63,61.18,0.94,0.31,879,1.4,356,1.6,2024.0,220.0,0.0
2024,11,17,14,0,29.3,1.29,0.089,0.63,129,1016,1132,0,0,4.6,129,1016,0,1132,0.269,20.81,9.06,0.94,0.31,877,1.3,275,5.6,2024.0,220.0,0.0
2024,11,17,21,0,17.7,1.17,0.091,0.63,0,0,0,0,8,7.1,0,0,0,0,0.268,49.71,103.34,0.94,0.31,879,1.2,286,1.7,2024.0,220.0,50.469
2024,11,17,22,0,16.5,1.15,0.091,0.63,0,0,0,0,0,7.7,0,0,0,0,0.267,56.04,115.14,0.94,0.31,880,1.3,310,0.7,2024.0,220.0,66.374
2024,11,17,22,0,16.5,1.15,0.091,0.63,0,0,0,0,0,7.7,0,0,0,0,0.267,56.04,115.14,0.94,0.31,880,1.3,310,0.7,2024.0,220.0,74.839
2024,11,17,22,0,16.5,1.15,0.091,0.63,0,0,0,0,0,7.7,0,0,0,0,0.267,56.04,115.14,0.94,0.31,880,1.3,310,0.7,2024.0,220.0,83.836
2024,11,17,23,0,15.8,1.16,0.09,0.63,0,0,0,0,0,7.9,0,0,0,0,0.266,59.5,125.54,0.94,0.31,880,1.3,356,0.6,2024.0,220.0,70.654
2024,11,17,23,0,15.8,1.16,0.09,0.63,0,0,0,0,0,7.9,0,0,0,0,0.266,59.5,125.54,0.94,0.31,880,1.3,356,0.6,2024.0,220.0,65.014
2024,11,17,23,0,15.8,1.16,0.09,0.63,0,0,0,0,0,7.9,0,0,0,0,0.266,59.5,125.54,0.94,0.31,880,1.3,356,0.6,2024.0,220.0,70.624
2024,11,17,23,0,15.8,1.16,0.09,0.63,0,0,0,0,0,7.9,0,0,0,0,0.266,59.5,125.54,0.94,0.31,880,1.3,356,0.6,2024.0,220.0,74.082
2024,11,17,24,0,15.4,1.18,0.088,0.63,0,0,0,0,0,7.9,0,0,0,0,0.265,61.01,133.6,0.94,0.31,880,1.3,29,0.8,2024.0,220.0,90.258
2024,11,17,24,0,15.4,1.18,0.088,0.63,0,0,0,0,0,7.9,0,0,0,0,0.265,61.01,133.6,0.94,0.31,880,1.3,29,0.8,2024.0,220.0,72.517
2024,11,18,1,0,15.1,1.19,0.087,0.63,0,0,0,0,0,7.7,0,0,0,0,0.263,61.44,137.94,0.94,0.31,879,1.3,52,0.9,2024.0,220.0,75.49
2024,11,18,1,0,15.1,1.19,0.087,0.63,0,0,0,0,0,7.7,0,0,0,0,0.263,61.44,137.94,0.94,0.31,879,1.3,52,0.9,2024.0,220.0,69.366
2024,11,18,1,0,15.1,1.19,0.087,0.63,0,0,0,0,0,7.7,0,0,0,0,0.263,61.44,137.94,0.94,0.31,879,1.3,52,0.9,2024.0,220.0,66.574
2024,11,18,2,0,15.0,1.2,0.087,0.63,0,0,0,0,0,7.5,0,0,0,0,0.263,60.84,137.39,0.94,0.31,879,1.3,71,0.9,2024.0,220.0,70.188
2024,11,18,2,0,15.0,1.2,0.087,0.63,0,0,0,0,0,7.5,0,0,0,0,0.263,60.84,137.39,0.94,0.31,879,1.3,71,0.9,2024.0,220.0,76.49
2024,11,18,2,0,15.0,1.2,0.087,0.63,0,0,0,0,0,7.5,0,0,0,0,0.263,60.84,137.39,0.94,0.31,879,1.3,71,0.9,2024.0,220.0,78.558
2024,11,18,3,0,15.1,1.21,0.087,0.63,0,0,0,0,0,7.3,0,0,0,0,0.262,59.44,132.14,0.94,0.31,879,1.2,79,0.9,2024.0,220.0,74.066
2024,11,18,4,0,15.2,1.22,0.088,0.63,0,0,0,0,0,7.0,0,0,0,0,0.262,58.17,123.48,0.94,0.31,878,1.2,66,0.9,2024.0,220.0,90.712
2024,11,18,4,0,15.2,1.22,0.088,0.63,0,0,0,0,0,7.0,0,0,0,0,0.262,58.17,123.48,0.94,0.31,878,1.2,66,0.9,2024.0,220.0,83.867
2024,11,18,7,0,15.3,1.26,0.086,0.63,18,169,25,7,7,6.4,12,0,7,12,0.262,55.3,87.71,0.94,0.31,878,1.2,73,0.9,2024.0,220.0,69.259
2024,11,18,7,0,15.3,1.26,0.086,0.63,18,169,25,7,7,6.4,12,0,7,12,0.262,55.3,87.71,0.94,0.31,878,1.2,73,0.9,2024.0,220.0,80.2
2024,11,18,7,0,15.3,1.26,0.086,0.63,18,169,25,7,7,6.4,12,0,7,12,0.262,55.3,87.71,0.94,0.31,878,1.2,73,0.9,2024.0,220.0,87.596
2024,11,18,7,0,15.3,1.26,0.086,0.63,18,169,25,7,7,6.4,12,0,7,12,0.262,55.3,87.71,0.94,0.31,878,1.2,73,0.9,2024.0,220.0,68.728
2024,11,18,7,0,15.3,1.26,0.086,0.63,18,169,25,7,7,6.4,12,0,7,12,0.262,55.3,87.71,0.94,0.31,878,1.2,73,0.9,2024.0,220.0,66.908
2024,11,18,8,0,18.9,1.27,0.087,0.63,65,656,238,0,7,6.1,147,115,0,177,0.262,43.14,74.67,0.94,0.31,879,1.2,68,1.2,2024.0,220.0,63.006
2024,11,18,8,0,18.9,1.27,0.087,0.63,65,656,238,0,7,6.1,147,115,0,177,0.262,43.14,74.67,0.94,0.31,879,1.2,68,1.2,2024.0,220.0,0.0
2024,11,18,8,0,18.9,1.27,0.087,0.63,65,656,238,0,7,6.1,147,115,0,177,0.262,43.14,74.67,0.94,0.31,879,1.2,68,1.2,2024.0,220.0,0.0
2024,11,18,9,0,22.1,1.29,0.087,0.63,90,838,494,0,7,5.2,269,174,0,353,0.263,33.3,61.17,0.94,0.31,878,1.3,343,1.0,2024.0,220.0,0.0
2024,11,18,10,0,25.0,1.3,0.091,0.63,109,925,734,0,8,3.5,298,432,0,590,0.263,24.89,47.46,0.95,0.31,878,1.3,294,2.4,2024.0,220.0,0.0
2024,11,18,17,0,26.3,1.21,0.091,0.63,106,906,685,0,0,2.9,106,906,0,685,0.264,22.08,50.28,0.95,0.31,877,1.4,282,5.7,2024.0,220.0,0.0
2024,11,18,20,0,19.7,1.17,0.102,0.63,0,0,0,0,0,5.0,0,0,0,0,0.267,38.15,90.09,0.95,0.31,878,1.3,278,3.0,2024.0,220.0,67.661
2024,11,18,21,0,17.8,1.16,0.105,0.63,0,0,0,0,0,6.4,0,0,0,0,0.268,47.27,103.18,0.95,0.3,878,1.4,278,1.7,2024.0,220.0,80.665
2024,11,18,23,0,16.6,1.15,0.101,0.63,0,0,0,0,0,7.2,0,0,0,0,0.269,53.69,125.33,0.95,0.3,879,1.4,335,0.6,2024.0,220.0,243.794
2024,11,18,23,0,16.6,1.15,0.101,0.63,0,0,0,0,0,7.2,0,0,0,0,0.269,53.69,125.33,0.95,0.3,879,1.4,335,0.6,2024.0,220.0,244.085
2024,11,18,23,0,16.6,1.15,0.101,0.63,0,0,0,0,0,7.2,0,0,0,0,0.269,53.69,125.33,0.95,0.3,879,1.4,335,0.6,2024.0,220.0,211.27
2024,11,18,23,0,16.6,1.15,0.101,0.63,0,0,0,0,0,7.2,0,0,0,0,0.269,53.69,125.33,0.95,0.3,879,1.4,335,0.6,2024.0,220.0,97.695
2024,11,18,24,0,16.6,1.16,0.097,0.63,0,0,0,0,0,7.0,0,0,0,0,0.268,53.12,133.37,0.95,0.3,879,1.4,31,0.9,2024.0,220.0,78.958
2024,11,19,1,0,16.7,1.17,0.094,0.63,0,0,0,0,0,6.8,0,0,0,0,0.267,52.09,137.7,0.95,0.3,879,1.4,43,1.1,2024.0,220.0,76.995
2024,11,19,1,0,16.7,1.17,0.094,0.63,0,0,0,0,0,6.8,0,0,0,0,0.267,52.09,137.7,0.95,0.3,879,1.4,43,1.1,2024.0,220.0,99.551
2024,11,19,1,0,16.7,1.17,0.094,0.63,0,0,0,0,0,6.8,0,0,0,0,0.267,52.09,137.7,0.95,0.3,879,1.4,43,1.1,2024.0,220.0,79.219
2024,11,19,2,0,16.5,1.19,0.093,0.63,0,0,0,0,0,6.7,0,0,0,0,0.267,52.18,137.18,0.95,0.3,878,1.3,42,1.1,2024.0,220.0,72.099
2024,11,19,4,0,15.9,1.22,0.092,0.63,0,0,0,0,1,6.6,0,0,0,0,0.266,54.04,123.35,0.95,0.3,878,1.2,29,1.0,2024.0,220.0,70.324
2024,11,19,5,0,15.6,1.22,0.096,0.63,0,0,0,0,0,6.6,0,0,0,0,0.266,54.86,112.62,0.95,0.3,878,1.2,33,0.9,2024.0,220.0,79.082
2024,11,19,8,0,18.9,1.28,0.091,0.63,66,651,238,0,0,6.1,66,651,0,238,0.267,43.13,74.64,0.94,0.3,878,1.2,21,1.2,2024.0,220.0,97.348
2024,11,19,8,0,18.9,1.28,0.091,0.63,66,651,238,0,0,6.1,66,651,0,238,0.267,43.13,74.64,0.94,0.3,878,1.2,21,1.2,2024.0,220.0,72.04
2024,11,19,8,0,18.9,1.28,0.091,0.63,66,651,238,0,0,6.1,66,651,0,238,0.267,43.13,74.64,0.94,0.3,878,1.2,21,1.2,2024.0,220.0,0.0
2024,11,19,10,0,24.7,1.34,0.076,0.63,100,948,741,0,0,3.3,100,948,0,741,0.268,24.83,47.46,0.93,0.3,878,1.1,309,2.9,2024.0,220.0,0.0
2024,11,19,12,0,28.4,1.33,0.069,0.63,114,1029,1082,0,0,1.7,114,1029,0,1082,0.267,17.89,19.77,0.93,0.3,877,1.1,287,5.3,2024.0,220.0,0.0
2024,11,19,13,0,29.2,1.3,0.069,0.63,117,1040,1151,0,0,1.6,117,1040,0,1151,0.266,16.94,6.21,0.93,0.3,877,1.1,282,5.7,2024.0,220.0,0.0
2024,11,19,17,0,27.2,1.2,0.072,0.63,96,938,697,0,0,2.2,96,938,0,697,0.265,19.8,50.18,0.93,0.3,876,1.1,274,4.6,2024.0,220.0,0.0
2024,11,19,20,0,20.3,1.15,0.088,0.63,0,0,0,0,0,4.6,0,0,0,0,0.264,35.6,89.97,0.94,0.3,877,1.2,270,2.2,2024.0,220.0,0.0
2024,11,19,20,0,20.3,1.15,0.088,0.63,0,0,0,0,0,4.6,0,0,0,0,0.264,35.6,89.97,0.94,0.3,877,1.2,270,2.2,2024.0,220.0,0.0
2024,11,19,20,0,20.3,1.15,0.088,0.63,0,0,0,0,0,4.6,0,0,0,0,0.264,35.6,89.97,0.94,0.3,877,1.2,270,2.2,2024.0,220.0,63.339
2024,11,19,21,0,18.2,1.13,0.084,0.63,0,0,0,0,0,6.1,0,0,0,0,0.265,45.2,103.02,0.94,0.3,878,1.2,274,1.5,2024.0,220.0,80.282
2024,11,19,22,0,16.9,1.11,0.085,0.63,0,0,0,0,0,6.9,0,0,0,0,0.264,51.85,114.77,0.94,0.3,879,1.2,292,0.6,2024.0,220.0,74.173
2024,11,19,22,0,16.9,1.11,0.085,0.63,0,0,0,0,0,6.9,0,0,0,0,0.264,51.85,114.77,0.94,0.3,879,1.2,292,0.6,2024.0,220.0,67.638
2024,11,19,23,0,16.3,1.11,0.086,0.63,0,0,0,0,0,7.2,0,0,0,0,0.263,54.84,125.13,0.94,0.3,879,1.3,344,0.7,2024.0,220.0,76.607
2024,11,20,1,0,15.7,1.12,0.085,0.63,0,0,0,0,0,7.0,0,0,0,0,0.261,56.27,137.47,0.94,0.3,879,1.2,25,0.9,2024.0,220.0,76.658
2024,11,20,1,0,15.7,1.12,0.085,0.63,0,0,0,0,0,7.0,0,0,0,0,0.261,56.27,137.47,0.94,0.3,879,1.2,25,0.9,2024.0,220.0,111.847
2024,11,20,1,0,15.7,1.12,0.085,0.63,0,0,0,0,0,7.0,0,0,0,0,0.261,56.27,137.47,0.94,0.3,879,1.2,25,0.9,2024.0,220.0,79.765
2024,11,20,2,0,15.5,1.12,0.085,0.63,0,0,0,0,0,6.9,0,0,0,0,0.259,56.53,136.97,0.95,0.3,878,1.2,26,0.8,2024.0,220.0,73.346
2024,11,20,2,0,15.5,1.12,0.085,0.63,0,0,0,0,0,6.9,0,0,0,0,0.259,56.53,136.97,0.95,0.3,878,1.2,26,0.8,2024.0,220.0,73.254
2024,11,20,3,0,15.2,1.13,0.086,0.63,0,0,0,0,0,6.9,0,0,0,0,0.258,57.51,131.8,0.95,0.3,878,1.2,21,0.7,2024.0,220.0,75.255
2024,11,20,4,0,14.8,1.13,0.094,0.63,0,0,0,0,0,6.9,0,0,0,0,0.257,59.04,123.22,0.95,0.3,878,1.2,11,0.7,2024.0,220.0,72.294
2024,11,20,4,0,14.8,1.13,0.094,0.63,0,0,0,0,0,6.9,0,0,0,0,0.257,59.04,123.22,0.95,0.3,878,1.2,11,0.7,2024.0,220.0,72.294
2024,11,20,5,0,14.4,1.13,0.098,0.63,0,0,0,0,0,6.9,0,0,0,0,0.257,60.63,112.53,0.95,0.3,878,1.2,1,0.8,2024.0,220.0,74.048
2024,11,20,7,0,14.7,1.15,0.089,0.63,19,164,26,0,0,6.5,19,164,0,26,0.258,57.86,87.63,0.95,0.3,879,1.1,49,1.2,2024.0,220.0,110.151
2024,11,20,7,0,14.7,1.15,0.089,0.63,19,164,26,0,0,6.5,19,164,0,26,0.258,57.86,87.63,0.95,0.3,879,1.1,49,1.2,2024.0,220.0,176.177
2024,11,20,7,0,14.7,1.15,0.089,0.63,19,164,26,0,0,6.5,19,164,0,26,0.258,57.86,87.63,0.95,0.3,879,1.1,49,1.2,2024.0,220.0,174.239
2024,11,20,8,0,18.0,1.17,0.087,0.63,66,659,241,0,0,5.7,66,659,0,241,0.258,44.53,74.62,0.95,0.3,879,1.1,66,1.7,2024.0,220.0,76.024
2024,11,20,8,0,18.0,1.17,0.087,0.63,66,659,241,0,0,5.7,66,659,0,241,0.258,44.53,74.62,0.95,0.3,879,1.1,66,1.7,2024.0,220.0,59.5
2024,11,20,8,0,18.0,1.17,0.087,0.63,66,659,241,0,0,5.7,66,659,0,241,0.258,44.53,74.62,0.95,0.3,879,1.1,66,1.7,2024.0,220.0,0.0
2024,11,20,10,0,24.9,1.21,0.08,0.63,104,947,745,0,0,2.3,104,947,0,745,0.259,23.0,47.46,0.95,0.3,879,1.0,274,2.1,2024.0,220.0,0.0
2024,11,20,20,0,21.0,1.17,0.071,0.63,0,0,0,0,0,3.8,0,0,0,0,0.265,32.35,89.84,0.93,0.3,879,1.2,251,2.5,2024.0,220.0,0.0
2024,11,20,20,0,21.0,1.17,0.071,0.63,0,0,0,0,0,3.8,0,0,0,0,0.265,32.35,89.84,0.93,0.3,879,1.2,251,2.5,2024.0,220.0,0.0
2024,11,20,20,0,21.0,1.17,0.071,0.63,0,0,0,0,0,3.8,0,0,0,0,0.265,32.35,89.84,0.93,0.3,879,1.2,251,2.5,2024.0,220.0,66.673
2024,11,20,22,0,17.2,1.14,0.079,0.63,0,0,0,0,0,6.2,0,0,0,0,0.266,48.4,114.59,0.93,0.3,881,1.2,254,0.5,2024.0,220.0,74.004
2024,11,20,24,0,16.3,1.15,0.088,0.63,0,0,0,0,0,6.3,0,0,0,0,0.265,51.6,132.92,0.94,0.3,881,1.2,23,0.9,2024.0,220.0,76.065
2024,11,21,1,0,16.1,1.16,0.093,0.63,0,0,0,0,0,6.1,0,0,0,0,0.265,51.44,137.24,0.94,0.3,880,1.1,30,1.0,2024.0,220.0,74.045
2024,11,21,1,0,16.1,1.16,0.093,0.63,0,0,0,0,0,6.1,0,0,0,0,0.265,51.44,137.24,0.94,0.3,880,1.1,30,1.0,2024.0,220.0,75.302
2024,11,21,2,0,16.0,1.15,0.093,0.63,0,0,0,0,0,5.9,0,0,0,0,0.264,51.09,136.76,0.94,0.3,880,1.1,29,0.8,2024.0,220.0,72.724
2024,11,21,3,0,15.7,1.15,0.092,0.63,0,0,0,0,0,5.8,0,0,0,0,0.264,51.78,131.64,0.94,0.3,879,1.1,20,0.6,2024.0,220.0,73.919
2024,11,21,4,0,15.3,1.15,0.093,0.63,0,0,0,0,7,5.9,0,0,0,0,0.264,53.49,123.1,0.94,0.3,879,1.1,7,0.5,2024.0,220.0,71.533
2024,11,21,7,0,15.4,1.15,0.095,0.63,19,159,26,7,7,5.7,22,4,7,22,0.264,52.45,87.6,0.95,0.3,880,1.0,54,0.9,2024.0,220.0,69.937
2024,11,21,8,0,18.2,1.17,0.094,0.63,68,652,241,0,7,5.4,57,540,0,201,0.264,43.04,74.61,0.95,0.3,880,1.0,75,1.2,2024.0,220.0,64.986
2024,11,21,8,0,18.2,1.17,0.094,0.63,68,652,241,0,7,5.4,57,540,0,201,0.264,43.04,74.61,0.95,0.3,880,1.0,75,1.2,2024.0,220.0,61.009
2024,11,21,8,0,18.2,1.17,0.094,0.63,68,652,241,0,7,5.4,57,540,0,201,0.264,43.04,74.61,0.95,0.3,880,1.0,75,1.2,2024.0,220.0,1.64
2024,11,21,8,0,18.2,1.17,0.094,0.63,68,652,241,0,7,5.4,57,540,0,201,0.264,43.04,74.61,0.95,0.3,880,1.0,75,1.2,2024.0,220.0,0.0
2024,11,21,8,0,18.2,1.17,0.094,0.63,68,652,241,0,7,5.4,57,540,0,201,0.264,43.04,74.61,0.95,0.3,880,1.0,75,1.2,2024.0,220.0,0.0
2024,11,21,9,0,21.8,1.19,0.091,0.63,93,844,500,0,8,4.4,237,405,0,433,0.265,31.96,61.15,0.95,0.3,880,1.0,260,0.8,2024.0,220.0,0.0
2024,11,21,19,0,23.6,1.13,0.094,0.63,62,601,197,0,8,1.9,122,199,0,167,0.252,24.05,77.0,0.95,0.3,878,0.9,254,4.1,2024.0,220.0,0.0
2024,11,21,20,0,20.9,1.13,0.088,0.63,0,0,0,0,0,2.8,0,0,0,0,0.254,30.3,89.72,0.95,0.3,879,1.0,253,2.6,2024.0,220.0,49.186
2024,11,21,21,0,18.8,1.13,0.086,0.63,0,0,0,0,0,4.1,0,0,0,0,0.254,37.66,102.7,0.94,0.3,880,1.0,253,1.5,2024.0,220.0,62.904
2024,11,21,23,0,16.6,1.12,0.097,0.63,0,0,0,0,0,5.2,0,0,0,0,0.256,46.92,124.72,0.95,0.3,881,1.1,304,0.4,2024.0,220.0,72.043
2024,11,21,24,0,16.4,1.12,0.098,0.63,0,0,0,0,0,5.2,0,0,0,0,0.258,47.47,132.7,0.95,0.3,881,1.1,13,0.7,2024.0,220.0,71.054
2024,11,21,24,0,16.4,1.12,0.098,0.63,0,0,0,0,0,5.2,0,0,0,0,0.258,47.47,132.7,0.95,0.3,881,1.1,13,0.7,2024.0,220.0,71.342
2024,11,22,1,0,15.9,1.13,0.095,0.63,0,0,0,0,3,5.2,0,0,0,0,0.26,48.93,137.02,0.95,0.3,881,1.1,14,0.8,2024.0,220.0,69.673
2024,11,22,1,0,15.9,1.13,0.095,0.63,0,0,0,0,3,5.2,0,0,0,0,0.26,48.93,137.02,0.95,0.3,881,1.1,14,0.8,2024.0,220.0,174.116
2024,11,22,4,0,14.5,1.12,0.108,0.63,0,0,0,0,1,5.9,0,0,0,0,0.266,56.2,122.99,0.96,0.3,880,1.3,28,1.0,2024.0,220.0,190.779
2024,11,22,6,0,14.1,1.12,0.109,0.63,0,0,0,0,5,6.2,0,0,0,0,0.27,58.82,100.48,0.96,0.3,880,1.4,53,0.8,2024.0,220.0,178.626
2024,11,22,7,0,14.9,1.14,0.105,0.63,19,139,25,0,1,5.9,19,139,0,25,0.27,54.81,87.58,0.96,0.3,880,1.4,65,0.7,2024.0,220.0,112.807
2024,11,22,7,0,14.9,1.14,0.105,0.63,19,139,25,0,1,5.9,19,139,0,25,0.27,54.81,87.58,0.96,0.3,880,1.4,65,0.7,2024.0,220.0,79.452
2024,11,22,8,0,18.2,1.16,0.101,0.63,70,630,237,0,0,5.2,70,630,0,237,0.272,42.26,74.6,0.96,0.3,880,1.3,77,1.0,2024.0,220.0,74.548
2024,11,22,8,0,18.2,1.16,0.101,0.63,70,630,237,0,0,5.2,70,630,0,237,0.272,42.26,74.6,0.96,0.3,880,1.3,77,1.0,2024.0,220.0,56.365
2024,11,22,8,0,18.2,1.16,0.101,0.63,70,630,237,0,0,5.2,70,630,0,237,0.272,42.26,74.6,0.96,0.3,880,1.3,77,1.0,2024.0,220.0,0.0
2024,11,22,10,0,25.8,1.21,0.094,0.63,111,919,731,0,0,1.7,111,919,0,731,0.273,20.81,47.49,0.96,0.3,879,1.4,254,2.7,2024.0,220.0,0.0
2024,11,22,19,0,24.5,1.14,0.157,0.63,74,478,183,0,0,2.9,74,478,0,183,0.268,24.51,76.87,0.97,0.3,877,2.0,259,3.6,2024.0,220.0,0.0
2024,11,22,19,0,24.5,1.14,0.157,0.63,74,478,183,0,0,2.9,74,478,0,183,0.268,24.51,76.87,0.97,0.3,877,2.0,259,3.6,2024.0,220.0,0.0
2024,11,22,20,0,21.8,1.15,0.155,0.63,0,0,0,0,0,3.5,0,0,0,0,0.267,30.16,89.6,0.97,0.3,878,2.0,263,2.6,2024.0,220.0,59.924
2024,11,22,21,0,19.8,1.15,0.155,0.63,0,0,0,0,0,4.4,0,0,0,0,0.267,36.24,102.54,0.97,0.3,878,2.0,264,1.5,2024.0,220.0,65.833
2024,11,22,22,0,18.6,1.14,0.156,0.63,0,0,0,0,0,5.0,0,0,0,0,0.266,40.66,114.23,0.97,0.3,879,2.0,277,0.5,2024.0,220.0,68.318
2024,11,22,23,0,18.0,1.14,0.156,0.63,0,0,0,0,0,5.2,0,0,0,0,0.266,43.05,124.52,0.97,0.3,879,2.1,326,0.7,2024.0,220.0,115.304
2024,11,22,23,0,18.0,1.14,0.156,0.63,0,0,0,0,0,5.2,0,0,0,0,0.266,43.05,124.52,0.97,0.3,879,2.1,326,0.7,2024.0,220.0,91.89
2024,11,22,24,0,17.7,1.15,0.155,0.63,0,0,0,0,0,5.4,0,0,0,0,0.265,44.36,132.48,0.97,0.3,879,2.1,347,1.0,2024.0,220.0,178.625
2024,11,23,1,0,17.5,1.15,0.155,0.63,0,0,0,0,8,5.5,0,0,0,0,0.265,45.26,136.8,0.97,0.3,878,2.1,330,1.0,2024.0,220.0,180.079
2024,11,23,2,0,17.0,1.15,0.158,0.63,0,0,0,0,7,5.7,0,0,0,0,0.265,47.32,136.38,0.97,0.3,878,2.2,297,1.0,2024.0,220.0,108.058
2024,11,23,2,0,17.0,1.15,0.158,0.63,0,0,0,0,7,5.7,0,0,0,0,0.265,47.32,136.38,0.97,0.3,878,2.2,297,1.0,2024.0,220.0,107.528
2024,11,23,2,0,17.0,1.15,0.158,0.63,0,0,0,0,7,5.7,0,0,0,0,0.265,47.32,136.38,0.97,0.3,878,2.2,297,1.0,2024.0,220.0,72.313
2024,11,23,3,0,16.4,1.15,0.164,0.63,0,0,0,0,7,5.9,0,0,0,0,0.265,49.88,131.33,0.97,0.3,878,2.2,313,1.0,2024.0,220.0,178.884
2024,11,23,5,0,15.6,1.16,0.175,0.63,0,0,0,0,3,6.2,0,0,0,0,0.265,53.57,112.3,0.97,0.3,878,2.3,10,1.4,2024.0,220.0,109.152
2024,11,23,6,0,15.6,1.16,0.176,0.63,0,0,0,0,1,6.1,0,0,0,0,0.265,53.32,100.44,0.97,0.3,878,2.4,83,1.4,2024.0,220.0,111.124
2024,11,23,7,0,16.6,1.17,0.174,0.63,19,73,22,0,1,5.9,19,73,0,22,0.265,49.22,87.56,0.97,0.3,878,2.5,93,1.6,2024.0,220.0,122.286
2024,11,23,7,0,16.6,1.17,0.174,0.63,19,73,22,0,1,5.9,19,73,0,22,0.265,49.22,87.56,0.97,0.3,878,2.5,93,1.6,2024.0,220.0,109.822
2024,11,23,7,0,16.6,1.17,0.174,0.63,19,73,22,0,1,5.9,19,73,0,22,0.265,49.22,87.56,0.97,0.3,878,2.5,93,1.6,2024.0,220.0,108.498
2024,11,23,7,0,16.6,1.17,0.174,0.63,19,73,22,0,1,5.9,19,73,0,22,0.265,49.22,87.56,0.97,0.3,878,2.5,93,1.6,2024.0,220.0,123.09
2024,11,23,8,0,19.5,1.18,0.172,0.63,85,504,219,0,0,5.7,85,504,0,219,0.264,40.5,74.6,0.97,0.3,879,2.5,71,2.2,2024.0,220.0,107.588
2024,11,23,8,0,19.5,1.18,0.172,0.63,85,504,219,0,0,5.7,85,504,0,219,0.264,40.5,74.6,0.97,0.3,879,2.5,71,2.2,2024.0,220.0,4.761
2024,11,23,8,0,19.5,1.18,0.172,0.63,85,504,219,0,0,5.7,85,504,0,219,0.264,40.5,74.6,0.97,0.3,879,2.5,71,2.2,2024.0,220.0,0.0
2024,11,23,20,0,21.4,1.14,0.156,0.63,0,0,0,0,0,6.2,0,0,0,0,0.269,37.18,89.47,0.98,0.3,878,2.8,270,2.4,2024.0,220.0,59.287
2024,11,23,21,0,20.0,1.15,0.149,0.63,0,0,0,0,3,6.4,0,0,0,0,0.269,41.15,102.38,0.97,0.3,879,2.8,271,1.7,2024.0,220.0,96.8
2024,11,23,22,0,19.1,1.16,0.143,0.63,0,0,0,0,5,6.6,0,0,0,0,0.269,44.2,114.05,0.97,0.3,879,2.7,286,1.1,2024.0,220.0,88.074
2024,11,23,22,0,19.1,1.16,0.143,0.63,0,0,0,0,5,6.6,0,0,0,0,0.269,44.2,114.05,0.97,0.3,879,2.7,286,1.1,2024.0,220.0,66.817
2024,11,23,22,0,19.1,1.16,0.143,0.63,0,0,0,0,5,6.6,0,0,0,0,0.269,44.2,114.05,0.97,0.3,879,2.7,286,1.1,2024.0,220.0,89.332
2024,11,23,23,0,18.4,1.17,0.139,0.63,0,0,0,0,0,6.7,0,0,0,0,0.27,46.54,124.33,0.97,0.3,879,2.6,324,1.1,2024.0,220.0,100.973
2024,11,23,24,0,17.6,1.18,0.14,0.63,0,0,0,0,0,6.9,0,0,0,0,0.27,49.53,132.27,0.97,0.3,879,2.6,337,1.0,2024.0,220.0,106.266
2024,11,23,24,0,17.6,1.18,0.14,0.63,0,0,0,0,0,6.9,0,0,0,0,0.27,49.53,132.27,0.97,0.3,879,2.6,337,1.0,2024.0,220.0,106.238
2024,11,24,1,0,16.7,1.18,0.144,0.63,0,0,0,0,0,7.3,0,0,0,0,0.271,53.81,136.59,0.97,0.3,880,2.6,345,0.8,2024.0,220.0,81.156
2024,11,24,1,0,16.7,1.18,0.144,0.63,0,0,0,0,0,7.3,0,0,0,0,0.271,53.81,136.59,0.97,0.3,880,2.6,345,0.8,2024.0,220.0,72.132
2024,11,24,5,0,15.5,1.18,0.169,0.63,0,0,0,0,5,8.3,0,0,0,0,0.27,62.29,112.24,0.98,0.3,879,2.6,30,1.0,2024.0,220.0,71.047
2024,11,24,5,0,15.5,1.18,0.169,0.63,0,0,0,0,5,8.3,0,0,0,0,0.27,62.29,112.24,0.98,0.3,879,2.6,30,1.0,2024.0,220.0,65.9
2024,11,24,6,0,15.7,1.18,0.178,0.63,0,0,0,0,8,8.3,0,0,0,0,0.27,61.26,100.4,0.98,0.3,879,2.6,30,1.1,2024.0,220.0,71.619
2024,11,24,7,0,16.6,1.18,0.183,0.63,19,69,22,7,8,8.2,3,0,7,3,0.269,57.58,87.54,0.98,0.3,880,2.6,40,1.0,2024.0,220.0,80.02
2024,11,24,8,0,19.6,1.19,0.182,0.63,87,491,217,0,8,7.3,153,110,0,182,0.269,44.78,74.6,0.98,0.3,880,2.6,14,1.4,2024.0,220.0,0.0
2024,11,24,20,0,22.5,1.17,0.132,0.63,0,0,0,7,7,4.9,0,0,7,0,0.263,31.71,89.34,0.97,0.3,879,2.9,271,3.4,2024.0,220.0,60.077
2024,11,24,21,0,20.9,1.18,0.131,0.63,0,0,0,0,4,5.6,0,0,0,0,0.263,36.89,102.22,0.97,0.3,879,2.9,276,2.6,2024.0,220.0,78.22
2024,11,24,21,0,20.9,1.18,0.131,0.63,0,0,0,0,4,5.6,0,0,0,0,0.263,36.89,102.22,0.97,0.3,879,2.9,276,2.6,2024.0,220.0,61.629
2024,11,24,22,0,19.8,1.18,0.129,0.63,0,0,0,0,3,6.1,0,0,0,0,0.263,40.69,113.88,0.97,0.3,879,2.9,282,1.3,2024.0,220.0,78.577
2024,11,24,22,0,19.8,1.18,0.129,0.63,0,0,0,0,3,6.1,0,0,0,0,0.263,40.69,113.88,0.97,0.3,879,2.9,282,1.3,2024.0,220.0,68.21
2024,11,24,24,0,18.5,1.18,0.128,0.63,0,0,0,0,0,6.4,0,0,0,0,0.263,45.32,132.07,0.97,0.3,880,2.8,347,0.5,2024.0,220.0,64.526
2024,11,24,24,0,18.5,1.18,0.128,0.63,0,0,0,0,0,6.4,0,0,0,0,0.263,45.32,132.07,0.97,0.3,880,2.8,347,0.5,2024.0,220.0,84.508
2024,11,25,1,0,18.1,1.17,0.136,0.63,0,0,0,0,8,6.4,0,0,0,0,0.263,46.46,136.39,0.97,0.3,880,2.8,2,0.8,2024.0,220.0,94.804
2024,11,25,1,0,18.1,1.17,0.136,0.63,0,0,0,0,8,6.4,0,0,0,0,0.263,46.46,136.39,0.97,0.3,880,2.8,2,0.8,2024.0,220.0,70.634
2024,11,25,2,0,17.8,1.17,0.143,0.63,0,0,0,0,4,6.5,0,0,0,0,0.262,47.6,136.01,0.97,0.3,879,2.8,3,1.0,2024.0,220.0,70.987
2024,11,25,4,0,16.9,1.16,0.158,0.63,0,0,0,0,7,7.1,0,0,0,0,0.26,52.4,122.69,0.97,0.3,880,2.8,347,0.8,2024.0,220.0,74.672
2024,11,25,5,0,16.5,1.17,0.157,0.63,0,0,0,0,7,7.5,0,0,0,0,0.26,55.11,112.18,0.97,0.3,880,2.8,348,0.9,2024.0,220.0,86.933
2024,11,25,5,0,16.5,1.17,0.157,0.63,0,0,0,0,7,7.5,0,0,0,0,0.26,55.11,112.18,0.97,0.3,880,2.8,348,0.9,2024.0,220.0,70.323
2024,11,25,6,0,16.0,1.18,0.148,0.63,0,0,0,0,8,7.7,0,0,0,0,0.26,57.97,100.37,0.97,0.3,880,2.8,343,1.2,2024.0,220.0,96.754
2024,11,25,7,0,16.3,1.2,0.135,0.63,19,102,23,7,8,7.9,22,3,7,22,0.26,57.43,87.53,0.97,0.3,880,2.7,17,1.6,2024.0,220.0,111.397
2024,11,25,7,0,16.3,1.2,0.135,0.63,19,102,23,7,8,7.9,22,3,7,22,0.26,57.43,87.53,0.97,0.3,880,2.7,17,1.6,2024.0,220.0,247.928
2024,11,25,7,0,16.3,1.2,0.135,0.63,19,102,23,7,8,7.9,22,3,7,22,0.26,57.43,87.53,0.97,0.3,880,2.7,17,1.6,2024.0,220.0,168.433
2024,11,25,8,0,19.0,1.22,0.124,0.63,74,565,224,0,8,7.1,106,348,0,198,0.261,45.99,74.6,0.97,0.3,880,2.6,23,1.7,2024.0,220.0,112.704
2024,11,25,8,0,19.0,1.22,0.124,0.63,74,565,224,0,8,7.1,106,348,0,198,0.261,45.99,74.6,0.97,0.3,880,2.6,23,1.7,2024.0,220.0,99.45
2024,11,25,8,0,19.0,1.22,0.124,0.63,74,565,224,0,8,7.1,106,348,0,198,0.261,45.99,74.6,0.97,0.3,880,2.6,23,1.7,2024.0,220.0,98.575
2024,11,25,8,0,19.0,1.22,0.124,0.63,74,565,224,0,8,7.1,106,348,0,198,0.261,45.99,74.6,0.97,0.3,880,2.6,23,1.7,2024.0,220.0,94.549
2024,11,25,8,0,19.0,1.22,0.124,0.63,74,565,224,0,8,7.1,106,348,0,198,0.261,45.99,74.6,0.97,0.3,880,2.6,23,1.7,2024.0,220.0,59.502
2024,11,25,8,0,19.0,1.22,0.124,0.63,74,565,224,0,8,7.1,106,348,0,198,0.261,45.99,74.6,0.97,0.3,880,2.6,23,1.7,2024.0,220.0,0.0
2024,11,25,12,0,29.3,1.27,0.102,0.63,132,966,1040,0,0,4.1,132,966,0,1040,0.262,20.11,19.94,0.96,0.3,879,2.5,249,4.5,2024.0,220.0,0.0
2024,11,25,20,0,22.6,1.19,0.113,0.63,0,0,0,7,3,5.4,0,0,7,0,0.275,32.67,89.21,0.96,0.3,879,2.3,252,3.2,2024.0,220.0,63.776
2024,11,25,20,0,22.6,1.19,0.113,0.63,0,0,0,7,3,5.4,0,0,7,0,0.275,32.67,89.21,0.96,0.3,879,2.3,252,3.2,2024.0,220.0,79.331
2024,11,26,1,0,17.5,1.17,0.106,0.63,0,0,0,0,0,8.1,0,0,0,0,0.275,54.06,136.19,0.96,0.3,880,2.1,7,0.7,2024.0,220.0,68.102
2024,11,26,1,0,17.5,1.17,0.106,0.63,0,0,0,0,0,8.1,0,0,0,0,0.275,54.06,136.19,0.96,0.3,880,2.1,7,0.7,2024.0,220.0,67.47
2024,11,26,4,0,16.7,1.17,0.105,0.63,0,0,0,0,1,8.5,0,0,0,0,0.274,58.26,122.61,0.96,0.3,878,2.3,3,0.6,2024.0,220.0,75.862
2024,11,26,5,0,16.6,1.17,0.102,0.63,0,0,0,0,8,8.5,0,0,0,0,0.274,58.61,112.13,0.96,0.3,878,2.3,72,0.7,2024.0,220.0,113.375
2024,11,26,5,0,16.6,1.17,0.102,0.63,0,0,0,0,8,8.5,0,0,0,0,0.274,58.61,112.13,0.96,0.3,878,2.3,72,0.7,2024.0,220.0,76.441
2024,11,26,5,0,16.6,1.17,0.102,0.63,0,0,0,0,8,8.5,0,0,0,0,0.274,58.61,112.13,0.96,0.3,878,2.3,72,0.7,2024.0,220.0,71.27
2024,11,26,6,0,16.4,1.18,0.097,0.63,0,0,0,0,7,8.3,0,0,0,0,0.274,58.77,100.34,0.96,0.3,878,2.4,100,0.9,2024.0,220.0,70.134
2024,11,26,6,0,16.4,1.18,0.097,0.63,0,0,0,0,7,8.3,0,0,0,0,0.274,58.77,100.34,0.96,0.3,878,2.4,100,0.9,2024.0,220.0,74.576
2024,11,26,7,0,17.0,1.19,0.095,0.63,19,145,25,7,7,8.0,9,0,7,9,0.274,55.38,87.53,0.96,0.3,879,2.4,94,1.2,2024.0,220.0,110.33
2024,11,26,7,0,17.0,1.19,0.095,0.63,19,145,25,7,7,8.0,9,0,7,9,0.274,55.38,87.53,0.96,0.3,879,2.4,94,1.2,2024.0,220.0,110.708
2024,11,26,8,0,20.0,1.2,0.094,0.63,66,612,229,0,7,6.9,122,225,0,182,0.274,42.51,74.61,0.96,0.3,879,2.4,95,1.5,2024.0,220.0,60.274
2024,11,26,8,0,20.0,1.2,0.094,0.63,66,612,229,0,7,6.9,122,225,0,182,0.274,42.51,74.61,0.96,0.3,879,2.4,95,1.5,2024.0,220.0,0.0
2024,11,26,10,0,26.0,1.22,0.091,0.63,107,892,709,0,0,3.5,107,892,0,709,0.274,23.39,47.6,0.96,0.3,879,2.5,266,3.5,2024.0,220.0,0.0
2024,11,26,18,0,26.9,1.19,0.103,0.63,93,766,440,0,0,4.3,93,766,0,440,0.264,23.45,63.0,0.96,0.3,876,2.6,266,4.0,2024.0,220.0,0.0
2024,11,26,19,0,24.9,1.19,0.104,0.63,64,557,195,0,0,4.6,64,557,0,195,0.264,26.89,76.35,0.96,0.3,877,2.5,269,3.3,2024.0,220.0,0.0
2024,11,26,20,0,22.3,1.2,0.105,0.63,0,0,0,7,7,5.2,0,0,7,0,0.264,32.85,89.09,0.96,0.3,877,2.5,277,2.8,2024.0,220.0,66.656
2024,11,26,21,0,20.2,1.2,0.107,0.63,0,0,0,0,1,6.1,0,0,0,0,0.264,39.88,101.91,0.96,0.31,878,2.4,284,2.3,2024.0,220.0,68.151
2024,11,26,24,0,18.3,1.21,0.116,0.63,0,0,0,0,7,6.9,0,0,0,0,0.265,47.26,131.67,0.97,0.31,878,2.3,50,0.6,2024.0,220.0,72.493
2024,11,27,1,0,18.2,1.21,0.12,0.63,0,0,0,0,7,6.7,0,0,0,0,0.265,47.13,136.0,0.97,0.31,877,2.3,68,0.8,2024.0,220.0,71.019
2024,11,27,4,0,17.0,1.2,0.14,0.63,0,0,0,0,8,7.4,0,0,0,0,0.267,53.21,122.53,0.97,0.31,877,2.4,331,1.1,2024.0,220.0,71.107
2024,11,27,6,0,16.1,1.19,0.147,0.63,0,0,0,0,7,8.2,0,0,0,0,0.268,59.42,100.32,0.98,0.31,877,2.4,345,1.0,2024.0,220.0,73.027
2024,11,27,7,0,17.1,1.2,0.145,0.63,19,96,23,7,8,8.2,19,96,5,23,0.267,55.63,87.53,0.97,0.31,877,2.4,43,0.6,2024.0,220.0,75.141
2024,11,27,8,0,20.0,1.22,0.136,0.63,77,553,223,0,8,7.5,138,204,0,193,0.267,44.37,74.63,0.97,0.31,877,2.4,19,0.6,2024.0,220.0,63.547
2024,11,27,8,0,20.0,1.22,0.136,0.63,77,553,223,0,8,7.5,138,204,0,193,0.267,44.37,74.63,0.97,0.31,877,2.4,19,0.6,2024.0,220.0,0.0
2024,11,27,10,0,25.7,1.26,0.12,0.63,122,868,706,0,0,5.2,122,868,0,706,0.266,26.75,47.64,0.97,0.31,878,2.4,302,0.9,2024.0,220.0,0.0
2024,11,27,12,0,28.8,1.27,0.133,0.63,150,943,1036,0,0,4.7,150,943,0,1036,0.265,21.54,20.04,0.97,0.31,877,2.5,290,3.9,2024.0,220.0,0.0
2024,11,27,12,0,28.8,1.27,0.133,0.63,150,943,1036,0,0,4.7,150,943,0,1036,0.265,21.54,20.04,0.97,0.31,877,2.5,290,3.9,2024.0,220.0,0.0
2024,11,27,20,0,21.6,1.24,0.153,0.63,10,36,11,0,0,5.7,10,36,0,11,0.273,35.48,88.95,0.97,0.31,877,2.3,276,3.3,2024.0,220.0,60.407
2024,11,27,21,0,19.3,1.23,0.156,0.63,0,0,0,0,0,6.7,0,0,0,0,0.273,43.96,101.75,0.97,0.3,878,2.3,277,2.4,2024.0,220.0,60.632
2024,11,27,21,0,19.3,1.23,0.156,0.63,0,0,0,0,0,6.7,0,0,0,0,0.273,43.96,101.75,0.97,0.3,878,2.3,277,2.4,2024.0,220.0,60.568
2024,11,27,21,0,19.3,1.23,0.156,0.63,0,0,0,0,0,6.7,0,0,0,0,0.273,43.96,101.75,0.97,0.3,878,2.3,277,2.4,2024.0,220.0,62.609
2024,11,27,21,0,19.3,1.23,0.156,0.63,0,0,0,0,0,6.7,0,0,0,0,0.273,43.96,101.75,0.97,0.3,878,2.3,277,2.4,2024.0,220.0,66.83
2024,11,27,21,0,19.3,1.23,0.156,0.63,0,0,0,0,0,6.7,0,0,0,0,0.273,43.96,101.75,0.97,0.3,878,2.3,277,2.4,2024.0,220.0,69.716
2024,11,27,21,0,19.3,1.23,0.156,0.63,0,0,0,0,0,6.7,0,0,0,0,0.273,43.96,101.75,0.97,0.3,878,2.3,277,2.4,2024.0,220.0,70.398
2024,11,27,22,0,18.1,1.21,0.16,0.63,0,0,0,0,1,7.4,0,0,0,0,0.273,49.61,113.36,0.97,0.3,878,2.3,289,1.3,2024.0,220.0,66.433
2024,11,27,23,0,17.5,1.21,0.161,0.63,0,0,0,0,1,7.7,0,0,0,0,0.273,52.73,123.57,0.97,0.3,879,2.3,323,1.0,2024.0,220.0,67.219
2024,11,27,23,0,17.5,1.21,0.161,0.63,0,0,0,0,1,7.7,0,0,0,0,0.273,52.73,123.57,0.97,0.3,879,2.3,323,1.0,2024.0,220.0,71.125
2024,11,28,1,0,16.9,1.23,0.158,0.63,0,0,0,0,8,7.8,0,0,0,0,0.273,55.08,135.81,0.97,0.3,879,2.2,5,0.7,2024.0,220.0,72.002
2024,11,28,6,0,16.4,1.27,0.14,0.63,0,0,0,0,7,6.3,0,0,0,0,0.27,51.06,100.3,0.97,0.3,877,1.9,103,0.7,2024.0,220.0,69.968
2024,11,28,6,0,16.4,1.27,0.14,0.63,0,0,0,0,7,6.3,0,0,0,0,0.27,51.06,100.3,0.97,0.3,877,1.9,103,0.7,2024.0,220.0,75.042
2024,11,28,7,0,17.5,1.28,0.132,0.63,19,117,24,0,0,5.8,19,117,0,24,0.271,46.32,87.53,0.97,0.3,877,1.9,108,0.9,2024.0,220.0,90.873
2024,11,28,7,0,17.5,1.28,0.132,0.63,19,117,24,0,0,5.8,19,117,0,24,0.271,46.32,87.53,0.97,0.3,877,1.9,108,0.9,2024.0,220.0,101.74
2024,11,28,7,0,17.5,1.28,0.132,0.63,19,117,24,0,0,5.8,19,117,0,24,0.271,46.32,87.53,0.97,0.3,877,1.9,108,0.9,2024.0,220.0,276.714
2024,11,28,8,0,21.2,1.29,0.127,0.63,75,580,228,0,0,5.7,75,580,0,228,0.271,36.3,74.65,0.97,0.3,877,1.9,120,0.9,2024.0,220.0,258.04
2024,11,28,8,0,21.2,1.29,0.127,0.63,75,580,228,0,0,5.7,75,580,0,228,0.271,36.3,74.65,0.97,0.3,877,1.9,120,0.9,2024.0,220.0,100.233
2024,11,28,8,0,21.2,1.29,0.127,0.63,75,580,228,0,0,5.7,75,580,0,228,0.271,36.3,74.65,0.97,0.3,877,1.9,120,0.9,2024.0,220.0,55.998
2024,11,28,8,0,21.2,1.29,0.127,0.63,75,580,228,0,0,5.7,75,580,0,228,0.271,36.3,74.65,0.97,0.3,877,1.9,120,0.9,2024.0,220.0,0.0
2024,11,28,8,0,21.2,1.29,0.127,0.63,75,580,228,0,0,5.7,75,580,0,228,0.271,36.3,74.65,0.97,0.3,877,1.9,120,0.9,2024.0,220.0,0.0
2024,11,28,8,0,21.2,1.29,0.127,0.63,75,580,228,0,0,5.7,75,580,0,228,0.271,36.3,74.65,0.97,0.3,877,1.9,120,0.9,2024.0,220.0,0.0
2024,11,28,9,0,24.5,1.29,0.124,0.63,104,778,478,0,0,5.1,104,778,0,478,0.272,28.58,61.29,0.97,0.3,877,1.9,198,1.0,2024.0,220.0,0.0
2024,11,28,10,0,27.1,1.29,0.123,0.63,123,881,716,0,8,4.4,214,621,0,633,0.272,23.28,47.68,0.96,0.3,877,1.8,256,2.5,2024.0,220.0,0.0
2024,11,28,18,0,27.1,1.16,0.098,0.63,93,801,459,0,0,4.7,93,801,0,459,0.252,23.91,62.76,0.96,0.3,876,1.6,262,5.0,2024.0,220.0,0.0
2024,11,28,18,0,27.1,1.16,0.098,0.63,93,801,459,0,0,4.7,93,801,0,459,0.252,23.91,62.76,0.96,0.3,876,1.6,262,5.0,2024.0,220.0,0.0
2024,11,28,20,0,21.9,1.13,0.098,0.63,12,74,14,0,0,5.9,12,74,0,14,0.253,35.27,88.82,0.96,0.3,877,1.6,276,3.1,2024.0,220.0,68.695
2024,11,29,1,0,16.7,1.15,0.09,0.63,0,0,0,0,0,8.0,0,0,0,0,0.255,56.4,135.63,0.96,0.3,879,1.5,4,1.2,2024.0,220.0,77.737
2024,11,29,2,0,16.2,1.17,0.086,0.63,0,0,0,0,0,8.1,0,0,0,0,0.256,58.54,135.37,0.96,0.3,878,1.5,4,1.2,2024.0,220.0,72.068
2024,11,29,6,0,15.8,1.23,0.079,0.63,0,0,0,0,0,7.5,0,0,0,0,0.262,57.62,100.29,0.96,0.3,877,1.4,87,0.8,2024.0,220.0,72.535
2024,11,29,6,0,15.8,1.23,0.079,0.63,0,0,0,0,0,7.5,0,0,0,0,0.262,57.62,100.29,0.96,0.3,877,1.4,87,0.8,2024.0,220.0,76.468
2024,11,29,7,0,16.9,1.23,0.08,0.63,19,186,27,0,0,7.0,19,186,0,27,0.263,52.11,87.54,0.96,0.3,878,1.3,82,1.1,2024.0,220.0,103.006
2024,11,29,7,0,16.9,1.23,0.08,0.63,19,186,27,0,0,7.0,19,186,0,27,0.263,52.11,87.54,0.96,0.3,878,1.3,82,1.1,2024.0,220.0,106.223
2024,11,29,8,0,20.6,1.23,0.084,0.63,65,659,239,0,0,6.5,65,659,0,239,0.264,39.8,74.68,0.96,0.3,878,1.3,62,1.6,2024.0,220.0,77.031
2024,11,29,8,0,20.6,1.23,0.084,0.63,65,659,239,0,0,6.5,65,659,0,239,0.264,39.8,74.68,0.96,0.3,878,1.3,62,1.6,2024.0,220.0,0.0
2024,11,29,9,0,24.0,1.24,0.082,0.63,89,845,494,0,0,5.5,89,845,0,494,0.265,30.26,61.32,0.96,0.3,878,1.3,337,1.7,2024.0,220.0,0.0
2024,11,29,17,0,29.7,1.09,0.084,0.63,105,929,714,0,0,2.7,105,929,0,714,0.263,17.81,49.07,0.95,0.3,875,1.2,249,5.4,2024.0,220.0,0.0
2024,11,29,17,0,29.7,1.09,0.084,0.63,105,929,714,0,0,2.7,105,929,0,714,0.263,17.81,49.07,0.95,0.3,875,1.2,249,5.4,2024.0,220.0,0.0
2024,11,29,19,0,25.9,1.04,0.08,0.63,61,637,216,0,0,3.6,61,637,0,216,0.263,23.63,75.95,0.95,0.3,876,1.2,250,3.9,2024.0,220.0,0.0
2024,11,29,19,0,25.9,1.04,0.08,0.63,61,637,216,0,0,3.6,61,637,0,216,0.263,23.63,75.95,0.95,0.3,876,1.2,250,3.9,2024.0,220.0,0.0
2024,11,29,20,0,22.5,1.03,0.079,0.63,13,99,15,0,0,4.6,13,99,0,15,0.264,31.22,88.7,0.95,0.3,876,1.3,257,2.5,2024.0,220.0,62.693
2024,11,29,21,0,20.1,1.02,0.079,0.63,0,0,0,0,0,5.8,0,0,0,0,0.264,39.32,101.44,0.95,0.3,877,1.3,262,1.6,2024.0,220.0,76.335
2024,11,29,22,0,18.6,1.01,0.079,0.63,0,0,0,0,0,6.5,0,0,0,0,0.263,45.15,113.03,0.95,0.3,878,1.3,271,0.5,2024.0,220.0,66.599
2024,11,29,23,0,18.1,1.02,0.079,0.63,0,0,0,0,0,6.6,0,0,0,0,0.263,47.1,123.21,0.95,0.3,878,1.4,330,0.6,2024.0,220.0,86.536
2024,11,30,1,0,17.5,1.03,0.083,0.63,0,0,0,0,7,6.5,0,0,0,0,0.262,48.5,135.45,0.95,0.3,878,1.4,37,1.0,2024.0,220.0,87.612
2024,11,30,1,0,17.5,1.03,0.083,0.63,0,0,0,0,7,6.5,0,0,0,0,0.262,48.5,135.45,0.95,0.3,878,1.4,37,1.0,2024.0,220.0,80.246
2024,11,30,7,0,16.8,1.08,0.082,0.63,19,172,27,0,0,6.4,19,172,0,27,0.26,50.33,87.55,0.95,0.3,878,1.3,54,0.8,2024.0,220.0,90.433
2024,11,30,8,0,20.5,1.1,0.079,0.63,64,664,239,0,0,5.7,64,664,0,239,0.26,38.07,74.71,0.95,0.3,878,1.3,51,1.5,2024.0,220.0,37.57
2024,11,30,8,0,20.5,1.1,0.079,0.63,64,664,239,0,0,5.7,64,664,0,239,0.26,38.07,74.71,0.95,0.3,878,1.3,51,1.5,2024.0,220.0,0.0
2024,11,30,12,0,29.5,1.13,0.079,0.63,122,1016,1075,0,0,3.7,122,1016,0,1075,0.26,19.29,20.23,0.96,0.3,878,1.3,280,5.1,2024.0,220.0,0.0
2024,11,30,13,0,30.3,1.13,0.081,0.63,127,1027,1147,0,0,3.6,127,1027,0,1147,0.26,18.32,6.37,0.96,0.3,877,1.3,273,5.6,2024.0,220.0,0.0
2024,11,30,13,0,30.3,1.13,0.081,0.63,127,1027,1147,0,0,3.6,127,1027,0,1147,0.26,18.32,6.37,0.96,0.3,877,1.3,273,5.6,2024.0,220.0,0.0
2024,11,30,14,0,30.6,1.14,0.085,0.63,129,1020,1140,0,0,3.6,129,1020,0,1140,0.26,18.01,7.57,0.96,0.3,877,1.4,268,5.8,2024.0,220.0,0.0
2024,11,30,15,0,30.4,1.14,0.089,0.63,127,1000,1058,0,0,3.7,127,1000,0,1058,0.26,18.37,21.43,0.96,0.3,877,1.5,266,5.8,2024.0,220.0,0.0
2024,11,30,19,0,24.8,1.11,0.097,0.63,65,595,211,0,0,4.9,65,595,0,211,0.263,27.68,75.82,0.96,0.3,877,1.8,260,4.2,2024.0,220.0,0.0
2024,11,30,20,0,21.9,1.1,0.098,0.63,14,85,16,0,0,5.9,14,85,0,16,0.264,35.35,88.56,0.96,0.3,877,1.8,266,2.7,2024.0,220.0,65.973
2024,11,30,22,0,18.5,1.06,0.11,0.65,0,0,0,0,0,7.7,0,0,0,0,0.265,49.28,112.86,0.96,0.3,878,1.8,286,0.6,2024.0,220.0,67.626
2024,11,30,23,0,17.7,1.06,0.105,0.65,0,0,0,0,0,7.9,0,0,0,0,0.265,52.79,123.04,0.96,0.3,878,1.8,312,0.7,2024.0,220.0,68.549
2024,11,30,24,0,17.3,1.06,0.101,0.65,0,0,0,0,0,8.0,0,0,0,0,0.265,54.46,130.92,0.96,0.3,878,1.7,12,0.8,2024.0,220.0,67.022
2024,12,1,1,0,16.7,1.06,0.097,0.65,0,0,0,0,0,8.1,0,0,0,0,0.266,56.76,135.29,0.96,0.3,878,1.7,26,0.8,2024.0,220.0,68.00927
2024,12,1,1,0,16.7,1.06,0.097,0.65,0,0,0,0,0,8.1,0,0,0,0,0.266,56.76,135.29,0.96,0.3,878,1.7,26,0.8,2024.0,220.0,69.22096
2024,12,1,3,0,15.4,1.04,0.092,0.65,0,0,0,0,0,8.4,0,0,0,0,0.266,63.23,130.38,0.96,0.3,878,1.6,355,0.5,2024.0,220.0,71.05414
2024,12,1,7,0,15.6,1.12,0.071,0.65,19,191,27,0,0,8.5,19,191,0,27,0.266,62.46,87.57,0.95,0.3,879,1.4,62,1.1,2024.0,220.0,60.98616
2024,12,1,7,0,15.6,1.12,0.071,0.65,19,191,27,0,0,8.5,19,191,0,27,0.266,62.46,87.57,0.95,0.3,879,1.4,62,1.1,2024.0,220.0,72.46147
2024,12,1,8,0,19.5,1.15,0.067,0.65,60,685,240,0,0,7.4,60,685,0,240,0.266,45.57,74.74,0.95,0.3,879,1.3,61,1.6,2024.0,220.0,0.0
2024,12,1,21,0,19.7,0.98,0.078,0.65,0,0,0,0,7,6.0,0,0,0,0,0.265,40.86,101.14,0.95,0.3,878,1.1,256,2.1,2024.0,220.0,66.92593
2024,12,1,21,0,19.7,0.98,0.078,0.65,0,0,0,0,7,6.0,0,0,0,0,0.265,40.86,101.14,0.95,0.3,878,1.1,256,2.1,2024.0,220.0,64.34091
2024,12,1,21,0,19.7,0.98,0.078,0.65,0,0,0,0,7,6.0,0,0,0,0,0.265,40.86,101.14,0.95,0.3,878,1.1,256,2.1,2024.0,220.0,62.50365
2024,12,1,21,0,19.7,0.98,0.078,0.65,0,0,0,0,7,6.0,0,0,0,0,0.265,40.86,101.14,0.95,0.3,878,1.1,256,2.1,2024.0,220.0,60.96504
2024,12,1,22,0,18.4,0.98,0.077,0.65,0,0,0,0,0,6.6,0,0,0,0,0.265,46.01,112.7,0.95,0.3,878,1.1,269,1.1,2024.0,220.0,69.55348
2024,12,1,23,0,17.8,0.98,0.077,0.65,0,0,0,0,0,6.7,0,0,0,0,0.264,48.23,122.86,0.95,0.3,878,1.1,355,0.7,2024.0,220.0,71.63696
2024,12,2,1,0,16.7,0.99,0.086,0.65,0,0,0,0,0,6.6,0,0,0,0,0.264,51.2,135.13,0.95,0.3,878,1.1,16,0.8,2024.0,220.0,68.16888
2024,12,2,7,0,16.4,1.07,0.08,0.65,19,176,26,7,3,6.3,14,0,7,14,0.268,51.4,87.59,0.95,0.3,877,1.1,67,0.9,2024.0,220.0,67.86139
2024,12,2,8,0,19.8,1.09,0.078,0.65,63,671,240,0,0,5.9,63,671,0,240,0.269,40.24,74.78,0.95,0.3,877,1.1,62,1.5,2024.0,220.0,2.72147
2024,12,2,8,0,19.8,1.09,0.078,0.65,63,671,240,0,0,5.9,63,671,0,240,0.269,40.24,74.78,0.95,0.3,877,1.1,62,1.5,2024.0,220.0,0.0
2024,12,2,9,0,22.8,1.11,0.074,0.65,85,860,496,0,0,5.1,85,860,0,496,0.269,31.61,61.46,0.94,0.3,877,1.1,308,0.5,2024.0,220.0,0.0
2024,12,2,10,0,25.4,1.13,0.072,0.65,100,952,738,0,0,4.2,100,952,0,738,0.27,25.41,47.9,0.94,0.3,877,1.1,268,2.5,2024.0,220.0,0.0
2024,12,2,13,0,29.6,1.16,0.074,0.65,121,1040,1155,0,0,3.3,121,1040,0,1155,0.27,18.69,6.52,0.94,0.3,877,1.1,267,5.7,2024.0,220.0,0.0
2024,12,2,13,0,29.6,1.16,0.074,0.65,121,1040,1155,0,0,3.3,121,1040,0,1155,0.27,18.69,6.52,0.94,0.3,877,1.1,267,5.7,2024.0,220.0,0.0
2024,12,2,16,0,28.6,1.1,0.084,0.65,116,985,923,0,0,4.3,116,985,0,923,0.271,21.21,35.03,0.94,0.3,876,1.2,257,5.8,2024.0,220.0,0.0
2024,12,2,16,0,28.6,1.1,0.084,0.65,116,985,923,0,0,4.3,116,985,0,923,0.271,21.21,35.03,0.94,0.3,876,1.2,257,5.8,2024.0,220.0,0.0
2024,12,2,20,0,21.0,1.09,0.092,0.65,15,113,18,0,0,6.1,15,113,0,18,0.272,37.77,88.3,0.93,0.3,877,1.2,262,3.4,2024.0,220.0,69.33414
2024,12,2,21,0,18.8,1.09,0.095,0.65,0,0,0,0,0,7.1,0,0,0,0,0.272,46.67,100.99,0.93,0.3,878,1.2,272,2.2,2024.0,220.0,72.48537
2024,12,2,22,0,17.5,1.09,0.098,0.65,0,0,0,0,0,7.7,0,0,0,0,0.271,52.71,112.54,0.94,0.3,879,1.2,291,1.0,2024.0,220.0,72.51575
2024,12,2,24,0,16.6,1.15,0.094,0.65,0,0,0,0,0,7.7,0,0,0,0,0.27,55.71,130.58,0.94,0.3,879,1.1,59,1.1,2024.0,220.0,78.55047
2024,12,3,1,0,16.4,1.17,0.091,0.65,0,0,0,0,0,7.3,0,0,0,0,0.269,54.9,134.97,0.94,0.3,878,1.1,70,1.0,2024.0,220.0,85.282
2024,12,3,1,0,16.4,1.17,0.091,0.65,0,0,0,0,0,7.3,0,0,0,0,0.269,54.9,134.97,0.94,0.3,878,1.1,70,1.0,2024.0,220.0,85.282
2024,12,3,6,0,14.4,1.15,0.101,0.65,0,0,0,0,7,7.3,0,0,0,0,0.268,62.44,100.3,0.95,0.3,878,1.2,354,1.0,2024.0,220.0,88.804
2024,12,3,8,0,19.0,1.2,0.094,0.65,67,647,237,0,8,6.2,41,593,0,196,0.267,43.19,74.82,0.95,0.3,878,1.1,98,1.2,2024.0,220.0,82.829
2024,12,3,8,0,19.0,1.2,0.094,0.65,67,647,237,0,8,6.2,41,593,0,196,0.267,43.19,74.82,0.95,0.3,878,1.1,98,1.2,2024.0,220.0,61.255
2024,12,3,8,0,19.0,1.2,0.094,0.65,67,647,237,0,8,6.2,41,593,0,196,0.267,43.19,74.82,0.95,0.3,878,1.1,98,1.2,2024.0,220.0,0.0
2024,12,3,10,0,25.3,1.23,0.091,0.65,109,938,736,0,0,3.6,109,938,0,736,0.267,24.56,47.97,0.94,0.3,878,1.0,278,2.3,2024.0,220.0,0.0
2024,12,3,20,0,20.8,1.05,0.087,0.65,16,130,21,7,3,4.1,10,0,7,10,0.25,33.29,88.17,0.95,0.3,879,0.9,274,2.4,2024.0,220.0,55.137
2024,12,3,20,0,20.8,1.05,0.087,0.65,16,130,21,7,3,4.1,10,0,7,10,0.25,33.29,88.17,0.95,0.3,879,0.9,274,2.4,2024.0,220.0,65.74
2024,12,3,20,0,20.8,1.05,0.087,0.65,16,130,21,7,3,4.1,10,0,7,10,0.25,33.29,88.17,0.95,0.3,879,0.9,274,2.4,2024.0,220.0,77.112
2024,12,3,20,0,20.8,1.05,0.087,0.65,16,130,21,7,3,4.1,10,0,7,10,0.25,33.29,88.17,0.95,0.3,879,0.9,274,2.4,2024.0,220.0,82.366
2024,12,3,22,0,17.2,1.04,0.087,0.65,0,0,0,0,0,5.8,0,0,0,0,0.252,46.88,112.38,0.95,0.31,880,0.9,265,0.7,2024.0,220.0,71.851
2024,12,3,23,0,16.9,1.05,0.086,0.65,0,0,0,0,0,5.7,0,0,0,0,0.253,47.49,122.53,0.95,0.31,880,0.9,135,0.4,2024.0,220.0,82.282
2024,12,3,24,0,16.5,1.06,0.084,0.65,0,0,0,0,0,5.3,0,0,0,0,0.255,47.37,130.42,0.95,0.31,879,0.9,103,0.6,2024.0,220.0,85.56
2024,12,3,24,0,16.5,1.06,0.084,0.65,0,0,0,0,0,5.3,0,0,0,0,0.255,47.37,130.42,0.95,0.31,879,0.9,103,0.6,2024.0,220.0,86.318
2024,12,4,1,0,16.3,1.07,0.084,0.65,0,0,0,0,0,4.8,0,0,0,0,0.259,46.31,134.82,0.95,0.31,879,0.9,91,0.7,2024.0,220.0,81.48
2024,12,4,2,0,16.6,1.07,0.093,0.65,0,0,0,0,0,4.3,0,0,0,0,0.263,44.0,134.72,0.95,0.31,878,0.9,80,0.7,2024.0,220.0,75.669
2024,12,4,3,0,16.9,1.07,0.106,0.65,0,0,0,0,0,4.1,0,0,0,0,0.266,42.6,130.14,0.95,0.31,878,0.9,57,0.7,2024.0,220.0,89.206
2024,12,4,3,0,16.9,1.07,0.106,0.65,0,0,0,0,0,4.1,0,0,0,0,0.266,42.6,130.14,0.95,0.31,878,0.9,57,0.7,2024.0,220.0,86.692
2024,12,4,7,0,15.6,1.09,0.101,0.65,19,146,25,0,1,4.8,19,146,0,25,0.276,48.66,87.65,0.96,0.31,879,0.9,40,1.0,2024.0,220.0,80.826
2024,12,4,7,0,15.6,1.09,0.101,0.65,19,146,25,0,1,4.8,19,146,0,25,0.276,48.66,87.65,0.96,0.31,879,0.9,40,1.0,2024.0,220.0,80.826
2024,12,4,7,0,15.6,1.09,0.101,0.65,19,146,25,0,1,4.8,19,146,0,25,0.276,48.66,87.65,0.96,0.31,879,0.9,40,1.0,2024.0,220.0,81.633
2024,12,4,8,0,18.8,1.11,0.092,0.65,68,654,238,0,8,4.3,124,303,0,203,0.278,38.43,74.87,0.95,0.31,879,0.9,70,1.1,2024.0,220.0,82.043
2024,12,4,8,0,18.8,1.11,0.092,0.65,68,654,238,0,8,4.3,124,303,0,203,0.278,38.43,74.87,0.95,0.31,879,0.9,70,1.1,2024.0,220.0,63.153
2024,12,4,8,0,18.8,1.11,0.092,0.65,68,654,238,0,8,4.3,124,303,0,203,0.278,38.43,74.87,0.95,0.31,879,0.9,70,1.1,2024.0,220.0,0.0
2024,12,4,8,0,18.8,1.11,0.092,0.65,68,654,238,0,8,4.3,124,303,0,203,0.278,38.43,74.87,0.95,0.31,879,0.9,70,1.1,2024.0,220.0,0.0
2024,12,4,19,0,23.7,1.04,0.08,0.65,64,664,232,0,0,3.2,64,664,0,232,0.268,26.19,75.3,0.95,0.31,877,0.9,265,3.9,2024.0,220.0,0.0
2024,12,4,20,0,20.8,1.03,0.082,0.65,17,145,22,0,0,4.2,17,145,0,22,0.268,33.68,88.04,0.95,0.31,878,0.9,269,3.0,2024.0,220.0,0.0
2024,12,4,20,0,20.8,1.03,0.082,0.65,17,145,22,0,0,4.2,17,145,0,22,0.268,33.68,88.04,0.95,0.31,878,0.9,269,3.0,2024.0,220.0,0.0
2024,12,4,20,0,20.8,1.03,0.082,0.65,17,145,22,0,0,4.2,17,145,0,22,0.268,33.68,88.04,0.95,0.31,878,0.9,269,3.0,2024.0,220.0,54.395
2024,12,4,20,0,20.8,1.03,0.082,0.65,17,145,22,0,0,4.2,17,145,0,22,0.268,33.68,88.04,0.95,0.31,878,0.9,269,3.0,2024.0,220.0,65.181
2024,12,4,22,0,17.3,1.02,0.095,0.65,0,0,0,0,0,6.3,0,0,0,0,0.268,48.45,112.23,0.95,0.31,879,1.0,289,0.9,2024.0,220.0,76.103
2024,12,4,23,0,17.0,1.02,0.1,0.65,0,0,0,0,0,6.5,0,0,0,0,0.267,50.16,122.37,0.96,0.31,879,1.0,352,0.3,2024.0,220.0,108.391
2024,12,5,1,0,17.1,1.03,0.103,0.65,0,0,0,0,0,6.2,0,0,0,0,0.266,48.76,134.68,0.96,0.31,879,1.0,52,0.9,2024.0,220.0,112.033
2024,12,5,1,0,17.1,1.03,0.103,0.65,0,0,0,0,0,6.2,0,0,0,0,0.266,48.76,134.68,0.96,0.31,879,1.0,52,0.9,2024.0,220.0,97.886
2024,12,5,3,0,16.7,1.05,0.092,0.65,0,0,0,0,7,5.9,0,0,0,0,0.265,48.98,130.07,0.96,0.31,877,1.0,72,0.7,2024.0,220.0,96.335
2024,12,5,3,0,16.7,1.05,0.092,0.65,0,0,0,0,7,5.9,0,0,0,0,0.265,48.98,130.07,0.96,0.31,877,1.0,72,0.7,2024.0,220.0,99.119
2024,12,5,8,0,19.1,1.08,0.078,0.65,64,677,240,0,1,4.9,64,677,0,240,0.265,39.28,74.92,0.95,0.31,878,0.9,50,1.4,2024.0,220.0,93.774
2024,12,5,8,0,19.1,1.08,0.078,0.65,64,677,240,0,1,4.9,64,677,0,240,0.265,39.28,74.92,0.95,0.31,878,0.9,50,1.4,2024.0,220.0,67.109
2024,12,5,8,0,19.1,1.08,0.078,0.65,64,677,240,0,1,4.9,64,677,0,240,0.265,39.28,74.92,0.95,0.31,878,0.9,50,1.4,2024.0,220.0,57.487
2024,12,5,8,0,19.1,1.08,0.078,0.65,64,677,240,0,1,4.9,64,677,0,240,0.265,39.28,74.92,0.95,0.31,878,0.9,50,1.4,2024.0,220.0,0.0
2024,12,5,9,0,22.2,1.1,0.079,0.65,88,866,500,0,0,4.5,88,866,0,500,0.266,31.5,61.64,0.94,0.31,878,0.8,302,0.9,2024.0,220.0,0.0
2024,12,5,12,0,28.3,1.1,0.087,0.65,128,1025,1087,0,0,3.1,128,1025,0,1087,0.264,19.9,20.63,0.95,0.31,877,0.9,262,4.7,2024.0,220.0,0.0
2024,12,5,13,0,28.9,1.09,0.09,0.65,134,1036,1162,0,0,3.3,134,1036,0,1162,0.265,19.46,6.79,0.95,0.31,876,0.9,260,5.2,2024.0,220.0,0.0
2024,12,5,20,0,20.4,0.96,0.092,0.65,18,131,23,0,1,5.0,18,131,0,23,0.275,36.53,87.91,0.95,0.31,877,1.0,261,3.4,2024.0,220.0,0.0
2024,12,5,20,0,20.4,0.96,0.092,0.65,18,131,23,0,1,5.0,18,131,0,23,0.275,36.53,87.91,0.95,0.31,877,1.0,261,3.4,2024.0,220.0,53.992
2024,12,5,20,0,20.4,0.96,0.092,0.65,18,131,23,0,1,5.0,18,131,0,23,0.275,36.53,87.91,0.95,0.31,877,1.0,261,3.4,2024.0,220.0,65.656
2024,12,6,1,0,16.1,1.0,0.087,0.65,0,0,0,0,0,5.8,0,0,0,0,0.274,50.43,134.55,0.95,0.31,877,1.0,50,0.6,2024.0,220.0,65.84
2024,12,6,1,0,16.1,1.0,0.087,0.65,0,0,0,0,0,5.8,0,0,0,0,0.274,50.43,134.55,0.95,0.31,877,1.0,50,0.6,2024.0,220.0,64.183
2024,12,6,2,0,16.0,1.01,0.089,0.65,0,0,0,0,0,5.8,0,0,0,0,0.272,50.81,134.51,0.95,0.31,877,1.0,46,0.4,2024.0,220.0,67.778
2024,12,6,2,0,16.0,1.01,0.089,0.65,0,0,0,0,0,5.8,0,0,0,0,0.272,50.81,134.51,0.95,0.31,877,1.0,46,0.4,2024.0,220.0,69.744
2024,12,6,3,0,15.8,1.02,0.09,0.65,0,0,0,0,0,5.9,0,0,0,0,0.27,51.68,130.01,0.95,0.31,876,1.0,36,0.4,2024.0,220.0,72.658
2024,12,6,6,0,15.1,1.03,0.094,0.65,0,0,0,0,0,5.6,0,0,0,0,0.268,53.19,100.37,0.95,0.31,876,1.0,81,0.9,2024.0,220.0,74.627
2024,12,6,8,0,18.6,1.04,0.09,0.65,67,654,237,1,0,5.0,67,654,1,237,0.268,40.78,74.97,0.95,0.31,877,0.9,81,0.9,2024.0,220.0,66.369
2024,12,6,8,0,18.6,1.04,0.09,0.65,67,654,237,1,0,5.0,67,654,1,237,0.268,40.78,74.97,0.95,0.31,877,0.9,81,0.9,2024.0,220.0,0.0
2024,12,6,8,0,18.6,1.04,0.09,0.65,67,654,237,1,0,5.0,67,654,1,237,0.268,40.78,74.97,0.95,0.31,877,0.9,81,0.9,2024.0,220.0,0.0
2024,12,6,14,0,29.9,1.08,0.087,0.65,132,1038,1162,0,0,0.8,132,1038,0,1162,0.261,15.32,6.97,0.95,0.31,876,0.9,255,4.9,2024.0,220.0,0.0
2024,12,6,15,0,29.6,1.06,0.089,0.65,129,1023,1086,0,0,0.8,129,1023,0,1086,0.26,15.67,20.8,0.95,0.31,875,0.9,255,5.3,2024.0,220.0,0.0
2024,12,6,16,0,28.9,1.04,0.095,0.65,125,989,939,0,0,0.7,125,989,0,939,0.259,16.21,34.58,0.95,0.31,875,0.9,255,5.2,2024.0,220.0,0.0
2024,12,6,18,0,26.4,1.0,0.095,0.65,96,844,495,0,0,0.4,96,844,0,495,0.259,18.3,61.77,0.95,0.31,875,0.8,251,4.5,2024.0,220.0,0.0
2024,12,6,20,0,20.9,0.99,0.087,0.65,19,154,25,0,0,2.1,19,154,0,25,0.258,28.75,87.78,0.95,0.31,876,0.8,255,3.8,2024.0,220.0,51.48
2024,12,6,20,0,20.9,0.99,0.087,0.65,19,154,25,0,0,2.1,19,154,0,25,0.258,28.75,87.78,0.95,0.31,876,0.8,255,3.8,2024.0,220.0,56.423
2024,12,6,21,0,18.3,0.97,0.091,0.65,0,0,0,0,0,3.7,0,0,0,0,0.257,37.89,100.4,0.95,0.31,877,0.8,256,2.8,2024.0,220.0,63.271
2024,12,6,23,0,16.2,0.97,0.084,0.65,0,0,0,0,0,4.8,0,0,0,0,0.257,46.85,122.07,0.95,0.31,878,0.9,337,0.4,2024.0,220.0,59.769
2024,12,6,24,0,15.8,0.97,0.084,0.65,0,0,0,0,0,4.8,0,0,0,0,0.257,47.83,129.96,0.95,0.31,878,0.9,42,0.5,2024.0,220.0,65.224
2024,12,6,24,0,15.8,0.97,0.084,0.65,0,0,0,0,0,4.8,0,0,0,0,0.257,47.83,129.96,0.95,0.31,878,0.9,42,0.5,2024.0,220.0,65.224
2024,12,6,24,0,15.8,0.97,0.084,0.65,0,0,0,0,0,4.8,0,0,0,0,0.257,47.83,129.96,0.95,0.31,878,0.9,42,0.5,2024.0,220.0,65.17
2024,12,6,24,0,15.8,0.97,0.084,0.65,0,0,0,0,0,4.8,0,0,0,0,0.257,47.83,129.96,0.95,0.31,878,0.9,42,0.5,2024.0,220.0,64.608
2024,12,7,1,0,15.6,0.99,0.086,0.65,0,0,0,0,0,4.5,0,0,0,0,0.258,47.54,134.42,0.95,0.31,877,0.9,47,0.7,2024.0,220.0,65.966
2024,12,7,2,0,15.5,1.0,0.087,0.65,0,0,0,0,8,4.2,0,0,0,0,0.259,47.03,134.42,0.95,0.31,877,0.9,49,1.0,2024.0,220.0,67.566
2024,12,7,3,0,15.3,1.0,0.087,0.65,0,0,0,0,7,4.2,0,0,0,0,0.26,47.51,129.96,0.95,0.31,877,0.9,40,1.1,2024.0,220.0,66.963
2024,12,7,4,0,15.0,1.01,0.088,0.65,0,0,0,0,8,4.4,0,0,0,0,0.26,48.97,122.06,0.95,0.31,876,0.9,25,1.2,2024.0,220.0,68.303
2024,12,7,5,0,14.4,1.01,0.086,0.65,0,0,0,0,7,4.6,0,0,0,0,0.261,51.87,111.92,0.94,0.31,877,0.9,18,1.1,2024.0,220.0,76.152
2024,12,7,5,0,14.4,1.01,0.086,0.65,0,0,0,0,7,4.6,0,0,0,0,0.261,51.87,111.92,0.94,0.31,877,0.9,18,1.1,2024.0,220.0,69.293
2024,12,7,5,0,14.4,1.01,0.086,0.65,0,0,0,0,7,4.6,0,0,0,0,0.261,51.87,111.92,0.94,0.31,877,0.9,18,1.1,2024.0,220.0,68.639
2024,12,7,7,0,14.7,1.02,0.085,0.65,18,157,24,7,7,5.0,12,0,7,12,0.261,52.19,87.77,0.94,0.31,877,0.9,30,1.4,2024.0,220.0,66.435
2024,12,7,7,0,14.7,1.02,0.085,0.65,18,157,24,7,7,5.0,12,0,7,12,0.261,52.19,87.77,0.94,0.31,877,0.9,30,1.4,2024.0,220.0,64.925
2024,12,7,7,0,14.7,1.02,0.085,0.65,18,157,24,7,7,5.0,12,0,7,12,0.261,52.19,87.77,0.94,0.31,877,0.9,30,1.4,2024.0,220.0,55.693
2024,12,7,8,0,17.9,1.05,0.081,0.65,64,669,237,0,8,4.7,146,180,0,192,0.262,41.7,75.03,0.94,0.31,877,0.9,38,1.5,2024.0,220.0,0.0
2024,12,7,8,0,17.9,1.05,0.081,0.65,64,669,237,0,8,4.7,146,180,0,192,0.262,41.7,75.03,0.94,0.31,877,0.9,38,1.5,2024.0,220.0,0.0
2024,12,7,17,0,26.2,1.06,0.09,0.65,110,937,736,0,0,3.5,110,937,0,736,0.261,23.11,48.14,0.96,0.31,877,1.0,267,5.9,2024.0,220.0,0.0
2024,12,7,20,0,20.0,1.05,0.08,0.65,19,176,26,0,0,4.8,19,176,0,26,0.264,36.89,87.65,0.95,0.31,878,0.9,274,3.4,2024.0,220.0,0.0
2024,12,7,20,0,20.0,1.05,0.08,0.65,19,176,26,0,0,4.8,19,176,0,26,0.264,36.89,87.65,0.95,0.31,878,0.9,274,3.4,2024.0,220.0,60.664
2024,12,7,20,0,20.0,1.05,0.08,0.65,19,176,26,0,0,4.8,19,176,0,26,0.264,36.89,87.65,0.95,0.31,878,0.9,274,3.4,2024.0,220.0,63.243
2024,12,7,21,0,17.8,1.04,0.082,0.65,0,0,0,0,0,5.9,0,0,0,0,0.264,45.52,100.26,0.95,0.31,878,0.9,272,2.3,2024.0,220.0,87.765
2024,12,7,21,0,17.8,1.04,0.082,0.65,0,0,0,0,0,5.9,0,0,0,0,0.264,45.52,100.26,0.95,0.31,878,0.9,272,2.3,2024.0,220.0,92.26
2024,12,7,21,0,17.8,1.04,0.082,0.65,0,0,0,0,0,5.9,0,0,0,0,0.264,45.52,100.26,0.95,0.31,878,0.9,272,2.3,2024.0,220.0,70.659
2024,12,7,22,0,16.6,1.02,0.086,0.65,0,0,0,0,0,6.4,0,0,0,0,0.264,50.9,111.79,0.96,0.31,878,1.0,264,0.9,2024.0,220.0,85.244
2024,12,7,23,0,16.2,1.03,0.087,0.65,0,0,0,0,0,6.4,0,0,0,0,0.264,52.29,121.92,0.96,0.31,879,1.0,156,0.4,2024.0,220.0,75.11
2024,12,7,23,0,16.2,1.03,0.087,0.65,0,0,0,0,0,6.4,0,0,0,0,0.264,52.29,121.92,0.96,0.31,879,1.0,156,0.4,2024.0,220.0,71.276
2024,12,8,1,0,15.9,1.05,0.087,0.65,0,0,0,0,0,5.5,0,0,0,0,0.262,49.95,134.3,0.96,0.31,878,0.9,99,0.7,2024.0,220.0,70.64429
2024,12,8,2,0,15.9,1.05,0.089,0.65,0,0,0,0,7,5.1,0,0,0,0,0.261,48.69,134.33,0.96,0.31,878,0.9,93,0.8,2024.0,220.0,67.01089
2024,12,8,2,0,15.9,1.05,0.089,0.65,0,0,0,0,7,5.1,0,0,0,0,0.261,48.69,134.33,0.96,0.31,878,0.9,93,0.8,2024.0,220.0,67.75283
2024,12,8,7,0,15.4,1.07,0.085,0.65,18,158,24,7,7,4.5,15,0,7,15,0.258,48.29,87.82,0.95,0.31,878,0.9,94,1.1,2024.0,220.0,69.42064
2024,12,8,7,0,15.4,1.07,0.085,0.65,18,158,24,7,7,4.5,15,0,7,15,0.258,48.29,87.82,0.95,0.31,878,0.9,94,1.1,2024.0,220.0,56.16835
2024,12,8,8,0,18.8,1.09,0.083,0.65,65,666,236,0,7,3.9,149,136,0,184,0.258,37.36,75.1,0.95,0.31,878,0.9,129,2.1,2024.0,220.0,26.75813
2024,12,8,8,0,18.8,1.09,0.083,0.65,65,666,236,0,7,3.9,149,136,0,184,0.258,37.36,75.1,0.95,0.31,878,0.9,129,2.1,2024.0,220.0,0.0
2024,12,8,9,0,22.5,1.11,0.083,0.65,90,856,493,0,7,3.0,224,430,0,427,0.259,27.92,61.85,0.95,0.31,878,0.9,202,1.6,2024.0,220.0,0.0
2024,12,8,20,0,20.8,0.94,0.087,0.65,20,164,27,7,7,3.4,3,0,7,3,0.244,31.84,87.53,0.95,0.31,877,0.9,243,2.8,2024.0,220.0,63.688
2024,12,8,23,0,16.9,0.97,0.088,0.65,0,0,0,0,0,4.9,0,0,0,0,0.246,44.92,121.78,0.95,0.3,878,0.8,99,0.8,2024.0,220.0,65.80006
2024,12,8,24,0,16.6,0.98,0.085,0.65,0,0,0,0,0,4.5,0,0,0,0,0.248,44.71,129.69,0.95,0.3,878,0.8,77,1.1,2024.0,220.0,61.29991
2024,12,8,24,0,16.6,0.98,0.085,0.65,0,0,0,0,0,4.5,0,0,0,0,0.248,44.71,129.69,0.95,0.3,878,0.8,77,1.1,2024.0,220.0,66.73988
2024,12,9,1,0,16.5,0.99,0.082,0.65,0,0,0,0,0,4.2,0,0,0,0,0.251,44.11,134.18,0.94,0.3,877,0.7,66,1.1,2024.0,220.0,66.429
2024,12,9,1,0,16.5,0.99,0.082,0.65,0,0,0,0,0,4.2,0,0,0,0,0.251,44.11,134.18,0.94,0.3,877,0.7,66,1.1,2024.0,220.0,68.307
2024,12,9,4,0,14.7,0.98,0.079,0.65,0,0,0,0,1,4.9,0,0,0,0,0.259,51.91,122.05,0.94,0.3,876,0.7,334,0.9,2024.0,220.0,72.189
2024,12,9,4,0,14.7,0.98,0.079,0.65,0,0,0,0,1,4.9,0,0,0,0,0.259,51.91,122.05,0.94,0.3,876,0.7,334,0.9,2024.0,220.0,85.111
2024,12,9,6,0,14.0,1.03,0.068,0.65,0,0,0,0,1,4.7,0,0,0,0,0.265,53.49,100.48,0.93,0.3,877,0.7,30,0.7,2024.0,220.0,92.725
2024,12,9,7,0,15.2,1.06,0.063,0.65,17,200,24,7,8,3.9,16,1,7,16,0.265,46.92,87.88,0.93,0.3,877,0.7,74,1.3,2024.0,220.0,84.609
2024,12,9,8,0,19.1,1.09,0.059,0.65,58,726,243,0,8,2.7,138,238,0,199,0.266,33.69,75.16,0.93,0.3,877,0.6,89,1.7,2024.0,220.0,89.226
2024,12,9,8,0,19.1,1.09,0.059,0.65,58,726,243,0,8,2.7,138,238,0,199,0.266,33.69,75.16,0.93,0.3,877,0.6,89,1.7,2024.0,220.0,77.406
2024,12,9,8,0,19.1,1.09,0.059,0.65,58,726,243,0,8,2.7,138,238,0,199,0.266,33.69,75.16,0.93,0.3,877,0.6,89,1.7,2024.0,220.0,53.558
2024,12,9,8,0,19.1,1.09,0.059,0.65,58,726,243,0,8,2.7,138,238,0,199,0.266,33.69,75.16,0.93,0.3,877,0.6,89,1.7,2024.0,220.0,0.0
2024,12,9,9,0,23.2,1.1,0.059,0.65,79,904,505,0,0,0.3,79,904,0,505,0.267,21.98,61.92,0.93,0.3,877,0.6,122,1.7,2024.0,220.0,0.0
2024,12,9,15,0,30.9,1.07,0.085,0.65,127,1043,1105,0,0,-1.4,127,1043,0,1105,0.262,12.41,20.48,0.95,0.3,875,0.6,263,5.8,2024.0,220.0,0.0
2024,12,9,19,0,25.5,1.02,0.077,0.65,65,702,250,0,0,0.6,65,702,0,250,0.261,19.63,74.65,0.94,0.3,875,0.6,253,3.9,2024.0,220.0,0.0
2024,12,9,20,0,21.7,1.01,0.077,0.65,20,206,30,0,0,2.0,20,206,0,30,0.261,27.3,87.4,0.94,0.3,875,0.6,255,2.8,2024.0,220.0,62.786
2024,12,9,20,0,21.7,1.01,0.077,0.65,20,206,30,0,0,2.0,20,206,0,30,0.261,27.3,87.4,0.94,0.3,875,0.6,255,2.8,2024.0,220.0,63.718
2024,12,9,21,0,19.0,1.0,0.077,0.65,0,0,0,0,0,3.7,0,0,0,0,0.262,36.16,99.99,0.94,0.3,876,0.6,254,2.0,2024.0,220.0,74.977
2024,12,9,21,0,19.0,1.0,0.077,0.65,0,0,0,0,0,3.7,0,0,0,0,0.262,36.16,99.99,0.94,0.3,876,0.6,254,2.0,2024.0,220.0,68.983
2024,12,9,21,0,19.0,1.0,0.077,0.65,0,0,0,0,0,3.7,0,0,0,0,0.262,36.16,99.99,0.94,0.3,876,0.6,254,2.0,2024.0,220.0,67.616
2024,12,9,22,0,17.7,0.99,0.078,0.65,0,0,0,0,0,4.2,0,0,0,0,0.262,40.89,111.51,0.94,0.3,877,0.6,247,1.0,2024.0,220.0,71.938
2024,12,9,22,0,17.7,0.99,0.078,0.65,0,0,0,0,0,4.2,0,0,0,0,0.262,40.89,111.51,0.94,0.3,877,0.6,247,1.0,2024.0,220.0,71.763
2024,12,9,23,0,17.4,1.0,0.08,0.65,0,0,0,0,0,4.0,0,0,0,0,0.262,40.95,121.64,0.94,0.3,877,0.6,89,0.9,2024.0,220.0,69.179
2024,12,9,23,0,17.4,1.0,0.08,0.65,0,0,0,0,0,4.0,0,0,0,0,0.262,40.95,121.64,0.94,0.3,877,0.6,89,0.9,2024.0,220.0,76.844
2024,12,9,24,0,17.0,1.0,0.08,0.65,0,0,0,0,0,3.3,0,0,0,0,0.262,39.92,129.56,0.94,0.3,877,0.6,75,0.9,2024.0,220.0,90.501
2024,12,10,1,0,17.2,1.01,0.079,0.65,0,0,0,0,0,2.4,0,0,0,0,0.263,36.96,134.08,0.94,0.3,876,0.6,69,1.0,2024.0,220.0,96.31187
2024,12,10,2,0,17.5,1.02,0.079,0.65,0,0,0,0,8,1.6,0,0,0,0,0.264,34.47,134.18,0.94,0.3,876,0.6,62,1.3,2024.0,220.0,72.72835
2024,12,10,6,0,16.9,1.01,0.083,0.65,0,0,0,0,7,1.0,0,0,0,0,0.265,34.11,100.52,0.95,0.3,876,0.6,26,1.1,2024.0,220.0,92.81602
2024,12,10,8,0,19.9,1.02,0.085,0.65,66,674,238,0,8,0.9,101,311,0,180,0.263,28.19,75.24,0.95,0.3,877,0.6,26,2.2,2024.0,220.0,61.73737
2024,12,10,8,0,19.9,1.02,0.085,0.65,66,674,238,0,8,0.9,101,311,0,180,0.263,28.19,75.24,0.95,0.3,877,0.6,26,2.2,2024.0,220.0,60.17676
2024,12,10,8,0,19.9,1.02,0.085,0.65,66,674,238,0,8,0.9,101,311,0,180,0.263,28.19,75.24,0.95,0.3,877,0.6,26,2.2,2024.0,220.0,0.0
2024,12,10,8,0,19.9,1.02,0.085,0.65,66,674,238,0,8,0.9,101,311,0,180,0.263,28.19,75.24,0.95,0.3,877,0.6,26,2.2,2024.0,220.0,0.0
2024,12,10,9,0,23.0,1.03,0.087,0.65,92,865,498,0,8,0.7,221,471,0,442,0.262,22.89,62.0,0.95,0.3,877,0.6,353,3.1,2024.0,220.0,0.0
2024,12,10,15,0,30.4,1.14,0.08,0.65,123,1038,1097,0,0,0.1,123,1038,0,1097,0.261,14.23,20.37,0.96,0.3,874,0.8,262,6.1,2024.0,220.0,0.0
2024,12,10,18,0,28.0,1.13,0.081,0.65,89,856,501,0,0,0.8,89,856,0,501,0.261,17.14,61.28,0.96,0.3,874,1.1,253,5.2,2024.0,220.0,0.0
2024,12,10,18,0,28.0,1.13,0.081,0.65,89,856,501,0,0,0.8,89,856,0,501,0.261,17.14,61.28,0.96,0.3,874,1.1,253,5.2,2024.0,220.0,0.0
2024,12,10,18,0,28.0,1.13,0.081,0.65,89,856,501,0,0,0.8,89,856,0,501,0.261,17.14,61.28,0.96,0.3,874,1.1,253,5.2,2024.0,220.0,0.0
2024,12,10,20,0,22.2,1.12,0.086,0.65,21,188,30,0,0,2.4,21,188,0,30,0.261,27.16,87.28,0.96,0.3,876,1.2,262,3.5,2024.0,220.0,60.79735
2024,12,10,22,0,18.6,1.12,0.094,0.65,0,0,0,0,0,4.2,0,0,0,0,0.26,38.51,111.37,0.96,0.31,877,1.3,301,1.5,2024.0,220.0,66.44584
2024,12,11,1,0,19.0,1.12,0.103,0.65,0,0,0,0,0,2.9,0,0,0,0,0.259,34.23,133.97,0.97,0.31,876,1.5,96,1.6,2024.0,220.0,67.76973
2024,12,11,1,0,19.0,1.12,0.103,0.65,0,0,0,0,0,2.9,0,0,0,0,0.259,34.23,133.97,0.97,0.31,876,1.5,96,1.6,2024.0,220.0,67.0126
2024,12,11,1,0,19.0,1.12,0.103,0.65,0,0,0,0,0,2.9,0,0,0,0,0.259,34.23,133.97,0.97,0.31,876,1.5,96,1.6,2024.0,220.0,65.84167
2024,12,11,2,0,19.0,1.12,0.106,0.65,0,0,0,0,0,2.5,0,0,0,0,0.26,33.44,134.11,0.97,0.31,876,1.5,94,1.5,2024.0,220.0,63.37554
2024,12,11,4,0,17.9,1.1,0.111,0.65,0,0,0,0,7,3.4,0,0,0,0,0.262,38.13,122.06,0.97,0.31,876,1.6,5,0.8,2024.0,220.0,70.97409
2024,12,11,7,0,17.1,1.11,0.119,0.65,17,98,21,7,7,4.9,2,0,7,2,0.265,44.56,87.99,0.97,0.31,877,1.6,34,1.2,2024.0,220.0,66.58659
2024,12,11,7,0,17.1,1.11,0.119,0.65,17,98,21,7,7,4.9,2,0,7,2,0.265,44.56,87.99,0.97,0.31,877,1.6,34,1.2,2024.0,220.0,67.68279
2024,12,11,8,0,20.3,1.12,0.12,0.65,73,579,220,0,3,4.1,120,4,0,121,0.266,34.51,75.31,0.97,0.31,878,1.6,51,2.1,2024.0,220.0,62.5592
2024,12,11,8,0,20.3,1.12,0.12,0.65,73,579,220,0,3,4.1,120,4,0,121,0.266,34.51,75.31,0.97,0.31,878,1.6,51,2.1,2024.0,220.0,31.47338
2024,12,11,8,0,20.3,1.12,0.12,0.65,73,579,220,0,3,4.1,120,4,0,121,0.266,34.51,75.31,0.97,0.31,878,1.6,51,2.1,2024.0,220.0,0.0
2024,12,11,17,0,29.8,1.16,0.112,0.65,120,897,724,0,0,1.7,120,897,0,724,0.254,16.51,47.67,0.96,0.31,875,1.7,256,5.9,2024.0,220.0,0.0
2024,12,11,17,0,29.8,1.16,0.112,0.65,120,897,724,0,0,1.7,120,897,0,724,0.254,16.51,47.67,0.96,0.31,875,1.7,256,5.9,2024.0,220.0,0.0
2024,12,11,18,0,28.1,1.14,0.114,0.65,102,798,487,0,0,2.2,102,798,0,487,0.253,18.9,61.16,0.96,0.31,875,1.7,256,5.3,2024.0,220.0,0.0
2024,12,11,20,0,22.5,1.1,0.115,0.65,22,146,29,0,0,4.3,22,146,0,29,0.255,30.52,87.16,0.96,0.31,877,1.6,269,3.6,2024.0,220.0,60.30605
2024,12,11,20,0,22.5,1.1,0.115,0.65,22,146,29,0,0,4.3,22,146,0,29,0.255,30.52,87.16,0.96,0.31,877,1.6,269,3.6,2024.0,220.0,75.59572
2024,12,11,20,0,22.5,1.1,0.115,0.65,22,146,29,0,0,4.3,22,146,0,29,0.255,30.52,87.16,0.96,0.31,877,1.6,269,3.6,2024.0,220.0,75.59572
2024,12,11,20,0,22.5,1.1,0.115,0.65,22,146,29,0,0,4.3,22,146,0,29,0.255,30.52,87.16,0.96,0.31,877,1.6,269,3.6,2024.0,220.0,134.99762
2024,12,11,21,0,19.8,1.08,0.119,0.65,0,0,0,0,3,5.8,0,0,0,0,0.256,39.99,99.73,0.96,0.31,877,1.6,281,2.7,2024.0,220.0,194.84091
2024,12,11,22,0,18.4,1.07,0.119,0.65,0,0,0,0,3,6.6,0,0,0,0,0.257,46.25,111.24,0.96,0.31,878,1.6,299,1.3,2024.0,220.0,137.32608
2024,12,11,22,0,18.4,1.07,0.119,0.65,0,0,0,0,3,6.6,0,0,0,0,0.257,46.25,111.24,0.96,0.31,878,1.6,299,1.3,2024.0,220.0,95.81629
2024,12,11,22,0,18.4,1.07,0.119,0.65,0,0,0,0,3,6.6,0,0,0,0,0.257,46.25,111.24,0.96,0.31,878,1.6,299,1.3,2024.0,220.0,94.60538
2024,12,11,22,0,18.4,1.07,0.119,0.65,0,0,0,0,3,6.6,0,0,0,0,0.257,46.25,111.24,0.96,0.31,878,1.6,299,1.3,2024.0,220.0,94.06853
2024,12,12,1,0,17.2,1.09,0.107,0.65,0,0,0,0,8,6.7,0,0,0,0,0.262,50.09,133.88,0.96,0.31,877,1.5,89,0.7,2024.0,220.0,101.09556
2024,12,12,1,0,17.2,1.09,0.107,0.65,0,0,0,0,8,6.7,0,0,0,0,0.262,50.09,133.88,0.96,0.31,877,1.5,89,0.7,2024.0,220.0,92.47955
2024,12,12,3,0,16.9,1.11,0.101,0.65,0,0,0,0,7,5.9,0,0,0,0,0.263,48.37,129.79,0.96,0.31,876,1.5,102,0.8,2024.0,220.0,78.23106
2024,12,12,3,0,16.9,1.11,0.101,0.65,0,0,0,0,7,5.9,0,0,0,0,0.263,48.37,129.79,0.96,0.31,876,1.5,102,0.8,2024.0,220.0,67.69305
2024,12,12,3,0,16.9,1.11,0.101,0.65,0,0,0,0,7,5.9,0,0,0,0,0.263,48.37,129.79,0.96,0.31,876,1.5,102,0.8,2024.0,220.0,68.45565
2024,12,12,6,0,16.0,1.1,0.104,0.65,0,0,0,0,3,5.5,0,0,0,0,0.264,49.79,100.63,0.96,0.31,877,1.5,353,1.0,2024.0,220.0,68.11125
2024,12,12,7,0,16.4,1.1,0.104,0.65,17,110,20,7,3,5.7,17,110,5,20,0.263,49.05,88.06,0.96,0.31,878,1.5,350,1.4,2024.0,220.0,85.58833
2024,12,12,7,0,16.4,1.1,0.104,0.65,17,110,20,7,3,5.7,17,110,5,20,0.263,49.05,88.06,0.96,0.31,878,1.5,350,1.4,2024.0,220.0,73.73974
2024,12,12,7,0,16.4,1.1,0.104,0.65,17,110,20,7,3,5.7,17,110,5,20,0.263,49.05,88.06,0.96,0.31,878,1.5,350,1.4,2024.0,220.0,64.12605
2024,12,12,8,0,19.3,1.12,0.1,0.65,68,614,223,0,1,5.5,68,614,0,223,0.263,40.41,75.39,0.96,0.31,878,1.4,337,2.0,2024.0,220.0,63.4188
2024,12,12,8,0,19.3,1.12,0.1,0.65,68,614,223,0,1,5.5,68,614,0,223,0.263,40.41,75.39,0.96,0.31,878,1.4,337,2.0,2024.0,220.0,83.17659
2024,12,12,8,0,19.3,1.12,0.1,0.65,68,614,223,0,1,5.5,68,614,0,223,0.263,40.41,75.39,0.96,0.31,878,1.4,337,2.0,2024.0,220.0,53.4772
2024,12,12,8,0,19.3,1.12,0.1,0.65,68,614,223,0,1,5.5,68,614,0,223,0.263,40.41,75.39,0.96,0.31,878,1.4,337,2.0,2024.0,220.0,31.2613
2024,12,12,8,0,19.3,1.12,0.1,0.65,68,614,223,0,1,5.5,68,614,0,223,0.263,40.41,75.39,0.96,0.31,878,1.4,337,2.0,2024.0,220.0,0.0
2024,12,12,14,0,30.3,1.19,0.086,0.65,130,1027,1151,0,0,1.6,130,1027,0,1151,0.259,15.92,6.38,0.96,0.31,877,1.3,269,6.5,2024.0,220.0,0.0
2024,12,12,18,0,26.7,1.13,0.095,0.65,95,830,497,0,0,2.8,95,830,0,497,0.262,21.41,61.04,0.96,0.31,876,1.4,256,5.1,2024.0,220.0,0.0
2024,12,12,18,0,26.7,1.13,0.095,0.65,95,830,497,0,0,2.8,95,830,0,497,0.262,21.41,61.04,0.96,0.31,876,1.4,256,5.1,2024.0,220.0,0.0
2024,12,12,20,0,21.8,1.1,0.089,0.65,22,194,32,0,0,4.0,22,194,0,32,0.263,31.27,87.04,0.95,0.31,877,1.3,253,3.2,2024.0,220.0,48.00822
2024,12,12,20,0,21.8,1.1,0.089,0.65,22,194,32,0,0,4.0,22,194,0,32,0.263,31.27,87.04,0.95,0.31,877,1.3,253,3.2,2024.0,220.0,47.15228
2024,12,12,20,0,21.8,1.1,0.089,0.65,22,194,32,0,0,4.0,22,194,0,32,0.263,31.27,87.04,0.95,0.31,877,1.3,253,3.2,2024.0,220.0,53.83994
2024,12,12,21,0,19.5,1.09,0.085,0.65,0,0,0,0,0,5.2,0,0,0,0,0.264,38.95,99.6,0.95,0.3,877,1.3,254,2.0,2024.0,220.0,60.94222
2024,12,12,21,0,19.5,1.09,0.085,0.65,0,0,0,0,0,5.2,0,0,0,0,0.264,38.95,99.6,0.95,0.3,877,1.3,254,2.0,2024.0,220.0,64.80073
2024,12,12,21,0,19.5,1.09,0.085,0.65,0,0,0,0,0,5.2,0,0,0,0,0.264,38.95,99.6,0.95,0.3,877,1.3,254,2.0,2024.0,220.0,62.2158
2024,12,12,23,0,17.6,1.07,0.077,0.65,0,0,0,0,0,5.7,0,0,0,0,0.263,45.57,121.26,0.95,0.3,878,1.1,32,0.3,2024.0,220.0,81.048
2024,12,12,23,0,17.6,1.07,0.077,0.65,0,0,0,0,0,5.7,0,0,0,0,0.263,45.57,121.26,0.95,0.3,878,1.1,32,0.3,2024.0,220.0,81.048
2024,12,12,24,0,17.2,1.07,0.075,0.65,0,0,0,0,0,5.5,0,0,0,0,0.263,46.19,129.21,0.95,0.3,878,1.1,44,0.5,2024.0,220.0,69.27617
2024,12,12,24,0,17.2,1.07,0.075,0.65,0,0,0,0,0,5.5,0,0,0,0,0.263,46.19,129.21,0.95,0.3,878,1.1,44,0.5,2024.0,220.0,66.02431
2024,12,13,1,0,16.9,1.07,0.073,0.65,0,0,0,0,0,5.4,0,0,0,0,0.263,46.67,133.8,0.95,0.3,878,1.0,37,0.7,2024.0,220.0,67.05474
2024,12,13,1,0,16.9,1.07,0.073,0.65,0,0,0,0,0,5.4,0,0,0,0,0.263,46.67,133.8,0.95,0.3,878,1.0,37,0.7,2024.0,220.0,68.59838
2024,12,13,3,0,15.7,1.06,0.076,0.65,0,0,0,0,0,6.0,0,0,0,0,0.263,52.61,129.78,0.95,0.3,877,1.0,345,0.9,2024.0,220.0,67.46147
2024,12,13,4,0,14.9,1.05,0.078,0.65,0,0,0,0,0,6.5,0,0,0,0,0.264,57.11,122.09,0.95,0.3,877,1.0,335,0.9,2024.0,220.0,68.95275
2024,12,13,6,0,14.0,1.07,0.077,0.65,0,0,0,0,1,6.9,0,0,0,0,0.265,62.13,100.69,0.96,0.3,877,1.0,7,1.0,2024.0,220.0,68.4616
2024,12,13,7,0,15.5,1.08,0.073,0.65,16,158,21,0,1,6.5,16,158,0,21,0.265,55.19,88.13,0.95,0.3,877,0.9,41,1.5,2024.0,220.0,65.46016
2024,12,13,7,0,15.5,1.08,0.073,0.65,16,158,21,0,1,6.5,16,158,0,21,0.265,55.19,88.13,0.95,0.3,877,0.9,41,1.5,2024.0,220.0,67.88342
2024,12,13,7,0,15.5,1.08,0.073,0.65,16,158,21,0,1,6.5,16,158,0,21,0.265,55.19,88.13,0.95,0.3,877,0.9,41,1.5,2024.0,220.0,79.3047
2024,12,13,8,0,19.1,1.1,0.069,0.65,60,683,231,0,0,5.5,60,683,0,231,0.266,41.03,75.47,0.95,0.3,877,0.9,47,2.7,2024.0,220.0,32.67196
2024,12,13,8,0,19.1,1.1,0.069,0.65,60,683,231,0,0,5.5,60,683,0,231,0.266,41.03,75.47,0.95,0.3,877,0.9,47,2.7,2024.0,220.0,0.0
2024,12,13,12,0,28.9,1.14,0.064,0.65,113,1050,1091,0,0,0.6,113,1050,0,1091,0.265,16.07,21.42,0.95,0.3,876,0.8,270,4.9,2024.0,220.0,0.0
2024,12,13,20,0,21.2,1.06,0.065,0.65,22,263,36,0,0,2.7,22,263,0,36,0.259,29.52,86.92,0.95,0.3,876,0.7,255,3.7,2024.0,220.0,60.64654
2024,12,13,23,0,16.5,1.03,0.07,0.65,0,0,0,0,0,5.3,0,0,0,0,0.261,47.43,121.14,0.95,0.3,878,0.7,176,0.7,2024.0,220.0,64.10011
2024,12,13,24,0,16.1,1.03,0.07,0.65,0,0,0,0,0,5.0,0,0,0,0,0.262,47.77,129.1,0.95,0.3,878,0.7,82,0.6,2024.0,220.0,67.04565
2024,12,14,1,0,15.8,1.03,0.072,0.65,0,0,0,0,0,4.7,0,0,0,0,0.263,47.73,133.72,0.95,0.3,877,0.7,66,0.7,2024.0,220.0,62.95403
2024,12,14,2,0,15.5,1.02,0.074,0.65,0,0,0,0,0,4.8,0,0,0,0,0.265,48.99,133.96,0.95,0.3,877,0.8,36,0.8,2024.0,220.0,61.74553
2024,12,14,4,0,14.0,1.02,0.087,0.65,0,0,0,0,0,5.9,0,0,0,0,0.268,58.11,122.12,0.95,0.3,877,0.8,337,1.0,2024.0,220.0,64.95547
2024,12,14,5,0,13.5,1.02,0.088,0.65,0,0,0,0,0,6.2,0,0,0,0,0.269,61.51,112.15,0.96,0.3,877,0.8,345,0.9,2024.0,220.0,66.02375
2024,12,14,7,0,14.4,1.07,0.095,0.65,16,121,20,0,0,6.3,16,121,0,20,0.271,58.09,88.2,0.96,0.3,878,0.8,19,1.4,2024.0,220.0,64.01807
2024,12,14,7,0,14.4,1.07,0.095,0.65,16,121,20,0,0,6.3,16,121,0,20,0.271,58.09,88.2,0.96,0.3,878,0.8,19,1.4,2024.0,220.0,57.57298
2024,12,14,8,0,17.4,1.1,0.083,0.65,64,661,229,0,0,6.2,64,661,0,229,0.271,47.71,75.55,0.96,0.3,878,0.8,357,1.6,2024.0,220.0,11.25056
2024,12,14,8,0,17.4,1.1,0.083,0.65,64,661,229,0,0,6.2,64,661,0,229,0.271,47.71,75.55,0.96,0.3,878,0.8,357,1.6,2024.0,220.0,0.0
2024,12,14,8,0,17.4,1.1,0.083,0.65,64,661,229,0,0,6.2,64,661,0,229,0.271,47.71,75.55,0.96,0.3,878,0.8,357,1.6,2024.0,220.0,0.0
2024,12,14,10,0,24.4,1.17,0.064,0.65,96,973,735,0,0,3.7,96,973,0,735,0.27,26.05,48.89,0.95,0.3,878,0.8,279,3.3,2024.0,220.0,0.0
2024,12,14,10,0,24.4,1.17,0.064,0.65,96,973,735,0,0,3.7,96,973,0,735,0.27,26.05,48.89,0.95,0.3,878,0.8,279,3.3,2024.0,220.0,0.0
2024,12,14,20,0,20.5,1.05,0.063,0.65,23,270,38,0,0,3.7,23,270,0,38,0.264,32.99,86.8,0.96,0.3,877,0.8,263,3.2,2024.0,220.0,52.17233
2024,12,14,20,0,20.5,1.05,0.063,0.65,23,270,38,0,0,3.7,23,270,0,38,0.264,32.99,86.8,0.96,0.3,877,0.8,263,3.2,2024.0,220.0,59.60917
2024,12,14,23,0,16.4,1.04,0.065,0.65,0,0,0,0,0,6.0,0,0,0,0,0.265,50.09,121.03,0.95,0.31,878,0.9,78,0.6,2024.0,220.0,77.64855
2024,12,15,1,0,15.6,1.05,0.065,0.65,0,0,0,0,0,5.4,0,0,0,0,0.266,50.84,133.64,0.95,0.31,878,0.9,54,0.7,2024.0,220.0,79.5702
2024,12,15,1,0,15.6,1.05,0.065,0.65,0,0,0,0,0,5.4,0,0,0,0,0.266,50.84,133.64,0.95,0.31,878,0.9,54,0.7,2024.0,220.0,66.44676
2024,12,15,2,0,15.3,1.04,0.066,0.65,0,0,0,0,0,5.4,0,0,0,0,0.266,51.74,133.93,0.95,0.31,877,0.9,34,0.8,2024.0,220.0,67.25117
2024,12,15,2,0,15.3,1.04,0.066,0.65,0,0,0,0,0,5.4,0,0,0,0,0.266,51.74,133.93,0.95,0.31,877,0.9,34,0.8,2024.0,220.0,64.33776
2024,12,15,3,0,14.8,1.03,0.069,0.65,0,0,0,0,0,5.6,0,0,0,0,0.266,54.12,129.78,0.95,0.31,877,0.9,7,0.7,2024.0,220.0,67.6943
2024,12,15,3,0,14.8,1.03,0.069,0.65,0,0,0,0,0,5.6,0,0,0,0,0.266,54.12,129.78,0.95,0.31,877,0.9,7,0.7,2024.0,220.0,70.42226
2024,12,15,7,0,15.0,1.06,0.072,0.65,16,149,20,0,0,5.1,16,149,0,20,0.267,51.51,88.27,0.95,0.31,877,0.9,67,1.0,2024.0,220.0,64.99783
2024,12,15,8,0,18.3,1.09,0.067,0.65,59,683,229,0,0,4.3,59,683,0,229,0.268,39.57,75.64,0.95,0.31,877,0.9,80,1.5,2024.0,220.0,51.5885
2024,12,15,8,0,18.3,1.09,0.067,0.65,59,683,229,0,0,4.3,59,683,0,229,0.268,39.57,75.64,0.95,0.31,877,0.9,80,1.5,2024.0,220.0,0.0
2024,12,15,8,0,18.3,1.09,0.067,0.65,59,683,229,0,0,4.3,59,683,0,229,0.268,39.57,75.64,0.95,0.31,877,0.9,80,1.5,2024.0,220.0,0.0
2024,12,15,18,0,26.6,1.07,0.066,0.65,84,890,520,0,0,4.0,84,890,0,520,0.259,23.39,60.68,0.95,0.31,875,0.9,246,5.2,2024.0,220.0,0.0
2024,12,15,18,0,26.6,1.07,0.066,0.65,84,890,520,0,0,4.0,84,890,0,520,0.259,23.39,60.68,0.95,0.31,875,0.9,246,5.2,2024.0,220.0,0.0
2024,12,15,20,0,21.5,1.04,0.067,0.65,23,265,39,0,0,5.1,23,265,0,39,0.259,34.32,86.68,0.95,0.31,876,0.9,249,3.5,2024.0,220.0,56.40226
2024,12,15,21,0,19.2,1.02,0.068,0.65,0,0,0,0,0,6.3,0,0,0,0,0.259,42.83,99.23,0.95,0.31,877,0.9,253,2.4,2024.0,220.0,59.21198
2024,12,15,21,0,19.2,1.02,0.068,0.65,0,0,0,0,0,6.3,0,0,0,0,0.259,42.83,99.23,0.95,0.31,877,0.9,253,2.4,2024.0,220.0,49.8785
2024,12,15,22,0,17.7,1.01,0.07,0.65,0,0,0,0,0,6.9,0,0,0,0,0.259,49.1,110.75,0.95,0.31,877,1.0,263,1.0,2024.0,220.0,61.66691
2024,12,15,23,0,17.0,1.01,0.071,0.65,0,0,0,0,0,7.1,0,0,0,0,0.26,52.07,120.92,0.95,0.31,878,1.0,344,0.6,2024.0,220.0,66.98519
2024,12,15,23,0,17.0,1.01,0.071,0.65,0,0,0,0,0,7.1,0,0,0,0,0.26,52.07,120.92,0.95,0.31,878,1.0,344,0.6,2024.0,220.0,67.64484
2024,12,15,24,0,16.5,1.01,0.071,0.65,0,0,0,0,0,7.0,0,0,0,0,0.26,53.55,128.91,0.95,0.31,878,1.0,27,0.9,2024.0,220.0,66.69274
2024,12,16,1,0,16.2,1.02,0.072,0.65,0,0,0,0,0,6.9,0,0,0,0,0.26,53.99,133.58,0.95,0.31,877,1.0,29,0.8,2024.0,220.0,65.4897
2024,12,16,1,0,16.2,1.02,0.072,0.65,0,0,0,0,0,6.9,0,0,0,0,0.26,53.99,133.58,0.95,0.31,877,1.0,29,0.8,2024.0,220.0,66.26125
2024,12,16,1,0,16.2,1.02,0.072,0.65,0,0,0,0,0,6.9,0,0,0,0,0.26,53.99,133.58,0.95,0.31,877,1.0,29,0.8,2024.0,220.0,71.76115
2024,12,16,2,0,16.0,1.02,0.073,0.65,0,0,0,0,0,6.8,0,0,0,0,0.261,54.34,133.9,0.95,0.31,877,1.0,25,0.7,2024.0,220.0,66.20443
2024,12,16,3,0,15.8,1.02,0.076,0.65,0,0,0,0,0,6.8,0,0,0,0,0.261,55.15,129.79,0.96,0.31,877,1.0,12,0.6,2024.0,220.0,64.00036
2024,12,16,4,0,15.4,1.01,0.079,0.65,0,0,0,0,0,7.0,0,0,0,0,0.261,57.23,122.19,0.96,0.31,877,1.0,355,0.5,2024.0,220.0,66.51377
2024,12,16,5,0,15.1,1.02,0.077,0.65,0,0,0,0,0,7.1,0,0,0,0,0.262,58.87,112.27,0.96,0.31,877,0.9,350,0.5,2024.0,220.0,71.77483
2024,12,16,7,0,16.1,1.05,0.073,0.65,15,140,19,0,0,6.6,15,140,0,19,0.263,53.33,88.35,0.95,0.31,877,0.9,75,0.9,2024.0,220.0,83.55989
2024,12,16,7,0,16.1,1.05,0.073,0.65,15,140,19,0,0,6.6,15,140,0,19,0.263,53.33,88.35,0.95,0.31,877,0.9,75,0.9,2024.0,220.0,84.75001
2024,12,16,8,0,19.5,1.08,0.065,0.65,58,685,227,0,0,6.0,58,685,0,227,0.264,41.38,75.73,0.95,0.31,877,0.9,91,1.5,2024.0,220.0,62.61469
2024,12,16,8,0,19.5,1.08,0.065,0.65,58,685,227,0,0,6.0,58,685,0,227,0.264,41.38,75.73,0.95,0.31,877,0.9,91,1.5,2024.0,220.0,0.0
2024,12,16,9,0,23.2,1.1,0.06,0.65,79,881,485,0,0,5.1,79,881,0,485,0.265,30.99,62.55,0.95,0.31,877,0.9,181,1.0,2024.0,220.0,0.0
2024,12,16,11,0,28.9,1.13,0.057,0.65,102,1024,936,0,0,3.1,102,1024,0,936,0.266,19.22,35.47,0.94,0.31,877,0.9,253,3.8,2024.0,220.0,0.0
2024,12,16,19,0,24.3,1.01,0.078,0.65,67,691,259,0,0,5.8,67,691,0,259,0.269,30.43,73.8,0.96,0.31,877,1.1,258,4.3,2024.0,220.0,0.0
2024,12,16,20,0,21.5,0.99,0.079,0.65,24,238,39,0,0,6.6,24,238,0,39,0.269,38.11,86.57,0.96,0.31,877,1.1,263,3.6,2024.0,220.0,49.13154
2024,12,16,21,0,19.4,0.98,0.078,0.65,0,0,0,0,0,7.7,0,0,0,0,0.269,46.54,99.12,0.96,0.31,878,1.1,269,2.9,2024.0,220.0,43.41977
2024,12,16,21,0,19.4,0.98,0.078,0.65,0,0,0,0,0,7.7,0,0,0,0,0.269,46.54,99.12,0.96,0.31,878,1.1,269,2.9,2024.0,220.0,52.26038
2024,12,16,21,0,19.4,0.98,0.078,0.65,0,0,0,0,0,7.7,0,0,0,0,0.269,46.54,99.12,0.96,0.31,878,1.1,269,2.9,2024.0,220.0,64.36702
2024,12,16,22,0,18.2,0.98,0.078,0.65,0,0,0,0,0,8.2,0,0,0,0,0.268,51.9,110.64,0.96,0.31,879,1.0,286,1.4,2024.0,220.0,63.15724
2024,12,16,22,0,18.2,0.98,0.078,0.65,0,0,0,0,0,8.2,0,0,0,0,0.268,51.9,110.64,0.96,0.31,879,1.0,286,1.4,2024.0,220.0,60.30055
2024,12,16,23,0,17.5,0.99,0.077,0.65,0,0,0,0,0,8.3,0,0,0,0,0.268,54.73,120.82,0.96,0.31,879,1.0,7,0.6,2024.0,220.0,60.8391
2024,12,16,23,0,17.5,0.99,0.077,0.65,0,0,0,0,0,8.3,0,0,0,0,0.268,54.73,120.82,0.96,0.31,879,1.0,7,0.6,2024.0,220.0,61.89465
2024,12,16,24,0,17.1,1.0,0.077,0.65,0,0,0,0,0,8.1,0,0,0,0,0.267,55.55,128.83,0.96,0.31,879,1.0,57,0.7,2024.0,220.0,64.97213
2024,12,16,24,0,17.1,1.0,0.077,0.65,0,0,0,0,0,8.1,0,0,0,0,0.267,55.55,128.83,0.96,0.31,879,1.0,57,0.7,2024.0,220.0,67.82738
2024,12,16,24,0,17.1,1.0,0.077,0.65,0,0,0,0,0,8.1,0,0,0,0,0.267,55.55,128.83,0.96,0.31,879,1.0,57,0.7,2024.0,220.0,68.05013
2024,12,16,24,0,17.1,1.0,0.077,0.65,0,0,0,0,0,8.1,0,0,0,0,0.267,55.55,128.83,0.96,0.31,879,1.0,57,0.7,2024.0,220.0,66.3798
2024,12,16,24,0,17.1,1.0,0.077,0.65,0,0,0,0,0,8.1,0,0,0,0,0.267,55.55,128.83,0.96,0.31,879,1.0,57,0.7,2024.0,220.0,64.2085
2024,12,17,1,0,16.9,1.01,0.077,0.65,0,0,0,0,0,7.7,0,0,0,0,0.266,54.75,133.52,0.96,0.31,878,1.0,65,0.8,2024.0,220.0,59.89608
2024,12,17,1,0,16.9,1.01,0.077,0.65,0,0,0,0,0,7.7,0,0,0,0,0.266,54.75,133.52,0.96,0.31,878,1.0,65,0.8,2024.0,220.0,61.70774
2024,12,17,1,0,16.9,1.01,0.077,0.65,0,0,0,0,0,7.7,0,0,0,0,0.266,54.75,133.52,0.96,0.31,878,1.0,65,0.8,2024.0,220.0,63.04768
2024,12,17,2,0,16.8,1.0,0.082,0.65,0,0,0,0,0,7.5,0,0,0,0,0.266,54.12,133.88,0.96,0.31,878,1.0,57,0.8,2024.0,220.0,66.23402
2024,12,17,2,0,16.8,1.0,0.082,0.65,0,0,0,0,0,7.5,0,0,0,0,0.266,54.12,133.88,0.96,0.31,878,1.0,57,0.8,2024.0,220.0,66.86422
2024,12,17,7,0,16.6,1.04,0.095,0.65,15,101,18,7,8,7.9,10,0,7,10,0.264,56.33,88.43,0.96,0.31,878,1.0,28,0.4,2024.0,220.0,82.07091
2024,12,17,7,0,16.6,1.04,0.095,0.65,15,101,18,7,8,7.9,10,0,7,10,0.264,56.33,88.43,0.96,0.31,878,1.0,28,0.4,2024.0,220.0,66.7949
2024,12,17,8,0,19.1,1.06,0.091,0.65,65,631,220,0,8,7.5,136,200,0,185,0.264,47.08,75.83,0.96,0.31,879,1.0,15,0.6,2024.0,220.0,54.48569
2024,12,17,8,0,19.1,1.06,0.091,0.65,65,631,220,0,8,7.5,136,200,0,185,0.264,47.08,75.83,0.96,0.31,879,1.0,15,0.6,2024.0,220.0,39.37789
2024,12,17,8,0,19.1,1.06,0.091,0.65,65,631,220,0,8,7.5,136,200,0,185,0.264,47.08,75.83,0.96,0.31,879,1.0,15,0.6,2024.0,220.0,0.0
2024,12,17,9,0,22.1,1.08,0.09,0.65,92,835,475,0,3,6.7,296,122,0,353,0.264,36.97,62.65,0.96,0.31,879,1.0,338,1.0,2024.0,220.0,0.0
2024,12,17,10,0,24.6,1.09,0.088,0.65,108,936,720,0,0,5.9,108,936,0,720,0.264,30.03,49.2,0.96,0.31,879,1.0,310,2.5,2024.0,220.0,0.0
2024,12,17,13,0,29.3,1.11,0.083,0.65,130,1044,1163,0,0,3.7,130,1044,0,1163,0.263,19.51,8.11,0.97,0.31,878,0.9,273,5.3,2024.0,220.0,0.0
2024,12,17,14,0,29.8,1.09,0.098,0.65,139,1033,1167,0,8,3.2,139,918,0,1053,0.263,18.39,5.87,0.97,0.31,877,0.9,268,5.7,2024.0,220.0,0.0
2024,12,17,19,0,23.8,1.02,0.128,0.65,82,623,257,0,8,4.0,138,371,0,242,0.262,27.6,73.68,0.98,0.31,877,0.9,252,4.0,2024.0,220.0,0.0
2024,12,17,21,0,20.0,1.0,0.136,0.65,0,0,0,0,8,6.0,0,0,0,0,0.262,39.93,99.01,0.98,0.3,878,1.0,266,2.8,2024.0,220.0,65.43745
2024,12,17,21,0,20.0,1.0,0.136,0.65,0,0,0,0,8,6.0,0,0,0,0,0.262,39.93,99.01,0.98,0.3,878,1.0,266,2.8,2024.0,220.0,66.72204
2024,12,17,24,0,17.9,1.04,0.109,0.65,0,0,0,0,0,6.7,0,0,0,0,0.26,47.92,128.75,0.97,0.3,879,1.0,27,0.5,2024.0,220.0,64.35737
2024,12,18,1,0,17.7,1.06,0.097,0.65,0,0,0,0,0,6.6,0,0,0,0,0.26,48.27,133.47,0.97,0.3,879,1.0,16,0.4,2024.0,220.0,60.14601
2024,12,18,1,0,17.7,1.06,0.097,0.65,0,0,0,0,0,6.6,0,0,0,0,0.26,48.27,133.47,0.97,0.3,879,1.0,16,0.4,2024.0,220.0,60.05875
2024,12,18,2,0,17.2,1.05,0.098,0.65,0,0,0,0,0,6.9,0,0,0,0,0.259,50.78,133.87,0.97,0.3,878,1.1,350,0.4,2024.0,220.0,57.92962
2024,12,18,2,0,17.2,1.05,0.098,0.65,0,0,0,0,0,6.9,0,0,0,0,0.259,50.78,133.87,0.97,0.3,878,1.1,350,0.4,2024.0,220.0,58.42061
2024,12,18,3,0,16.3,1.06,0.093,0.65,0,0,0,0,0,7.5,0,0,0,0,0.259,55.96,129.83,0.97,0.3,878,1.1,338,0.6,2024.0,220.0,65.58302
2024,12,18,3,0,16.3,1.06,0.093,0.65,0,0,0,0,0,7.5,0,0,0,0,0.259,55.96,129.83,0.97,0.3,878,1.1,338,0.6,2024.0,220.0,66.2053
2024,12,18,3,0,16.3,1.06,0.093,0.65,0,0,0,0,0,7.5,0,0,0,0,0.259,55.96,129.83,0.97,0.3,878,1.1,338,0.6,2024.0,220.0,72.94463
2024,12,18,4,0,15.6,1.08,0.09,0.65,0,0,0,0,0,7.9,0,0,0,0,0.259,60.33,122.28,0.97,0.3,878,1.1,345,0.8,2024.0,220.0,64.16766
2024,12,18,6,0,15.6,1.09,0.096,0.65,0,0,0,0,0,7.5,0,0,0,0,0.26,58.64,101.06,0.97,0.3,878,1.0,48,0.7,2024.0,220.0,62.31922
2024,12,18,6,0,15.6,1.09,0.096,0.65,0,0,0,0,0,7.5,0,0,0,0,0.26,58.64,101.06,0.97,0.3,878,1.0,48,0.7,2024.0,220.0,57.97786
2024,12,18,6,0,15.6,1.09,0.096,0.65,0,0,0,0,0,7.5,0,0,0,0,0.26,58.64,101.06,0.97,0.3,878,1.0,48,0.7,2024.0,220.0,56.99141
2024,12,18,7,0,17.0,1.1,0.093,0.65,15,102,17,7,8,6.9,12,1,7,12,0.26,51.27,88.52,0.97,0.3,879,1.0,60,0.8,2024.0,220.0,55.7266
2024,12,18,7,0,17.0,1.1,0.093,0.65,15,102,17,7,8,6.9,12,1,7,12,0.26,51.27,88.52,0.97,0.3,879,1.0,60,0.8,2024.0,220.0,56.78627
2024,12,18,7,0,17.0,1.1,0.093,0.65,15,102,17,7,8,6.9,12,1,7,12,0.26,51.27,88.52,0.97,0.3,879,1.0,60,0.8,2024.0,220.0,57.5287
2024,12,18,7,0,17.0,1.1,0.093,0.65,15,102,17,7,8,6.9,12,1,7,12,0.26,51.27,88.52,0.97,0.3,879,1.0,60,0.8,2024.0,220.0,61.82345
2024,12,18,7,0,17.0,1.1,0.093,0.65,15,102,17,7,8,6.9,12,1,7,12,0.26,51.27,88.52,0.97,0.3,879,1.0,60,0.8,2024.0,220.0,69.93451
2024,12,18,8,0,20.4,1.13,0.087,0.65,64,643,220,0,0,6.0,64,643,0,220,0.261,39.08,75.93,0.97,0.3,879,0.9,18,1.5,2024.0,220.0,48.20809
2024,12,18,8,0,20.4,1.13,0.087,0.65,64,643,220,0,0,6.0,64,643,0,220,0.261,39.08,75.93,0.97,0.3,879,0.9,18,1.5,2024.0,220.0,0.0
2024,12,18,8,0,20.4,1.13,0.087,0.65,64,643,220,0,0,6.0,64,643,0,220,0.261,39.08,75.93,0.97,0.3,879,0.9,18,1.5,2024.0,220.0,0.0
2024,12,18,11,0,27.5,1.14,0.08,0.65,116,1003,930,0,0,1.9,116,1003,0,930,0.259,19.1,35.69,0.97,0.3,880,0.9,295,3.1,2024.0,220.0,0.0
2024,12,18,18,0,27.2,0.99,0.06,0.65,82,905,530,0,0,0.2,82,905,0,530,0.258,17.19,60.33,0.95,0.3,877,0.8,261,4.4,2024.0,220.0,0.0
2024,12,18,21,0,19.4,0.94,0.062,0.65,0,0,0,0,0,4.6,0,0,0,0,0.257,37.77,98.9,0.95,0.3,878,0.8,269,2.8,2024.0,220.0,62.6588
2024,12,18,21,0,19.4,0.94,0.062,0.65,0,0,0,0,0,4.6,0,0,0,0,0.257,37.77,98.9,0.95,0.3,878,0.8,269,2.8,2024.0,220.0,61.88402
2024,12,18,21,0,19.4,0.94,0.062,0.65,0,0,0,0,0,4.6,0,0,0,0,0.257,37.77,98.9,0.95,0.3,878,0.8,269,2.8,2024.0,220.0,62.01722
2024,12,18,22,0,17.8,0.93,0.066,0.65,0,0,0,0,0,5.8,0,0,0,0,0.257,45.28,110.43,0.95,0.3,879,0.9,280,1.6,2024.0,220.0,57.8436
2024,12,18,22,0,17.8,0.93,0.066,0.65,0,0,0,0,0,5.8,0,0,0,0,0.257,45.28,110.43,0.95,0.3,879,0.9,280,1.6,2024.0,220.0,63.88309
2024,12,18,23,0,17.2,0.94,0.068,0.65,0,0,0,0,0,6.2,0,0,0,0,0.257,48.27,120.63,0.95,0.3,879,0.9,344,0.8,2024.0,220.0,62.55885
2024,12,18,23,0,17.2,0.94,0.068,0.65,0,0,0,0,0,6.2,0,0,0,0,0.257,48.27,120.63,0.95,0.3,879,0.9,344,0.8,2024.0,220.0,66.04455
2024,12,18,24,0,16.7,0.96,0.068,0.65,0,0,0,0,0,6.2,0,0,0,0,0.257,49.8,128.67,0.95,0.3,879,0.9,23,0.6,2024.0,220.0,67.56051
2024,12,18,24,0,16.7,0.96,0.068,0.65,0,0,0,0,0,6.2,0,0,0,0,0.257,49.8,128.67,0.95,0.3,879,0.9,23,0.6,2024.0,220.0,67.57124
2024,12,18,24,0,16.7,0.96,0.068,0.65,0,0,0,0,0,6.2,0,0,0,0,0.257,49.8,128.67,0.95,0.3,879,0.9,23,0.6,2024.0,220.0,67.57124
2024,12,19,1,0,16.3,0.98,0.068,0.65,0,0,0,0,0,6.0,0,0,0,0,0.258,50.34,133.43,0.96,0.3,879,0.9,35,0.6,2024.0,220.0,70.92125
2024,12,19,1,0,16.3,0.98,0.068,0.65,0,0,0,0,0,6.0,0,0,0,0,0.258,50.34,133.43,0.96,0.3,879,0.9,35,0.6,2024.0,220.0,70.382
2024,12,19,4,0,16.2,1.02,0.068,0.65,0,0,0,0,0,4.9,0,0,0,0,0.26,46.99,122.34,0.95,0.3,877,0.8,78,0.4,2024.0,220.0,73.81242
2024,12,19,5,0,15.8,1.01,0.071,0.65,0,0,0,0,8,4.9,0,0,0,0,0.26,48.48,112.48,0.95,0.3,878,0.9,48,0.4,2024.0,220.0,73.33814
2024,12,19,8,0,19.0,1.03,0.075,0.65,61,664,221,0,3,4.8,133,10,0,135,0.262,39.32,76.03,0.96,0.3,879,0.8,58,0.9,2024.0,220.0,62.65754
2024,12,19,8,0,19.0,1.03,0.075,0.65,61,664,221,0,3,4.8,133,10,0,135,0.262,39.32,76.03,0.96,0.3,879,0.8,58,0.9,2024.0,220.0,0.0
2024,12,19,9,0,22.9,1.07,0.064,0.65,81,878,481,0,0,3.3,81,878,0,481,0.263,27.86,62.85,0.95,0.3,879,0.8,105,1.7,2024.0,220.0,0.0
2024,12,19,15,0,30.2,1.01,0.063,0.65,114,1054,1109,0,0,0.6,114,1054,0,1109,0.265,14.85,19.37,0.95,0.3,877,0.8,266,4.8,2024.0,220.0,0.0
2024,12,19,18,0,27.3,0.95,0.064,0.65,85,900,531,0,0,1.2,85,900,0,531,0.266,18.37,60.22,0.96,0.3,876,0.8,254,2.6,2024.0,220.0,0.0
2024,12,19,20,0,22.0,0.95,0.064,0.65,25,297,45,0,0,3.0,25,297,0,45,0.265,28.66,86.24,0.96,0.3,877,0.8,265,2.2,2024.0,220.0,53.92964
2024,12,19,21,0,19.4,0.96,0.066,0.65,0,0,0,0,0,4.7,0,0,0,0,0.265,37.86,98.79,0.96,0.29,878,0.8,276,1.8,2024.0,220.0,61.6014
2024,12,19,22,0,17.8,0.96,0.07,0.65,0,0,0,0,0,5.7,0,0,0,0,0.265,44.88,110.33,0.96,0.29,879,0.9,302,1.1,2024.0,220.0,62.8499
2024,12,19,22,0,17.8,0.96,0.07,0.65,0,0,0,0,0,5.7,0,0,0,0,0.265,44.88,110.33,0.96,0.29,879,0.9,302,1.1,2024.0,220.0,96.13591
2024,12,19,23,0,17.1,0.97,0.074,0.65,0,0,0,0,1,6.0,0,0,0,0,0.265,47.96,120.54,0.96,0.29,879,0.9,350,0.6,2024.0,220.0,64.74646
2024,12,19,24,0,16.6,0.98,0.075,0.65,0,0,0,0,0,5.9,0,0,0,0,0.265,49.29,128.61,0.96,0.29,879,0.9,27,0.5,2024.0,220.0,91.2901
2024,12,19,24,0,16.6,0.98,0.075,0.65,0,0,0,0,0,5.9,0,0,0,0,0.265,49.29,128.61,0.96,0.29,879,0.9,27,0.5,2024.0,220.0,65.72367
2024,12,20,1,0,16.2,0.98,0.076,0.65,0,0,0,0,0,5.7,0,0,0,0,0.264,49.91,133.39,0.96,0.29,879,0.9,34,0.8,2024.0,220.0,69.66087
2024,12,20,1,0,16.2,0.98,0.076,0.65,0,0,0,0,0,5.7,0,0,0,0,0.264,49.91,133.39,0.96,0.29,879,0.9,34,0.8,2024.0,220.0,69.66389
2024,12,20,6,0,14.7,1.0,0.08,0.65,0,0,0,0,1,5.4,0,0,0,0,0.262,53.64,101.24,0.96,0.29,878,0.9,2,1.3,2024.0,220.0,71.67127
2024,12,20,7,0,16.0,1.0,0.079,0.65,14,103,16,7,8,5.0,1,0,7,1,0.262,47.88,88.7,0.96,0.29,878,0.9,47,1.5,2024.0,220.0,70.55904
2024,12,20,8,0,19.4,1.01,0.077,0.65,61,657,219,0,0,4.5,61,657,0,219,0.262,37.31,76.13,0.96,0.29,878,0.8,66,1.8,2024.0,220.0,70.61631
2024,12,20,8,0,19.4,1.01,0.077,0.65,61,657,219,0,0,4.5,61,657,0,219,0.262,37.31,76.13,0.96,0.29,878,0.8,66,1.8,2024.0,220.0,67.12324
2024,12,20,8,0,19.4,1.01,0.077,0.65,61,657,219,0,0,4.5,61,657,0,219,0.262,37.31,76.13,0.96,0.29,878,0.8,66,1.8,2024.0,220.0,55.82385
2024,12,20,8,0,19.4,1.01,0.077,0.65,61,657,219,0,0,4.5,61,657,0,219,0.262,37.31,76.13,0.96,0.29,878,0.8,66,1.8,2024.0,220.0,0.0
2024,12,20,8,0,19.4,1.01,0.077,0.65,61,657,219,0,0,4.5,61,657,0,219,0.262,37.31,76.13,0.96,0.29,878,0.8,66,1.8,2024.0,220.0,0.0
2024,12,20,8,0,19.4,1.01,0.077,0.65,61,657,219,0,0,4.5,61,657,0,219,0.262,37.31,76.13,0.96,0.29,878,0.8,66,1.8,2024.0,220.0,0.0
2024,12,20,9,0,22.9,1.02,0.073,0.65,84,864,477,0,3,3.2,290,153,0,359,0.261,27.63,62.96,0.96,0.29,878,0.8,83,1.4,2024.0,220.0,0.0
2024,12,20,20,0,21.5,1.02,0.076,0.65,27,275,45,0,0,4.9,27,275,0,45,0.247,33.89,86.14,0.96,0.29,878,1.0,271,2.6,2024.0,220.0,0.0
2024,12,20,20,0,21.5,1.02,0.076,0.65,27,275,45,0,0,4.9,27,275,0,45,0.247,33.89,86.14,0.96,0.29,878,1.0,271,2.6,2024.0,220.0,67.34971
2024,12,20,21,0,19.3,1.03,0.077,0.65,0,0,0,0,0,6.2,0,0,0,0,0.247,42.25,98.69,0.96,0.3,879,1.0,280,2.2,2024.0,220.0,71.6627
2024,12,20,21,0,19.3,1.03,0.077,0.65,0,0,0,0,0,6.2,0,0,0,0,0.247,42.25,98.69,0.96,0.3,879,1.0,280,2.2,2024.0,220.0,98.34035
2024,12,20,21,0,19.3,1.03,0.077,0.65,0,0,0,0,0,6.2,0,0,0,0,0.247,42.25,98.69,0.96,0.3,879,1.0,280,2.2,2024.0,220.0,72.29362
2024,12,21,1,0,17.1,1.06,0.083,0.65,0,0,0,0,0,6.6,0,0,0,0,0.25,49.99,133.36,0.96,0.3,880,1.1,47,1.7,2024.0,220.0,68.73909
2024,12,21,1,0,17.1,1.06,0.083,0.65,0,0,0,0,0,6.6,0,0,0,0,0.25,49.99,133.36,0.96,0.3,880,1.1,47,1.7,2024.0,220.0,69.01902
2024,12,21,2,0,16.6,1.06,0.083,0.65,0,0,0,0,0,6.5,0,0,0,0,0.252,51.31,133.87,0.96,0.3,879,1.1,42,1.6,2024.0,220.0,68.03693
2024,12,21,3,0,16.4,1.06,0.083,0.65,0,0,0,0,0,6.4,0,0,0,0,0.255,51.48,129.94,0.97,0.3,879,1.0,31,1.4,2024.0,220.0,69.80673
2024,12,21,7,0,17.7,1.07,0.07,0.65,13,116,15,0,1,4.5,13,116,0,15,0.263,41.71,88.79,0.96,0.3,878,0.9,67,1.1,2024.0,220.0,72.912
2024,12,21,7,0,17.7,1.07,0.07,0.65,13,116,15,0,1,4.5,13,116,0,15,0.263,41.71,88.79,0.96,0.3,878,0.9,67,1.1,2024.0,220.0,73.35556
2024,12,21,8,0,20.5,1.08,0.07,0.65,59,665,217,0,0,4.9,59,665,0,217,0.264,36.06,76.24,0.96,0.3,878,0.9,8,1.5,2024.0,220.0,52.44148
2024,12,21,8,0,20.5,1.08,0.07,0.65,59,665,217,0,0,4.9,59,665,0,217,0.264,36.06,76.24,0.96,0.3,878,0.9,8,1.5,2024.0,220.0,0.0
2024,12,21,9,0,23.3,1.1,0.068,0.65,82,866,474,0,0,4.9,82,866,0,474,0.265,30.27,63.07,0.96,0.3,878,0.9,276,1.8,2024.0,220.0,0.0
2024,12,21,9,0,23.3,1.1,0.068,0.65,82,866,474,0,0,4.9,82,866,0,474,0.265,30.27,63.07,0.96,0.3,878,0.9,276,1.8,2024.0,220.0,0.0
2024,12,21,10,0,26.3,1.11,0.066,0.65,96,963,720,0,0,3.5,96,963,0,720,0.265,22.91,49.63,0.96,0.3,878,0.9,273,2.2,2024.0,220.0,0.0
2024,12,21,14,0,30.8,1.12,0.07,0.65,121,1056,1172,0,0,2.0,121,1056,0,1172,0.262,15.9,5.43,0.96,0.3,877,0.9,261,6.1,2024.0,220.0,0.0
2024,12,21,19,0,25.3,1.0,0.07,0.65,66,725,275,0,0,2.9,66,725,0,275,0.257,23.41,73.24,0.96,0.3,877,0.9,260,3.1,2024.0,220.0,0.0
2024,12,21,20,0,22.3,0.99,0.069,0.65,27,297,47,0,0,4.0,27,297,0,47,0.258,30.2,86.04,0.96,0.3,878,0.9,266,2.4,2024.0,220.0,61.0678
2024,12,21,21,0,20.0,0.98,0.07,0.65,0,0,0,0,0,5.3,0,0,0,0,0.259,38.02,98.59,0.96,0.29,879,0.9,271,2.0,2024.0,220.0,60.12744
2024,12,21,21,0,20.0,0.98,0.07,0.65,0,0,0,0,0,5.3,0,0,0,0,0.259,38.02,98.59,0.96,0.29,879,0.9,271,2.0,2024.0,220.0,59.54645
2024,12,21,21,0,20.0,0.98,0.07,0.65,0,0,0,0,0,5.3,0,0,0,0,0.259,38.02,98.59,0.96,0.29,879,0.9,271,2.0,2024.0,220.0,62.08142
2024,12,21,21,0,20.0,0.98,0.07,0.65,0,0,0,0,0,5.3,0,0,0,0,0.259,38.02,98.59,0.96,0.29,879,0.9,271,2.0,2024.0,220.0,64.63734
2024,12,21,24,0,17.7,1.01,0.068,0.65,0,0,0,0,0,5.7,0,0,0,0,0.26,45.12,128.49,0.96,0.29,879,1.0,60,2.1,2024.0,220.0,64.13501
2024,12,22,1,0,17.6,1.02,0.066,0.65,0,0,0,0,0,5.2,0,0,0,0,0.261,44.1,133.34,0.96,0.29,879,0.9,71,2.1,2024.0,220.0,62.46486
2024,12,22,3,0,17.5,1.03,0.062,0.65,0,0,0,0,0,4.3,0,0,0,0,0.262,41.69,129.99,0.95,0.29,878,0.9,96,1.8,2024.0,220.0,63.43322
2024,12,22,4,0,17.4,1.03,0.061,0.65,0,0,0,0,0,3.9,0,0,0,0,0.263,40.61,122.55,0.95,0.29,877,0.9,109,1.5,2024.0,220.0,70.71099
2024,12,22,4,0,17.4,1.03,0.061,0.65,0,0,0,0,0,3.9,0,0,0,0,0.263,40.61,122.55,0.95,0.29,877,0.9,109,1.5,2024.0,220.0,71.93782
2024,12,22,5,0,17.4,1.03,0.061,0.65,0,0,0,0,0,3.6,0,0,0,0,0.265,39.7,112.73,0.95,0.29,878,0.8,109,1.1,2024.0,220.0,71.86526
2024,12,22,7,0,17.9,1.03,0.062,0.65,12,121,15,0,0,3.0,12,121,0,15,0.266,36.95,88.89,0.95,0.29,879,0.8,88,0.4,2024.0,220.0,72.66212
2024,12,22,7,0,17.9,1.03,0.062,0.65,12,121,15,0,0,3.0,12,121,0,15,0.266,36.95,88.89,0.95,0.29,879,0.8,88,0.4,2024.0,220.0,73.09466
2024,12,22,8,0,21.3,1.04,0.064,0.65,57,677,217,0,0,2.9,57,677,0,217,0.267,29.7,76.35,0.95,0.29,879,0.8,112,0.7,2024.0,220.0,54.13574
2024,12,22,8,0,21.3,1.04,0.064,0.65,57,677,217,0,0,2.9,57,677,0,217,0.267,29.7,76.35,0.95,0.29,879,0.8,112,0.7,2024.0,220.0,0.0
2024,12,22,9,0,24.6,1.06,0.067,0.65,81,865,471,0,0,1.8,81,865,0,471,0.267,22.52,63.18,0.95,0.29,879,0.9,216,1.3,2024.0,220.0,0.0
2024,12,22,11,0,28.9,1.1,0.078,0.65,114,999,920,0,0,0.5,114,999,0,920,0.265,15.97,36.14,0.96,0.29,879,1.0,274,3.0,2024.0,220.0,0.0
2024,12,22,13,0,30.5,1.08,0.093,0.65,134,1028,1150,0,0,1.4,134,1028,0,1150,0.264,15.46,8.68,0.96,0.29,878,1.1,268,5.0,2024.0,220.0,0.0
2024,12,22,20,0,21.8,1.01,0.095,0.65,28,242,46,0,0,5.7,28,242,0,46,0.258,35.14,85.94,0.96,0.29,879,1.3,270,3.1,2024.0,220.0,64.22379
2024,12,22,22,0,18.3,1.01,0.095,0.65,0,0,0,0,0,7.7,0,0,0,0,0.258,50.11,110.06,0.96,0.29,880,1.3,290,2.5,2024.0,220.0,68.08825
2024,12,22,22,0,18.3,1.01,0.095,0.65,0,0,0,0,0,7.7,0,0,0,0,0.258,50.11,110.06,0.96,0.29,880,1.3,290,2.5,2024.0,220.0,75.39789
2024,12,22,24,0,17.4,1.03,0.09,0.65,0,0,0,0,0,7.9,0,0,0,0,0.257,53.5,128.45,0.96,0.29,880,1.3,31,1.8,2024.0,220.0,78.12124
2024,12,22,24,0,17.4,1.03,0.09,0.65,0,0,0,0,0,7.9,0,0,0,0,0.257,53.5,128.45,0.96,0.29,880,1.3,31,1.8,2024.0,220.0,78.12124
2024,12,22,24,0,17.4,1.03,0.09,0.65,0,0,0,0,0,7.9,0,0,0,0,0.257,53.5,128.45,0.96,0.29,880,1.3,31,1.8,2024.0,220.0,67.81016
2024,12,23,1,0,17.3,1.05,0.089,0.65,0,0,0,0,7,7.5,0,0,0,0,0.257,52.68,133.33,0.96,0.29,880,1.2,61,1.3,2024.0,220.0,67.44528
2024,12,23,4,0,16.9,1.05,0.092,0.65,0,0,0,0,0,6.8,0,0,0,0,0.258,51.51,122.63,0.96,0.29,879,1.2,75,1.2,2024.0,220.0,71.78105
2024,12,23,5,0,16.5,1.05,0.093,0.65,0,0,0,0,0,6.9,0,0,0,0,0.258,52.87,112.83,0.96,0.29,879,1.2,52,1.0,2024.0,220.0,70.06416
2024,12,23,5,0,16.5,1.05,0.093,0.65,0,0,0,0,0,6.9,0,0,0,0,0.258,52.87,112.83,0.96,0.29,879,1.2,52,1.0,2024.0,220.0,67.11037
2024,12,23,5,0,16.5,1.05,0.093,0.65,0,0,0,0,0,6.9,0,0,0,0,0.258,52.87,112.83,0.96,0.29,879,1.2,52,1.0,2024.0,220.0,67.11037
2024,12,23,5,0,16.5,1.05,0.093,0.65,0,0,0,0,0,6.9,0,0,0,0,0.258,52.87,112.83,0.96,0.29,879,1.2,52,1.0,2024.0,220.0,66.8812
2024,12,23,5,0,16.5,1.05,0.093,0.65,0,0,0,0,0,6.9,0,0,0,0,0.258,52.87,112.83,0.96,0.29,879,1.2,52,1.0,2024.0,220.0,64.50764
2024,12,23,6,0,16.1,1.05,0.094,0.65,0,0,0,0,0,6.9,0,0,0,0,0.259,54.45,101.54,0.96,0.29,879,1.2,62,0.4,2024.0,220.0,66.16184
2024,12,23,7,0,16.6,1.06,0.093,0.65,12,69,13,0,0,6.8,12,69,0,13,0.259,52.48,88.98,0.96,0.29,880,1.2,94,1.0,2024.0,220.0,65.22065
2024,12,23,7,0,16.6,1.06,0.093,0.65,12,69,13,0,0,6.8,12,69,0,13,0.259,52.48,88.98,0.96,0.29,880,1.2,94,1.0,2024.0,220.0,67.75983
2024,12,23,7,0,16.6,1.06,0.093,0.65,12,69,13,0,0,6.8,12,69,0,13,0.259,52.48,88.98,0.96,0.29,880,1.2,94,1.0,2024.0,220.0,69.30407
2024,12,23,7,0,16.6,1.06,0.093,0.65,12,69,13,0,0,6.8,12,69,0,13,0.259,52.48,88.98,0.96,0.29,880,1.2,94,1.0,2024.0,220.0,68.08673
2024,12,23,7,0,16.6,1.06,0.093,0.65,12,69,13,0,0,6.8,12,69,0,13,0.259,52.48,88.98,0.96,0.29,880,1.2,94,1.0,2024.0,220.0,65.5353
2024,12,23,8,0,19.4,1.08,0.087,0.65,62,621,208,0,0,6.5,62,621,0,208,0.259,42.89,76.46,0.96,0.29,880,1.1,96,1.6,2024.0,220.0,65.43461
2024,12,23,8,0,19.4,1.08,0.087,0.65,62,621,208,0,0,6.5,62,621,0,208,0.259,42.89,76.46,0.96,0.29,880,1.1,96,1.6,2024.0,220.0,57.63611
2024,12,23,8,0,19.4,1.08,0.087,0.65,62,621,208,0,0,6.5,62,621,0,208,0.259,42.89,76.46,0.96,0.29,880,1.1,96,1.6,2024.0,220.0,0.0
2024,12,23,8,0,19.4,1.08,0.087,0.65,62,621,208,0,0,6.5,62,621,0,208,0.259,42.89,76.46,0.96,0.29,880,1.1,96,1.6,2024.0,220.0,0.0
2024,12,23,9,0,23.3,1.1,0.08,0.65,86,839,463,0,0,4.3,86,839,0,463,0.259,29.15,63.3,0.96,0.29,880,1.1,306,1.7,2024.0,220.0,0.0
2024,12,23,10,0,26.2,1.12,0.075,0.65,100,944,709,0,0,3.4,100,944,0,709,0.259,22.89,49.86,0.96,0.29,880,1.1,264,2.0,2024.0,220.0,0.0
2024,12,23,16,0,28.2,1.07,0.085,0.65,120,991,954,0,0,5.8,120,991,0,954,0.252,24.11,32.65,0.96,0.29,879,1.3,264,6.0,2024.0,220.0,0.0
2024,12,23,20,0,21.3,1.04,0.077,0.65,28,286,48,0,0,7.2,28,286,0,48,0.253,40.23,85.84,0.96,0.29,879,1.2,258,4.3,2024.0,220.0,0.0
2024,12,23,20,0,21.3,1.04,0.077,0.65,28,286,48,0,0,7.2,28,286,0,48,0.253,40.23,85.84,0.96,0.29,879,1.2,258,4.3,2024.0,220.0,62.1043
2024,12,23,22,0,17.9,1.02,0.078,0.65,0,0,0,0,0,8.8,0,0,0,0,0.255,55.19,109.98,0.96,0.29,881,1.2,260,2.5,2024.0,220.0,82.23288
2024,12,23,23,0,17.1,1.02,0.079,0.65,0,0,0,0,0,9.1,0,0,0,0,0.255,59.26,120.25,0.96,0.29,881,1.2,286,2.0,2024.0,220.0,111.18621
2024,12,23,24,0,16.5,1.03,0.08,0.65,0,0,0,0,0,9.2,0,0,0,0,0.256,62.12,128.41,0.96,0.29,881,1.2,360,1.8,2024.0,220.0,85.62582
2024,12,23,24,0,16.5,1.03,0.08,0.65,0,0,0,0,0,9.2,0,0,0,0,0.256,62.12,128.41,0.96,0.29,881,1.2,360,1.8,2024.0,220.0,69.11651
2024,12,23,24,0,16.5,1.03,0.08,0.65,0,0,0,0,0,9.2,0,0,0,0,0.256,62.12,128.41,0.96,0.29,881,1.2,360,1.8,2024.0,220.0,69.23799
2024,12,24,1,0,16.0,1.04,0.08,0.65,0,0,0,0,0,9.3,0,0,0,0,0.256,64.31,133.32,0.96,0.29,881,1.2,21,1.4,2024.0,220.0,69.87589
2024,12,24,3,0,15.2,1.05,0.088,0.65,0,0,0,0,0,9.4,0,0,0,0,0.259,68.31,130.12,0.96,0.29,879,1.1,7,1.0,2024.0,220.0,67.52622
2024,12,24,3,0,15.2,1.05,0.088,0.65,0,0,0,0,0,9.4,0,0,0,0,0.259,68.31,130.12,0.96,0.29,879,1.1,7,1.0,2024.0,220.0,68.89957
2024,12,24,4,0,14.9,1.05,0.097,0.65,0,0,0,0,0,9.6,0,0,0,0,0.26,70.69,122.72,0.96,0.29,879,1.1,348,1.1,2024.0,220.0,68.88029
2024,12,24,4,0,14.9,1.05,0.097,0.65,0,0,0,0,0,9.6,0,0,0,0,0.26,70.69,122.72,0.96,0.29,879,1.1,348,1.1,2024.0,220.0,67.82509
2024,12,24,6,0,14.3,1.06,0.098,0.65,0,0,0,0,0,9.8,0,0,0,0,0.263,74.34,101.65,0.97,0.29,879,1.1,354,0.7,2024.0,220.0,66.8013
2024,12,24,7,0,15.4,1.08,0.09,0.65,0,0,0,0,0,9.5,0,0,0,0,0.264,67.88,89.08,0.96,0.29,880,1.0,55,1.0,2024.0,220.0,65.56129
2024,12,24,7,0,15.4,1.08,0.09,0.65,0,0,0,0,0,9.5,0,0,0,0,0.264,67.88,89.08,0.96,0.29,880,1.0,55,1.0,2024.0,220.0,70.92834
2024,12,24,7,0,15.4,1.08,0.09,0.65,0,0,0,0,0,9.5,0,0,0,0,0.264,67.88,89.08,0.96,0.29,880,1.0,55,1.0,2024.0,220.0,67.04228
2024,12,24,7,0,15.4,1.08,0.09,0.65,0,0,0,0,0,9.5,0,0,0,0,0.264,67.88,89.08,0.96,0.29,880,1.0,55,1.0,2024.0,220.0,66.44519
2024,12,24,8,0,18.8,1.1,0.078,0.65,60,638,208,1,0,8.6,60,638,1,208,0.265,51.37,76.57,0.96,0.29,880,1.0,73,1.5,2024.0,220.0,56.46318
2024,12,24,8,0,18.8,1.1,0.078,0.65,60,638,208,1,0,8.6,60,638,1,208,0.265,51.37,76.57,0.96,0.29,880,1.0,73,1.5,2024.0,220.0,0.0
2024,12,24,8,0,18.8,1.1,0.078,0.65,60,638,208,1,0,8.6,60,638,1,208,0.265,51.37,76.57,0.96,0.29,880,1.0,73,1.5,2024.0,220.0,0.0
2024,12,24,9,0,22.5,1.11,0.068,0.65,81,858,465,0,0,6.3,81,858,0,465,0.265,35.1,63.41,0.96,0.29,880,1.0,90,2.5,2024.0,220.0,0.0
2024,12,24,9,0,22.5,1.11,0.068,0.65,81,858,465,0,0,6.3,81,858,0,465,0.265,35.1,63.41,0.96,0.29,880,1.0,90,2.5,2024.0,220.0,0.0
2024,12,24,9,0,22.5,1.11,0.068,0.65,81,858,465,0,0,6.3,81,858,0,465,0.265,35.1,63.41,0.96,0.29,880,1.0,90,2.5,2024.0,220.0,0.0
2024,12,24,16,0,29.1,1.14,0.063,0.65,107,1027,973,0,0,2.8,107,1027,0,973,0.265,18.6,32.54,0.96,0.29,876,0.9,267,5.5,2024.0,220.0,0.0
2024,12,24,16,0,29.1,1.14,0.063,0.65,107,1027,973,0,0,2.8,107,1027,0,973,0.265,18.6,32.54,0.96,0.29,876,0.9,267,5.5,2024.0,220.0,0.0
2024,12,24,20,0,21.1,1.09,0.056,0.65,26,350,52,0,0,4.5,26,350,0,52,0.266,33.63,85.75,0.96,0.29,878,0.9,263,3.3,2024.0,220.0,68.1875
2024,12,24,21,0,19.1,1.09,0.055,0.65,0,0,0,0,0,5.6,0,0,0,0,0.266,41.24,98.31,0.95,0.29,879,0.9,265,2.8,2024.0,220.0,75.84336
2024,12,24,22,0,17.9,1.09,0.054,0.65,0,0,0,0,0,6.1,0,0,0,0,0.266,45.95,109.9,0.95,0.29,879,0.9,270,2.3,2024.0,220.0,247.20714
2024,12,24,23,0,17.4,1.1,0.052,0.65,0,0,0,0,0,5.9,0,0,0,0,0.266,46.89,120.19,0.95,0.29,880,0.9,79,1.9,2024.0,220.0,92.03564
2024,12,24,24,0,17.0,1.11,0.05,0.65,0,0,0,0,0,5.4,0,0,0,0,0.267,46.21,128.37,0.95,0.29,879,0.8,79,1.8,2024.0,220.0,78.08438
2024,12,25,1,0,16.9,1.11,0.048,0.65,0,0,0,0,0,4.7,0,0,0,0,0.266,44.45,133.32,0.95,0.29,878,0.8,78,1.8,2024.0,220.0,75.51484
2024,12,25,1,0,16.9,1.11,0.048,0.65,0,0,0,0,0,4.7,0,0,0,0,0.266,44.45,133.32,0.95,0.29,878,0.8,78,1.8,2024.0,220.0,76.44772
2024,12,25,1,0,16.9,1.11,0.048,0.65,0,0,0,0,0,4.7,0,0,0,0,0.266,44.45,133.32,0.95,0.29,878,0.8,78,1.8,2024.0,220.0,79.39574
2024,12,25,2,0,16.9,1.12,0.046,0.65,0,0,0,0,0,4.2,0,0,0,0,0.266,42.85,133.99,0.95,0.29,877,0.8,78,1.7,2024.0,220.0,75.04871
2024,12,25,6,0,16.2,1.13,0.046,0.65,0,0,0,0,0,4.0,0,0,0,0,0.266,44.25,101.76,0.94,0.29,876,0.7,56,0.8,2024.0,220.0,75.35138
2024,12,25,6,0,16.2,1.13,0.046,0.65,0,0,0,0,0,4.0,0,0,0,0,0.266,44.25,101.76,0.94,0.29,876,0.7,56,0.8,2024.0,220.0,78.54354
2024,12,25,7,0,16.8,1.13,0.048,0.65,0,0,0,0,0,4.2,0,0,0,0,0.266,43.2,89.19,0.94,0.29,877,0.7,41,1.4,2024.0,220.0,75.03779
2024,12,25,7,0,16.8,1.13,0.048,0.65,0,0,0,0,0,4.2,0,0,0,0,0.266,43.2,89.19,0.94,0.29,877,0.7,41,1.4,2024.0,220.0,63.53475
2024,12,25,8,0,19.8,1.15,0.049,0.65,51,709,215,0,0,4.3,51,709,0,215,0.267,35.95,76.69,0.94,0.29,877,0.7,358,1.2,2024.0,220.0,4.61882
2024,12,25,8,0,19.8,1.15,0.049,0.65,51,709,215,0,0,4.3,51,709,0,215,0.267,35.95,76.69,0.94,0.29,877,0.7,358,1.2,2024.0,220.0,0.0
2024,12,25,8,0,19.8,1.15,0.049,0.65,51,709,215,0,0,4.3,51,709,0,215,0.267,35.95,76.69,0.94,0.29,877,0.7,358,1.2,2024.0,220.0,0.0
2024,12,25,8,0,19.8,1.15,0.049,0.65,51,709,215,0,0,4.3,51,709,0,215,0.267,35.95,76.69,0.94,0.29,877,0.7,358,1.2,2024.0,220.0,0.0
2024,12,25,20,0,20.9,1.06,0.06,0.65,27,340,53,0,0,5.6,27,340,0,53,0.259,36.9,85.66,0.95,0.29,877,1.0,273,1.9,2024.0,220.0,67.83928
2024,12,25,21,0,18.6,1.05,0.062,0.65,0,0,0,0,0,7.2,0,0,0,0,0.26,47.32,98.23,0.96,0.29,878,1.0,281,1.5,2024.0,220.0,72.47243
2024,12,25,21,0,18.6,1.05,0.062,0.65,0,0,0,0,0,7.2,0,0,0,0,0.26,47.32,98.23,0.96,0.29,878,1.0,281,1.5,2024.0,220.0,82.02276
2024,12,25,22,0,17.4,1.04,0.064,0.65,0,0,0,0,0,7.9,0,0,0,0,0.26,53.69,109.83,0.96,0.29,879,1.0,292,1.2,2024.0,220.0,100.93926
2024,12,25,22,0,17.4,1.04,0.064,0.65,0,0,0,0,0,7.9,0,0,0,0,0.26,53.69,109.83,0.96,0.29,879,1.0,292,1.2,2024.0,220.0,84.15702
2024,12,25,24,0,16.6,1.07,0.063,0.65,0,0,0,0,0,7.8,0,0,0,0,0.262,56.18,128.34,0.96,0.29,879,1.0,57,0.6,2024.0,220.0,122.7767
2024,12,26,1,0,16.3,1.08,0.063,0.65,0,0,0,0,0,7.5,0,0,0,0,0.263,56.05,133.33,0.96,0.29,878,1.0,61,0.3,2024.0,220.0,128.79803
2024,12,26,1,0,16.3,1.08,0.063,0.65,0,0,0,0,0,7.5,0,0,0,0,0.263,56.05,133.33,0.96,0.29,878,1.0,61,0.3,2024.0,220.0,117.93665
2024,12,26,2,0,16.0,1.09,0.064,0.65,0,0,0,0,0,7.3,0,0,0,0,0.264,56.28,134.03,0.96,0.29,878,1.0,48,0.3,2024.0,220.0,118.15342
2024,12,26,2,0,16.0,1.09,0.064,0.65,0,0,0,0,0,7.3,0,0,0,0,0.264,56.28,134.03,0.96,0.29,878,1.0,48,0.3,2024.0,220.0,128.59705
2024,12,26,3,0,15.5,1.09,0.065,0.65,0,0,0,0,0,7.2,0,0,0,0,0.266,57.84,130.27,0.96,0.29,877,1.0,21,0.3,2024.0,220.0,117.90959
2024,12,26,4,0,15.1,1.09,0.064,0.65,0,0,0,0,0,7.3,0,0,0,0,0.268,59.52,122.91,0.96,0.29,877,1.0,0,0.4,2024.0,220.0,118.50287
2024,12,26,6,0,14.7,1.1,0.061,0.65,0,0,0,0,0,7.1,0,0,0,0,0.272,60.33,101.87,0.96,0.29,877,0.9,4,0.7,2024.0,220.0,79.82891
2024,12,26,7,0,15.9,1.1,0.06,0.65,0,0,0,7,8,6.8,0,0,7,0,0.272,54.57,89.3,0.96,0.29,878,0.9,36,0.9,2024.0,220.0,109.87623
2024,12,26,7,0,15.9,1.1,0.06,0.65,0,0,0,7,8,6.8,0,0,7,0,0.272,54.57,89.3,0.96,0.29,878,0.9,36,0.9,2024.0,220.0,115.84144
2024,12,26,8,0,19.0,1.12,0.058,0.65,54,675,208,0,0,6.2,54,675,0,208,0.274,43.27,76.81,0.96,0.29,878,0.9,15,0.7,2024.0,220.0,105.24323
2024,12,26,8,0,19.0,1.12,0.058,0.65,54,675,208,0,0,6.2,54,675,0,208,0.274,43.27,76.81,0.96,0.29,878,0.9,15,0.7,2024.0,220.0,74.80379
2024,12,26,8,0,19.0,1.12,0.058,0.65,54,675,208,0,0,6.2,54,675,0,208,0.274,43.27,76.81,0.96,0.29,878,0.9,15,0.7,2024.0,220.0,0.0
2024,12,26,9,0,22.4,1.14,0.056,0.65,76,877,465,0,0,4.2,76,877,0,465,0.274,30.57,63.65,0.96,0.29,878,0.9,325,1.6,2024.0,220.0,0.0
2024,12,26,10,0,24.9,1.15,0.054,0.65,89,974,712,0,0,3.4,89,974,0,712,0.275,24.73,50.21,0.95,0.29,878,0.9,301,3.1,2024.0,220.0,0.0
2024,12,26,10,0,24.9,1.15,0.054,0.65,89,974,712,0,0,3.4,89,974,0,712,0.275,24.73,50.21,0.95,0.29,878,0.9,301,3.1,2024.0,220.0,42.60433
2024,12,26,10,0,24.9,1.15,0.054,0.65,89,974,712,0,0,3.4,89,974,0,712,0.275,24.73,50.21,0.95,0.29,878,0.9,301,3.1,2024.0,220.0,0.0
2024,12,26,18,0,24.4,1.04,0.052,0.65,79,918,545,0,0,3.0,79,918,0,545,0.267,24.77,59.47,0.94,0.29,878,0.9,289,5.2,2024.0,220.0,0.0
2024,12,26,20,0,20.2,1.05,0.048,0.65,26,379,55,0,0,4.4,26,379,0,55,0.269,35.34,85.57,0.94,0.29,878,0.9,282,3.1,2024.0,220.0,62.29465
2024,12,26,20,0,20.2,1.05,0.048,0.65,26,379,55,0,0,4.4,26,379,0,55,0.269,35.34,85.57,0.94,0.29,878,0.9,282,3.1,2024.0,220.0,98.8998
2024,12,26,21,0,18.3,1.05,0.047,0.65,0,0,0,0,0,5.7,0,0,0,0,0.271,43.52,98.15,0.94,0.28,879,0.9,274,2.2,2024.0,220.0,67.3565
2024,12,26,21,0,18.3,1.05,0.047,0.65,0,0,0,0,0,5.7,0,0,0,0,0.271,43.52,98.15,0.94,0.28,879,0.9,274,2.2,2024.0,220.0,110.88169
2024,12,26,21,0,18.3,1.05,0.047,0.65,0,0,0,0,0,5.7,0,0,0,0,0.271,43.52,98.15,0.94,0.28,879,0.9,274,2.2,2024.0,220.0,239.64662
2024,12,26,21,0,18.3,1.05,0.047,0.65,0,0,0,0,0,5.7,0,0,0,0,0.271,43.52,98.15,0.94,0.28,879,0.9,274,2.2,2024.0,220.0,242.65392
2024,12,26,23,0,16.8,1.05,0.048,0.65,0,0,0,0,0,6.6,0,0,0,0,0.273,50.91,120.09,0.94,0.28,879,0.9,44,0.3,2024.0,220.0,242.35521
2024,12,26,23,0,16.8,1.05,0.048,0.65,0,0,0,0,0,6.6,0,0,0,0,0.273,50.91,120.09,0.94,0.28,879,0.9,44,0.3,2024.0,220.0,211.23002
2024,12,26,23,0,16.8,1.05,0.048,0.65,0,0,0,0,0,6.6,0,0,0,0,0.273,50.91,120.09,0.94,0.28,879,0.9,44,0.3,2024.0,220.0,166.87275
2024,12,26,24,0,16.0,1.04,0.051,0.65,0,0,0,0,0,6.7,0,0,0,0,0.273,53.92,128.32,0.94,0.28,880,1.0,32,0.7,2024.0,220.0,117.18894
2024,12,26,24,0,16.0,1.04,0.051,0.65,0,0,0,0,0,6.7,0,0,0,0,0.273,53.92,128.32,0.94,0.28,880,1.0,32,0.7,2024.0,220.0,115.55225
2024,12,26,24,0,16.0,1.04,0.051,0.65,0,0,0,0,0,6.7,0,0,0,0,0.273,53.92,128.32,0.94,0.28,880,1.0,32,0.7,2024.0,220.0,118.16322
2024,12,27,1,0,15.3,1.04,0.056,0.65,0,0,0,0,0,7.0,0,0,0,0,0.273,57.65,133.35,0.95,0.28,880,1.0,2,0.9,2024.0,220.0,117.9276
2024,12,27,1,0,15.3,1.04,0.056,0.65,0,0,0,0,0,7.0,0,0,0,0,0.273,57.65,133.35,0.95,0.28,880,1.0,2,0.9,2024.0,220.0,112.87114
2024,12,27,1,0,15.3,1.04,0.056,0.65,0,0,0,0,0,7.0,0,0,0,0,0.273,57.65,133.35,0.95,0.28,880,1.0,2,0.9,2024.0,220.0,103.26925
2024,12,27,1,0,15.3,1.04,0.056,0.65,0,0,0,0,0,7.0,0,0,0,0,0.273,57.65,133.35,0.95,0.28,880,1.0,2,0.9,2024.0,220.0,95.75674
2024,12,27,3,0,14.1,1.06,0.068,0.65,0,0,0,0,0,7.9,0,0,0,0,0.273,66.23,130.35,0.95,0.28,879,1.1,341,0.9,2024.0,220.0,105.19754
2024,12,27,3,0,14.1,1.06,0.068,0.65,0,0,0,0,0,7.9,0,0,0,0,0.273,66.23,130.35,0.95,0.28,879,1.1,341,0.9,2024.0,220.0,109.58678
2024,12,27,4,0,13.9,1.08,0.069,0.65,0,0,0,0,0,8.0,0,0,0,0,0.274,67.38,123.02,0.95,0.28,879,1.1,349,0.9,2024.0,220.0,104.28446
2024,12,27,4,0,13.9,1.08,0.069,0.65,0,0,0,0,0,8.0,0,0,0,0,0.274,67.38,123.02,0.95,0.28,879,1.1,349,0.9,2024.0,220.0,103.8548
2024,12,27,4,0,13.9,1.08,0.069,0.65,0,0,0,0,0,8.0,0,0,0,0,0.274,67.38,123.02,0.95,0.28,879,1.1,349,0.9,2024.0,220.0,76.00937
2024,12,27,5,0,13.9,1.09,0.067,0.65,0,0,0,0,0,7.8,0,0,0,0,0.274,66.87,113.26,0.95,0.28,879,1.1,358,0.8,2024.0,220.0,104.37669
2024,12,27,6,0,13.8,1.1,0.07,0.65,0,0,0,0,0,7.7,0,0,0,0,0.274,66.78,101.99,0.95,0.28,880,1.1,6,0.7,2024.0,220.0,110.39358
2024,12,27,7,0,14.9,1.12,0.07,0.65,0,0,0,0,1,7.6,0,0,0,0,0.274,61.57,89.4,0.95,0.28,880,1.1,34,0.7,2024.0,220.0,124.13337
2024,12,27,7,0,14.9,1.12,0.07,0.65,0,0,0,0,1,7.6,0,0,0,0,0.274,61.57,89.4,0.95,0.28,880,1.1,34,0.7,2024.0,220.0,103.49216
2024,12,27,7,0,14.9,1.12,0.07,0.65,0,0,0,0,1,7.6,0,0,0,0,0.274,61.57,89.4,0.95,0.28,880,1.1,34,0.7,2024.0,220.0,81.36649
2024,12,27,7,0,14.9,1.12,0.07,0.65,0,0,0,0,1,7.6,0,0,0,0,0.274,61.57,89.4,0.95,0.28,880,1.1,34,0.7,2024.0,220.0,72.44039
2024,12,27,8,0,17.7,1.14,0.066,0.65,55,648,202,0,1,7.7,55,648,0,202,0.274,52.06,76.93,0.95,0.28,881,1.1,4,0.9,2024.0,220.0,101.54523
2024,12,27,8,0,17.7,1.14,0.066,0.65,55,648,202,0,1,7.7,55,648,0,202,0.274,52.06,76.93,0.95,0.28,881,1.1,4,0.9,2024.0,220.0,79.91285
2024,12,27,8,0,17.7,1.14,0.066,0.65,55,648,202,0,1,7.7,55,648,0,202,0.274,52.06,76.93,0.95,0.28,881,1.1,4,0.9,2024.0,220.0,71.14622
2024,12,27,8,0,17.7,1.14,0.066,0.65,55,648,202,0,1,7.7,55,648,0,202,0.274,52.06,76.93,0.95,0.28,881,1.1,4,0.9,2024.0,220.0,0.0
2024,12,27,10,0,23.6,1.18,0.058,0.65,90,960,703,0,0,5.9,90,960,0,703,0.273,31.96,50.33,0.95,0.28,881,1.1,304,2.8,2024.0,220.0,0.0
2024,12,27,11,0,25.9,1.2,0.055,0.65,99,1016,913,0,0,4.8,99,1016,0,913,0.272,25.76,36.72,0.95,0.28,880,1.1,288,4.0,2024.0,220.0,0.0
2024,12,27,19,0,22.9,1.1,0.059,0.65,62,748,286,0,0,4.9,62,748,0,286,0.263,31.11,72.64,0.95,0.28,879,1.1,267,3.7,2024.0,220.0,0.0
2024,12,27,20,0,20.2,1.09,0.06,0.65,28,347,55,0,0,6.1,28,347,0,55,0.264,39.75,85.49,0.95,0.28,880,1.1,265,2.4,2024.0,220.0,0.0
2024,12,27,20,0,20.2,1.09,0.06,0.65,28,347,55,0,0,6.1,28,347,0,55,0.264,39.75,85.49,0.95,0.28,880,1.1,265,2.4,2024.0,220.0,0.0
2024,12,27,20,0,20.2,1.09,0.06,0.65,28,347,55,0,0,6.1,28,347,0,55,0.264,39.75,85.49,0.95,0.28,880,1.1,265,2.4,2024.0,220.0,66.96068
2024,12,27,20,0,20.2,1.09,0.06,0.65,28,347,55,0,0,6.1,28,347,0,55,0.264,39.75,85.49,0.95,0.28,880,1.1,265,2.4,2024.0,220.0,93.13635
2024,12,27,21,0,18.1,1.08,0.063,0.65,0,0,0,0,0,7.4,0,0,0,0,0.264,49.78,98.07,0.95,0.28,881,1.1,260,1.8,2024.0,220.0,72.79786
2024,12,27,22,0,16.9,1.06,0.067,0.65,0,0,0,0,0,8.2,0,0,0,0,0.264,56.56,109.7,0.95,0.28,881,1.2,247,1.0,2024.0,220.0,64.44316
2024,12,27,22,0,16.9,1.06,0.067,0.65,0,0,0,0,0,8.2,0,0,0,0,0.264,56.56,109.7,0.95,0.28,881,1.2,247,1.0,2024.0,220.0,87.87061
2024,12,27,23,0,16.2,1.07,0.07,0.65,0,0,0,0,0,8.5,0,0,0,0,0.264,60.21,120.05,0.95,0.28,882,1.2,226,0.6,2024.0,220.0,98.13401
2024,12,27,23,0,16.2,1.07,0.07,0.65,0,0,0,0,0,8.5,0,0,0,0,0.264,60.21,120.05,0.95,0.28,882,1.2,226,0.6,2024.0,220.0,116.32528
2024,12,27,23,0,16.2,1.07,0.07,0.65,0,0,0,0,0,8.5,0,0,0,0,0.264,60.21,120.05,0.95,0.28,882,1.2,226,0.6,2024.0,220.0,116.32528
2024,12,28,1,0,15.7,1.08,0.073,0.65,0,0,0,0,0,8.4,0,0,0,0,0.263,62.02,133.37,0.95,0.28,881,1.2,66,0.5,2024.0,220.0,120.49193
2024,12,28,1,0,15.7,1.08,0.073,0.65,0,0,0,0,0,8.4,0,0,0,0,0.263,62.02,133.37,0.95,0.28,881,1.2,66,0.5,2024.0,220.0,107.11233
2024,12,28,2,0,15.4,1.09,0.075,0.65,0,0,0,0,0,8.3,0,0,0,0,0.264,62.81,134.15,0.95,0.28,881,1.2,49,0.5,2024.0,220.0,103.00779
2024,12,28,2,0,15.4,1.09,0.075,0.65,0,0,0,0,0,8.3,0,0,0,0,0.264,62.81,134.15,0.95,0.28,881,1.2,49,0.5,2024.0,220.0,111.60926
2024,12,28,4,0,15.1,1.12,0.068,0.65,0,0,0,0,7,8.0,0,0,0,0,0.266,62.35,123.13,0.95,0.28,880,1.1,34,0.4,2024.0,220.0,104.27273
2024,12,28,4,0,15.1,1.12,0.068,0.65,0,0,0,0,7,8.0,0,0,0,0,0.266,62.35,123.13,0.95,0.28,880,1.1,34,0.4,2024.0,220.0,103.25545
2024,12,28,4,0,15.1,1.12,0.068,0.65,0,0,0,0,7,8.0,0,0,0,0,0.266,62.35,123.13,0.95,0.28,880,1.1,34,0.4,2024.0,220.0,101.41497
2024,12,28,5,0,14.9,1.13,0.062,0.65,0,0,0,0,0,7.6,0,0,0,0,0.267,61.82,113.38,0.95,0.28,880,1.1,40,0.6,2024.0,220.0,75.78468
2024,12,28,6,0,14.9,1.14,0.06,0.65,0,0,0,0,0,7.1,0,0,0,0,0.268,59.77,102.12,0.95,0.28,880,1.0,58,0.9,2024.0,220.0,83.06231
2024,12,28,7,0,16.2,1.14,0.058,0.65,0,0,0,0,0,6.4,0,0,0,0,0.267,52.36,89.51,0.94,0.28,880,1.0,75,1.1,2024.0,220.0,98.85014
2024,12,28,7,0,16.2,1.14,0.058,0.65,0,0,0,0,0,6.4,0,0,0,0,0.267,52.36,89.51,0.94,0.28,880,1.0,75,1.1,2024.0,220.0,82.90201
2024,12,28,7,0,16.2,1.14,0.058,0.65,0,0,0,0,0,6.4,0,0,0,0,0.267,52.36,89.51,0.94,0.28,880,1.0,75,1.1,2024.0,220.0,74.71545
2024,12,28,8,0,20.0,1.14,0.057,0.65,52,667,202,0,1,5.6,52,667,0,202,0.267,38.89,77.05,0.94,0.28,881,1.0,92,1.5,2024.0,220.0,74.42073
2024,12,28,8,0,20.0,1.14,0.057,0.65,52,667,202,0,1,5.6,52,667,0,202,0.267,38.89,77.05,0.94,0.28,881,1.0,92,1.5,2024.0,220.0,68.80715
2024,12,28,8,0,20.0,1.14,0.057,0.65,52,667,202,0,1,5.6,52,667,0,202,0.267,38.89,77.05,0.94,0.28,881,1.0,92,1.5,2024.0,220.0,61.38313
2024,12,28,8,0,20.0,1.14,0.057,0.65,52,667,202,0,1,5.6,52,667,0,202,0.267,38.89,77.05,0.94,0.28,881,1.0,92,1.5,2024.0,220.0,36.16399
2024,12,28,8,0,20.0,1.14,0.057,0.65,52,667,202,0,1,5.6,52,667,0,202,0.267,38.89,77.05,0.94,0.28,881,1.0,92,1.5,2024.0,220.0,0.0
2024,12,28,9,0,23.7,1.15,0.055,0.65,74,877,460,0,3,3.9,278,131,0,336,0.266,27.61,63.89,0.94,0.28,880,0.9,162,0.5,2024.0,220.0,0.0
2024,12,28,10,0,26.7,1.15,0.053,0.65,88,974,708,0,0,2.2,88,974,0,708,0.266,20.42,50.45,0.94,0.28,880,0.9,242,2.2,2024.0,220.0,0.0
2024,12,28,20,0,21.8,1.04,0.065,0.65,29,342,56,0,0,5.6,29,342,0,56,0.255,34.83,85.41,0.95,0.28,878,1.0,249,3.7,2024.0,220.0,0.0
2024,12,28,20,0,21.8,1.04,0.065,0.65,29,342,56,0,0,5.6,29,342,0,56,0.255,34.83,85.41,0.95,0.28,878,1.0,249,3.7,2024.0,220.0,63.40065
2024,12,28,20,0,21.8,1.04,0.065,0.65,29,342,56,0,0,5.6,29,342,0,56,0.255,34.83,85.41,0.95,0.28,878,1.0,249,3.7,2024.0,220.0,63.40065
2024,12,28,22,0,18.4,1.02,0.072,0.65,0,0,0,0,0,7.7,0,0,0,0,0.257,49.61,109.65,0.95,0.28,879,1.0,231,1.7,2024.0,220.0,88.15401
2024,12,28,22,0,18.4,1.02,0.072,0.65,0,0,0,0,0,7.7,0,0,0,0,0.257,49.61,109.65,0.95,0.28,879,1.0,231,1.7,2024.0,220.0,84.76754
2024,12,28,22,0,18.4,1.02,0.072,0.65,0,0,0,0,0,7.7,0,0,0,0,0.257,49.61,109.65,0.95,0.28,879,1.0,231,1.7,2024.0,220.0,69.77204
2024,12,28,23,0,17.9,1.02,0.074,0.65,0,0,0,0,0,7.8,0,0,0,0,0.258,51.57,120.01,0.95,0.28,879,1.1,159,0.7,2024.0,220.0,70.56265
2024,12,29,1,0,17.3,1.03,0.073,0.65,0,0,0,0,0,7.2,0,0,0,0,0.261,51.41,133.4,0.96,0.28,879,1.0,71,1.1,2024.0,220.0,72.81764
2024,12,29,1,0,17.3,1.03,0.073,0.65,0,0,0,0,0,7.2,0,0,0,0,0.261,51.41,133.4,0.96,0.28,879,1.0,71,1.1,2024.0,220.0,78.22472
2024,12,29,2,0,17.3,1.04,0.07,0.65,0,0,0,0,0,6.8,0,0,0,0,0.262,50.02,134.22,0.95,0.28,878,1.0,68,1.2,2024.0,220.0,81.58402
2024,12,29,4,0,16.9,1.05,0.063,0.65,0,0,0,0,0,6.5,0,0,0,0,0.264,50.3,123.24,0.95,0.28,877,1.0,51,0.6,2024.0,220.0,77.01036
2024,12,29,6,0,15.7,1.04,0.076,0.65,0,0,0,0,0,6.8,0,0,0,0,0.265,55.56,102.24,0.94,0.28,877,1.0,1,0.9,2024.0,220.0,81.18881
2024,12,29,7,0,16.2,1.05,0.081,0.65,0,0,0,0,1,6.8,0,0,0,0,0.265,53.8,89.62,0.95,0.28,878,1.0,6,1.1,2024.0,220.0,79.2002
2024,12,29,7,0,16.2,1.05,0.081,0.65,0,0,0,0,1,6.8,0,0,0,0,0.265,53.8,89.62,0.95,0.28,878,1.0,6,1.1,2024.0,220.0,70.00275
2024,12,29,8,0,19.0,1.08,0.076,0.65,57,627,197,0,0,6.6,57,627,0,197,0.265,44.51,77.17,0.95,0.28,878,1.0,357,0.9,2024.0,220.0,62.72343
2024,12,29,8,0,19.0,1.08,0.076,0.65,57,627,197,0,0,6.6,57,627,0,197,0.265,44.51,77.17,0.95,0.28,878,1.0,357,0.9,2024.0,220.0,48.69465
2024,12,29,8,0,19.0,1.08,0.076,0.65,57,627,197,0,0,6.6,57,627,0,197,0.265,44.51,77.17,0.95,0.28,878,1.0,357,0.9,2024.0,220.0,0.0
2024,12,29,9,0,22.6,1.11,0.071,0.65,81,848,453,0,0,5.8,81,848,0,453,0.265,33.77,64.01,0.95,0.28,878,1.0,307,2.2,2024.0,220.0,0.0
2024,12,29,9,0,22.6,1.11,0.071,0.65,81,848,453,0,0,5.8,81,848,0,453,0.265,33.77,64.01,0.95,0.28,878,1.0,307,2.2,2024.0,220.0,0.0
2024,12,29,20,0,21.6,0.97,0.075,0.65,30,323,57,0,0,5.8,30,323,0,57,0.263,35.79,85.33,0.95,0.28,878,0.9,260,3.7,2024.0,220.0,0.0
2024,12,29,21,0,19.6,0.97,0.079,0.65,0,0,0,0,0,7.0,0,0,0,0,0.263,43.83,97.93,0.95,0.28,878,0.9,260,3.2,2024.0,220.0,70.39916
2024,12,29,21,0,19.6,0.97,0.079,0.65,0,0,0,0,0,7.0,0,0,0,0,0.263,43.83,97.93,0.95,0.28,878,0.9,260,3.2,2024.0,220.0,73.49113
2024,12,29,22,0,18.3,0.97,0.08,0.65,0,0,0,0,0,7.6,0,0,0,0,0.263,49.53,109.59,0.96,0.28,878,0.9,262,2.2,2024.0,220.0,83.9945
2024,12,29,22,0,18.3,0.97,0.08,0.65,0,0,0,0,0,7.6,0,0,0,0,0.263,49.53,109.59,0.96,0.28,878,0.9,262,2.2,2024.0,220.0,73.41661
2024,12,29,22,0,18.3,0.97,0.08,0.65,0,0,0,0,0,7.6,0,0,0,0,0.263,49.53,109.59,0.96,0.28,878,0.9,262,2.2,2024.0,220.0,71.18398
2024,12,29,22,0,18.3,0.97,0.08,0.65,0,0,0,0,0,7.6,0,0,0,0,0.263,49.53,109.59,0.96,0.28,878,0.9,262,2.2,2024.0,220.0,70.87935
2024,12,29,23,0,17.7,0.99,0.078,0.65,0,0,0,0,0,7.7,0,0,0,0,0.263,52.02,119.98,0.95,0.28,879,1.0,20,1.4,2024.0,220.0,74.76354
2024,12,29,24,0,17.1,1.0,0.078,0.65,0,0,0,0,0,7.6,0,0,0,0,0.263,53.7,128.3,0.95,0.28,879,1.0,41,1.0,2024.0,220.0,78.76807
2024,12,29,24,0,17.1,1.0,0.078,0.65,0,0,0,0,0,7.6,0,0,0,0,0.263,53.7,128.3,0.95,0.28,879,1.0,41,1.0,2024.0,220.0,74.55212
2024,12,30,1,0,16.6,1.0,0.079,0.65,0,0,0,0,0,7.6,0,0,0,0,0.262,55.25,133.44,0.95,0.28,878,1.0,34,0.7,2024.0,220.0,70.60357
2024,12,30,1,0,16.6,1.0,0.079,0.65,0,0,0,0,0,7.6,0,0,0,0,0.262,55.25,133.44,0.95,0.28,878,1.0,34,0.7,2024.0,220.0,70.60357
2024,12,30,1,0,16.6,1.0,0.079,0.65,0,0,0,0,0,7.6,0,0,0,0,0.262,55.25,133.44,0.95,0.28,878,1.0,34,0.7,2024.0,220.0,69.27014
2024,12,30,2,0,16.2,1.01,0.082,0.65,0,0,0,0,0,7.8,0,0,0,0,0.261,57.38,134.3,0.95,0.28,878,1.0,15,0.4,2024.0,220.0,68.80004
2024,12,30,2,0,16.2,1.01,0.082,0.65,0,0,0,0,0,7.8,0,0,0,0,0.261,57.38,134.3,0.95,0.28,878,1.0,15,0.4,2024.0,220.0,70.58496
2024,12,30,4,0,15.1,1.01,0.094,0.65,0,0,0,0,0,8.4,0,0,0,0,0.26,64.26,123.36,0.96,0.28,877,1.0,342,0.5,2024.0,220.0,89.17965
2024,12,30,5,0,14.6,1.01,0.096,0.65,0,0,0,0,0,8.7,0,0,0,0,0.261,67.63,113.63,0.96,0.28,878,1.0,346,0.4,2024.0,220.0,70.90126
2024,12,30,6,0,14.2,1.02,0.105,0.65,0,0,0,0,0,8.8,0,0,0,0,0.261,69.93,102.37,0.96,0.28,878,1.0,1,0.4,2024.0,220.0,67.55839
2024,12,30,7,0,15.1,1.04,0.107,0.65,0,0,0,0,1,8.7,0,0,0,0,0.261,65.45,89.73,0.96,0.28,879,1.0,15,0.5,2024.0,220.0,67.00021
2024,12,30,7,0,15.1,1.04,0.107,0.65,0,0,0,0,1,8.7,0,0,0,0,0.261,65.45,89.73,0.96,0.28,879,1.0,15,0.5,2024.0,220.0,83.64379
2024,12,30,7,0,15.1,1.04,0.107,0.65,0,0,0,0,1,8.7,0,0,0,0,0.261,65.45,89.73,0.96,0.28,879,1.0,15,0.5,2024.0,220.0,87.12393
2024,12,30,7,0,15.1,1.04,0.107,0.65,0,0,0,0,1,8.7,0,0,0,0,0.261,65.45,89.73,0.96,0.28,879,1.0,15,0.5,2024.0,220.0,94.49312
2024,12,30,8,0,18.0,1.06,0.1,0.65,63,580,191,0,0,8.2,63,580,0,191,0.262,52.64,77.3,0.96,0.28,879,1.0,11,0.3,2024.0,220.0,66.53506
2024,12,30,8,0,18.0,1.06,0.1,0.65,63,580,191,0,0,8.2,63,580,0,191,0.262,52.64,77.3,0.96,0.28,879,1.0,11,0.3,2024.0,220.0,58.67143
2024,12,30,8,0,18.0,1.06,0.1,0.65,63,580,191,0,0,8.2,63,580,0,191,0.262,52.64,77.3,0.96,0.28,879,1.0,11,0.3,2024.0,220.0,0.0
2024,12,30,10,0,24.2,1.08,0.087,0.65,106,934,698,0,0,4.1,106,934,0,698,0.261,27.09,50.69,0.96,0.28,879,0.9,309,2.9,2024.0,220.0,44.42512
2024,12,30,10,0,24.2,1.08,0.087,0.65,106,934,698,0,0,4.1,106,934,0,698,0.261,27.09,50.69,0.96,0.28,879,0.9,309,2.9,2024.0,220.0,45.86735
2024,12,30,11,0,26.8,1.09,0.081,0.65,114,998,911,0,0,2.3,114,998,0,911,0.261,20.54,37.07,0.96,0.28,878,0.9,284,4.0,2024.0,220.0,0.0
2024,12,30,12,0,28.7,1.1,0.076,0.65,119,1039,1074,0,0,1.3,119,1039,0,1074,0.259,17.05,23.34,0.96,0.28,877,0.8,274,5.0,2024.0,220.0,0.0
2024,12,30,12,0,28.7,1.1,0.076,0.65,119,1039,1074,0,0,1.3,119,1039,0,1074,0.259,17.05,23.34,0.96,0.28,877,0.8,274,5.0,2024.0,220.0,0.0
2024,12,30,20,0,21.7,1.03,0.08,0.65,31,320,58,0,0,4.2,31,320,0,58,0.253,31.72,85.26,0.96,0.28,877,0.9,273,3.4,2024.0,220.0,50.24742
2024,12,30,20,0,21.7,1.03,0.08,0.65,31,320,58,0,0,4.2,31,320,0,58,0.253,31.72,85.26,0.96,0.28,877,0.9,273,3.4,2024.0,220.0,58.90063
2024,12,30,21,0,19.6,1.02,0.084,0.65,0,0,0,0,7,6.0,0,0,0,0,0.253,40.96,97.87,0.96,0.28,878,1.0,280,2.9,2024.0,220.0,72.65042
2024,12,30,21,0,19.6,1.02,0.084,0.65,0,0,0,0,7,6.0,0,0,0,0,0.253,40.96,97.87,0.96,0.28,878,1.0,280,2.9,2024.0,220.0,92.542
2024,12,30,21,0,19.6,1.02,0.084,0.65,0,0,0,0,7,6.0,0,0,0,0,0.253,40.96,97.87,0.96,0.28,878,1.0,280,2.9,2024.0,220.0,128.29428
2024,12,30,22,0,18.5,1.0,0.088,0.65,0,0,0,0,0,7.0,0,0,0,0,0.252,47.15,109.55,0.96,0.28,878,1.0,301,1.8,2024.0,220.0,144.51622
2024,12,30,23,0,17.9,1.0,0.087,0.65,0,0,0,0,1,7.5,0,0,0,0,0.252,50.42,119.95,0.96,0.28,879,1.1,343,1.0,2024.0,220.0,233.76267
2024,12,30,23,0,17.9,1.0,0.087,0.65,0,0,0,0,1,7.5,0,0,0,0,0.252,50.42,119.95,0.96,0.28,879,1.1,343,1.0,2024.0,220.0,135.14788
2024,12,30,23,0,17.9,1.0,0.087,0.65,0,0,0,0,1,7.5,0,0,0,0,0.252,50.42,119.95,0.96,0.28,879,1.1,343,1.0,2024.0,220.0,112.04961
2024,12,30,24,0,17.3,1.02,0.084,0.65,0,0,0,0,0,7.6,0,0,0,0,0.252,52.77,128.31,0.96,0.28,879,1.1,11,0.7,2024.0,220.0,96.13058
2024,12,31,1,0,16.6,1.03,0.082,0.65,0,0,0,0,0,7.6,0,0,0,0,0.253,55.25,133.48,0.95,0.28,878,1.0,24,0.7,2024.0,220.0,97.27886
2024,12,31,1,0,16.6,1.03,0.082,0.65,0,0,0,0,0,7.6,0,0,0,0,0.253,55.25,133.48,0.95,0.28,878,1.0,24,0.7,2024.0,220.0,81.28639
2024,12,31,1,0,16.6,1.03,0.082,0.65,0,0,0,0,0,7.6,0,0,0,0,0.253,55.25,133.48,0.95,0.28,878,1.0,24,0.7,2024.0,220.0,105.25282
2024,12,31,2,0,16.3,1.05,0.08,0.65,0,0,0,0,0,7.5,0,0,0,0,0.253,56.12,134.38,0.95,0.28,878,1.0,32,0.5,2024.0,220.0,120.61834
2024,12,31,3,0,16.2,1.06,0.079,0.65,0,0,0,0,0,7.3,0,0,0,0,0.254,55.67,130.76,0.95,0.28,877,1.0,43,0.6,2024.0,220.0,86.64062
2024,12,31,8,0,20.8,1.1,0.076,0.65,57,631,194,0,0,3.9,57,631,0,194,0.258,33.03,77.43,0.95,0.28,878,0.8,60,1.0,2024.0,220.0,59.02192
2024,12,31,8,0,20.8,1.1,0.076,0.65,57,631,194,0,0,3.9,57,631,0,194,0.258,33.03,77.43,0.95,0.28,878,0.8,60,1.0,2024.0,220.0,0.0
2024,12,31,10,0,26.7,1.13,0.067,0.65,95,962,703,0,0,0.8,95,962,0,703,0.259,18.45,50.81,0.95,0.28,878,0.8,290,2.0,2024.0,220.0,0.0
2024,12,31,18,0,27.3,1.07,0.063,0.65,84,909,553,0,0,1.7,84,909,0,553,0.256,19.1,59.0,0.95,0.28,876,0.9,254,4.8,2024.0,220.0,0.0
2024,12,31,21,0,20.3,1.03,0.074,0.64,0,0,0,0,0,8.9,0,0,0,0,0.267,47.86,97.85,0.95,0.29,879,1.6,256,2.5,2024.0,220.0,56.50439
2024,12,31,21,0,20.3,1.03,0.074,0.64,0,0,0,0,0,8.9,0,0,0,0,0.267,47.86,97.85,0.95,0.29,879,1.6,256,2.5,2024.0,220.0,67.47653
2024,12,31,22,0,19.1,1.02,0.073,0.64,0,0,0,0,0,9.4,0,0,0,0,0.267,53.47,109.54,0.95,0.29,879,1.5,248,1.2,2024.0,220.0,64.53636
2024,12,31,22,0,19.1,1.02,0.073,0.64,0,0,0,0,0,9.4,0,0,0,0,0.267,53.47,109.54,0.95,0.29,879,1.5,248,1.2,2024.0,220.0,64.41993
2024,12,31,24,0,17.9,1.02,0.075,0.64,0,0,0,0,0,9.6,0,0,0,0,0.268,58.24,128.31,0.95,0.29,880,1.5,12,0.9,2024.0,220.0,76.83493
2024,12,31,24,0,17.9,1.02,0.075,0.64,0,0,0,0,0,9.6,0,0,0,0,0.268,58.24,128.31,0.95,0.29,880,1.5,12,0.9,2024.0,220.0,63.07526
2024,12,31,24,0,17.9,1.02,0.075,0.64,0,0,0,0,0,9.6,0,0,0,0,0.268,58.24,128.31,0.95,0.29,880,1.5,12,0.9,2024.0,220.0,60.23494
